model_short,dataset,approx_layer,num_approx_layers,accuracy,original_accuracy,accuracy_retention_pct,delta_acc_mean,delta_acc_max,params_saved_pct,mlp_mode,attn_mode
deit-base-patch16-224,cifar100,"[(10, 11)]",1,0.7602000000000001,0.7554666666666666,100.63,-0.0047333333333333,0.001,7.638964134792502,identity,identity
deit-base-patch16-224,cifar100,"[(9, 10)]",1,0.7521,0.7554666666666666,99.55,0.0033666666666666,0.0062999999999999,7.638964134792502,identity,identity
deit-base-patch16-224,cifar100,"[(1, 2)]",1,0.7463333333333333,0.7554666666666666,98.79,0.009133333333333235,0.0101999999999999,7.638964134792502,identity,identity
deit-base-patch16-224,cifar100,"[(0, 1)]",1,0.7458666666666667,0.7554666666666666,98.73,0.009599999999999968,0.0108,7.638964134792502,identity,identity
deit-base-patch16-224,cifar100,"[(8, 9)]",1,0.7442333333333333,0.7554666666666666,98.51,0.011233333333333333,0.0161,7.638964134792502,identity,identity
deit-base-patch16-224,cifar100,"[(7, 8)]",1,0.7387333333333332,0.7554666666666666,97.79,0.016733333333333333,0.0201,7.638964134792502,identity,identity
deit-base-patch16-224,cifar100,"[(6, 7)]",1,0.7384333333333334,0.7554666666666666,97.75,0.017033333333333334,0.0218,7.638964134792502,identity,identity
deit-base-patch16-224,cifar100,"[(9, 11)]",1,0.7352666666666666,0.7554666666666666,97.33,0.020199999999999965,0.0233999999999999,15.972297468125836,identity,identity
deit-base-patch16-224,cifar100,"[(2, 3)]",1,0.7335666666666668,0.7554666666666666,97.1,0.021899999999999933,0.0232999999999999,7.638964134792502,identity,identity
deit-base-patch16-224,cifar100,"[(3, 4)]",1,0.7312666666666666,0.7554666666666666,96.8,0.024199999999999968,0.0249,7.638964134792502,identity,identity
deit-base-patch16-224,cifar100,"[(0, 2)]",1,0.7204666666666667,0.7554666666666666,95.37,0.03499999999999997,0.0383999999999999,15.972297468125836,identity,identity
deit-base-patch16-224,cifar100,"[(8, 10)]",1,0.7141333333333333,0.7554666666666666,94.53,0.04133333333333333,0.0451,15.972297468125836,identity,identity
deit-base-patch16-224,cifar100,"[(7, 9)]",1,0.7019000000000001,0.7554666666666666,92.91,0.05356666666666663,0.0554,15.972297468125836,identity,identity
deit-base-patch16-224,cifar100,"[(6, 8)]",1,0.6875333333333332,0.7554666666666666,91.01,0.06793333333333329,0.0705,15.972297468125836,identity,identity
deit-base-patch16-224,cifar100,"[(1, 3)]",1,0.6862666666666667,0.7554666666666666,90.84,0.0692,0.0715,15.972297468125836,identity,identity
deit-base-patch16-224,cifar100,"[(2, 4)]",1,0.6816333333333334,0.7554666666666666,90.23,0.07383333333333333,0.0762,15.972297468125836,identity,identity
deit-base-patch16-224,cifar100,"[(8, 11)]",1,0.6609666666666666,0.7554666666666666,87.49,0.09449999999999999,0.0987,24.30563080145917,identity,identity
deit-base-patch16-224,cifar100,"[(7, 10)]",1,0.6599666666666667,0.7554666666666666,87.36,0.09549999999999999,0.1008,24.30563080145917,identity,identity
deit-base-patch16-224,cifar100,"[(6, 9)]",1,0.6344333333333333,0.7554666666666666,83.98,0.12103333333333331,0.1237,24.30563080145917,identity,identity
deit-base-patch16-224,cifar100,"[(0, 3)]",1,0.6146333333333334,0.7554666666666666,81.36,0.14083333333333334,0.1412,24.30563080145917,identity,identity
deit-base-patch16-224,cifar100,"[(1, 4)]",1,0.6086333333333334,0.7554666666666666,80.56,0.14683333333333334,0.1473,24.30563080145917,identity,identity
deit-base-patch16-224,cifar100,"[(6, 10)]",1,0.5952999999999999,0.7554666666666666,78.8,0.16016666666666668,0.167,32.6389641347925,identity,identity
deit-base-patch16-224,cifar100,"[(7, 11)]",1,0.5863666666666667,0.7554666666666666,77.62,0.16910000000000003,0.1736000000000001,32.6389641347925,identity,identity
deit-base-patch16-224,cifar100,"[(0, 4)]",1,0.5453666666666667,0.7554666666666666,72.19,0.21009999999999995,0.2137,32.6389641347925,identity,identity
deit-base-patch16-224,cifar100,"[(6, 11)]",1,0.49783333333333335,0.7554666666666666,65.9,0.2576333333333333,0.2675,40.97229746812584,identity,identity
deit-base-patch16-224,imagenet-1k,"[(3, 4)]",1,0.7685,0.7761999999999999,99.01,0.0076999999999999335,0.0082999999999999,7.638964134792502,identity,identity
deit-base-patch16-224,imagenet-1k,"[(1, 2)]",1,0.7680000000000001,0.7761999999999999,98.94,0.008199999999999935,0.0097999999999999,7.638964134792502,identity,identity
deit-base-patch16-224,imagenet-1k,"[(2, 3)]",1,0.7637333333333333,0.7761999999999999,98.39,0.0124666666666666,0.0141999999999999,7.638964134792502,identity,identity
deit-base-patch16-224,imagenet-1k,"[(6, 7)]",1,0.7567666666666666,0.7761999999999999,97.5,0.0194333333333333,0.0211,7.638964134792502,identity,identity
deit-base-patch16-224,imagenet-1k,"[(0, 1)]",1,0.7532,0.7761999999999999,97.04,0.022999999999999934,0.0255999999999999,7.638964134792502,identity,identity
deit-base-patch16-224,imagenet-1k,"[(10, 11)]",1,0.7501666666666668,0.7761999999999999,96.65,0.02603333333333327,0.0298999999999999,7.638964134792502,identity,identity
deit-base-patch16-224,imagenet-1k,"[(7, 8)]",1,0.7363,0.7761999999999999,94.86,0.039899999999999936,0.0439999999999999,7.638964134792502,identity,identity
deit-base-patch16-224,imagenet-1k,"[(2, 4)]",1,0.7324333333333334,0.7761999999999999,94.36,0.0437666666666666,0.0451,15.972297468125836,identity,identity
deit-base-patch16-224,imagenet-1k,"[(1, 3)]",1,0.7301333333333333,0.7761999999999999,94.07,0.04606666666666664,0.0468999999999999,15.972297468125836,identity,identity
deit-base-patch16-224,imagenet-1k,"[(0, 2)]",1,0.7223333333333333,0.7761999999999999,93.06,0.0538666666666666,0.0572999999999999,15.972297468125836,identity,identity
deit-base-patch16-224,imagenet-1k,"[(8, 9)]",1,0.7082666666666667,0.7761999999999999,91.25,0.06793333333333328,0.0696999999999999,7.638964134792502,identity,identity
deit-base-patch16-224,imagenet-1k,"[(9, 10)]",1,0.7075666666666667,0.7761999999999999,91.16,0.06863333333333334,0.0756,7.638964134792502,identity,identity
deit-base-patch16-224,imagenet-1k,"[(6, 8)]",1,0.6503,0.7761999999999999,83.78,0.12589999999999998,0.1291999999999999,15.972297468125836,identity,identity
deit-base-patch16-224,imagenet-1k,"[(1, 4)]",1,0.6465,0.7761999999999999,83.29,0.12969999999999995,0.1316,24.30563080145917,identity,identity
deit-base-patch16-224,imagenet-1k,"[(0, 3)]",1,0.6213333333333333,0.7761999999999999,80.05,0.15486666666666668,0.1563,24.30563080145917,identity,identity
deit-base-patch16-224,imagenet-1k,"[(9, 11)]",1,0.5933666666666667,0.7761999999999999,76.45,0.1828333333333333,0.1845,15.972297468125836,identity,identity
deit-base-patch16-224,imagenet-1k,"[(7, 9)]",1,0.5544333333333333,0.7761999999999999,71.43,0.22176666666666664,0.2262999999999999,15.972297468125836,identity,identity
deit-base-patch16-224,imagenet-1k,"[(8, 10)]",1,0.5408666666666667,0.7761999999999999,69.68,0.2353333333333333,0.2403999999999999,15.972297468125836,identity,identity
deit-base-patch16-224,imagenet-1k,"[(0, 4)]",1,0.4815333333333333,0.7761999999999999,62.04,0.29466666666666663,0.2989999999999999,32.6389641347925,identity,identity
deit-base-patch16-224,imagenet-1k,"[(8, 11)]",1,0.43096666666666666,0.7761999999999999,55.52,0.3452333333333333,0.3523999999999999,24.30563080145917,identity,identity
deit-base-patch16-224,imagenet-1k,"[(6, 9)]",1,0.41626666666666673,0.7761999999999999,53.63,0.35993333333333327,0.3631999999999999,24.30563080145917,identity,identity
deit-base-patch16-224,imagenet-1k,"[(7, 10)]",1,0.4123333333333334,0.7761999999999999,53.12,0.3638666666666666,0.3745999999999999,24.30563080145917,identity,identity
deit-base-patch16-224,imagenet-1k,"[(7, 11)]",1,0.3319,0.7761999999999999,42.76,0.4443,0.4472,32.6389641347925,identity,identity
deit-base-patch16-224,imagenet-1k,"[(6, 10)]",1,0.3219,0.7761999999999999,41.47,0.4542999999999999,0.4554999999999999,32.6389641347925,identity,identity
deit-base-patch16-224,imagenet-1k,"[(6, 11)]",1,0.2311,0.7761999999999999,29.77,0.5451,0.5497,40.97229746812584,identity,identity
deit-base-patch16-224,pneumoniamnist,"[(7, 10)]",1,0.8456196581196581,0.8194444444444445,103.19,-0.0261752136752136,-0.0128205128205127,24.30563080145917,identity,identity
deit-base-patch16-224,pneumoniamnist,"[(2, 4)]",1,0.8397435897435898,0.8194444444444445,102.48,-0.02029914529914523,-0.0064102564102563,15.972297468125836,identity,identity
deit-base-patch16-224,pneumoniamnist,"[(7, 9)]",1,0.8376068376068376,0.8194444444444445,102.22,-0.018162393162393067,-0.0160256410256409,15.972297468125836,identity,identity
deit-base-patch16-224,pneumoniamnist,"[(1, 3)]",1,0.8354700854700855,0.8194444444444445,101.96,-0.016025641025640934,-0.0032051282051281,15.972297468125836,identity,identity
deit-base-patch16-224,pneumoniamnist,"[(3, 4)]",1,0.8311965811965812,0.8194444444444445,101.43,-0.011752136752136634,-0.0096153846153845,7.638964134792502,identity,identity
deit-base-patch16-224,pneumoniamnist,"[(8, 9)]",1,0.8301282051282052,0.8194444444444445,101.3,-0.010683760683760568,-0.0080128205128204,7.638964134792502,identity,identity
deit-base-patch16-224,pneumoniamnist,"[(7, 11)]",1,0.829594017094017,0.8194444444444445,101.24,-0.010149572649572567,-0.001602564102564,32.6389641347925,identity,identity
deit-base-patch16-224,pneumoniamnist,"[(6, 8)]",1,0.8290598290598291,0.8194444444444445,101.17,-0.009615384615384567,0.0032051282051281,15.972297468125836,identity,identity
deit-base-patch16-224,pneumoniamnist,"[(0, 2)]",1,0.826923076923077,0.8194444444444445,100.91,-0.007478632478632366,-0.0032051282051281,15.972297468125836,identity,identity
deit-base-patch16-224,pneumoniamnist,"[(0, 1)]",1,0.8258547008547009,0.8194444444444445,100.78,-0.0064102564102563,-0.001602564102564,7.638964134792502,identity,identity
deit-base-patch16-224,pneumoniamnist,"[(6, 9)]",1,0.8253205128205128,0.8194444444444445,100.72,-0.0058760683760683335,0.0112179487179487,24.30563080145917,identity,identity
deit-base-patch16-224,pneumoniamnist,"[(7, 8)]",1,0.8242521367521367,0.8194444444444445,100.59,-0.0048076923076921995,-0.001602564102564,7.638964134792502,identity,identity
deit-base-patch16-224,pneumoniamnist,"[(8, 11)]",1,0.8242521367521367,0.8194444444444445,100.59,-0.004807692307692233,0.0,24.30563080145917,identity,identity
deit-base-patch16-224,pneumoniamnist,"[(1, 2)]",1,0.8221153846153846,0.8194444444444445,100.33,-0.0026709401709401003,0.0,7.638964134792502,identity,identity
deit-base-patch16-224,pneumoniamnist,"[(2, 3)]",1,0.8210470085470085,0.8194444444444445,100.2,-0.0016025641025641001,0.001602564102564,7.638964134792502,identity,identity
deit-base-patch16-224,pneumoniamnist,"[(8, 10)]",1,0.8210470085470085,0.8194444444444445,100.2,-0.0016025641025640997,0.0048076923076922,15.972297468125836,identity,identity
deit-base-patch16-224,pneumoniamnist,"[(6, 10)]",1,0.8205128205128206,0.8194444444444445,100.13,-0.0010683760683759997,0.016025641025641,32.6389641347925,identity,identity
deit-base-patch16-224,pneumoniamnist,"[(0, 3)]",1,0.8173076923076922,0.8194444444444445,99.74,0.002136752136752133,0.0096153846153846,24.30563080145917,identity,identity
deit-base-patch16-224,pneumoniamnist,"[(9, 10)]",1,0.8151709401709403,0.8194444444444445,99.48,0.004273504273504233,0.0080128205128204,7.638964134792502,identity,identity
deit-base-patch16-224,pneumoniamnist,"[(6, 7)]",1,0.81517094017094,0.8194444444444445,99.48,0.004273504273504266,0.0128205128205128,7.638964134792502,identity,identity
deit-base-patch16-224,pneumoniamnist,"[(0, 4)]",1,0.8119658119658121,0.8194444444444445,99.09,0.0074786324786324,0.0096153846153846,32.6389641347925,identity,identity
deit-base-patch16-224,pneumoniamnist,"[(10, 11)]",1,0.8108974358974358,0.8194444444444445,98.96,0.008547008547008466,0.0128205128205128,7.638964134792502,identity,identity
deit-base-patch16-224,pneumoniamnist,"[(1, 4)]",1,0.80982905982906,0.8194444444444445,98.83,0.009615384615384533,0.016025641025641,24.30563080145917,identity,identity
deit-base-patch16-224,pneumoniamnist,"[(6, 11)]",1,0.8060897435897436,0.8194444444444445,98.37,0.013354700854700767,0.0224358974358974,40.97229746812584,identity,identity
deit-base-patch16-224,pneumoniamnist,"[(9, 11)]",1,0.8002136752136751,0.8194444444444445,97.65,0.019230769230769166,0.0256410256410256,15.972297468125836,identity,identity
deit-small-patch16-224,cifar100,"[(9, 11)]",1,0.7210666666666666,0.7124666666666667,101.21,-0.008599999999999967,-0.0066,15.97237250234437,identity,identity
deit-small-patch16-224,cifar100,"[(10, 11)]",1,0.7196333333333333,0.7124666666666667,101.01,-0.0071666666666666,-0.007,7.639039169011037,identity,identity
deit-small-patch16-224,cifar100,"[(9, 10)]",1,0.7193666666666667,0.7124666666666667,100.97,-0.006899999999999966,-0.0038,7.639039169011037,identity,identity
deit-small-patch16-224,cifar100,"[(8, 10)]",1,0.7129333333333333,0.7124666666666667,100.07,-0.00046666666666669984,0.0022999999999999,15.97237250234437,identity,identity
deit-small-patch16-224,cifar100,"[(8, 9)]",1,0.7128333333333333,0.7124666666666667,100.05,-0.0003666666666666334,0.0028,7.639039169011037,identity,identity
deit-small-patch16-224,cifar100,"[(6, 7)]",1,0.7071666666666667,0.7124666666666667,99.26,0.005299999999999967,0.0080999999999999,7.639039169011037,identity,identity
deit-small-patch16-224,cifar100,"[(4, 5)]",1,0.6953666666666667,0.7124666666666667,97.6,0.0170999999999999,0.0202999999999999,7.639039169011037,identity,identity
deit-small-patch16-224,cifar100,"[(8, 11)]",1,0.6904666666666666,0.7124666666666667,96.91,0.021999999999999964,0.0231,24.305705835677703,identity,identity
deit-small-patch16-224,cifar100,"[(5, 6)]",1,0.6871999999999999,0.7124666666666667,96.45,0.025266666666666632,0.0271,7.639039169011037,identity,identity
deit-small-patch16-224,cifar100,"[(5, 7)]",1,0.6627,0.7124666666666667,93.01,0.0497666666666666,0.0544999999999999,15.97237250234437,identity,identity
deit-small-patch16-224,cifar100,"[(4, 6)]",1,0.6359333333333334,0.7124666666666667,89.26,0.0765333333333333,0.0777999999999999,15.97237250234437,identity,identity
deit-small-patch16-224,cifar100,"[(4, 7)]",1,0.5945333333333334,0.7124666666666667,83.45,0.11793333333333327,0.123,24.305705835677703,identity,identity
deit-small-patch16-224,imagenet-1k,"[(10, 11)]",1,0.7356333333333334,0.7374333333333333,99.76,0.0017999999999999666,0.0043999999999999,7.639039169011037,identity,identity
deit-small-patch16-224,imagenet-1k,"[(4, 5)]",1,0.7195999999999999,0.7374333333333333,97.58,0.017833333333333302,0.0185999999999999,7.639039169011037,identity,identity
deit-small-patch16-224,imagenet-1k,"[(9, 10)]",1,0.7183333333333333,0.7374333333333333,97.41,0.019099999999999968,0.021,7.639039169011037,identity,identity
deit-small-patch16-224,imagenet-1k,"[(5, 6)]",1,0.7064666666666666,0.7374333333333333,95.8,0.0309666666666666,0.0322999999999999,7.639039169011037,identity,identity
deit-small-patch16-224,imagenet-1k,"[(6, 7)]",1,0.7031000000000001,0.7374333333333333,95.34,0.0343333333333333,0.037,7.639039169011037,identity,identity
deit-small-patch16-224,imagenet-1k,"[(8, 9)]",1,0.7018666666666666,0.7374333333333333,95.18,0.035566666666666566,0.0376999999999999,7.639039169011037,identity,identity
deit-small-patch16-224,imagenet-1k,"[(9, 11)]",1,0.6984333333333334,0.7374333333333333,94.71,0.0389999999999999,0.0414999999999999,15.97237250234437,identity,identity
deit-small-patch16-224,imagenet-1k,"[(8, 10)]",1,0.6633333333333333,0.7374333333333333,89.95,0.07409999999999993,0.0764,15.97237250234437,identity,identity
deit-small-patch16-224,imagenet-1k,"[(4, 6)]",1,0.6408333333333333,0.7374333333333333,86.9,0.09659999999999992,0.0996,15.97237250234437,identity,identity
deit-small-patch16-224,imagenet-1k,"[(5, 7)]",1,0.6255333333333333,0.7374333333333333,84.83,0.11189999999999996,0.1140999999999999,15.97237250234437,identity,identity
deit-small-patch16-224,imagenet-1k,"[(8, 11)]",1,0.5716333333333333,0.7374333333333333,77.52,0.16579999999999998,0.1672,24.305705835677703,identity,identity
deit-small-patch16-224,imagenet-1k,"[(4, 7)]",1,0.5135666666666666,0.7374333333333333,69.64,0.22386666666666666,0.2249,24.305705835677703,identity,identity
deit-small-patch16-224,pneumoniamnist,"[(5, 7)]",1,0.8130341880341879,0.7857905982905983,103.47,-0.027243589743589702,-0.0208333333333333,15.97237250234437,identity,identity
deit-small-patch16-224,pneumoniamnist,"[(4, 6)]",1,0.80982905982906,0.7857905982905983,103.06,-0.024038461538461498,-0.0192307692307692,15.97237250234437,identity,identity
deit-small-patch16-224,pneumoniamnist,"[(6, 7)]",1,0.8060897435897436,0.7857905982905983,102.58,-0.020299145299145234,-0.0192307692307692,7.639039169011037,identity,identity
deit-small-patch16-224,pneumoniamnist,"[(4, 7)]",1,0.8034188034188036,0.7857905982905983,102.24,-0.0176282051282051,-0.0080128205128205,24.305705835677703,identity,identity
deit-small-patch16-224,pneumoniamnist,"[(8, 9)]",1,0.8018162393162394,0.7857905982905983,102.04,-0.016025641025640965,-0.0144230769230769,7.639039169011037,identity,identity
deit-small-patch16-224,pneumoniamnist,"[(5, 6)]",1,0.8007478632478632,0.7857905982905983,101.9,-0.014957264957264868,-0.0048076923076922,7.639039169011037,identity,identity
deit-small-patch16-224,pneumoniamnist,"[(8, 10)]",1,0.798076923076923,0.7857905982905983,101.56,-0.012286324786324734,-0.0064102564102563,15.97237250234437,identity,identity
deit-small-patch16-224,pneumoniamnist,"[(4, 5)]",1,0.796474358974359,0.7857905982905983,101.36,-0.010683760683760632,-0.0080128205128205,7.639039169011037,identity,identity
deit-small-patch16-224,pneumoniamnist,"[(10, 11)]",1,0.7879273504273504,0.7857905982905983,100.27,-0.002136752136752133,0.0048076923076922,7.639039169011037,identity,identity
deit-small-patch16-224,pneumoniamnist,"[(8, 11)]",1,0.7873931623931624,0.7857905982905983,100.2,-0.0016025641025640333,0.0,24.305705835677703,identity,identity
deit-small-patch16-224,pneumoniamnist,"[(9, 10)]",1,0.7799145299145298,0.7857905982905983,99.25,0.0058760683760683665,0.0144230769230769,7.639039169011037,identity,identity
deit-small-patch16-224,pneumoniamnist,"[(9, 11)]",1,0.7686965811965812,0.7857905982905983,97.82,0.017094017094017002,0.0224358974358974,15.97237250234437,identity,identity
dinov2-base,cifar100,"[(8, 9)]",1,0.847,0.8721333333333333,97.12,0.0251333333333333,0.0266999999999999,7.639114577691113,identity,identity
dinov2-base,cifar100,"[(9, 10)]",1,0.8396333333333333,0.8721333333333333,96.27,0.032499999999999966,0.0332,7.639114577691113,identity,identity
dinov2-base,cifar100,"[(8, 10)]",1,0.7911999999999999,0.8721333333333333,90.72,0.08093333333333337,0.0863999999999999,15.972447911024446,identity,identity
dinov2-base,imagenet-1k,"[(8, 9)]",1,0.6901,0.7427666666666667,92.91,0.05266666666666663,0.0552,7.639114577691113,identity,identity
dinov2-base,imagenet-1k,"[(9, 10)]",1,0.6574333333333334,0.7427666666666667,88.51,0.0853333333333333,0.0904999999999999,7.639114577691113,identity,identity
dinov2-base,imagenet-1k,"[(8, 10)]",1,0.5835,0.7427666666666667,78.56,0.15926666666666667,0.1634,15.972447911024446,identity,identity
dinov2-base,pneumoniamnist,"[(9, 10)]",1,0.8733974358974358,0.8771367521367521,99.57,0.0037393162393162672,0.0256410256410255,7.639114577691113,identity,identity
dinov2-base,pneumoniamnist,"[(8, 9)]",1,0.8621794871794872,0.8771367521367521,98.29,0.014957264957264899,0.032051282051282,7.639114577691113,identity,identity
dinov2-base,pneumoniamnist,"[(8, 10)]",1,0.8552350427350427,0.8771367521367521,97.5,0.0219017094017093,0.0304487179487179,15.972447911024446,identity,identity
rad-dino,cifar100,"[(0, 2)]",1,0.30560000000000004,0.2903,105.27,-0.015299999999999966,-0.0131,15.972447911024446,identity,identity
rad-dino,cifar100,"[(0, 3)]",1,0.304,0.2903,104.72,-0.013699999999999934,-0.0091999999999999,24.30578124435778,identity,identity
rad-dino,cifar100,"[(0, 1)]",1,0.30143333333333333,0.2903,103.84,-0.011133333333333266,-0.0071999999999999,7.639114577691113,identity,identity
rad-dino,cifar100,"[(1, 3)]",1,0.30086666666666667,0.2903,103.64,-0.0105666666666666,-0.0061999999999999,15.972447911024446,identity,identity
rad-dino,cifar100,"[(2, 3)]",1,0.2975666666666667,0.2903,102.5,-0.007266666666666599,-0.0011999999999999,7.639114577691113,identity,identity
rad-dino,cifar100,"[(1, 2)]",1,0.29623333333333335,0.2903,102.04,-0.005933333333333267,-0.0033999999999999,7.639114577691113,identity,identity
rad-dino,imagenet-1k,"[(1, 3)]",1,0.08093333333333334,0.07533333333333334,107.43,-0.005599999999999966,-0.0029,15.972447911024446,identity,identity
rad-dino,imagenet-1k,"[(2, 3)]",1,0.07893333333333334,0.07533333333333334,104.78,-0.0035999999999999335,0.0001,7.639114577691113,identity,identity
rad-dino,imagenet-1k,"[(1, 2)]",1,0.0783,0.07533333333333334,103.94,-0.0029666666666665668,-0.0022999999999999,7.639114577691113,identity,identity
rad-dino,imagenet-1k,"[(0, 2)]",1,0.07793333333333334,0.07533333333333334,103.45,-0.0025999999999999335,0.0001,15.972447911024446,identity,identity
rad-dino,imagenet-1k,"[(0, 3)]",1,0.0768,0.07533333333333334,101.95,-0.0014666666666667,0.0013999999999999,24.30578124435778,identity,identity
rad-dino,imagenet-1k,"[(0, 1)]",1,0.0767,0.07533333333333334,101.81,-0.0013666666666666332,0.0003,7.639114577691113,identity,identity
rad-dino,pneumoniamnist,"[(0, 1)]",1,0.8915598290598291,0.8878205128205128,100.42,-0.0037393162393162,0.001602564102564,7.639114577691113,identity,identity
rad-dino,pneumoniamnist,"[(2, 3)]",1,0.8862179487179488,0.8878205128205128,99.82,0.0016025641025640665,0.0064102564102563,7.639114577691113,identity,identity
rad-dino,pneumoniamnist,"[(0, 2)]",1,0.8846153846153846,0.8878205128205128,99.64,0.003205128205128166,0.0080128205128204,15.972447911024446,identity,identity
rad-dino,pneumoniamnist,"[(1, 2)]",1,0.8830128205128206,0.8878205128205128,99.46,0.004807692307692267,0.0112179487179486,7.639114577691113,identity,identity
rad-dino,pneumoniamnist,"[(1, 3)]",1,0.8787393162393163,0.8878205128205128,98.98,0.009081196581196533,0.0176282051282051,15.972447911024446,identity,identity
rad-dino,pneumoniamnist,"[(0, 3)]",1,0.8680555555555555,0.8878205128205128,97.77,0.019764957264957198,0.0272435897435897,24.30578124435778,identity,identity
vit-base-patch16-224,cifar100,"[(9, 10)]",1,0.8220666666666667,0.8315666666666667,98.86,0.0094999999999999,0.0132999999999999,7.638964134792502,identity,identity
vit-base-patch16-224,cifar100,"[(10, 11)]",1,0.8158666666666666,0.8315666666666667,98.11,0.015699999999999898,0.0166999999999999,7.638964134792502,identity,identity
vit-base-patch16-224,cifar100,"[(6, 7)]",1,0.8158666666666666,0.8315666666666667,98.11,0.015699999999999933,0.0196,7.638964134792502,identity,identity
vit-base-patch16-224,cifar100,"[(5, 6)]",1,0.8156666666666667,0.8315666666666667,98.09,0.01589999999999993,0.0186,7.638964134792502,identity,identity
vit-base-patch16-224,cifar100,"[(8, 9)]",1,0.8133666666666667,0.8315666666666667,97.81,0.018199999999999935,0.0217,7.638964134792502,identity,identity
vit-base-patch16-224,cifar100,"[(7, 8)]",1,0.8081333333333333,0.8315666666666667,97.18,0.023433333333333264,0.0258999999999999,7.638964134792502,identity,identity
vit-base-patch16-224,cifar100,"[(8, 10)]",1,0.7986333333333334,0.8315666666666667,96.04,0.03293333333333323,0.0345999999999999,15.972297468125836,identity,identity
vit-base-patch16-224,cifar100,"[(5, 7)]",1,0.7874333333333334,0.8315666666666667,94.69,0.04413333333333324,0.0447999999999999,15.972297468125836,identity,identity
vit-base-patch16-224,cifar100,"[(6, 8)]",1,0.7811666666666667,0.8315666666666667,93.94,0.050399999999999896,0.0536999999999999,15.972297468125836,identity,identity
vit-base-patch16-224,cifar100,"[(7, 9)]",1,0.7806333333333333,0.8315666666666667,93.88,0.050933333333333226,0.0525999999999999,15.972297468125836,identity,identity
vit-base-patch16-224,cifar100,"[(9, 11)]",1,0.7724000000000001,0.8315666666666667,92.88,0.05916666666666657,0.0607999999999999,15.972297468125836,identity,identity
vit-base-patch16-224,cifar100,"[(7, 10)]",1,0.7627,0.8315666666666667,91.72,0.0688666666666666,0.0726999999999999,24.30563080145917,identity,identity
vit-base-patch16-224,cifar100,"[(6, 9)]",1,0.7356666666666666,0.8315666666666667,88.47,0.09589999999999989,0.1000999999999999,24.30563080145917,identity,identity
vit-base-patch16-224,cifar100,"[(8, 11)]",1,0.734,0.8315666666666667,88.27,0.0975666666666666,0.1026999999999999,24.30563080145917,identity,identity
vit-base-patch16-224,cifar100,"[(5, 8)]",1,0.7326666666666667,0.8315666666666667,88.11,0.09889999999999993,0.1002,24.30563080145917,identity,identity
vit-base-patch16-224,cifar100,"[(6, 10)]",1,0.7080000000000001,0.8315666666666667,85.14,0.1235666666666666,0.1266,32.6389641347925,identity,identity
vit-base-patch16-224,cifar100,"[(5, 9)]",1,0.6778333333333334,0.8315666666666667,81.51,0.15373333333333328,0.158,32.6389641347925,identity,identity
vit-base-patch16-224,cifar100,"[(7, 11)]",1,0.6752333333333334,0.8315666666666667,81.2,0.15633333333333327,0.1618999999999999,32.6389641347925,identity,identity
vit-base-patch16-224,cifar100,"[(6, 11)]",1,0.6409333333333334,0.8315666666666667,77.08,0.1906333333333333,0.1976,40.97229746812584,identity,identity
vit-base-patch16-224,cifar100,"[(5, 10)]",1,0.6394000000000001,0.8315666666666667,76.89,0.1921666666666666,0.2001,40.97229746812584,identity,identity
vit-base-patch16-224,cifar100,"[(5, 11)]",1,0.5958,0.8315666666666667,71.65,0.2357666666666666,0.2456,49.305630801459166,identity,identity
vit-base-patch16-224,imagenet-1k,"[(5, 6)]",1,0.7390333333333334,0.7687666666666667,96.13,0.029733333333333303,0.0320999999999999,7.638964134792502,identity,identity
vit-base-patch16-224,imagenet-1k,"[(6, 7)]",1,0.7368333333333333,0.7687666666666667,95.85,0.031933333333333265,0.0358999999999999,7.638964134792502,identity,identity
vit-base-patch16-224,imagenet-1k,"[(7, 8)]",1,0.7255333333333334,0.7687666666666667,94.38,0.043233333333333325,0.0463,7.638964134792502,identity,identity
vit-base-patch16-224,imagenet-1k,"[(8, 9)]",1,0.7041666666666666,0.7687666666666667,91.6,0.06459999999999994,0.0680999999999999,7.638964134792502,identity,identity
vit-base-patch16-224,imagenet-1k,"[(9, 10)]",1,0.6838666666666667,0.7687666666666667,88.96,0.08489999999999993,0.0894999999999999,7.638964134792502,identity,identity
vit-base-patch16-224,imagenet-1k,"[(10, 11)]",1,0.6828666666666666,0.7687666666666667,88.83,0.08589999999999998,0.092,7.638964134792502,identity,identity
vit-base-patch16-224,imagenet-1k,"[(5, 7)]",1,0.6731333333333334,0.7687666666666667,87.56,0.09563333333333324,0.0969999999999999,15.972297468125836,identity,identity
vit-base-patch16-224,imagenet-1k,"[(6, 8)]",1,0.6486999999999999,0.7687666666666667,84.38,0.12006666666666664,0.1205999999999999,15.972297468125836,identity,identity
vit-base-patch16-224,imagenet-1k,"[(7, 9)]",1,0.6126666666666667,0.7687666666666667,79.69,0.1561,0.1577999999999999,15.972297468125836,identity,identity
vit-base-patch16-224,imagenet-1k,"[(8, 10)]",1,0.5705,0.7687666666666667,74.21,0.19826666666666662,0.1993,15.972297468125836,identity,identity
vit-base-patch16-224,imagenet-1k,"[(5, 8)]",1,0.5304333333333333,0.7687666666666667,69.0,0.23833333333333329,0.2435,24.30563080145917,identity,identity
vit-base-patch16-224,imagenet-1k,"[(9, 11)]",1,0.5064000000000001,0.7687666666666667,65.87,0.26236666666666664,0.2643,15.972297468125836,identity,identity
vit-base-patch16-224,imagenet-1k,"[(6, 9)]",1,0.5052333333333333,0.7687666666666667,65.72,0.26353333333333334,0.2643999999999999,24.30563080145917,identity,identity
vit-base-patch16-224,imagenet-1k,"[(7, 10)]",1,0.4654,0.7687666666666667,60.54,0.3033666666666666,0.3069999999999999,24.30563080145917,identity,identity
vit-base-patch16-224,imagenet-1k,"[(8, 11)]",1,0.41850000000000004,0.7687666666666667,54.44,0.35026666666666667,0.3512,24.30563080145917,identity,identity
vit-base-patch16-224,imagenet-1k,"[(5, 9)]",1,0.401,0.7687666666666667,52.16,0.36776666666666663,0.3683999999999999,32.6389641347925,identity,identity
vit-base-patch16-224,imagenet-1k,"[(6, 10)]",1,0.3764,0.7687666666666667,48.96,0.3923666666666666,0.3946,32.6389641347925,identity,identity
vit-base-patch16-224,imagenet-1k,"[(7, 11)]",1,0.36146666666666666,0.7687666666666667,47.02,0.40729999999999994,0.4075,32.6389641347925,identity,identity
vit-base-patch16-224,imagenet-1k,"[(5, 10)]",1,0.32056666666666667,0.7687666666666667,41.7,0.4482,0.452,40.97229746812584,identity,identity
vit-base-patch16-224,imagenet-1k,"[(6, 11)]",1,0.31406666666666666,0.7687666666666667,40.85,0.45469999999999994,0.456,40.97229746812584,identity,identity
vit-base-patch16-224,imagenet-1k,"[(5, 11)]",1,0.27646666666666664,0.7687666666666667,35.96,0.49229999999999996,0.4935,49.305630801459166,identity,identity
vit-base-patch16-224,pneumoniamnist,"[(5, 11)]",1,0.8504273504273504,0.8263888888888888,102.91,-0.024038461538461498,-0.0208333333333333,49.305630801459166,identity,identity
vit-base-patch16-224,pneumoniamnist,"[(6, 11)]",1,0.8493589743589745,0.8263888888888888,102.78,-0.022970085470085434,-0.0176282051282051,40.97229746812584,identity,identity
vit-base-patch16-224,pneumoniamnist,"[(7, 11)]",1,0.8456196581196581,0.8263888888888888,102.33,-0.019230769230769166,-0.0128205128205127,32.6389641347925,identity,identity
vit-base-patch16-224,pneumoniamnist,"[(5, 10)]",1,0.8413461538461539,0.8263888888888888,101.81,-0.014957264957264899,-0.0128205128205128,40.97229746812584,identity,identity
vit-base-patch16-224,pneumoniamnist,"[(8, 11)]",1,0.8408119658119658,0.8263888888888888,101.75,-0.014423076923076867,-0.0064102564102563,24.30563080145917,identity,identity
vit-base-patch16-224,pneumoniamnist,"[(9, 11)]",1,0.8376068376068376,0.8263888888888888,101.36,-0.011217948717948631,-0.0080128205128204,15.972297468125836,identity,identity
vit-base-patch16-224,pneumoniamnist,"[(5, 8)]",1,0.8365384615384616,0.8263888888888888,101.23,-0.010149572649572634,0.001602564102564,24.30563080145917,identity,identity
vit-base-patch16-224,pneumoniamnist,"[(6, 10)]",1,0.8349358974358975,0.8263888888888888,101.03,-0.008547008547008501,-0.0032051282051283,32.6389641347925,identity,identity
vit-base-patch16-224,pneumoniamnist,"[(5, 7)]",1,0.8338675213675213,0.8263888888888888,100.9,-0.0074786324786324,-0.001602564102564,15.972297468125836,identity,identity
vit-base-patch16-224,pneumoniamnist,"[(7, 10)]",1,0.8338675213675213,0.8263888888888888,100.9,-0.0074786324786324,-0.0032051282051281,24.30563080145917,identity,identity
vit-base-patch16-224,pneumoniamnist,"[(8, 10)]",1,0.8338675213675213,0.8263888888888888,100.9,-0.0074786324786324,-0.0032051282051281,15.972297468125836,identity,identity
vit-base-patch16-224,pneumoniamnist,"[(5, 9)]",1,0.8311965811965812,0.8263888888888888,100.58,-0.004807692307692266,-0.001602564102564,32.6389641347925,identity,identity
vit-base-patch16-224,pneumoniamnist,"[(5, 6)]",1,0.8301282051282052,0.8263888888888888,100.45,-0.003739316239316233,0.0032051282051281,7.638964134792502,identity,identity
vit-base-patch16-224,pneumoniamnist,"[(8, 9)]",1,0.8301282051282052,0.8263888888888888,100.45,-0.0037393162393162334,0.001602564102564,7.638964134792502,identity,identity
vit-base-patch16-224,pneumoniamnist,"[(10, 11)]",1,0.8290598290598291,0.8263888888888888,100.32,-0.0026709401709401333,0.0048076923076922,7.638964134792502,identity,identity
vit-base-patch16-224,pneumoniamnist,"[(6, 9)]",1,0.826923076923077,0.8263888888888888,100.06,-0.0005341880341879999,0.0080128205128204,24.30563080145917,identity,identity
vit-base-patch16-224,pneumoniamnist,"[(6, 8)]",1,0.8263888888888888,0.8263888888888888,100.0,-3.23815048849004e-17,0.0144230769230768,15.972297468125836,identity,identity
vit-base-patch16-224,pneumoniamnist,"[(6, 7)]",1,0.8247863247863249,0.8263888888888888,99.81,0.0016025641025640667,0.0128205128205127,7.638964134792502,identity,identity
vit-base-patch16-224,pneumoniamnist,"[(7, 8)]",1,0.8205128205128206,0.8263888888888888,99.29,0.005876068376068268,0.0128205128205127,7.638964134792502,identity,identity
vit-base-patch16-224,pneumoniamnist,"[(7, 9)]",1,0.8205128205128206,0.8263888888888888,99.29,0.005876068376068268,0.0064102564102563,15.972297468125836,identity,identity
vit-base-patch16-224,pneumoniamnist,"[(9, 10)]",1,0.8199786324786325,0.8263888888888888,99.22,0.0064102564102563,0.0112179487179486,7.638964134792502,identity,identity
vit-large-patch16-224,cifar100,"[(21, 23)]",1,0.8659666666666667,0.8637333333333334,100.26,-0.002233333333333263,-9.9999999999989e-05,7.986139338265182,identity,identity
vit-large-patch16-224,cifar100,"[(21, 22)]",1,0.8655333333333334,0.8637333333333334,100.21,-0.0017999999999999666,0.0019,3.8194726715985152,identity,identity
vit-large-patch16-224,cifar100,"[(22, 23)]",1,0.8651666666666666,0.8637333333333334,100.17,-0.0014333333333332334,-0.0004999999999999,3.8194726715985152,identity,identity
vit-large-patch16-224,cifar100,"[(20, 21)]",1,0.8643333333333333,0.8637333333333334,100.07,-0.0005999999999999666,0.003,3.8194726715985152,identity,identity
vit-large-patch16-224,cifar100,"[(8, 9)]",1,0.8638666666666666,0.8637333333333334,100.02,-0.00013333333333330008,0.0012,3.8194726715985152,identity,identity
vit-large-patch16-224,cifar100,"[(20, 23)]",1,0.8631333333333333,0.8637333333333334,99.93,0.0005999999999999668,0.0041999999999999,12.152806004931849,identity,identity
vit-large-patch16-224,cifar100,"[(10, 11)]",1,0.8627666666666668,0.8637333333333334,99.89,0.0009666666666666668,0.003,3.8194726715985152,identity,identity
vit-large-patch16-224,cifar100,"[(16, 17)]",1,0.8623333333333334,0.8637333333333334,99.84,0.0013999999999999666,0.0028,3.8194726715985152,identity,identity
vit-large-patch16-224,cifar100,"[(19, 21)]",1,0.8614666666666667,0.8637333333333334,99.74,0.002266666666666667,0.007,7.986139338265182,identity,identity
vit-large-patch16-224,cifar100,"[(19, 22)]",1,0.8614666666666667,0.8637333333333334,99.74,0.0022666666666666664,0.0050999999999999,12.152806004931849,identity,identity
vit-large-patch16-224,cifar100,"[(7, 8)]",1,0.8613666666666667,0.8637333333333334,99.73,0.0023666666666666333,0.0031999999999999,3.8194726715985152,identity,identity
vit-large-patch16-224,cifar100,"[(20, 22)]",1,0.8612666666666667,0.8637333333333334,99.71,0.002466666666666667,0.0049,7.986139338265182,identity,identity
vit-large-patch16-224,cifar100,"[(19, 20)]",1,0.8609666666666667,0.8637333333333334,99.68,0.002766666666666634,0.0054,3.8194726715985152,identity,identity
vit-large-patch16-224,cifar100,"[(17, 18)]",1,0.8607333333333335,0.8637333333333334,99.65,0.0029999999999999667,0.0051999999999999,3.8194726715985152,identity,identity
vit-large-patch16-224,cifar100,"[(18, 19)]",1,0.8606333333333334,0.8637333333333334,99.64,0.003099999999999967,0.0047,3.8194726715985152,identity,identity
vit-large-patch16-224,cifar100,"[(13, 14)]",1,0.8605333333333333,0.8637333333333334,99.63,0.0032,0.0053,3.8194726715985152,identity,identity
vit-large-patch16-224,cifar100,"[(11, 12)]",1,0.8603333333333333,0.8637333333333334,99.61,0.003399999999999933,0.0042999999999999,3.8194726715985152,identity,identity
vit-large-patch16-224,cifar100,"[(19, 23)]",1,0.8597999999999999,0.8637333333333334,99.54,0.003933333333333367,0.0064,16.319472671598515,identity,identity
vit-large-patch16-224,cifar100,"[(9, 10)]",1,0.8592,0.8637333333333334,99.48,0.004533333333333333,0.0084,3.8194726715985152,identity,identity
vit-large-patch16-224,cifar100,"[(16, 18)]",1,0.8591666666666667,0.8637333333333334,99.47,0.004566666666666667,0.0049,7.986139338265182,identity,identity
vit-large-patch16-224,cifar100,"[(15, 16)]",1,0.8589666666666668,0.8637333333333334,99.45,0.0047666666666666664,0.0058,3.8194726715985152,identity,identity
vit-large-patch16-224,cifar100,"[(7, 9)]",1,0.8577,0.8637333333333334,99.3,0.0060333333333332665,0.0085,7.986139338265182,identity,identity
vit-large-patch16-224,cifar100,"[(8, 10)]",1,0.8574333333333334,0.8637333333333334,99.27,0.006299999999999966,0.01,7.986139338265182,identity,identity
vit-large-patch16-224,cifar100,"[(6, 7)]",1,0.8567,0.8637333333333334,99.19,0.0070333333333332665,0.0078,3.8194726715985152,identity,identity
vit-large-patch16-224,cifar100,"[(14, 15)]",1,0.8563999999999999,0.8637333333333334,99.15,0.0073333333333333,0.0089,3.8194726715985152,identity,identity
vit-large-patch16-224,cifar100,"[(12, 13)]",1,0.856,0.8637333333333334,99.1,0.007733333333333267,0.0090999999999999,3.8194726715985152,identity,identity
vit-large-patch16-224,cifar100,"[(18, 23)]",1,0.856,0.8637333333333334,99.1,0.007733333333333267,0.0109,20.486139338265183,identity,identity
vit-large-patch16-224,cifar100,"[(15, 17)]",1,0.8542333333333333,0.8637333333333334,98.9,0.009499999999999967,0.0103,7.986139338265182,identity,identity
vit-large-patch16-224,cifar100,"[(17, 19)]",1,0.8533,0.8637333333333334,98.79,0.0104333333333333,0.0126,7.986139338265182,identity,identity
vit-large-patch16-224,cifar100,"[(6, 8)]",1,0.8527333333333335,0.8637333333333334,98.73,0.010999999999999968,0.0159,7.986139338265182,identity,identity
vit-large-patch16-224,cifar100,"[(18, 21)]",1,0.8525,0.8637333333333334,98.7,0.011233333333333302,0.0154,12.152806004931849,identity,identity
vit-large-patch16-224,cifar100,"[(14, 16)]",1,0.8523666666666667,0.8637333333333334,98.68,0.0113666666666666,0.0133999999999999,7.986139338265182,identity,identity
vit-large-patch16-224,cifar100,"[(12, 14)]",1,0.8517666666666667,0.8637333333333334,98.61,0.011966666666666565,0.0152999999999999,7.986139338265182,identity,identity
vit-large-patch16-224,cifar100,"[(9, 11)]",1,0.8516666666666667,0.8637333333333334,98.6,0.012066666666666634,0.0137,7.986139338265182,identity,identity
vit-large-patch16-224,cifar100,"[(10, 12)]",1,0.8505333333333334,0.8637333333333334,98.47,0.013199999999999934,0.0173999999999999,7.986139338265182,identity,identity
vit-large-patch16-224,cifar100,"[(13, 15)]",1,0.8492999999999999,0.8637333333333334,98.33,0.014433333333333334,0.017,7.986139338265182,identity,identity
vit-large-patch16-224,cifar100,"[(18, 20)]",1,0.8488333333333333,0.8637333333333334,98.27,0.014899999999999934,0.0202999999999999,7.986139338265182,identity,identity
vit-large-patch16-224,cifar100,"[(16, 19)]",1,0.8487333333333335,0.8637333333333334,98.26,0.0149999999999999,0.0162999999999999,12.152806004931849,identity,identity
vit-large-patch16-224,cifar100,"[(18, 22)]",1,0.8487333333333332,0.8637333333333334,98.26,0.014999999999999966,0.0169,16.319472671598515,identity,identity
vit-large-patch16-224,cifar100,"[(15, 18)]",1,0.8476666666666667,0.8637333333333334,98.14,0.016066666666666635,0.0166,12.152806004931849,identity,identity
vit-large-patch16-224,cifar100,"[(8, 11)]",1,0.8476333333333333,0.8637333333333334,98.14,0.016099999999999965,0.018,12.152806004931849,identity,identity
vit-large-patch16-224,cifar100,"[(17, 23)]",1,0.8473333333333333,0.8637333333333334,98.1,0.016399999999999932,0.0192999999999999,24.652806004931847,identity,identity
vit-large-patch16-224,cifar100,"[(17, 21)]",1,0.8462999999999999,0.8637333333333334,97.98,0.017433333333333332,0.0228,16.319472671598515,identity,identity
vit-large-patch16-224,cifar100,"[(11, 13)]",1,0.8455666666666666,0.8637333333333334,97.9,0.018166666666666668,0.0218,7.986139338265182,identity,identity
vit-large-patch16-224,cifar100,"[(14, 17)]",1,0.8448666666666668,0.8637333333333334,97.82,0.0188666666666666,0.0203999999999999,12.152806004931849,identity,identity
vit-large-patch16-224,cifar100,"[(7, 10)]",1,0.8443999999999999,0.8637333333333334,97.76,0.0193333333333333,0.0212999999999999,12.152806004931849,identity,identity
vit-large-patch16-224,cifar100,"[(6, 9)]",1,0.8436333333333333,0.8637333333333334,97.67,0.020100000000000003,0.0242,12.152806004931849,identity,identity
vit-large-patch16-224,cifar100,"[(17, 20)]",1,0.8428333333333334,0.8637333333333334,97.58,0.020900000000000002,0.023,12.152806004931849,identity,identity
vit-large-patch16-224,cifar100,"[(13, 16)]",1,0.8409,0.8637333333333334,97.36,0.0228333333333333,0.0233999999999999,12.152806004931849,identity,identity
vit-large-patch16-224,cifar100,"[(15, 19)]",1,0.8405,0.8637333333333334,97.31,0.02323333333333333,0.0262,16.319472671598515,identity,identity
vit-large-patch16-224,cifar100,"[(16, 20)]",1,0.8402,0.8637333333333334,97.28,0.0235333333333333,0.0252,16.319472671598515,identity,identity
vit-large-patch16-224,cifar100,"[(12, 15)]",1,0.8400333333333334,0.8637333333333334,97.26,0.023699999999999933,0.0253999999999999,12.152806004931849,identity,identity
vit-large-patch16-224,cifar100,"[(11, 14)]",1,0.8394,0.8637333333333334,97.18,0.0243333333333333,0.0251,12.152806004931849,identity,identity
vit-large-patch16-224,cifar100,"[(16, 23)]",1,0.8388666666666666,0.8637333333333334,97.12,0.024866666666666634,0.0276999999999999,28.819472671598515,identity,identity
vit-large-patch16-224,cifar100,"[(16, 21)]",1,0.8387666666666668,0.8637333333333334,97.11,0.024966666666666634,0.0316,20.486139338265183,identity,identity
vit-large-patch16-224,cifar100,"[(14, 18)]",1,0.8383333333333334,0.8637333333333334,97.06,0.025399999999999933,0.0273999999999999,16.319472671598515,identity,identity
vit-large-patch16-224,cifar100,"[(17, 22)]",1,0.8379333333333333,0.8637333333333334,97.01,0.0258,0.0288,20.486139338265183,identity,identity
vit-large-patch16-224,cifar100,"[(10, 13)]",1,0.8354666666666667,0.8637333333333334,96.73,0.028266666666666596,0.0322999999999999,12.152806004931849,identity,identity
vit-large-patch16-224,cifar100,"[(9, 12)]",1,0.8347000000000001,0.8637333333333334,96.64,0.0290333333333333,0.0317,12.152806004931849,identity,identity
vit-large-patch16-224,cifar100,"[(16, 22)]",1,0.8316666666666667,0.8637333333333334,96.29,0.03206666666666663,0.0347,24.652806004931847,identity,identity
vit-large-patch16-224,cifar100,"[(13, 17)]",1,0.8298666666666668,0.8637333333333334,96.08,0.033866666666666635,0.035,16.319472671598515,identity,identity
vit-large-patch16-224,cifar100,"[(15, 23)]",1,0.8283999999999999,0.8637333333333334,95.91,0.035333333333333335,0.043,32.98613933826518,identity,identity
vit-large-patch16-224,cifar100,"[(12, 16)]",1,0.8283666666666667,0.8637333333333334,95.91,0.035366666666666664,0.0361,16.319472671598515,identity,identity
vit-large-patch16-224,cifar100,"[(14, 19)]",1,0.8277,0.8637333333333334,95.83,0.0360333333333333,0.0368,20.486139338265183,identity,identity
vit-large-patch16-224,cifar100,"[(15, 21)]",1,0.8271000000000001,0.8637333333333334,95.76,0.036633333333333296,0.0387,24.652806004931847,identity,identity
vit-large-patch16-224,cifar100,"[(15, 20)]",1,0.8255333333333333,0.8637333333333334,95.58,0.03819999999999996,0.0406,20.486139338265183,identity,identity
vit-large-patch16-224,cifar100,"[(7, 11)]",1,0.8222666666666667,0.8637333333333334,95.2,0.04146666666666663,0.0492,16.319472671598515,identity,identity
vit-large-patch16-224,cifar100,"[(11, 15)]",1,0.8210666666666667,0.8637333333333334,95.06,0.04266666666666663,0.0464,16.319472671598515,identity,identity
vit-large-patch16-224,cifar100,"[(15, 22)]",1,0.8209333333333334,0.8637333333333334,95.04,0.04279999999999997,0.044,28.819472671598515,identity,identity
vit-large-patch16-224,cifar100,"[(8, 12)]",1,0.8203666666666667,0.8637333333333334,94.98,0.04336666666666664,0.0449,16.319472671598515,identity,identity
vit-large-patch16-224,cifar100,"[(6, 10)]",1,0.8200333333333333,0.8637333333333334,94.94,0.04369999999999997,0.0451,16.319472671598515,identity,identity
vit-large-patch16-224,cifar100,"[(10, 14)]",1,0.8199,0.8637333333333334,94.93,0.043833333333333335,0.0503,16.319472671598515,identity,identity
vit-large-patch16-224,cifar100,"[(13, 18)]",1,0.8175333333333333,0.8637333333333334,94.65,0.04619999999999996,0.0465999999999999,20.486139338265183,identity,identity
vit-large-patch16-224,cifar100,"[(12, 17)]",1,0.8157,0.8637333333333334,94.44,0.048033333333333296,0.0504999999999999,20.486139338265183,identity,identity
vit-large-patch16-224,cifar100,"[(14, 20)]",1,0.8142666666666667,0.8637333333333334,94.27,0.04946666666666663,0.0504999999999999,24.652806004931847,identity,identity
vit-large-patch16-224,cifar100,"[(9, 13)]",1,0.8127666666666666,0.8637333333333334,94.1,0.05096666666666667,0.0539,16.319472671598515,identity,identity
vit-large-patch16-224,cifar100,"[(14, 23)]",1,0.8077666666666667,0.8637333333333334,93.52,0.05596666666666664,0.0603,37.15280600493185,identity,identity
vit-large-patch16-224,cifar100,"[(13, 19)]",1,0.8066,0.8637333333333334,93.39,0.05713333333333329,0.059,24.652806004931847,identity,identity
vit-large-patch16-224,cifar100,"[(11, 16)]",1,0.8065000000000001,0.8637333333333334,93.37,0.0572333333333333,0.0581,20.486139338265183,identity,identity
vit-large-patch16-224,cifar100,"[(14, 21)]",1,0.8050333333333333,0.8637333333333334,93.2,0.0587,0.0613,28.819472671598515,identity,identity
vit-large-patch16-224,cifar100,"[(14, 22)]",1,0.8046666666666665,0.8637333333333334,93.16,0.05906666666666666,0.06,32.98613933826518,identity,identity
vit-large-patch16-224,cifar100,"[(10, 15)]",1,0.8020999999999999,0.8637333333333334,92.86,0.06163333333333326,0.0657999999999999,20.486139338265183,identity,identity
vit-large-patch16-224,cifar100,"[(12, 18)]",1,0.7982,0.8637333333333334,92.41,0.06553333333333329,0.0681,24.652806004931847,identity,identity
vit-large-patch16-224,cifar100,"[(9, 14)]",1,0.7938333333333333,0.8637333333333334,91.91,0.06989999999999996,0.0731,20.486139338265183,identity,identity
vit-large-patch16-224,cifar100,"[(8, 13)]",1,0.7920666666666666,0.8637333333333334,91.7,0.0716666666666666,0.0735,20.486139338265183,identity,identity
vit-large-patch16-224,cifar100,"[(13, 20)]",1,0.7899333333333334,0.8637333333333334,91.46,0.07379999999999991,0.0787999999999999,28.819472671598515,identity,identity
vit-large-patch16-224,cifar100,"[(11, 17)]",1,0.7859666666666666,0.8637333333333334,91.0,0.07776666666666664,0.0803,24.652806004931847,identity,identity
vit-large-patch16-224,cifar100,"[(7, 12)]",1,0.7858999999999999,0.8637333333333334,90.99,0.0778333333333333,0.0794,20.486139338265183,identity,identity
vit-large-patch16-224,cifar100,"[(6, 11)]",1,0.7847,0.8637333333333334,90.85,0.0790333333333333,0.081,20.486139338265183,identity,identity
vit-large-patch16-224,cifar100,"[(12, 19)]",1,0.7816000000000001,0.8637333333333334,90.49,0.0821333333333333,0.0847999999999999,28.819472671598515,identity,identity
vit-large-patch16-224,cifar100,"[(10, 16)]",1,0.7794333333333334,0.8637333333333334,90.24,0.08429999999999997,0.0895,24.652806004931847,identity,identity
vit-large-patch16-224,cifar100,"[(13, 21)]",1,0.7759666666666667,0.8637333333333334,89.84,0.0877666666666666,0.0949999999999999,32.98613933826518,identity,identity
vit-large-patch16-224,cifar100,"[(13, 23)]",1,0.7755,0.8637333333333334,89.78,0.08823333333333333,0.0903,41.31947267159852,identity,identity
vit-large-patch16-224,cifar100,"[(13, 22)]",1,0.7703666666666668,0.8637333333333334,89.19,0.09336666666666667,0.0948,37.15280600493185,identity,identity
vit-large-patch16-224,cifar100,"[(9, 15)]",1,0.7698,0.8637333333333334,89.12,0.09393333333333333,0.0985,24.652806004931847,identity,identity
vit-large-patch16-224,cifar100,"[(11, 18)]",1,0.7678666666666668,0.8637333333333334,88.9,0.0958666666666666,0.0969999999999999,28.819472671598515,identity,identity
vit-large-patch16-224,cifar100,"[(8, 14)]",1,0.7645,0.8637333333333334,88.51,0.09923333333333327,0.0998,24.652806004931847,identity,identity
vit-large-patch16-224,cifar100,"[(12, 20)]",1,0.761,0.8637333333333334,88.11,0.10273333333333334,0.1102,32.98613933826518,identity,identity
vit-large-patch16-224,cifar100,"[(10, 17)]",1,0.7564333333333333,0.8637333333333334,87.58,0.1073,0.1086,28.819472671598515,identity,identity
vit-large-patch16-224,cifar100,"[(11, 19)]",1,0.7506333333333334,0.8637333333333334,86.91,0.11309999999999999,0.1166,32.98613933826518,identity,identity
vit-large-patch16-224,cifar100,"[(12, 21)]",1,0.7494999999999999,0.8637333333333334,86.77,0.1142333333333333,0.1213,37.15280600493185,identity,identity
vit-large-patch16-224,cifar100,"[(12, 23)]",1,0.7485666666666667,0.8637333333333334,86.67,0.11516666666666668,0.1188,45.48613933826518,identity,identity
vit-large-patch16-224,cifar100,"[(12, 22)]",1,0.7446,0.8637333333333334,86.21,0.11913333333333333,0.1214,41.31947267159852,identity,identity
vit-large-patch16-224,cifar100,"[(7, 13)]",1,0.7427333333333334,0.8637333333333334,85.99,0.121,0.1229,24.652806004931847,identity,identity
vit-large-patch16-224,cifar100,"[(9, 16)]",1,0.7405333333333334,0.8637333333333334,85.74,0.12319999999999993,0.1271999999999999,28.819472671598515,identity,identity
vit-large-patch16-224,cifar100,"[(8, 15)]",1,0.7366,0.8637333333333334,85.28,0.1271333333333333,0.131,28.819472671598515,identity,identity
vit-large-patch16-224,cifar100,"[(11, 20)]",1,0.7356666666666666,0.8637333333333334,85.17,0.12806666666666666,0.1288,37.15280600493185,identity,identity
vit-large-patch16-224,cifar100,"[(6, 12)]",1,0.7344333333333334,0.8637333333333334,85.03,0.1293,0.1339,24.652806004931847,identity,identity
vit-large-patch16-224,cifar100,"[(10, 18)]",1,0.7303000000000001,0.8637333333333334,84.55,0.13343333333333332,0.135,32.98613933826518,identity,identity
vit-large-patch16-224,cifar100,"[(11, 23)]",1,0.7248333333333333,0.8637333333333334,83.92,0.1389,0.141,49.65280600493185,identity,identity
vit-large-patch16-224,cifar100,"[(11, 21)]",1,0.7239,0.8637333333333334,83.81,0.13983333333333334,0.1426,41.31947267159852,identity,identity
vit-large-patch16-224,cifar100,"[(11, 22)]",1,0.7216999999999999,0.8637333333333334,83.56,0.14203333333333332,0.1456,45.48613933826518,identity,identity
vit-large-patch16-224,cifar100,"[(10, 19)]",1,0.7202666666666667,0.8637333333333334,83.39,0.14346666666666666,0.1461,37.15280600493185,identity,identity
vit-large-patch16-224,cifar100,"[(7, 14)]",1,0.7147,0.8637333333333334,82.75,0.1490333333333333,0.1523999999999999,28.819472671598515,identity,identity
vit-large-patch16-224,cifar100,"[(9, 17)]",1,0.7145999999999999,0.8637333333333334,82.73,0.14913333333333334,0.1519,32.98613933826518,identity,identity
vit-large-patch16-224,cifar100,"[(8, 16)]",1,0.7040666666666667,0.8637333333333334,81.51,0.15966666666666665,0.161,32.98613933826518,identity,identity
vit-large-patch16-224,cifar100,"[(10, 20)]",1,0.7012333333333333,0.8637333333333334,81.19,0.1625,0.1644,41.31947267159852,identity,identity
vit-large-patch16-224,cifar100,"[(10, 21)]",1,0.6996666666666668,0.8637333333333334,81.0,0.16406666666666667,0.1679,45.48613933826518,identity,identity
vit-large-patch16-224,cifar100,"[(6, 13)]",1,0.6960333333333333,0.8637333333333334,80.58,0.1677,0.1683,28.819472671598515,identity,identity
vit-large-patch16-224,cifar100,"[(10, 22)]",1,0.6912333333333334,0.8637333333333334,80.03,0.1725,0.1791,49.65280600493185,identity,identity
vit-large-patch16-224,cifar100,"[(10, 23)]",1,0.6904,0.8637333333333334,79.93,0.1733333333333333,0.1775999999999999,53.81947267159852,identity,identity
vit-large-patch16-224,cifar100,"[(9, 18)]",1,0.6885333333333333,0.8637333333333334,79.72,0.1752,0.1783,37.15280600493185,identity,identity
vit-large-patch16-224,cifar100,"[(7, 15)]",1,0.6800333333333333,0.8637333333333334,78.73,0.1837,0.1864,32.98613933826518,identity,identity
vit-large-patch16-224,cifar100,"[(8, 17)]",1,0.6777000000000001,0.8637333333333334,78.46,0.18603333333333336,0.1889,37.15280600493185,identity,identity
vit-large-patch16-224,cifar100,"[(9, 19)]",1,0.6756666666666667,0.8637333333333334,78.23,0.1880666666666667,0.1898,41.31947267159852,identity,identity
vit-large-patch16-224,cifar100,"[(9, 20)]",1,0.6682666666666667,0.8637333333333334,77.37,0.19546666666666665,0.198,45.48613933826518,identity,identity
vit-large-patch16-224,cifar100,"[(6, 14)]",1,0.6624666666666666,0.8637333333333334,76.7,0.20126666666666668,0.2051,32.98613933826518,identity,identity
vit-large-patch16-224,cifar100,"[(9, 21)]",1,0.6620666666666667,0.8637333333333334,76.65,0.20166666666666666,0.2063,49.65280600493185,identity,identity
vit-large-patch16-224,cifar100,"[(9, 23)]",1,0.6551666666666667,0.8637333333333334,75.85,0.20856666666666657,0.2100999999999999,57.98613933826518,identity,identity
vit-large-patch16-224,cifar100,"[(9, 22)]",1,0.6531333333333333,0.8637333333333334,75.62,0.2106,0.2187,53.81947267159852,identity,identity
vit-large-patch16-224,cifar100,"[(7, 16)]",1,0.6523666666666667,0.8637333333333334,75.53,0.21136666666666667,0.2142,37.15280600493185,identity,identity
vit-large-patch16-224,cifar100,"[(8, 18)]",1,0.649,0.8637333333333334,75.14,0.21473333333333333,0.2205,41.31947267159852,identity,identity
vit-large-patch16-224,cifar100,"[(8, 19)]",1,0.6329666666666668,0.8637333333333334,73.28,0.2307666666666666,0.242,45.48613933826518,identity,identity
vit-large-patch16-224,cifar100,"[(6, 15)]",1,0.6280666666666667,0.8637333333333334,72.72,0.23566666666666666,0.2415,37.15280600493185,identity,identity
vit-large-patch16-224,cifar100,"[(8, 20)]",1,0.6247333333333334,0.8637333333333334,72.33,0.23899999999999996,0.2434,49.65280600493185,identity,identity
vit-large-patch16-224,cifar100,"[(8, 21)]",1,0.6215,0.8637333333333334,71.96,0.24223333333333333,0.2517,53.81947267159852,identity,identity
vit-large-patch16-224,cifar100,"[(7, 17)]",1,0.6211333333333333,0.8637333333333334,71.91,0.24259999999999995,0.2517,41.31947267159852,identity,identity
vit-large-patch16-224,cifar100,"[(8, 22)]",1,0.6176333333333334,0.8637333333333334,71.51,0.24609999999999996,0.2508,57.98613933826518,identity,identity
vit-large-patch16-224,cifar100,"[(8, 23)]",1,0.6164000000000001,0.8637333333333334,71.36,0.2473333333333333,0.2499,62.15280600493185,identity,identity
vit-large-patch16-224,cifar100,"[(6, 16)]",1,0.6006,0.8637333333333334,69.54,0.2631333333333334,0.2685,41.31947267159852,identity,identity
vit-large-patch16-224,cifar100,"[(7, 18)]",1,0.5916,0.8637333333333334,68.49,0.27213333333333334,0.2761,45.48613933826518,identity,identity
vit-large-patch16-224,cifar100,"[(7, 22)]",1,0.5798,0.8637333333333334,67.13,0.28393333333333337,0.2885000000000001,62.15280600493185,identity,identity
vit-large-patch16-224,cifar100,"[(6, 17)]",1,0.5738333333333333,0.8637333333333334,66.44,0.2899,0.3028,45.48613933826518,identity,identity
vit-large-patch16-224,cifar100,"[(7, 19)]",1,0.5723333333333334,0.8637333333333334,66.26,0.2914,0.2999,49.65280600493185,identity,identity
vit-large-patch16-224,cifar100,"[(7, 23)]",1,0.5718666666666666,0.8637333333333334,66.21,0.29186666666666666,0.2958,66.31947267159852,identity,identity
vit-large-patch16-224,cifar100,"[(7, 20)]",1,0.5642333333333333,0.8637333333333334,65.32,0.29950000000000004,0.3049,53.81947267159852,identity,identity
vit-large-patch16-224,cifar100,"[(7, 21)]",1,0.5616666666666666,0.8637333333333334,65.03,0.30206666666666665,0.3031,57.98613933826518,identity,identity
vit-large-patch16-224,cifar100,"[(6, 18)]",1,0.549,0.8637333333333334,63.56,0.3147333333333333,0.3265,49.65280600493185,identity,identity
vit-large-patch16-224,cifar100,"[(6, 23)]",1,0.5444333333333333,0.8637333333333334,63.03,0.31930000000000003,0.3226,70.48613933826518,identity,identity
vit-large-patch16-224,cifar100,"[(6, 22)]",1,0.5339333333333333,0.8637333333333334,61.82,0.32980000000000004,0.3342,66.31947267159852,identity,identity
vit-large-patch16-224,cifar100,"[(6, 19)]",1,0.5338666666666666,0.8637333333333334,61.81,0.3298666666666667,0.3333,53.81947267159852,identity,identity
vit-large-patch16-224,cifar100,"[(6, 21)]",1,0.5299666666666666,0.8637333333333334,61.36,0.3337666666666667,0.3379000000000001,62.15280600493185,identity,identity
vit-large-patch16-224,cifar100,"[(6, 20)]",1,0.5295333333333333,0.8637333333333334,61.31,0.3342,0.3381,57.98613933826518,identity,identity
vit-large-patch16-224,imagenet-1k,"[(22, 23)]",1,0.7836333333333333,0.7845666666666666,99.88,0.0009333333333333664,0.0048,3.8194726715985152,identity,identity
vit-large-patch16-224,imagenet-1k,"[(7, 8)]",1,0.7813333333333333,0.7845666666666666,99.59,0.0032333333333333,0.0052,3.8194726715985152,identity,identity
vit-large-patch16-224,imagenet-1k,"[(15, 16)]",1,0.781,0.7845666666666666,99.55,0.0035666666666666334,0.0050999999999999,3.8194726715985152,identity,identity
vit-large-patch16-224,imagenet-1k,"[(14, 15)]",1,0.7806666666666667,0.7845666666666666,99.5,0.0038999999999999673,0.0079,3.8194726715985152,identity,identity
vit-large-patch16-224,imagenet-1k,"[(13, 14)]",1,0.7797999999999999,0.7845666666666666,99.39,0.0047666666666666335,0.0080999999999999,3.8194726715985152,identity,identity
vit-large-patch16-224,imagenet-1k,"[(16, 17)]",1,0.7786,0.7845666666666666,99.24,0.005966666666666634,0.007,3.8194726715985152,identity,identity
vit-large-patch16-224,imagenet-1k,"[(17, 18)]",1,0.7779000000000001,0.7845666666666666,99.15,0.0066666666666665994,0.0104999999999999,3.8194726715985152,identity,identity
vit-large-patch16-224,imagenet-1k,"[(12, 13)]",1,0.7775333333333333,0.7845666666666666,99.1,0.007033333333333333,0.0109,3.8194726715985152,identity,identity
vit-large-patch16-224,imagenet-1k,"[(9, 10)]",1,0.7768,0.7845666666666666,99.01,0.0077666666666666,0.0096,3.8194726715985152,identity,identity
vit-large-patch16-224,imagenet-1k,"[(10, 11)]",1,0.7760666666666666,0.7845666666666666,98.92,0.008499999999999968,0.0128,3.8194726715985152,identity,identity
vit-large-patch16-224,imagenet-1k,"[(6, 7)]",1,0.7756666666666666,0.7845666666666666,98.87,0.008899999999999967,0.01,3.8194726715985152,identity,identity
vit-large-patch16-224,imagenet-1k,"[(11, 12)]",1,0.7747999999999999,0.7845666666666666,98.76,0.009766666666666634,0.0124999999999999,3.8194726715985152,identity,identity
vit-large-patch16-224,imagenet-1k,"[(8, 9)]",1,0.7743333333333333,0.7845666666666666,98.7,0.010233333333333266,0.0111999999999999,3.8194726715985152,identity,identity
vit-large-patch16-224,imagenet-1k,"[(20, 21)]",1,0.7730333333333332,0.7845666666666666,98.53,0.011533333333333333,0.0151,3.8194726715985152,identity,identity
vit-large-patch16-224,imagenet-1k,"[(19, 20)]",1,0.7727333333333334,0.7845666666666666,98.49,0.011833333333333267,0.0133999999999999,3.8194726715985152,identity,identity
vit-large-patch16-224,imagenet-1k,"[(14, 16)]",1,0.7722333333333333,0.7845666666666666,98.43,0.0123333333333333,0.0136999999999999,7.986139338265182,identity,identity
vit-large-patch16-224,imagenet-1k,"[(18, 19)]",1,0.7711333333333333,0.7845666666666666,98.29,0.013433333333333268,0.0156999999999999,3.8194726715985152,identity,identity
vit-large-patch16-224,imagenet-1k,"[(6, 8)]",1,0.7710666666666667,0.7845666666666666,98.28,0.013499999999999934,0.0166999999999999,7.986139338265182,identity,identity
vit-large-patch16-224,imagenet-1k,"[(21, 22)]",1,0.7702666666666667,0.7845666666666666,98.18,0.014299999999999967,0.017,3.8194726715985152,identity,identity
vit-large-patch16-224,imagenet-1k,"[(13, 15)]",1,0.7687333333333334,0.7845666666666666,97.98,0.015833333333333335,0.0185,7.986139338265182,identity,identity
vit-large-patch16-224,imagenet-1k,"[(15, 17)]",1,0.7670333333333333,0.7845666666666666,97.77,0.017533333333333335,0.0188,7.986139338265182,identity,identity
vit-large-patch16-224,imagenet-1k,"[(21, 23)]",1,0.7669666666666667,0.7845666666666666,97.76,0.0176,0.021,7.986139338265182,identity,identity
vit-large-patch16-224,imagenet-1k,"[(7, 9)]",1,0.7658999999999999,0.7845666666666666,97.62,0.018666666666666634,0.021,7.986139338265182,identity,identity
vit-large-patch16-224,imagenet-1k,"[(12, 14)]",1,0.7656333333333333,0.7845666666666666,97.59,0.0189333333333333,0.0231,7.986139338265182,identity,identity
vit-large-patch16-224,imagenet-1k,"[(16, 18)]",1,0.7645333333333334,0.7845666666666666,97.45,0.020033333333333268,0.0217,7.986139338265182,identity,identity
vit-large-patch16-224,imagenet-1k,"[(8, 10)]",1,0.7629333333333334,0.7845666666666666,97.24,0.0216333333333333,0.0243999999999999,7.986139338265182,identity,identity
vit-large-patch16-224,imagenet-1k,"[(11, 13)]",1,0.7622666666666666,0.7845666666666666,97.16,0.02229999999999997,0.023,7.986139338265182,identity,identity
vit-large-patch16-224,imagenet-1k,"[(10, 12)]",1,0.7585333333333333,0.7845666666666666,96.68,0.0260333333333333,0.0284999999999999,7.986139338265182,identity,identity
vit-large-patch16-224,imagenet-1k,"[(14, 17)]",1,0.7576999999999999,0.7845666666666666,96.58,0.026866666666666632,0.0306,12.152806004931849,identity,identity
vit-large-patch16-224,imagenet-1k,"[(13, 16)]",1,0.7575,0.7845666666666666,96.55,0.0270666666666666,0.0284999999999999,12.152806004931849,identity,identity
vit-large-patch16-224,imagenet-1k,"[(9, 11)]",1,0.7571333333333333,0.7845666666666666,96.5,0.027433333333333264,0.0302999999999999,7.986139338265182,identity,identity
vit-large-patch16-224,imagenet-1k,"[(12, 15)]",1,0.75,0.7845666666666666,95.59,0.0345666666666667,0.0362,12.152806004931849,identity,identity
vit-large-patch16-224,imagenet-1k,"[(20, 22)]",1,0.7486333333333333,0.7845666666666666,95.42,0.03593333333333334,0.0385999999999999,7.986139338265182,identity,identity
vit-large-patch16-224,imagenet-1k,"[(15, 18)]",1,0.7483333333333334,0.7845666666666666,95.38,0.03623333333333326,0.0376999999999999,12.152806004931849,identity,identity
vit-large-patch16-224,imagenet-1k,"[(17, 19)]",1,0.7461000000000001,0.7845666666666666,95.1,0.0384666666666666,0.0404999999999999,7.986139338265182,identity,identity
vit-large-patch16-224,imagenet-1k,"[(19, 21)]",1,0.7453,0.7845666666666666,95.0,0.03926666666666664,0.0461,7.986139338265182,identity,identity
vit-large-patch16-224,imagenet-1k,"[(6, 9)]",1,0.7451,0.7845666666666666,94.97,0.0394666666666666,0.0426999999999999,12.152806004931849,identity,identity
vit-large-patch16-224,imagenet-1k,"[(20, 23)]",1,0.7430333333333333,0.7845666666666666,94.71,0.04153333333333333,0.0443,12.152806004931849,identity,identity
vit-large-patch16-224,imagenet-1k,"[(11, 14)]",1,0.7418333333333332,0.7845666666666666,94.55,0.04273333333333334,0.045,12.152806004931849,identity,identity
vit-large-patch16-224,imagenet-1k,"[(7, 10)]",1,0.7396333333333334,0.7845666666666666,94.27,0.0449333333333333,0.0466999999999999,12.152806004931849,identity,identity
vit-large-patch16-224,imagenet-1k,"[(8, 11)]",1,0.7391333333333333,0.7845666666666666,94.21,0.04543333333333327,0.0484999999999999,12.152806004931849,identity,identity
vit-large-patch16-224,imagenet-1k,"[(10, 13)]",1,0.7387,0.7845666666666666,94.15,0.045866666666666604,0.0473,12.152806004931849,identity,identity
vit-large-patch16-224,imagenet-1k,"[(13, 17)]",1,0.7349,0.7845666666666666,93.67,0.04966666666666664,0.0501,16.319472671598515,identity,identity
vit-large-patch16-224,imagenet-1k,"[(14, 18)]",1,0.7347,0.7845666666666666,93.64,0.04986666666666667,0.0512,16.319472671598515,identity,identity
vit-large-patch16-224,imagenet-1k,"[(18, 20)]",1,0.7333666666666666,0.7845666666666666,93.47,0.0512,0.0561,7.986139338265182,identity,identity
vit-large-patch16-224,imagenet-1k,"[(9, 12)]",1,0.7315999999999999,0.7845666666666666,93.25,0.052966666666666634,0.0566999999999999,12.152806004931849,identity,identity
vit-large-patch16-224,imagenet-1k,"[(12, 16)]",1,0.7289,0.7845666666666666,92.9,0.055666666666666594,0.0578,16.319472671598515,identity,identity
vit-large-patch16-224,imagenet-1k,"[(16, 19)]",1,0.7271000000000001,0.7845666666666666,92.68,0.05746666666666663,0.0601999999999999,12.152806004931849,identity,identity
vit-large-patch16-224,imagenet-1k,"[(19, 22)]",1,0.7242666666666667,0.7845666666666666,92.31,0.060299999999999965,0.0643,12.152806004931849,identity,identity
vit-large-patch16-224,imagenet-1k,"[(11, 15)]",1,0.7189333333333333,0.7845666666666666,91.63,0.06563333333333334,0.0703,16.319472671598515,identity,identity
vit-large-patch16-224,imagenet-1k,"[(19, 23)]",1,0.7171666666666666,0.7845666666666666,91.41,0.06739999999999996,0.0702,16.319472671598515,identity,identity
vit-large-patch16-224,imagenet-1k,"[(10, 14)]",1,0.7111999999999999,0.7845666666666666,90.65,0.07336666666666664,0.0757000000000001,16.319472671598515,identity,identity
vit-large-patch16-224,imagenet-1k,"[(15, 19)]",1,0.7061999999999999,0.7845666666666666,90.01,0.0783666666666666,0.0799999999999999,16.319472671598515,identity,identity
vit-large-patch16-224,imagenet-1k,"[(18, 21)]",1,0.7048333333333333,0.7845666666666666,89.84,0.07973333333333327,0.0860999999999999,12.152806004931849,identity,identity
vit-large-patch16-224,imagenet-1k,"[(7, 11)]",1,0.7044666666666667,0.7845666666666666,89.79,0.08009999999999994,0.0812999999999999,16.319472671598515,identity,identity
vit-large-patch16-224,imagenet-1k,"[(17, 20)]",1,0.7042,0.7845666666666666,89.76,0.08036666666666664,0.0818999999999999,12.152806004931849,identity,identity
vit-large-patch16-224,imagenet-1k,"[(13, 18)]",1,0.7041666666666666,0.7845666666666666,89.75,0.0804,0.0828000000000001,20.486139338265183,identity,identity
vit-large-patch16-224,imagenet-1k,"[(8, 12)]",1,0.7027666666666667,0.7845666666666666,89.57,0.08179999999999993,0.0857999999999999,16.319472671598515,identity,identity
vit-large-patch16-224,imagenet-1k,"[(6, 10)]",1,0.7019666666666667,0.7845666666666666,89.47,0.08259999999999997,0.0850999999999999,16.319472671598515,identity,identity
vit-large-patch16-224,imagenet-1k,"[(9, 13)]",1,0.6992333333333334,0.7845666666666666,89.12,0.0853333333333333,0.0874,16.319472671598515,identity,identity
vit-large-patch16-224,imagenet-1k,"[(12, 17)]",1,0.6967666666666666,0.7845666666666666,88.81,0.08779999999999993,0.0899999999999999,20.486139338265183,identity,identity
vit-large-patch16-224,imagenet-1k,"[(18, 23)]",1,0.6908,0.7845666666666666,88.05,0.09376666666666666,0.0948999999999999,20.486139338265183,identity,identity
vit-large-patch16-224,imagenet-1k,"[(11, 16)]",1,0.6898333333333334,0.7845666666666666,87.93,0.0947333333333333,0.0952,20.486139338265183,identity,identity
vit-large-patch16-224,imagenet-1k,"[(14, 19)]",1,0.6862333333333334,0.7845666666666666,87.47,0.09833333333333337,0.0999000000000001,20.486139338265183,identity,identity
vit-large-patch16-224,imagenet-1k,"[(16, 20)]",1,0.6823666666666667,0.7845666666666666,86.97,0.10219999999999994,0.1032999999999999,16.319472671598515,identity,identity
vit-large-patch16-224,imagenet-1k,"[(18, 22)]",1,0.6793666666666667,0.7845666666666666,86.59,0.10519999999999996,0.1076,16.319472671598515,identity,identity
vit-large-patch16-224,imagenet-1k,"[(17, 21)]",1,0.6749333333333333,0.7845666666666666,86.03,0.10963333333333326,0.1131999999999999,16.319472671598515,identity,identity
vit-large-patch16-224,imagenet-1k,"[(10, 15)]",1,0.6732666666666667,0.7845666666666666,85.81,0.11129999999999997,0.1139,20.486139338265183,identity,identity
vit-large-patch16-224,imagenet-1k,"[(12, 18)]",1,0.6660666666666667,0.7845666666666666,84.9,0.1185,0.12,24.652806004931847,identity,identity
vit-large-patch16-224,imagenet-1k,"[(17, 23)]",1,0.6613666666666667,0.7845666666666666,84.3,0.12319999999999999,0.1251,24.652806004931847,identity,identity
vit-large-patch16-224,imagenet-1k,"[(9, 14)]",1,0.6529333333333333,0.7845666666666666,83.22,0.13163333333333335,0.1329,20.486139338265183,identity,identity
vit-large-patch16-224,imagenet-1k,"[(15, 20)]",1,0.6514333333333333,0.7845666666666666,83.03,0.1331333333333333,0.1339,20.486139338265183,identity,identity
vit-large-patch16-224,imagenet-1k,"[(8, 13)]",1,0.6512,0.7845666666666666,83.0,0.13336666666666663,0.1354999999999999,20.486139338265183,identity,identity
vit-large-patch16-224,imagenet-1k,"[(11, 17)]",1,0.6497,0.7845666666666666,82.81,0.1348666666666666,0.1378,24.652806004931847,identity,identity
vit-large-patch16-224,imagenet-1k,"[(13, 19)]",1,0.6476666666666667,0.7845666666666666,82.55,0.13689999999999997,0.138,24.652806004931847,identity,identity
vit-large-patch16-224,imagenet-1k,"[(6, 11)]",1,0.6469666666666667,0.7845666666666666,82.46,0.13759999999999997,0.1411,20.486139338265183,identity,identity
vit-large-patch16-224,imagenet-1k,"[(17, 22)]",1,0.6459,0.7845666666666666,82.33,0.1386666666666666,0.1407999999999999,20.486139338265183,identity,identity
vit-large-patch16-224,imagenet-1k,"[(16, 21)]",1,0.6455333333333333,0.7845666666666666,82.28,0.13903333333333337,0.1409,20.486139338265183,identity,identity
vit-large-patch16-224,imagenet-1k,"[(7, 12)]",1,0.6419333333333334,0.7845666666666666,81.82,0.14263333333333333,0.1446999999999999,20.486139338265183,identity,identity
vit-large-patch16-224,imagenet-1k,"[(10, 16)]",1,0.6384,0.7845666666666666,81.37,0.14616666666666664,0.148,24.652806004931847,identity,identity
vit-large-patch16-224,imagenet-1k,"[(16, 23)]",1,0.6335000000000001,0.7845666666666666,80.75,0.1510666666666666,0.1532,28.819472671598515,identity,identity
vit-large-patch16-224,imagenet-1k,"[(15, 21)]",1,0.6159333333333333,0.7845666666666666,78.51,0.16863333333333333,0.1725,24.652806004931847,identity,identity
vit-large-patch16-224,imagenet-1k,"[(14, 20)]",1,0.6143666666666667,0.7845666666666666,78.31,0.17019999999999993,0.1713,24.652806004931847,identity,identity
vit-large-patch16-224,imagenet-1k,"[(16, 22)]",1,0.6126,0.7845666666666666,78.08,0.17196666666666663,0.1727999999999999,24.652806004931847,identity,identity
vit-large-patch16-224,imagenet-1k,"[(9, 15)]",1,0.6077,0.7845666666666666,77.46,0.17686666666666662,0.1817999999999999,24.652806004931847,identity,identity
vit-large-patch16-224,imagenet-1k,"[(12, 19)]",1,0.6054666666666667,0.7845666666666666,77.17,0.17909999999999995,0.1823,28.819472671598515,identity,identity
vit-large-patch16-224,imagenet-1k,"[(11, 18)]",1,0.5995,0.7845666666666666,76.41,0.18506666666666663,0.1869999999999999,28.819472671598515,identity,identity
vit-large-patch16-224,imagenet-1k,"[(15, 23)]",1,0.5941,0.7845666666666666,75.72,0.19046666666666665,0.1911,32.98613933826518,identity,identity
vit-large-patch16-224,imagenet-1k,"[(8, 14)]",1,0.5904333333333334,0.7845666666666666,75.26,0.1941333333333333,0.1952,24.652806004931847,identity,identity
vit-large-patch16-224,imagenet-1k,"[(10, 17)]",1,0.5779666666666666,0.7845666666666666,73.67,0.20659999999999998,0.2075,28.819472671598515,identity,identity
vit-large-patch16-224,imagenet-1k,"[(14, 21)]",1,0.5766,0.7845666666666666,73.49,0.20796666666666663,0.2090999999999999,28.819472671598515,identity,identity
vit-large-patch16-224,imagenet-1k,"[(15, 22)]",1,0.5758333333333333,0.7845666666666666,73.4,0.2087333333333333,0.2124,28.819472671598515,identity,identity
vit-large-patch16-224,imagenet-1k,"[(7, 13)]",1,0.5676333333333333,0.7845666666666666,72.35,0.2169333333333333,0.2198999999999999,24.652806004931847,identity,identity
vit-large-patch16-224,imagenet-1k,"[(6, 12)]",1,0.5619999999999999,0.7845666666666666,71.63,0.2225666666666666,0.2231,24.652806004931847,identity,identity
vit-large-patch16-224,imagenet-1k,"[(13, 20)]",1,0.5583666666666667,0.7845666666666666,71.17,0.22619999999999996,0.2287,28.819472671598515,identity,identity
vit-large-patch16-224,imagenet-1k,"[(9, 16)]",1,0.5524333333333334,0.7845666666666666,70.41,0.23213333333333327,0.2345,28.819472671598515,identity,identity
vit-large-patch16-224,imagenet-1k,"[(11, 19)]",1,0.5478666666666666,0.7845666666666666,69.83,0.2367,0.2386,32.98613933826518,identity,identity
vit-large-patch16-224,imagenet-1k,"[(14, 23)]",1,0.5445000000000001,0.7845666666666666,69.4,0.24006666666666665,0.2409,37.15280600493185,identity,identity
vit-large-patch16-224,imagenet-1k,"[(8, 15)]",1,0.5283,0.7845666666666666,67.34,0.25626666666666664,0.258,28.819472671598515,identity,identity
vit-large-patch16-224,imagenet-1k,"[(12, 20)]",1,0.5276333333333333,0.7845666666666666,67.25,0.2569333333333333,0.2594999999999999,32.98613933826518,identity,identity
vit-large-patch16-224,imagenet-1k,"[(10, 18)]",1,0.5257333333333333,0.7845666666666666,67.01,0.25883333333333336,0.2603,32.98613933826518,identity,identity
vit-large-patch16-224,imagenet-1k,"[(14, 22)]",1,0.5226666666666667,0.7845666666666666,66.62,0.26189999999999997,0.2625999999999999,32.98613933826518,identity,identity
vit-large-patch16-224,imagenet-1k,"[(13, 21)]",1,0.5063666666666666,0.7845666666666666,64.54,0.27820000000000006,0.2872,32.98613933826518,identity,identity
vit-large-patch16-224,imagenet-1k,"[(11, 20)]",1,0.49393333333333334,0.7845666666666666,62.96,0.2906333333333333,0.2919,37.15280600493185,identity,identity
vit-large-patch16-224,imagenet-1k,"[(7, 14)]",1,0.4894333333333334,0.7845666666666666,62.38,0.2951333333333333,0.2976,28.819472671598515,identity,identity
vit-large-patch16-224,imagenet-1k,"[(9, 17)]",1,0.48166666666666663,0.7845666666666666,61.39,0.3029,0.3065,32.98613933826518,identity,identity
vit-large-patch16-224,imagenet-1k,"[(10, 19)]",1,0.4739,0.7845666666666666,60.4,0.31066666666666665,0.313,37.15280600493185,identity,identity
vit-large-patch16-224,imagenet-1k,"[(6, 13)]",1,0.4737,0.7845666666666666,60.38,0.3108666666666666,0.3118999999999999,28.819472671598515,identity,identity
vit-large-patch16-224,imagenet-1k,"[(13, 23)]",1,0.4704,0.7845666666666666,59.96,0.31416666666666665,0.317,41.31947267159852,identity,identity
vit-large-patch16-224,imagenet-1k,"[(8, 16)]",1,0.467,0.7845666666666666,59.52,0.3175666666666666,0.3188,32.98613933826518,identity,identity
vit-large-patch16-224,imagenet-1k,"[(12, 21)]",1,0.45333333333333337,0.7845666666666666,57.78,0.33123333333333327,0.3334999999999999,37.15280600493185,identity,identity
vit-large-patch16-224,imagenet-1k,"[(11, 21)]",1,0.43546666666666667,0.7845666666666666,55.5,0.34909999999999997,0.3519,41.31947267159852,identity,identity
vit-large-patch16-224,imagenet-1k,"[(13, 22)]",1,0.43546666666666667,0.7845666666666666,55.5,0.34909999999999997,0.35,37.15280600493185,identity,identity
vit-large-patch16-224,imagenet-1k,"[(9, 18)]",1,0.42816666666666664,0.7845666666666666,54.57,0.3564,0.3591999999999999,37.15280600493185,identity,identity
vit-large-patch16-224,imagenet-1k,"[(10, 20)]",1,0.42660000000000003,0.7845666666666666,54.37,0.3579666666666667,0.3615,41.31947267159852,identity,identity
vit-large-patch16-224,imagenet-1k,"[(7, 15)]",1,0.4192,0.7845666666666666,53.43,0.3653666666666666,0.367,32.98613933826518,identity,identity
vit-large-patch16-224,imagenet-1k,"[(12, 23)]",1,0.4059,0.7845666666666666,51.74,0.37866666666666665,0.379,45.48613933826518,identity,identity
vit-large-patch16-224,imagenet-1k,"[(6, 14)]",1,0.40240000000000004,0.7845666666666666,51.29,0.3821666666666667,0.3853,32.98613933826518,identity,identity
vit-large-patch16-224,imagenet-1k,"[(8, 17)]",1,0.40020000000000006,0.7845666666666666,51.01,0.3843666666666667,0.3873,37.15280600493185,identity,identity
vit-large-patch16-224,imagenet-1k,"[(11, 22)]",1,0.39199999999999996,0.7845666666666666,49.96,0.3925666666666667,0.3953,45.48613933826518,identity,identity
vit-large-patch16-224,imagenet-1k,"[(9, 19)]",1,0.3858,0.7845666666666666,49.17,0.39876666666666666,0.4004,41.31947267159852,identity,identity
vit-large-patch16-224,imagenet-1k,"[(12, 22)]",1,0.37923333333333337,0.7845666666666666,48.34,0.40533333333333327,0.406,41.31947267159852,identity,identity
vit-large-patch16-224,imagenet-1k,"[(10, 21)]",1,0.3748666666666667,0.7845666666666666,47.78,0.40969999999999995,0.4123,45.48613933826518,identity,identity
vit-large-patch16-224,imagenet-1k,"[(11, 23)]",1,0.36846666666666666,0.7845666666666666,46.96,0.41609999999999997,0.4176999999999999,49.65280600493185,identity,identity
vit-large-patch16-224,imagenet-1k,"[(7, 16)]",1,0.36566666666666664,0.7845666666666666,46.61,0.4189,0.4231,37.15280600493185,identity,identity
vit-large-patch16-224,imagenet-1k,"[(8, 18)]",1,0.35413333333333336,0.7845666666666666,45.14,0.4304333333333333,0.4327999999999999,41.31947267159852,identity,identity
vit-large-patch16-224,imagenet-1k,"[(10, 22)]",1,0.3536333333333334,0.7845666666666666,45.07,0.4309333333333332,0.4318999999999999,49.65280600493185,identity,identity
vit-large-patch16-224,imagenet-1k,"[(9, 20)]",1,0.3465,0.7845666666666666,44.16,0.43806666666666666,0.4383000000000001,45.48613933826518,identity,identity
vit-large-patch16-224,imagenet-1k,"[(6, 15)]",1,0.33559999999999995,0.7845666666666666,42.78,0.4489666666666667,0.4519000000000001,37.15280600493185,identity,identity
vit-large-patch16-224,imagenet-1k,"[(10, 23)]",1,0.3273333333333333,0.7845666666666666,41.72,0.4572333333333333,0.4587,53.81947267159852,identity,identity
vit-large-patch16-224,imagenet-1k,"[(8, 19)]",1,0.3156333333333334,0.7845666666666666,40.23,0.46893333333333326,0.4714,45.48613933826518,identity,identity
vit-large-patch16-224,imagenet-1k,"[(9, 22)]",1,0.30873333333333336,0.7845666666666666,39.35,0.4758333333333333,0.4786999999999999,53.81947267159852,identity,identity
vit-large-patch16-224,imagenet-1k,"[(9, 21)]",1,0.3086,0.7845666666666666,39.33,0.47596666666666665,0.4788,49.65280600493185,identity,identity
vit-large-patch16-224,imagenet-1k,"[(7, 17)]",1,0.30706666666666665,0.7845666666666666,39.14,0.4775,0.479,41.31947267159852,identity,identity
vit-large-patch16-224,imagenet-1k,"[(9, 23)]",1,0.29573333333333335,0.7845666666666666,37.69,0.4888333333333333,0.4938999999999999,57.98613933826518,identity,identity
vit-large-patch16-224,imagenet-1k,"[(6, 16)]",1,0.2932333333333333,0.7845666666666666,37.38,0.49133333333333334,0.4932,41.31947267159852,identity,identity
vit-large-patch16-224,imagenet-1k,"[(8, 20)]",1,0.2920666666666667,0.7845666666666666,37.23,0.49249999999999994,0.4932999999999999,49.65280600493185,identity,identity
vit-large-patch16-224,imagenet-1k,"[(7, 18)]",1,0.2744333333333333,0.7845666666666666,34.98,0.5101333333333333,0.511,45.48613933826518,identity,identity
vit-large-patch16-224,imagenet-1k,"[(8, 22)]",1,0.27066666666666667,0.7845666666666666,34.5,0.5139,0.5173,57.98613933826518,identity,identity
vit-large-patch16-224,imagenet-1k,"[(8, 21)]",1,0.2608,0.7845666666666666,33.24,0.5237666666666666,0.5250999999999999,53.81947267159852,identity,identity
vit-large-patch16-224,imagenet-1k,"[(8, 23)]",1,0.258,0.7845666666666666,32.88,0.5265666666666667,0.5323,62.15280600493185,identity,identity
vit-large-patch16-224,imagenet-1k,"[(7, 19)]",1,0.2547,0.7845666666666666,32.46,0.5298666666666666,0.5316,49.65280600493185,identity,identity
vit-large-patch16-224,imagenet-1k,"[(6, 17)]",1,0.2473,0.7845666666666666,31.52,0.5372666666666667,0.5402,45.48613933826518,identity,identity
vit-large-patch16-224,imagenet-1k,"[(7, 20)]",1,0.23736666666666664,0.7845666666666666,30.25,0.5472,0.5498,53.81947267159852,identity,identity
vit-large-patch16-224,imagenet-1k,"[(7, 23)]",1,0.2295,0.7845666666666666,29.25,0.5550666666666667,0.5612999999999999,66.31947267159852,identity,identity
vit-large-patch16-224,imagenet-1k,"[(7, 22)]",1,0.22516666666666665,0.7845666666666666,28.7,0.5594,0.5628,62.15280600493185,identity,identity
vit-large-patch16-224,imagenet-1k,"[(6, 18)]",1,0.21796666666666667,0.7845666666666666,27.78,0.5666,0.5683,49.65280600493185,identity,identity
vit-large-patch16-224,imagenet-1k,"[(6, 19)]",1,0.21503333333333333,0.7845666666666666,27.41,0.5695333333333333,0.5706,53.81947267159852,identity,identity
vit-large-patch16-224,imagenet-1k,"[(7, 21)]",1,0.214,0.7845666666666666,27.28,0.5705666666666667,0.5722,57.98613933826518,identity,identity
vit-large-patch16-224,imagenet-1k,"[(6, 23)]",1,0.2101333333333333,0.7845666666666666,26.78,0.5744333333333334,0.578,70.48613933826518,identity,identity
vit-large-patch16-224,imagenet-1k,"[(6, 20)]",1,0.19486666666666666,0.7845666666666666,24.84,0.5897,0.5943,57.98613933826518,identity,identity
vit-large-patch16-224,imagenet-1k,"[(6, 22)]",1,0.18646666666666667,0.7845666666666666,23.77,0.5981,0.6018,66.31947267159852,identity,identity
vit-large-patch16-224,imagenet-1k,"[(6, 21)]",1,0.17359999999999998,0.7845666666666666,22.13,0.6109666666666667,0.6114999999999999,62.15280600493185,identity,identity
vit-large-patch16-224,pneumoniamnist,"[(6, 21)]",1,0.8488247863247863,0.8327991452991452,101.92,-0.016025641025641035,0.0208333333333333,62.15280600493185,identity,identity
vit-large-patch16-224,pneumoniamnist,"[(13, 21)]",1,0.8466880341880342,0.8327991452991452,101.67,-0.013888888888888834,-0.0112179487179486,32.98613933826518,identity,identity
vit-large-patch16-224,pneumoniamnist,"[(19, 23)]",1,0.8461538461538461,0.8327991452991452,101.6,-0.0133547008547008,-0.0096153846153846,16.319472671598515,identity,identity
vit-large-patch16-224,pneumoniamnist,"[(10, 12)]",1,0.843482905982906,0.8327991452991452,101.28,-0.010683760683760634,-0.0048076923076922,7.986139338265182,identity,identity
vit-large-patch16-224,pneumoniamnist,"[(15, 22)]",1,0.843482905982906,0.8327991452991452,101.28,-0.010683760683760632,-0.0064102564102564,28.819472671598515,identity,identity
vit-large-patch16-224,pneumoniamnist,"[(6, 7)]",1,0.842948717948718,0.8327991452991452,101.22,-0.0101495726495726,-0.001602564102564,3.8194726715985152,identity,identity
vit-large-patch16-224,pneumoniamnist,"[(13, 22)]",1,0.8424145299145299,0.8327991452991452,101.15,-0.009615384615384633,0.0064102564102563,37.15280600493185,identity,identity
vit-large-patch16-224,pneumoniamnist,"[(15, 23)]",1,0.8424145299145298,0.8327991452991452,101.15,-0.009615384615384567,0.0,32.98613933826518,identity,identity
vit-large-patch16-224,pneumoniamnist,"[(18, 23)]",1,0.8418803418803419,0.8327991452991452,101.09,-0.009081196581196533,-0.0080128205128204,20.486139338265183,identity,identity
vit-large-patch16-224,pneumoniamnist,"[(13, 19)]",1,0.8397435897435898,0.8327991452991452,100.83,-0.006944444444444466,0.0048076923076922,24.652806004931847,identity,identity
vit-large-patch16-224,pneumoniamnist,"[(17, 23)]",1,0.8397435897435898,0.8327991452991452,100.83,-0.006944444444444434,-0.0032051282051281,24.652806004931847,identity,identity
vit-large-patch16-224,pneumoniamnist,"[(11, 12)]",1,0.8392094017094017,0.8327991452991452,100.77,-0.0064102564102564005,0.001602564102564,3.8194726715985152,identity,identity
vit-large-patch16-224,pneumoniamnist,"[(12, 22)]",1,0.8392094017094017,0.8327991452991452,100.77,-0.006410256410256467,0.001602564102564,41.31947267159852,identity,identity
vit-large-patch16-224,pneumoniamnist,"[(16, 23)]",1,0.8392094017094017,0.8327991452991452,100.77,-0.006410256410256367,-0.0032051282051281,28.819472671598515,identity,identity
vit-large-patch16-224,pneumoniamnist,"[(6, 8)]",1,0.8392094017094017,0.8327991452991452,100.77,-0.0064102564102564005,0.0128205128205127,7.986139338265182,identity,identity
vit-large-patch16-224,pneumoniamnist,"[(11, 14)]",1,0.8386752136752137,0.8327991452991452,100.71,-0.0058760683760683665,0.0032051282051281,12.152806004931849,identity,identity
vit-large-patch16-224,pneumoniamnist,"[(13, 18)]",1,0.8386752136752137,0.8327991452991452,100.71,-0.0058760683760684,0.0064102564102563,20.486139338265183,identity,identity
vit-large-patch16-224,pneumoniamnist,"[(6, 22)]",1,0.8386752136752137,0.8327991452991452,100.71,-0.0058760683760683665,0.0240384615384615,66.31947267159852,identity,identity
vit-large-patch16-224,pneumoniamnist,"[(12, 21)]",1,0.8381410256410257,0.8327991452991452,100.64,-0.005341880341880333,-0.001602564102564,37.15280600493185,identity,identity
vit-large-patch16-224,pneumoniamnist,"[(14, 22)]",1,0.8381410256410257,0.8327991452991452,100.64,-0.005341880341880399,0.0048076923076922,32.98613933826518,identity,identity
vit-large-patch16-224,pneumoniamnist,"[(13, 23)]",1,0.8376068376068376,0.8327991452991452,100.58,-0.004807692307692333,0.001602564102564,41.31947267159852,identity,identity
vit-large-patch16-224,pneumoniamnist,"[(6, 20)]",1,0.8376068376068376,0.8327991452991452,100.58,-0.0048076923076923,0.0256410256410256,57.98613933826518,identity,identity
vit-large-patch16-224,pneumoniamnist,"[(12, 14)]",1,0.8370726495726496,0.8327991452991452,100.51,-0.004273504273504267,0.0128205128205127,7.986139338265182,identity,identity
vit-large-patch16-224,pneumoniamnist,"[(13, 20)]",1,0.8370726495726496,0.8327991452991452,100.51,-0.0042735042735043,0.0064102564102563,28.819472671598515,identity,identity
vit-large-patch16-224,pneumoniamnist,"[(11, 21)]",1,0.8365384615384616,0.8327991452991452,100.45,-0.0037393162393162664,0.0032051282051281,41.31947267159852,identity,identity
vit-large-patch16-224,pneumoniamnist,"[(12, 23)]",1,0.8365384615384616,0.8327991452991452,100.45,-0.003739316239316233,0.0032051282051281,45.48613933826518,identity,identity
vit-large-patch16-224,pneumoniamnist,"[(19, 22)]",1,0.8365384615384616,0.8327991452991452,100.45,-0.0037393162393162664,0.0032051282051281,12.152806004931849,identity,identity
vit-large-patch16-224,pneumoniamnist,"[(14, 21)]",1,0.8360042735042734,0.8327991452991452,100.38,-0.0032051282051282336,0.001602564102564,28.819472671598515,identity,identity
vit-large-patch16-224,pneumoniamnist,"[(15, 18)]",1,0.8360042735042734,0.8327991452991452,100.38,-0.0032051282051282002,0.0112179487179486,12.152806004931849,identity,identity
vit-large-patch16-224,pneumoniamnist,"[(20, 22)]",1,0.8360042735042734,0.8327991452991452,100.38,-0.0032051282051282336,0.001602564102564,7.986139338265182,identity,identity
vit-large-patch16-224,pneumoniamnist,"[(6, 10)]",1,0.8360042735042734,0.8327991452991452,100.38,-0.0032051282051282007,0.0160256410256409,16.319472671598515,identity,identity
vit-large-patch16-224,pneumoniamnist,"[(13, 14)]",1,0.8354700854700855,0.8327991452991452,100.32,-0.0026709401709401662,0.0064102564102563,3.8194726715985152,identity,identity
vit-large-patch16-224,pneumoniamnist,"[(14, 23)]",1,0.8354700854700855,0.8327991452991452,100.32,-0.0026709401709402,0.0096153846153845,37.15280600493185,identity,identity
vit-large-patch16-224,pneumoniamnist,"[(6, 9)]",1,0.8354700854700855,0.8327991452991452,100.32,-0.0026709401709401667,0.0192307692307691,12.152806004931849,identity,identity
vit-large-patch16-224,pneumoniamnist,"[(10, 13)]",1,0.8349358974358975,0.8327991452991452,100.26,-0.0021367521367522007,0.0096153846153845,12.152806004931849,identity,identity
vit-large-patch16-224,pneumoniamnist,"[(14, 19)]",1,0.8349358974358975,0.8327991452991452,100.26,-0.002136752136752133,0.0032051282051281,20.486139338265183,identity,identity
vit-large-patch16-224,pneumoniamnist,"[(15, 21)]",1,0.8349358974358975,0.8327991452991452,100.26,-0.0021367521367522003,0.0032051282051281,24.652806004931847,identity,identity
vit-large-patch16-224,pneumoniamnist,"[(16, 22)]",1,0.8349358974358975,0.8327991452991452,100.26,-0.0021367521367521335,0.0064102564102563,24.652806004931847,identity,identity
vit-large-patch16-224,pneumoniamnist,"[(18, 22)]",1,0.8349358974358975,0.8327991452991452,100.26,-0.002136752136752167,0.0048076923076922,16.319472671598515,identity,identity
vit-large-patch16-224,pneumoniamnist,"[(6, 18)]",1,0.8349358974358975,0.8327991452991452,100.26,-0.002136752136752133,0.0080128205128204,49.65280600493185,identity,identity
vit-large-patch16-224,pneumoniamnist,"[(9, 21)]",1,0.8349358974358975,0.8327991452991452,100.26,-0.002136752136752133,0.0208333333333333,49.65280600493185,identity,identity
vit-large-patch16-224,pneumoniamnist,"[(10, 11)]",1,0.8344017094017094,0.8327991452991452,100.19,-0.0016025641025641333,0.001602564102564,3.8194726715985152,identity,identity
vit-large-patch16-224,pneumoniamnist,"[(11, 22)]",1,0.8344017094017094,0.8327991452991452,100.19,-0.0016025641025641663,0.0048076923076922,45.48613933826518,identity,identity
vit-large-patch16-224,pneumoniamnist,"[(14, 18)]",1,0.8344017094017094,0.8327991452991452,100.19,-0.0016025641025641333,0.0048076923076922,16.319472671598515,identity,identity
vit-large-patch16-224,pneumoniamnist,"[(14, 20)]",1,0.8344017094017094,0.8327991452991452,100.19,-0.0016025641025640997,0.0048076923076922,24.652806004931847,identity,identity
vit-large-patch16-224,pneumoniamnist,"[(15, 19)]",1,0.8344017094017094,0.8327991452991452,100.19,-0.0016025641025640997,0.0112179487179486,16.319472671598515,identity,identity
vit-large-patch16-224,pneumoniamnist,"[(8, 10)]",1,0.8344017094017094,0.8327991452991452,100.19,-0.0016025641025641663,0.0064102564102563,7.986139338265182,identity,identity
vit-large-patch16-224,pneumoniamnist,"[(9, 11)]",1,0.8344017094017094,0.8327991452991452,100.19,-0.0016025641025641665,0.0064102564102563,7.986139338265182,identity,identity
vit-large-patch16-224,pneumoniamnist,"[(11, 13)]",1,0.8338675213675213,0.8327991452991452,100.13,-0.0010683760683761333,0.0096153846153845,7.986139338265182,identity,identity
vit-large-patch16-224,pneumoniamnist,"[(17, 22)]",1,0.8338675213675213,0.8327991452991452,100.13,-0.0010683760683761333,0.0048076923076922,20.486139338265183,identity,identity
vit-large-patch16-224,pneumoniamnist,"[(20, 23)]",1,0.8338675213675213,0.8327991452991452,100.13,-0.0010683760683761001,0.0064102564102563,12.152806004931849,identity,identity
vit-large-patch16-224,pneumoniamnist,"[(21, 22)]",1,0.8338675213675213,0.8327991452991452,100.13,-0.0010683760683760663,0.0128205128205127,3.8194726715985152,identity,identity
vit-large-patch16-224,pneumoniamnist,"[(15, 20)]",1,0.8333333333333334,0.8327991452991452,100.06,-0.0005341880341880335,0.0112179487179486,20.486139338265183,identity,identity
vit-large-patch16-224,pneumoniamnist,"[(19, 21)]",1,0.8333333333333334,0.8327991452991452,100.06,-0.0005341880341880334,0.001602564102564,7.986139338265182,identity,identity
vit-large-patch16-224,pneumoniamnist,"[(9, 10)]",1,0.8333333333333334,0.8327991452991452,100.06,-0.0005341880341880335,0.0080128205128204,3.8194726715985152,identity,identity
vit-large-patch16-224,pneumoniamnist,"[(10, 14)]",1,0.8327991452991453,0.8327991452991452,100.0,-3.353798720221827e-17,0.0112179487179486,16.319472671598515,identity,identity
vit-large-patch16-224,pneumoniamnist,"[(11, 20)]",1,0.8327991452991453,0.8327991452991452,100.0,-3.353798720221827e-17,0.0096153846153845,37.15280600493185,identity,identity
vit-large-patch16-224,pneumoniamnist,"[(11, 23)]",1,0.8327991452991453,0.8327991452991452,100.0,-6.649773324577761e-17,0.0048076923076922,49.65280600493185,identity,identity
vit-large-patch16-224,pneumoniamnist,"[(8, 12)]",1,0.8327991452991452,0.8327991452991452,100.0,3.353798720221827e-17,0.0208333333333333,16.319472671598515,identity,identity
vit-large-patch16-224,pneumoniamnist,"[(8, 22)]",1,0.8317307692307693,0.8327991452991452,99.87,0.0010683760683759668,0.0128205128205127,57.98613933826518,identity,identity
vit-large-patch16-224,pneumoniamnist,"[(12, 15)]",1,0.8317307692307692,0.8327991452991452,99.87,0.0010683760683759997,0.0112179487179486,12.152806004931849,identity,identity
vit-large-patch16-224,pneumoniamnist,"[(13, 15)]",1,0.8317307692307692,0.8327991452991452,99.87,0.0010683760683760004,0.0112179487179486,7.986139338265182,identity,identity
vit-large-patch16-224,pneumoniamnist,"[(14, 16)]",1,0.8317307692307692,0.8327991452991452,99.87,0.001068376068376067,0.0048076923076922,7.986139338265182,identity,identity
vit-large-patch16-224,pneumoniamnist,"[(14, 17)]",1,0.8317307692307692,0.8327991452991452,99.87,0.0010683760683759666,0.0064102564102563,12.152806004931849,identity,identity
vit-large-patch16-224,pneumoniamnist,"[(15, 16)]",1,0.8317307692307692,0.8327991452991452,99.87,0.0010683760683759668,0.0048076923076922,3.8194726715985152,identity,identity
vit-large-patch16-224,pneumoniamnist,"[(7, 10)]",1,0.8317307692307692,0.8327991452991452,99.87,0.0010683760683759997,0.0160256410256409,12.152806004931849,identity,identity
vit-large-patch16-224,pneumoniamnist,"[(16, 18)]",1,0.8311965811965812,0.8327991452991452,99.81,0.0016025641025641003,0.0128205128205127,7.986139338265182,identity,identity
vit-large-patch16-224,pneumoniamnist,"[(8, 21)]",1,0.8311965811965812,0.8327991452991452,99.81,0.0016025641025640674,0.0224358974358974,53.81947267159852,identity,identity
vit-large-patch16-224,pneumoniamnist,"[(8, 9)]",1,0.8311965811965812,0.8327991452991452,99.81,0.0016025641025640667,0.0144230769230768,3.8194726715985152,identity,identity
vit-large-patch16-224,pneumoniamnist,"[(9, 12)]",1,0.8311965811965812,0.8327991452991452,99.81,0.0016025641025640333,0.017628205128205,12.152806004931849,identity,identity
vit-large-patch16-224,pneumoniamnist,"[(18, 21)]",1,0.8306623931623931,0.8327991452991452,99.74,0.002136752136752133,0.0080128205128204,12.152806004931849,identity,identity
vit-large-patch16-224,pneumoniamnist,"[(11, 15)]",1,0.8301282051282052,0.8327991452991452,99.68,0.0026709401709401003,0.0144230769230768,16.319472671598515,identity,identity
vit-large-patch16-224,pneumoniamnist,"[(15, 17)]",1,0.8301282051282052,0.8327991452991452,99.68,0.0026709401709400994,0.0080128205128204,7.986139338265182,identity,identity
vit-large-patch16-224,pneumoniamnist,"[(16, 17)]",1,0.8301282051282052,0.8327991452991452,99.68,0.0026709401709400665,0.0064102564102563,3.8194726715985152,identity,identity
vit-large-patch16-224,pneumoniamnist,"[(7, 11)]",1,0.8301282051282052,0.8327991452991452,99.68,0.0026709401709401337,0.0192307692307692,16.319472671598515,identity,identity
vit-large-patch16-224,pneumoniamnist,"[(12, 18)]",1,0.829594017094017,0.8327991452991452,99.62,0.0032051282051281664,0.0096153846153845,24.652806004931847,identity,identity
vit-large-patch16-224,pneumoniamnist,"[(16, 20)]",1,0.829594017094017,0.8327991452991452,99.62,0.0032051282051281335,0.0144230769230768,16.319472671598515,identity,identity
vit-large-patch16-224,pneumoniamnist,"[(19, 20)]",1,0.829594017094017,0.8327991452991452,99.62,0.0032051282051281664,0.0096153846153845,3.8194726715985152,identity,identity
vit-large-patch16-224,pneumoniamnist,"[(21, 23)]",1,0.829594017094017,0.8327991452991452,99.62,0.0032051282051281664,0.0080128205128204,7.986139338265182,identity,identity
vit-large-patch16-224,pneumoniamnist,"[(22, 23)]",1,0.829594017094017,0.8327991452991452,99.62,0.003205128205128133,0.0128205128205127,3.8194726715985152,identity,identity
vit-large-patch16-224,pneumoniamnist,"[(6, 11)]",1,0.829594017094017,0.8327991452991452,99.62,0.0032051282051281335,0.0144230769230768,20.486139338265183,identity,identity
vit-large-patch16-224,pneumoniamnist,"[(9, 14)]",1,0.829594017094017,0.8327991452991452,99.62,0.0032051282051281673,0.0208333333333333,20.486139338265183,identity,identity
vit-large-patch16-224,pneumoniamnist,"[(9, 22)]",1,0.8290598290598291,0.8327991452991452,99.55,0.0037393162393161666,0.0160256410256409,53.81947267159852,identity,identity
vit-large-patch16-224,pneumoniamnist,"[(12, 13)]",1,0.8285256410256411,0.8327991452991452,99.49,0.0042735042735042,0.017628205128205,3.8194726715985152,identity,identity
vit-large-patch16-224,pneumoniamnist,"[(6, 12)]",1,0.8285256410256411,0.8327991452991452,99.49,0.004273504273504199,0.0192307692307691,24.652806004931847,identity,identity
vit-large-patch16-224,pneumoniamnist,"[(7, 8)]",1,0.8285256410256411,0.8327991452991452,99.49,0.004273504273504267,0.0224358974358973,3.8194726715985152,identity,identity
vit-large-patch16-224,pneumoniamnist,"[(8, 11)]",1,0.828525641025641,0.8327991452991452,99.49,0.004273504273504266,0.0272435897435897,12.152806004931849,identity,identity
vit-large-patch16-224,pneumoniamnist,"[(13, 17)]",1,0.827991452991453,0.8327991452991452,99.42,0.0048076923076923,0.0192307692307692,16.319472671598515,identity,identity
vit-large-patch16-224,pneumoniamnist,"[(17, 21)]",1,0.827991452991453,0.8327991452991452,99.42,0.0048076923076922,0.0112179487179486,16.319472671598515,identity,identity
vit-large-patch16-224,pneumoniamnist,"[(20, 21)]",1,0.827991452991453,0.8327991452991452,99.42,0.0048076923076922,0.0128205128205127,3.8194726715985152,identity,identity
vit-large-patch16-224,pneumoniamnist,"[(6, 23)]",1,0.827991452991453,0.8327991452991452,99.42,0.004807692307692333,0.0256410256410256,70.48613933826518,identity,identity
vit-large-patch16-224,pneumoniamnist,"[(10, 21)]",1,0.8274572649572649,0.8327991452991452,99.36,0.0053418803418802995,0.0240384615384615,45.48613933826518,identity,identity
vit-large-patch16-224,pneumoniamnist,"[(12, 19)]",1,0.8274572649572649,0.8327991452991452,99.36,0.0053418803418802665,0.0096153846153845,28.819472671598515,identity,identity
vit-large-patch16-224,pneumoniamnist,"[(13, 16)]",1,0.8274572649572649,0.8327991452991452,99.36,0.005341880341880267,0.0144230769230768,12.152806004931849,identity,identity
vit-large-patch16-224,pneumoniamnist,"[(16, 19)]",1,0.8274572649572649,0.8327991452991452,99.36,0.0053418803418802995,0.0224358974358973,12.152806004931849,identity,identity
vit-large-patch16-224,pneumoniamnist,"[(17, 18)]",1,0.8274572649572649,0.8327991452991452,99.36,0.005341880341880267,0.0208333333333332,3.8194726715985152,identity,identity
vit-large-patch16-224,pneumoniamnist,"[(18, 20)]",1,0.8274572649572649,0.8327991452991452,99.36,0.0053418803418802665,0.0192307692307691,7.986139338265182,identity,identity
vit-large-patch16-224,pneumoniamnist,"[(7, 12)]",1,0.8274572649572649,0.8327991452991452,99.36,0.005341880341880267,0.017628205128205,20.486139338265183,identity,identity
vit-large-patch16-224,pneumoniamnist,"[(7, 9)]",1,0.8274572649572649,0.8327991452991452,99.36,0.005341880341880233,0.0160256410256409,7.986139338265182,identity,identity
vit-large-patch16-224,pneumoniamnist,"[(9, 18)]",1,0.8274572649572649,0.8327991452991452,99.36,0.005341880341880233,0.0096153846153845,37.15280600493185,identity,identity
vit-large-patch16-224,pneumoniamnist,"[(9, 23)]",1,0.8274572649572649,0.8327991452991452,99.36,0.0053418803418802336,0.0080128205128204,57.98613933826518,identity,identity
vit-large-patch16-224,pneumoniamnist,"[(14, 15)]",1,0.826923076923077,0.8327991452991452,99.29,0.0058760683760683,0.0128205128205127,3.8194726715985152,identity,identity
vit-large-patch16-224,pneumoniamnist,"[(17, 19)]",1,0.826388888888889,0.8327991452991452,99.23,0.006410256410256335,0.0208333333333332,7.986139338265182,identity,identity
vit-large-patch16-224,pneumoniamnist,"[(8, 23)]",1,0.826388888888889,0.8327991452991452,99.23,0.006410256410256335,0.0128205128205127,62.15280600493185,identity,identity
vit-large-patch16-224,pneumoniamnist,"[(12, 20)]",1,0.8263888888888888,0.8327991452991452,99.23,0.0064102564102564005,0.0192307692307692,32.98613933826518,identity,identity
vit-large-patch16-224,pneumoniamnist,"[(17, 20)]",1,0.8258547008547009,0.8327991452991452,99.17,0.006944444444444333,0.0224358974358973,12.152806004931849,identity,identity
vit-large-patch16-224,pneumoniamnist,"[(8, 14)]",1,0.8258547008547009,0.8327991452991452,99.17,0.0069444444444444016,0.0240384615384615,24.652806004931847,identity,identity
vit-large-patch16-224,pneumoniamnist,"[(16, 21)]",1,0.8253205128205128,0.8327991452991452,99.1,0.007478632478632366,0.0096153846153845,20.486139338265183,identity,identity
vit-large-patch16-224,pneumoniamnist,"[(7, 21)]",1,0.8253205128205128,0.8327991452991452,99.1,0.007478632478632466,0.032051282051282,57.98613933826518,identity,identity
vit-large-patch16-224,pneumoniamnist,"[(9, 13)]",1,0.8253205128205128,0.8327991452991452,99.1,0.007478632478632401,0.0240384615384615,16.319472671598515,identity,identity
vit-large-patch16-224,pneumoniamnist,"[(18, 19)]",1,0.8247863247863249,0.8327991452991452,99.04,0.008012820512820434,0.0240384615384614,3.8194726715985152,identity,identity
vit-large-patch16-224,pneumoniamnist,"[(9, 20)]",1,0.8247863247863249,0.8327991452991452,99.04,0.008012820512820465,0.0288461538461538,45.48613933826518,identity,identity
vit-large-patch16-224,pneumoniamnist,"[(11, 18)]",1,0.8237179487179488,0.8327991452991452,98.91,0.009081196581196466,0.0160256410256409,28.819472671598515,identity,identity
vit-large-patch16-224,pneumoniamnist,"[(6, 14)]",1,0.8237179487179488,0.8327991452991452,98.91,0.009081196581196533,0.0256410256410256,32.98613933826518,identity,identity
vit-large-patch16-224,pneumoniamnist,"[(6, 17)]",1,0.8237179487179488,0.8327991452991452,98.91,0.009081196581196533,0.0240384615384615,45.48613933826518,identity,identity
vit-large-patch16-224,pneumoniamnist,"[(7, 14)]",1,0.8237179487179488,0.8327991452991452,98.91,0.009081196581196533,0.0240384615384615,28.819472671598515,identity,identity
vit-large-patch16-224,pneumoniamnist,"[(7, 18)]",1,0.8237179487179486,0.8327991452991452,98.91,0.009081196581196533,0.0208333333333333,45.48613933826518,identity,identity
vit-large-patch16-224,pneumoniamnist,"[(9, 15)]",1,0.8237179487179486,0.8327991452991452,98.91,0.009081196581196566,0.0256410256410256,24.652806004931847,identity,identity
vit-large-patch16-224,pneumoniamnist,"[(11, 19)]",1,0.8231837606837606,0.8327991452991452,98.85,0.0096153846153845,0.0112179487179486,32.98613933826518,identity,identity
vit-large-patch16-224,pneumoniamnist,"[(7, 22)]",1,0.8231837606837606,0.8327991452991452,98.85,0.0096153846153845,0.017628205128205,62.15280600493185,identity,identity
vit-large-patch16-224,pneumoniamnist,"[(10, 20)]",1,0.8226495726495727,0.8327991452991452,98.78,0.010149572649572598,0.0336538461538461,41.31947267159852,identity,identity
vit-large-patch16-224,pneumoniamnist,"[(10, 22)]",1,0.8221153846153846,0.8327991452991452,98.72,0.010683760683760599,0.0224358974358974,49.65280600493185,identity,identity
vit-large-patch16-224,pneumoniamnist,"[(10, 15)]",1,0.8215811965811967,0.8327991452991452,98.65,0.011217948717948666,0.0272435897435897,20.486139338265183,identity,identity
vit-large-patch16-224,pneumoniamnist,"[(7, 17)]",1,0.8215811965811964,0.8327991452991452,98.65,0.011217948717948666,0.0224358974358974,41.31947267159852,identity,identity
vit-large-patch16-224,pneumoniamnist,"[(6, 19)]",1,0.8210470085470085,0.8327991452991452,98.59,0.011752136752136667,0.0416666666666666,53.81947267159852,identity,identity
vit-large-patch16-224,pneumoniamnist,"[(8, 13)]",1,0.8210470085470085,0.8327991452991452,98.59,0.011752136752136702,0.0384615384615384,20.486139338265183,identity,identity
vit-large-patch16-224,pneumoniamnist,"[(6, 13)]",1,0.8199786324786325,0.8327991452991452,98.46,0.012820512820512768,0.0384615384615384,28.819472671598515,identity,identity
vit-large-patch16-224,pneumoniamnist,"[(9, 17)]",1,0.8199786324786325,0.8327991452991452,98.46,0.012820512820512766,0.0256410256410256,32.98613933826518,identity,identity
vit-large-patch16-224,pneumoniamnist,"[(9, 19)]",1,0.8199786324786325,0.8327991452991452,98.46,0.012820512820512766,0.0352564102564102,41.31947267159852,identity,identity
vit-large-patch16-224,pneumoniamnist,"[(12, 16)]",1,0.8194444444444443,0.8327991452991452,98.4,0.013354700854700833,0.0224358974358973,16.319472671598515,identity,identity
vit-large-patch16-224,pneumoniamnist,"[(7, 13)]",1,0.8189102564102564,0.8327991452991452,98.33,0.013888888888888834,0.0416666666666666,24.652806004931847,identity,identity
vit-large-patch16-224,pneumoniamnist,"[(10, 18)]",1,0.8183760683760685,0.8327991452991452,98.27,0.014423076923076832,0.0384615384615384,32.98613933826518,identity,identity
vit-large-patch16-224,pneumoniamnist,"[(12, 17)]",1,0.8183760683760685,0.8327991452991452,98.27,0.014423076923076832,0.0272435897435897,20.486139338265183,identity,identity
vit-large-patch16-224,pneumoniamnist,"[(10, 23)]",1,0.8178418803418803,0.8327991452991452,98.2,0.014957264957264868,0.0208333333333333,53.81947267159852,identity,identity
vit-large-patch16-224,pneumoniamnist,"[(8, 15)]",1,0.8178418803418803,0.8327991452991452,98.2,0.014957264957264868,0.0384615384615384,28.819472671598515,identity,identity
vit-large-patch16-224,pneumoniamnist,"[(9, 16)]",1,0.8173076923076924,0.8327991452991452,98.14,0.015491452991452931,0.0368589743589743,28.819472671598515,identity,identity
vit-large-patch16-224,pneumoniamnist,"[(10, 19)]",1,0.8167735042735043,0.8327991452991452,98.08,0.016025641025640934,0.0304487179487179,37.15280600493185,identity,identity
vit-large-patch16-224,pneumoniamnist,"[(7, 16)]",1,0.8162393162393163,0.8327991452991452,98.01,0.016559829059828966,0.0432692307692307,37.15280600493185,identity,identity
vit-large-patch16-224,pneumoniamnist,"[(8, 20)]",1,0.8162393162393163,0.8327991452991452,98.01,0.01655982905982897,0.0416666666666666,49.65280600493185,identity,identity
vit-large-patch16-224,pneumoniamnist,"[(7, 20)]",1,0.8146367521367521,0.8327991452991452,97.82,0.018162393162393167,0.0512820512820513,53.81947267159852,identity,identity
vit-large-patch16-224,pneumoniamnist,"[(11, 17)]",1,0.8141025641025642,0.8327991452991452,97.75,0.0186965811965811,0.0272435897435897,24.652806004931847,identity,identity
vit-large-patch16-224,pneumoniamnist,"[(7, 15)]",1,0.8141025641025642,0.8327991452991452,97.75,0.0186965811965811,0.0416666666666666,32.98613933826518,identity,identity
vit-large-patch16-224,pneumoniamnist,"[(7, 19)]",1,0.8141025641025642,0.8327991452991452,97.75,0.0186965811965811,0.048076923076923,49.65280600493185,identity,identity
vit-large-patch16-224,pneumoniamnist,"[(6, 15)]",1,0.8130341880341879,0.8327991452991452,97.63,0.019764957264957167,0.048076923076923,37.15280600493185,identity,identity
vit-large-patch16-224,pneumoniamnist,"[(6, 16)]",1,0.8130341880341879,0.8327991452991452,97.63,0.019764957264957233,0.0432692307692307,41.31947267159852,identity,identity
vit-large-patch16-224,pneumoniamnist,"[(8, 18)]",1,0.8130341880341879,0.8327991452991452,97.63,0.019764957264957167,0.0400641025641025,41.31947267159852,identity,identity
vit-large-patch16-224,pneumoniamnist,"[(7, 23)]",1,0.8119658119658121,0.8327991452991452,97.5,0.02083333333333323,0.0368589743589743,66.31947267159852,identity,identity
vit-large-patch16-224,pneumoniamnist,"[(10, 17)]",1,0.8108974358974358,0.8327991452991452,97.37,0.0219017094017093,0.0416666666666666,28.819472671598515,identity,identity
vit-large-patch16-224,pneumoniamnist,"[(11, 16)]",1,0.8108974358974358,0.8327991452991452,97.37,0.0219017094017093,0.0336538461538461,20.486139338265183,identity,identity
vit-large-patch16-224,pneumoniamnist,"[(8, 19)]",1,0.8108974358974358,0.8327991452991452,97.37,0.021901709401709334,0.0496794871794872,45.48613933826518,identity,identity
vit-large-patch16-224,pneumoniamnist,"[(10, 16)]",1,0.80982905982906,0.8327991452991452,97.24,0.022970085470085364,0.0416666666666666,24.652806004931847,identity,identity
vit-large-patch16-224,pneumoniamnist,"[(8, 17)]",1,0.8082264957264957,0.8327991452991452,97.05,0.024572649572649468,0.0432692307692307,37.15280600493185,identity,identity
vit-large-patch16-224,pneumoniamnist,"[(8, 16)]",1,0.8044871794871794,0.8327991452991452,96.6,0.028311965811965736,0.0576923076923077,32.98613933826518,identity,identity
