skip_config,accuracy_mean,accuracy_std,order
"Encoder: google/vit-large-patch16-224, Dataset: imagenet-1k, Block: [], Block Mode: identity, MLP: [], MLP Mode: identity, Attn: [] Heads: {}",0.7845666666666666,0.0015947831618541258,0
"Encoder: google/vit-large-patch16-224, Dataset: imagenet-1k, Block: [(6, 7)], Block Mode: linear, MLP: [], MLP Mode: identity, Attn: [] Heads: {}",0.7756666666666666,0.000642910050732908,3
"Encoder: google/vit-large-patch16-224, Dataset: imagenet-1k, Block: [(6, 8)], Block Mode: linear, MLP: [], MLP Mode: identity, Attn: [] Heads: {}",0.7710666666666667,0.0012662279942148088,6
"Encoder: google/vit-large-patch16-224, Dataset: imagenet-1k, Block: [(6, 9)], Block Mode: linear, MLP: [], MLP Mode: identity, Attn: [] Heads: {}",0.7451,0.0012288205727444476,9
"Encoder: google/vit-large-patch16-224, Dataset: imagenet-1k, Block: [(6, 10)], Block Mode: linear, MLP: [], MLP Mode: identity, Attn: [] Heads: {}",0.7019666666666667,0.0006110100926607719,12
"Encoder: google/vit-large-patch16-224, Dataset: imagenet-1k, Block: [(6, 11)], Block Mode: linear, MLP: [], MLP Mode: identity, Attn: [] Heads: {}",0.6469666666666667,0.002081665999466139,15
"Encoder: google/vit-large-patch16-224, Dataset: imagenet-1k, Block: [(6, 12)], Block Mode: linear, MLP: [], MLP Mode: identity, Attn: [] Heads: {}",0.5619999999999999,0.0017578395831246581,18
"Encoder: google/vit-large-patch16-224, Dataset: imagenet-1k, Block: [(6, 13)], Block Mode: linear, MLP: [], MLP Mode: identity, Attn: [] Heads: {}",0.4737,0.002594224354214577,21
"Encoder: google/vit-large-patch16-224, Dataset: imagenet-1k, Block: [(6, 14)], Block Mode: linear, MLP: [], MLP Mode: identity, Attn: [] Heads: {}",0.40240000000000004,0.004357751713900162,24
"Encoder: google/vit-large-patch16-224, Dataset: imagenet-1k, Block: [(6, 15)], Block Mode: linear, MLP: [], MLP Mode: identity, Attn: [] Heads: {}",0.33559999999999995,0.003214031735997672,27
"Encoder: google/vit-large-patch16-224, Dataset: imagenet-1k, Block: [(6, 16)], Block Mode: linear, MLP: [], MLP Mode: identity, Attn: [] Heads: {}",0.2932333333333333,0.0025106440076867204,30
"Encoder: google/vit-large-patch16-224, Dataset: imagenet-1k, Block: [(6, 17)], Block Mode: linear, MLP: [], MLP Mode: identity, Attn: [] Heads: {}",0.2473,0.003477067730142749,33
"Encoder: google/vit-large-patch16-224, Dataset: imagenet-1k, Block: [(6, 18)], Block Mode: linear, MLP: [], MLP Mode: identity, Attn: [] Heads: {}",0.21796666666666667,0.002400694344004108,36
"Encoder: google/vit-large-patch16-224, Dataset: imagenet-1k, Block: [(6, 19)], Block Mode: linear, MLP: [], MLP Mode: identity, Attn: [] Heads: {}",0.21503333333333333,0.0017785762095938753,39
"Encoder: google/vit-large-patch16-224, Dataset: imagenet-1k, Block: [(6, 20)], Block Mode: linear, MLP: [], MLP Mode: identity, Attn: [] Heads: {}",0.19486666666666666,0.002967041174863167,42
"Encoder: google/vit-large-patch16-224, Dataset: imagenet-1k, Block: [(6, 21)], Block Mode: linear, MLP: [], MLP Mode: identity, Attn: [] Heads: {}",0.17359999999999998,0.0013527749258468661,45
"Encoder: google/vit-large-patch16-224, Dataset: imagenet-1k, Block: [(6, 22)], Block Mode: linear, MLP: [], MLP Mode: identity, Attn: [] Heads: {}",0.18646666666666667,0.004654388610046803,48
"Encoder: google/vit-large-patch16-224, Dataset: imagenet-1k, Block: [(6, 23)], Block Mode: linear, MLP: [], MLP Mode: identity, Attn: [] Heads: {}",0.2101333333333333,0.004554484969053388,51
"Encoder: google/vit-large-patch16-224, Dataset: imagenet-1k, Block: [(7, 8)], Block Mode: linear, MLP: [], MLP Mode: identity, Attn: [] Heads: {}",0.7813333333333333,0.002914332399252567,54
"Encoder: google/vit-large-patch16-224, Dataset: imagenet-1k, Block: [(7, 9)], Block Mode: linear, MLP: [], MLP Mode: identity, Attn: [] Heads: {}",0.7658999999999999,0.0031796226191169027,57
"Encoder: google/vit-large-patch16-224, Dataset: imagenet-1k, Block: [(7, 10)], Block Mode: linear, MLP: [], MLP Mode: identity, Attn: [] Heads: {}",0.7396333333333334,0.003329164059239672,60
"Encoder: google/vit-large-patch16-224, Dataset: imagenet-1k, Block: [(7, 11)], Block Mode: linear, MLP: [], MLP Mode: identity, Attn: [] Heads: {}",0.7044666666666667,0.0019629909152446877,63
"Encoder: google/vit-large-patch16-224, Dataset: imagenet-1k, Block: [(7, 12)], Block Mode: linear, MLP: [], MLP Mode: identity, Attn: [] Heads: {}",0.6419333333333334,0.0004932882862316172,66
"Encoder: google/vit-large-patch16-224, Dataset: imagenet-1k, Block: [(7, 13)], Block Mode: linear, MLP: [], MLP Mode: identity, Attn: [] Heads: {}",0.5676333333333333,0.004209908945967022,69
"Encoder: google/vit-large-patch16-224, Dataset: imagenet-1k, Block: [(7, 14)], Block Mode: linear, MLP: [], MLP Mode: identity, Attn: [] Heads: {}",0.4894333333333334,0.002608320021265293,72
"Encoder: google/vit-large-patch16-224, Dataset: imagenet-1k, Block: [(7, 15)], Block Mode: linear, MLP: [], MLP Mode: identity, Attn: [] Heads: {}",0.4192,0.0021377558326431986,75
"Encoder: google/vit-large-patch16-224, Dataset: imagenet-1k, Block: [(7, 16)], Block Mode: linear, MLP: [], MLP Mode: identity, Attn: [] Heads: {}",0.36566666666666664,0.004614469994845924,78
"Encoder: google/vit-large-patch16-224, Dataset: imagenet-1k, Block: [(7, 17)], Block Mode: linear, MLP: [], MLP Mode: identity, Attn: [] Heads: {}",0.30706666666666665,0.0014294521094927893,81
"Encoder: google/vit-large-patch16-224, Dataset: imagenet-1k, Block: [(7, 18)], Block Mode: linear, MLP: [], MLP Mode: identity, Attn: [] Heads: {}",0.2744333333333333,0.0008386497083605931,84
"Encoder: google/vit-large-patch16-224, Dataset: imagenet-1k, Block: [(7, 19)], Block Mode: linear, MLP: [], MLP Mode: identity, Attn: [] Heads: {}",0.2547,0.002800000000000011,87
"Encoder: google/vit-large-patch16-224, Dataset: imagenet-1k, Block: [(7, 20)], Block Mode: linear, MLP: [], MLP Mode: identity, Attn: [] Heads: {}",0.23736666666666664,0.0016862186493255737,90
"Encoder: google/vit-large-patch16-224, Dataset: imagenet-1k, Block: [(7, 21)], Block Mode: linear, MLP: [], MLP Mode: identity, Attn: [] Heads: {}",0.214,0.0032449961479175792,93
"Encoder: google/vit-large-patch16-224, Dataset: imagenet-1k, Block: [(7, 22)], Block Mode: linear, MLP: [], MLP Mode: identity, Attn: [] Heads: {}",0.22516666666666665,0.004450093631973744,96
"Encoder: google/vit-large-patch16-224, Dataset: imagenet-1k, Block: [(7, 23)], Block Mode: linear, MLP: [], MLP Mode: identity, Attn: [] Heads: {}",0.2295,0.006486139067272607,99
"Encoder: google/vit-large-patch16-224, Dataset: imagenet-1k, Block: [(8, 9)], Block Mode: linear, MLP: [], MLP Mode: identity, Attn: [] Heads: {}",0.7743333333333333,0.0014153915830374562,102
"Encoder: google/vit-large-patch16-224, Dataset: imagenet-1k, Block: [(8, 10)], Block Mode: linear, MLP: [], MLP Mode: identity, Attn: [] Heads: {}",0.7629333333333334,0.0012858201014657182,105
"Encoder: google/vit-large-patch16-224, Dataset: imagenet-1k, Block: [(8, 11)], Block Mode: linear, MLP: [], MLP Mode: identity, Attn: [] Heads: {}",0.7391333333333333,0.0024906491790963243,108
"Encoder: google/vit-large-patch16-224, Dataset: imagenet-1k, Block: [(8, 12)], Block Mode: linear, MLP: [], MLP Mode: identity, Attn: [] Heads: {}",0.7027666666666667,0.005669509091035467,111
"Encoder: google/vit-large-patch16-224, Dataset: imagenet-1k, Block: [(8, 13)], Block Mode: linear, MLP: [], MLP Mode: identity, Attn: [] Heads: {}",0.6512,0.0027999999999999852,114
"Encoder: google/vit-large-patch16-224, Dataset: imagenet-1k, Block: [(8, 14)], Block Mode: linear, MLP: [], MLP Mode: identity, Attn: [] Heads: {}",0.5904333333333334,0.0008621678104251167,117
"Encoder: google/vit-large-patch16-224, Dataset: imagenet-1k, Block: [(8, 15)], Block Mode: linear, MLP: [], MLP Mode: identity, Attn: [] Heads: {}",0.5283,0.0002645751311064299,120
"Encoder: google/vit-large-patch16-224, Dataset: imagenet-1k, Block: [(8, 16)], Block Mode: linear, MLP: [], MLP Mode: identity, Attn: [] Heads: {}",0.467,0.0019697715603592294,123
"Encoder: google/vit-large-patch16-224, Dataset: imagenet-1k, Block: [(8, 17)], Block Mode: linear, MLP: [], MLP Mode: identity, Attn: [] Heads: {}",0.40020000000000006,0.006582552696332948,126
"Encoder: google/vit-large-patch16-224, Dataset: imagenet-1k, Block: [(8, 18)], Block Mode: linear, MLP: [], MLP Mode: identity, Attn: [] Heads: {}",0.35413333333333336,0.0019553345834750226,129
"Encoder: google/vit-large-patch16-224, Dataset: imagenet-1k, Block: [(8, 19)], Block Mode: linear, MLP: [], MLP Mode: identity, Attn: [] Heads: {}",0.3156333333333334,0.0032516662395352548,132
"Encoder: google/vit-large-patch16-224, Dataset: imagenet-1k, Block: [(8, 20)], Block Mode: linear, MLP: [], MLP Mode: identity, Attn: [] Heads: {}",0.2920666666666667,0.0009291573243177721,135
"Encoder: google/vit-large-patch16-224, Dataset: imagenet-1k, Block: [(8, 21)], Block Mode: linear, MLP: [], MLP Mode: identity, Attn: [] Heads: {}",0.2608,0.0021166010488516676,138
"Encoder: google/vit-large-patch16-224, Dataset: imagenet-1k, Block: [(8, 22)], Block Mode: linear, MLP: [], MLP Mode: identity, Attn: [] Heads: {}",0.27066666666666667,0.003900427327016006,141
"Encoder: google/vit-large-patch16-224, Dataset: imagenet-1k, Block: [(8, 23)], Block Mode: linear, MLP: [], MLP Mode: identity, Attn: [] Heads: {}",0.258,0.006009991680526705,144
"Encoder: google/vit-large-patch16-224, Dataset: imagenet-1k, Block: [(9, 10)], Block Mode: linear, MLP: [], MLP Mode: identity, Attn: [] Heads: {}",0.7768,0.0028213471959332172,147
"Encoder: google/vit-large-patch16-224, Dataset: imagenet-1k, Block: [(9, 11)], Block Mode: linear, MLP: [], MLP Mode: identity, Attn: [] Heads: {}",0.7571333333333333,0.003722006627255445,150
"Encoder: google/vit-large-patch16-224, Dataset: imagenet-1k, Block: [(9, 12)], Block Mode: linear, MLP: [], MLP Mode: identity, Attn: [] Heads: {}",0.7315999999999999,0.0020663978319771853,153
"Encoder: google/vit-large-patch16-224, Dataset: imagenet-1k, Block: [(9, 13)], Block Mode: linear, MLP: [], MLP Mode: identity, Attn: [] Heads: {}",0.6992333333333334,0.00025166114784240415,156
"Encoder: google/vit-large-patch16-224, Dataset: imagenet-1k, Block: [(9, 14)], Block Mode: linear, MLP: [], MLP Mode: identity, Attn: [] Heads: {}",0.6529333333333333,0.0004932882862315958,159
"Encoder: google/vit-large-patch16-224, Dataset: imagenet-1k, Block: [(9, 15)], Block Mode: linear, MLP: [], MLP Mode: identity, Attn: [] Heads: {}",0.6077,0.002696293752542516,162
"Encoder: google/vit-large-patch16-224, Dataset: imagenet-1k, Block: [(9, 16)], Block Mode: linear, MLP: [], MLP Mode: identity, Attn: [] Heads: {}",0.5524333333333334,0.00337095436535907,165
"Encoder: google/vit-large-patch16-224, Dataset: imagenet-1k, Block: [(9, 17)], Block Mode: linear, MLP: [], MLP Mode: identity, Attn: [] Heads: {}",0.48166666666666663,0.0045092497528228985,168
"Encoder: google/vit-large-patch16-224, Dataset: imagenet-1k, Block: [(9, 18)], Block Mode: linear, MLP: [], MLP Mode: identity, Attn: [] Heads: {}",0.42816666666666664,0.004178915329763601,171
"Encoder: google/vit-large-patch16-224, Dataset: imagenet-1k, Block: [(9, 19)], Block Mode: linear, MLP: [], MLP Mode: identity, Attn: [] Heads: {}",0.3858,0.004003748243833551,174
"Encoder: google/vit-large-patch16-224, Dataset: imagenet-1k, Block: [(9, 20)], Block Mode: linear, MLP: [], MLP Mode: identity, Attn: [] Heads: {}",0.3465,0.0019974984355438023,177
"Encoder: google/vit-large-patch16-224, Dataset: imagenet-1k, Block: [(9, 21)], Block Mode: linear, MLP: [], MLP Mode: identity, Attn: [] Heads: {}",0.3086,0.0010535653752852686,180
"Encoder: google/vit-large-patch16-224, Dataset: imagenet-1k, Block: [(9, 22)], Block Mode: linear, MLP: [], MLP Mode: identity, Attn: [] Heads: {}",0.30873333333333336,0.0034078341117685434,183
"Encoder: google/vit-large-patch16-224, Dataset: imagenet-1k, Block: [(9, 23)], Block Mode: linear, MLP: [], MLP Mode: identity, Attn: [] Heads: {}",0.29573333333333335,0.005788206400374217,186
"Encoder: google/vit-large-patch16-224, Dataset: imagenet-1k, Block: [(10, 11)], Block Mode: linear, MLP: [], MLP Mode: identity, Attn: [] Heads: {}",0.7760666666666666,0.0021385353243127386,189
"Encoder: google/vit-large-patch16-224, Dataset: imagenet-1k, Block: [(10, 12)], Block Mode: linear, MLP: [], MLP Mode: identity, Attn: [] Heads: {}",0.7585333333333333,0.0007094598884597556,192
"Encoder: google/vit-large-patch16-224, Dataset: imagenet-1k, Block: [(10, 13)], Block Mode: linear, MLP: [], MLP Mode: identity, Attn: [] Heads: {}",0.7387,0.002029778313018439,195
"Encoder: google/vit-large-patch16-224, Dataset: imagenet-1k, Block: [(10, 14)], Block Mode: linear, MLP: [], MLP Mode: identity, Attn: [] Heads: {}",0.7111999999999999,0.0027404379212089573,198
"Encoder: google/vit-large-patch16-224, Dataset: imagenet-1k, Block: [(10, 15)], Block Mode: linear, MLP: [], MLP Mode: identity, Attn: [] Heads: {}",0.6732666666666667,0.002441993720985673,201
"Encoder: google/vit-large-patch16-224, Dataset: imagenet-1k, Block: [(10, 16)], Block Mode: linear, MLP: [], MLP Mode: identity, Attn: [] Heads: {}",0.6384,0.002271563338320061,204
"Encoder: google/vit-large-patch16-224, Dataset: imagenet-1k, Block: [(10, 17)], Block Mode: linear, MLP: [], MLP Mode: identity, Attn: [] Heads: {}",0.5779666666666666,0.0031501322723551366,207
"Encoder: google/vit-large-patch16-224, Dataset: imagenet-1k, Block: [(10, 18)], Block Mode: linear, MLP: [], MLP Mode: identity, Attn: [] Heads: {}",0.5257333333333333,0.0010969655114602774,210
"Encoder: google/vit-large-patch16-224, Dataset: imagenet-1k, Block: [(10, 19)], Block Mode: linear, MLP: [], MLP Mode: identity, Attn: [] Heads: {}",0.4739,0.0035594943461115464,213
"Encoder: google/vit-large-patch16-224, Dataset: imagenet-1k, Block: [(10, 20)], Block Mode: linear, MLP: [], MLP Mode: identity, Attn: [] Heads: {}",0.42660000000000003,0.0018681541692269407,216
"Encoder: google/vit-large-patch16-224, Dataset: imagenet-1k, Block: [(10, 21)], Block Mode: linear, MLP: [], MLP Mode: identity, Attn: [] Heads: {}",0.3748666666666667,0.0014153915830374727,219
"Encoder: google/vit-large-patch16-224, Dataset: imagenet-1k, Block: [(10, 22)], Block Mode: linear, MLP: [], MLP Mode: identity, Attn: [] Heads: {}",0.3536333333333334,0.0020008331597945244,222
"Encoder: google/vit-large-patch16-224, Dataset: imagenet-1k, Block: [(10, 23)], Block Mode: linear, MLP: [], MLP Mode: identity, Attn: [] Heads: {}",0.3273333333333333,0.003868246803570507,225
"Encoder: google/vit-large-patch16-224, Dataset: imagenet-1k, Block: [(11, 12)], Block Mode: linear, MLP: [], MLP Mode: identity, Attn: [] Heads: {}",0.7747999999999999,0.0032969683043669027,228
"Encoder: google/vit-large-patch16-224, Dataset: imagenet-1k, Block: [(11, 13)], Block Mode: linear, MLP: [], MLP Mode: identity, Attn: [] Heads: {}",0.7622666666666666,0.0012055427546683194,231
"Encoder: google/vit-large-patch16-224, Dataset: imagenet-1k, Block: [(11, 14)], Block Mode: linear, MLP: [], MLP Mode: identity, Attn: [] Heads: {}",0.7418333333333332,0.00317227573412737,234
"Encoder: google/vit-large-patch16-224, Dataset: imagenet-1k, Block: [(11, 15)], Block Mode: linear, MLP: [], MLP Mode: identity, Attn: [] Heads: {}",0.7189333333333333,0.0030138568866708536,237
"Encoder: google/vit-large-patch16-224, Dataset: imagenet-1k, Block: [(11, 16)], Block Mode: linear, MLP: [], MLP Mode: identity, Attn: [] Heads: {}",0.6898333333333334,0.001305118130030138,240
"Encoder: google/vit-large-patch16-224, Dataset: imagenet-1k, Block: [(11, 17)], Block Mode: linear, MLP: [], MLP Mode: identity, Attn: [] Heads: {}",0.6497,0.003973663297261159,243
"Encoder: google/vit-large-patch16-224, Dataset: imagenet-1k, Block: [(11, 18)], Block Mode: linear, MLP: [], MLP Mode: identity, Attn: [] Heads: {}",0.5995,0.0027184554438136354,246
"Encoder: google/vit-large-patch16-224, Dataset: imagenet-1k, Block: [(11, 19)], Block Mode: linear, MLP: [], MLP Mode: identity, Attn: [] Heads: {}",0.5478666666666666,0.0005033222956847347,249
"Encoder: google/vit-large-patch16-224, Dataset: imagenet-1k, Block: [(11, 20)], Block Mode: linear, MLP: [], MLP Mode: identity, Attn: [] Heads: {}",0.49393333333333334,0.0018175074506954069,252
"Encoder: google/vit-large-patch16-224, Dataset: imagenet-1k, Block: [(11, 21)], Block Mode: linear, MLP: [], MLP Mode: identity, Attn: [] Heads: {}",0.43546666666666667,0.003092463958291731,255
"Encoder: google/vit-large-patch16-224, Dataset: imagenet-1k, Block: [(11, 22)], Block Mode: linear, MLP: [], MLP Mode: identity, Attn: [] Heads: {}",0.39199999999999996,0.003704051835490449,258
"Encoder: google/vit-large-patch16-224, Dataset: imagenet-1k, Block: [(11, 23)], Block Mode: linear, MLP: [], MLP Mode: identity, Attn: [] Heads: {}",0.36846666666666666,0.0016623276853055364,261
"Encoder: google/vit-large-patch16-224, Dataset: imagenet-1k, Block: [(12, 13)], Block Mode: linear, MLP: [], MLP Mode: identity, Attn: [] Heads: {}",0.7775333333333333,0.0017616280348964745,264
"Encoder: google/vit-large-patch16-224, Dataset: imagenet-1k, Block: [(12, 14)], Block Mode: linear, MLP: [], MLP Mode: identity, Attn: [] Heads: {}",0.7656333333333333,0.003137408697210704,267
"Encoder: google/vit-large-patch16-224, Dataset: imagenet-1k, Block: [(12, 15)], Block Mode: linear, MLP: [], MLP Mode: identity, Attn: [] Heads: {}",0.75,0.0024879710609249316,270
"Encoder: google/vit-large-patch16-224, Dataset: imagenet-1k, Block: [(12, 16)], Block Mode: linear, MLP: [], MLP Mode: identity, Attn: [] Heads: {}",0.7289,0.0025514701644346483,273
"Encoder: google/vit-large-patch16-224, Dataset: imagenet-1k, Block: [(12, 17)], Block Mode: linear, MLP: [], MLP Mode: identity, Attn: [] Heads: {}",0.6967666666666666,0.003583759664560818,276
"Encoder: google/vit-large-patch16-224, Dataset: imagenet-1k, Block: [(12, 18)], Block Mode: linear, MLP: [], MLP Mode: identity, Attn: [] Heads: {}",0.6660666666666667,0.0022501851775650226,279
"Encoder: google/vit-large-patch16-224, Dataset: imagenet-1k, Block: [(12, 19)], Block Mode: linear, MLP: [], MLP Mode: identity, Attn: [] Heads: {}",0.6054666666666667,0.0013503086067019297,282
"Encoder: google/vit-large-patch16-224, Dataset: imagenet-1k, Block: [(12, 20)], Block Mode: linear, MLP: [], MLP Mode: identity, Attn: [] Heads: {}",0.5276333333333333,0.0018147543451754876,285
"Encoder: google/vit-large-patch16-224, Dataset: imagenet-1k, Block: [(12, 21)], Block Mode: linear, MLP: [], MLP Mode: identity, Attn: [] Heads: {}",0.45333333333333337,0.0029143323992525862,288
"Encoder: google/vit-large-patch16-224, Dataset: imagenet-1k, Block: [(12, 22)], Block Mode: linear, MLP: [], MLP Mode: identity, Attn: [] Heads: {}",0.37923333333333337,0.002746512940681942,291
"Encoder: google/vit-large-patch16-224, Dataset: imagenet-1k, Block: [(12, 23)], Block Mode: linear, MLP: [], MLP Mode: identity, Attn: [] Heads: {}",0.4059,0.001493318452306801,294
"Encoder: google/vit-large-patch16-224, Dataset: imagenet-1k, Block: [(13, 14)], Block Mode: linear, MLP: [], MLP Mode: identity, Attn: [] Heads: {}",0.7797999999999999,0.0016093476939430776,297
"Encoder: google/vit-large-patch16-224, Dataset: imagenet-1k, Block: [(13, 15)], Block Mode: linear, MLP: [], MLP Mode: identity, Attn: [] Heads: {}",0.7687333333333334,0.0031879983270593415,300
"Encoder: google/vit-large-patch16-224, Dataset: imagenet-1k, Block: [(13, 16)], Block Mode: linear, MLP: [], MLP Mode: identity, Attn: [] Heads: {}",0.7575,0.0011532562594670885,303
"Encoder: google/vit-large-patch16-224, Dataset: imagenet-1k, Block: [(13, 17)], Block Mode: linear, MLP: [], MLP Mode: identity, Attn: [] Heads: {}",0.7349,0.002078460969082648,306
"Encoder: google/vit-large-patch16-224, Dataset: imagenet-1k, Block: [(13, 18)], Block Mode: linear, MLP: [], MLP Mode: identity, Attn: [] Heads: {}",0.7041666666666666,0.0039551653989856675,309
"Encoder: google/vit-large-patch16-224, Dataset: imagenet-1k, Block: [(13, 19)], Block Mode: linear, MLP: [], MLP Mode: identity, Attn: [] Heads: {}",0.6476666666666667,0.0015373136743466803,312
"Encoder: google/vit-large-patch16-224, Dataset: imagenet-1k, Block: [(13, 20)], Block Mode: linear, MLP: [], MLP Mode: identity, Attn: [] Heads: {}",0.5583666666666667,0.003089228598426087,315
"Encoder: google/vit-large-patch16-224, Dataset: imagenet-1k, Block: [(13, 21)], Block Mode: linear, MLP: [], MLP Mode: identity, Attn: [] Heads: {}",0.5063666666666666,0.007150058274820786,318
"Encoder: google/vit-large-patch16-224, Dataset: imagenet-1k, Block: [(13, 22)], Block Mode: linear, MLP: [], MLP Mode: identity, Attn: [] Heads: {}",0.43546666666666667,0.0009018499505645904,321
"Encoder: google/vit-large-patch16-224, Dataset: imagenet-1k, Block: [(13, 23)], Block Mode: linear, MLP: [], MLP Mode: identity, Attn: [] Heads: {}",0.4704,0.00255147016443462,324
"Encoder: google/vit-large-patch16-224, Dataset: imagenet-1k, Block: [(14, 15)], Block Mode: linear, MLP: [], MLP Mode: identity, Attn: [] Heads: {}",0.7806666666666667,0.001955334583475015,327
"Encoder: google/vit-large-patch16-224, Dataset: imagenet-1k, Block: [(14, 16)], Block Mode: linear, MLP: [], MLP Mode: identity, Attn: [] Heads: {}",0.7722333333333333,0.0006429100507328764,330
"Encoder: google/vit-large-patch16-224, Dataset: imagenet-1k, Block: [(14, 17)], Block Mode: linear, MLP: [], MLP Mode: identity, Attn: [] Heads: {}",0.7576999999999999,0.004500000000000018,333
"Encoder: google/vit-large-patch16-224, Dataset: imagenet-1k, Block: [(14, 18)], Block Mode: linear, MLP: [], MLP Mode: identity, Attn: [] Heads: {}",0.7347,0.0009539392014169075,336
"Encoder: google/vit-large-patch16-224, Dataset: imagenet-1k, Block: [(14, 19)], Block Mode: linear, MLP: [], MLP Mode: identity, Attn: [] Heads: {}",0.6862333333333334,0.002081665999466188,339
"Encoder: google/vit-large-patch16-224, Dataset: imagenet-1k, Block: [(14, 20)], Block Mode: linear, MLP: [], MLP Mode: identity, Attn: [] Heads: {}",0.6143666666666667,0.002811286775363393,342
"Encoder: google/vit-large-patch16-224, Dataset: imagenet-1k, Block: [(14, 21)], Block Mode: linear, MLP: [], MLP Mode: identity, Attn: [] Heads: {}",0.5766,0.0019467922333931424,345
"Encoder: google/vit-large-patch16-224, Dataset: imagenet-1k, Block: [(14, 22)], Block Mode: linear, MLP: [], MLP Mode: identity, Attn: [] Heads: {}",0.5226666666666667,0.0009865765724632778,348
"Encoder: google/vit-large-patch16-224, Dataset: imagenet-1k, Block: [(14, 23)], Block Mode: linear, MLP: [], MLP Mode: identity, Attn: [] Heads: {}",0.5445000000000001,0.0015524174696259815,351
"Encoder: google/vit-large-patch16-224, Dataset: imagenet-1k, Block: [(15, 16)], Block Mode: linear, MLP: [], MLP Mode: identity, Attn: [] Heads: {}",0.781,0.000888819441731539,354
"Encoder: google/vit-large-patch16-224, Dataset: imagenet-1k, Block: [(15, 17)], Block Mode: linear, MLP: [], MLP Mode: identity, Attn: [] Heads: {}",0.7670333333333333,0.0017214335111567182,357
"Encoder: google/vit-large-patch16-224, Dataset: imagenet-1k, Block: [(15, 18)], Block Mode: linear, MLP: [], MLP Mode: identity, Attn: [] Heads: {}",0.7483333333333334,0.003962743157628705,360
"Encoder: google/vit-large-patch16-224, Dataset: imagenet-1k, Block: [(15, 19)], Block Mode: linear, MLP: [], MLP Mode: identity, Attn: [] Heads: {}",0.7061999999999999,0.0007211102550927955,363
"Encoder: google/vit-large-patch16-224, Dataset: imagenet-1k, Block: [(15, 20)], Block Mode: linear, MLP: [], MLP Mode: identity, Attn: [] Heads: {}",0.6514333333333333,0.002157158624981798,366
"Encoder: google/vit-large-patch16-224, Dataset: imagenet-1k, Block: [(15, 21)], Block Mode: linear, MLP: [], MLP Mode: identity, Attn: [] Heads: {}",0.6159333333333333,0.005054041287260455,369
"Encoder: google/vit-large-patch16-224, Dataset: imagenet-1k, Block: [(15, 22)], Block Mode: linear, MLP: [], MLP Mode: identity, Attn: [] Heads: {}",0.5758333333333333,0.004007908847932182,372
"Encoder: google/vit-large-patch16-224, Dataset: imagenet-1k, Block: [(15, 23)], Block Mode: linear, MLP: [], MLP Mode: identity, Attn: [] Heads: {}",0.5941,0.0017776388834630798,375
"Encoder: google/vit-large-patch16-224, Dataset: imagenet-1k, Block: [(16, 17)], Block Mode: linear, MLP: [], MLP Mode: identity, Attn: [] Heads: {}",0.7786,0.0007211102550927454,378
"Encoder: google/vit-large-patch16-224, Dataset: imagenet-1k, Block: [(16, 18)], Block Mode: linear, MLP: [], MLP Mode: identity, Attn: [] Heads: {}",0.7645333333333334,0.003231614663497656,381
"Encoder: google/vit-large-patch16-224, Dataset: imagenet-1k, Block: [(16, 19)], Block Mode: linear, MLP: [], MLP Mode: identity, Attn: [] Heads: {}",0.7271000000000001,0.003292415526630814,384
"Encoder: google/vit-large-patch16-224, Dataset: imagenet-1k, Block: [(16, 20)], Block Mode: linear, MLP: [], MLP Mode: identity, Attn: [] Heads: {}",0.6823666666666667,0.0018929694486000612,387
"Encoder: google/vit-large-patch16-224, Dataset: imagenet-1k, Block: [(16, 21)], Block Mode: linear, MLP: [], MLP Mode: identity, Attn: [] Heads: {}",0.6455333333333333,0.0029501412395567406,390
"Encoder: google/vit-large-patch16-224, Dataset: imagenet-1k, Block: [(16, 22)], Block Mode: linear, MLP: [], MLP Mode: identity, Attn: [] Heads: {}",0.6126,0.0011789826122551826,393
"Encoder: google/vit-large-patch16-224, Dataset: imagenet-1k, Block: [(16, 23)], Block Mode: linear, MLP: [], MLP Mode: identity, Attn: [] Heads: {}",0.6335000000000001,0.00251197133741609,396
"Encoder: google/vit-large-patch16-224, Dataset: imagenet-1k, Block: [(17, 18)], Block Mode: linear, MLP: [], MLP Mode: identity, Attn: [] Heads: {}",0.7779000000000001,0.00173493515728978,399
"Encoder: google/vit-large-patch16-224, Dataset: imagenet-1k, Block: [(17, 19)], Block Mode: linear, MLP: [], MLP Mode: identity, Attn: [] Heads: {}",0.7461000000000001,0.0005291502622129385,402
"Encoder: google/vit-large-patch16-224, Dataset: imagenet-1k, Block: [(17, 20)], Block Mode: linear, MLP: [], MLP Mode: identity, Attn: [] Heads: {}",0.7042,0.0022715633383201075,405
"Encoder: google/vit-large-patch16-224, Dataset: imagenet-1k, Block: [(17, 21)], Block Mode: linear, MLP: [], MLP Mode: identity, Attn: [] Heads: {}",0.6749333333333333,0.0032654759734735412,408
"Encoder: google/vit-large-patch16-224, Dataset: imagenet-1k, Block: [(17, 22)], Block Mode: linear, MLP: [], MLP Mode: identity, Attn: [] Heads: {}",0.6459,0.002835489375751525,411
"Encoder: google/vit-large-patch16-224, Dataset: imagenet-1k, Block: [(17, 23)], Block Mode: linear, MLP: [], MLP Mode: identity, Attn: [] Heads: {}",0.6613666666666667,0.0025735837529277075,414
"Encoder: google/vit-large-patch16-224, Dataset: imagenet-1k, Block: [(18, 19)], Block Mode: linear, MLP: [], MLP Mode: identity, Attn: [] Heads: {}",0.7711333333333333,0.001692138686199613,417
"Encoder: google/vit-large-patch16-224, Dataset: imagenet-1k, Block: [(18, 20)], Block Mode: linear, MLP: [], MLP Mode: identity, Attn: [] Heads: {}",0.7333666666666666,0.0026727015047201255,420
"Encoder: google/vit-large-patch16-224, Dataset: imagenet-1k, Block: [(18, 21)], Block Mode: linear, MLP: [], MLP Mode: identity, Attn: [] Heads: {}",0.7048333333333333,0.00460144904712998,423
"Encoder: google/vit-large-patch16-224, Dataset: imagenet-1k, Block: [(18, 22)], Block Mode: linear, MLP: [], MLP Mode: identity, Attn: [] Heads: {}",0.6793666666666667,0.000814452781524701,426
"Encoder: google/vit-large-patch16-224, Dataset: imagenet-1k, Block: [(18, 23)], Block Mode: linear, MLP: [], MLP Mode: identity, Attn: [] Heads: {}",0.6908,0.001664331697709319,429
"Encoder: google/vit-large-patch16-224, Dataset: imagenet-1k, Block: [(19, 20)], Block Mode: linear, MLP: [], MLP Mode: identity, Attn: [] Heads: {}",0.7727333333333334,0.0004618802153517138,432
"Encoder: google/vit-large-patch16-224, Dataset: imagenet-1k, Block: [(19, 21)], Block Mode: linear, MLP: [], MLP Mode: identity, Attn: [] Heads: {}",0.7453,0.005267826876426345,435
"Encoder: google/vit-large-patch16-224, Dataset: imagenet-1k, Block: [(19, 22)], Block Mode: linear, MLP: [], MLP Mode: identity, Attn: [] Heads: {}",0.7242666666666667,0.0024986663109213734,438
"Encoder: google/vit-large-patch16-224, Dataset: imagenet-1k, Block: [(19, 23)], Block Mode: linear, MLP: [], MLP Mode: identity, Attn: [] Heads: {}",0.7171666666666666,0.0027790885796126897,441
"Encoder: google/vit-large-patch16-224, Dataset: imagenet-1k, Block: [(20, 21)], Block Mode: linear, MLP: [], MLP Mode: identity, Attn: [] Heads: {}",0.7730333333333332,0.002916047553338806,444
"Encoder: google/vit-large-patch16-224, Dataset: imagenet-1k, Block: [(20, 22)], Block Mode: linear, MLP: [], MLP Mode: identity, Attn: [] Heads: {}",0.7486333333333333,0.0032331615074618686,447
"Encoder: google/vit-large-patch16-224, Dataset: imagenet-1k, Block: [(20, 23)], Block Mode: linear, MLP: [], MLP Mode: identity, Attn: [] Heads: {}",0.7430333333333333,0.0008144527815246885,450
"Encoder: google/vit-large-patch16-224, Dataset: imagenet-1k, Block: [(21, 22)], Block Mode: linear, MLP: [], MLP Mode: identity, Attn: [] Heads: {}",0.7702666666666667,0.0010969655114602963,453
"Encoder: google/vit-large-patch16-224, Dataset: imagenet-1k, Block: [(21, 23)], Block Mode: linear, MLP: [], MLP Mode: identity, Attn: [] Heads: {}",0.7669666666666667,0.0013796134724383304,456
"Encoder: google/vit-large-patch16-224, Dataset: imagenet-1k, Block: [(22, 23)], Block Mode: linear, MLP: [], MLP Mode: identity, Attn: [] Heads: {}",0.7836333333333333,0.0035218366420567138,459
"Encoder: google/vit-large-patch16-224, Dataset: pneumoniamnist, Block: [], Block Mode: identity, MLP: [], MLP Mode: identity, Attn: [] Heads: {}",0.8327991452991452,0.033321517465279255,462
"Encoder: google/vit-large-patch16-224, Dataset: pneumoniamnist, Block: [(6, 7)], Block Mode: linear, MLP: [], MLP Mode: identity, Attn: [] Heads: {}",0.842948717948718,0.03346252086189279,465
"Encoder: google/vit-large-patch16-224, Dataset: pneumoniamnist, Block: [(6, 8)], Block Mode: linear, MLP: [], MLP Mode: identity, Attn: [] Heads: {}",0.8392094017094017,0.022907886370076454,468
"Encoder: google/vit-large-patch16-224, Dataset: pneumoniamnist, Block: [(6, 9)], Block Mode: linear, MLP: [], MLP Mode: identity, Attn: [] Heads: {}",0.8354700854700855,0.020165156077112046,471
"Encoder: google/vit-large-patch16-224, Dataset: pneumoniamnist, Block: [(6, 10)], Block Mode: linear, MLP: [], MLP Mode: identity, Attn: [] Heads: {}",0.8360042735042734,0.015146844955937872,474
"Encoder: google/vit-large-patch16-224, Dataset: pneumoniamnist, Block: [(6, 11)], Block Mode: linear, MLP: [], MLP Mode: identity, Attn: [] Heads: {}",0.829594017094017,0.02251208066848875,477
"Encoder: google/vit-large-patch16-224, Dataset: pneumoniamnist, Block: [(6, 12)], Block Mode: linear, MLP: [], MLP Mode: identity, Attn: [] Heads: {}",0.8285256410256411,0.015287487202194668,480
"Encoder: google/vit-large-patch16-224, Dataset: pneumoniamnist, Block: [(6, 13)], Block Mode: linear, MLP: [], MLP Mode: identity, Attn: [] Heads: {}",0.8199786324786325,0.019908808924769473,483
"Encoder: google/vit-large-patch16-224, Dataset: pneumoniamnist, Block: [(6, 14)], Block Mode: linear, MLP: [], MLP Mode: identity, Attn: [] Heads: {}",0.8237179487179488,0.011556254088025623,486
"Encoder: google/vit-large-patch16-224, Dataset: pneumoniamnist, Block: [(6, 15)], Block Mode: linear, MLP: [], MLP Mode: identity, Attn: [] Heads: {}",0.8130341880341879,0.03162104398920672,489
"Encoder: google/vit-large-patch16-224, Dataset: pneumoniamnist, Block: [(6, 16)], Block Mode: linear, MLP: [], MLP Mode: identity, Attn: [] Heads: {}",0.8130341880341879,0.02335202242990855,492
"Encoder: google/vit-large-patch16-224, Dataset: pneumoniamnist, Block: [(6, 17)], Block Mode: linear, MLP: [], MLP Mode: identity, Attn: [] Heads: {}",0.8237179487179488,0.02008007065086803,495
"Encoder: google/vit-large-patch16-224, Dataset: pneumoniamnist, Block: [(6, 18)], Block Mode: linear, MLP: [], MLP Mode: identity, Attn: [] Heads: {}",0.8349358974358975,0.025790828428575434,498
"Encoder: google/vit-large-patch16-224, Dataset: pneumoniamnist, Block: [(6, 19)], Block Mode: linear, MLP: [], MLP Mode: identity, Attn: [] Heads: {}",0.8210470085470085,0.034383621884089964,501
"Encoder: google/vit-large-patch16-224, Dataset: pneumoniamnist, Block: [(6, 20)], Block Mode: linear, MLP: [], MLP Mode: identity, Attn: [] Heads: {}",0.8376068376068376,0.02687979834489133,504
"Encoder: google/vit-large-patch16-224, Dataset: pneumoniamnist, Block: [(6, 21)], Block Mode: linear, MLP: [], MLP Mode: identity, Attn: [] Heads: {}",0.8488247863247863,0.03273836206419777,507
"Encoder: google/vit-large-patch16-224, Dataset: pneumoniamnist, Block: [(6, 22)], Block Mode: linear, MLP: [], MLP Mode: identity, Attn: [] Heads: {}",0.8386752136752137,0.03149898074317432,510
"Encoder: google/vit-large-patch16-224, Dataset: pneumoniamnist, Block: [(6, 23)], Block Mode: linear, MLP: [], MLP Mode: identity, Attn: [] Heads: {}",0.827991452991453,0.028002868423250293,513
"Encoder: google/vit-large-patch16-224, Dataset: pneumoniamnist, Block: [(7, 8)], Block Mode: linear, MLP: [], MLP Mode: identity, Attn: [] Heads: {}",0.8285256410256411,0.02311250817605121,516
"Encoder: google/vit-large-patch16-224, Dataset: pneumoniamnist, Block: [(7, 9)], Block Mode: linear, MLP: [], MLP Mode: identity, Attn: [] Heads: {}",0.8274572649572649,0.02545673623385438,519
"Encoder: google/vit-large-patch16-224, Dataset: pneumoniamnist, Block: [(7, 10)], Block Mode: linear, MLP: [], MLP Mode: identity, Attn: [] Heads: {}",0.8317307692307692,0.013970829947245779,522
"Encoder: google/vit-large-patch16-224, Dataset: pneumoniamnist, Block: [(7, 11)], Block Mode: linear, MLP: [], MLP Mode: identity, Attn: [] Heads: {}",0.8301282051282052,0.01943005713618934,525
"Encoder: google/vit-large-patch16-224, Dataset: pneumoniamnist, Block: [(7, 12)], Block Mode: linear, MLP: [], MLP Mode: identity, Attn: [] Heads: {}",0.8274572649572649,0.01925301419972233,528
"Encoder: google/vit-large-patch16-224, Dataset: pneumoniamnist, Block: [(7, 13)], Block Mode: linear, MLP: [], MLP Mode: identity, Attn: [] Heads: {}",0.8189102564102564,0.023607243369641394,531
"Encoder: google/vit-large-patch16-224, Dataset: pneumoniamnist, Block: [(7, 14)], Block Mode: linear, MLP: [], MLP Mode: identity, Attn: [] Heads: {}",0.8237179487179488,0.02008007065086803,534
"Encoder: google/vit-large-patch16-224, Dataset: pneumoniamnist, Block: [(7, 15)], Block Mode: linear, MLP: [], MLP Mode: identity, Attn: [] Heads: {}",0.8141025641025642,0.026959301027661413,537
"Encoder: google/vit-large-patch16-224, Dataset: pneumoniamnist, Block: [(7, 16)], Block Mode: linear, MLP: [], MLP Mode: identity, Attn: [] Heads: {}",0.8162393162393163,0.03332151746527926,540
"Encoder: google/vit-large-patch16-224, Dataset: pneumoniamnist, Block: [(7, 17)], Block Mode: linear, MLP: [], MLP Mode: identity, Attn: [] Heads: {}",0.8215811965811964,0.02570771242631618,543
"Encoder: google/vit-large-patch16-224, Dataset: pneumoniamnist, Block: [(7, 18)], Block Mode: linear, MLP: [], MLP Mode: identity, Attn: [] Heads: {}",0.8237179487179486,0.028079191455024417,546
"Encoder: google/vit-large-patch16-224, Dataset: pneumoniamnist, Block: [(7, 19)], Block Mode: linear, MLP: [], MLP Mode: identity, Attn: [] Heads: {}",0.8141025641025642,0.03201119287730475,549
"Encoder: google/vit-large-patch16-224, Dataset: pneumoniamnist, Block: [(7, 20)], Block Mode: linear, MLP: [], MLP Mode: identity, Attn: [] Heads: {}",0.8146367521367521,0.038472665769296664,552
"Encoder: google/vit-large-patch16-224, Dataset: pneumoniamnist, Block: [(7, 21)], Block Mode: linear, MLP: [], MLP Mode: identity, Attn: [] Heads: {}",0.8253205128205128,0.037343526274779014,555
"Encoder: google/vit-large-patch16-224, Dataset: pneumoniamnist, Block: [(7, 22)], Block Mode: linear, MLP: [], MLP Mode: identity, Attn: [] Heads: {}",0.8231837606837606,0.02763358366747343,558
"Encoder: google/vit-large-patch16-224, Dataset: pneumoniamnist, Block: [(7, 23)], Block Mode: linear, MLP: [], MLP Mode: identity, Attn: [] Heads: {}",0.8119658119658121,0.02973753346093329,561
"Encoder: google/vit-large-patch16-224, Dataset: pneumoniamnist, Block: [(8, 9)], Block Mode: linear, MLP: [], MLP Mode: identity, Attn: [] Heads: {}",0.8311965811965812,0.029082601685504677,564
"Encoder: google/vit-large-patch16-224, Dataset: pneumoniamnist, Block: [(8, 10)], Block Mode: linear, MLP: [], MLP Mode: identity, Attn: [] Heads: {}",0.8344017094017094,0.024479571020063238,567
"Encoder: google/vit-large-patch16-224, Dataset: pneumoniamnist, Block: [(8, 11)], Block Mode: linear, MLP: [], MLP Mode: identity, Attn: [] Heads: {}",0.828525641025641,0.025439916452544113,570
"Encoder: google/vit-large-patch16-224, Dataset: pneumoniamnist, Block: [(8, 12)], Block Mode: linear, MLP: [], MLP Mode: identity, Attn: [] Heads: {}",0.8327991452991452,0.023352022429908532,573
"Encoder: google/vit-large-patch16-224, Dataset: pneumoniamnist, Block: [(8, 13)], Block Mode: linear, MLP: [], MLP Mode: identity, Attn: [] Heads: {}",0.8210470085470085,0.03482889596731422,576
"Encoder: google/vit-large-patch16-224, Dataset: pneumoniamnist, Block: [(8, 14)], Block Mode: linear, MLP: [], MLP Mode: identity, Attn: [] Heads: {}",0.8258547008547009,0.03620281810866974,579
"Encoder: google/vit-large-patch16-224, Dataset: pneumoniamnist, Block: [(8, 15)], Block Mode: linear, MLP: [], MLP Mode: identity, Attn: [] Heads: {}",0.8178418803418803,0.03400810692819872,582
"Encoder: google/vit-large-patch16-224, Dataset: pneumoniamnist, Block: [(8, 16)], Block Mode: linear, MLP: [], MLP Mode: identity, Attn: [] Heads: {}",0.8044871794871794,0.03492707486811439,585
"Encoder: google/vit-large-patch16-224, Dataset: pneumoniamnist, Block: [(8, 17)], Block Mode: linear, MLP: [], MLP Mode: identity, Attn: [] Heads: {}",0.8082264957264957,0.03397032712731761,588
"Encoder: google/vit-large-patch16-224, Dataset: pneumoniamnist, Block: [(8, 18)], Block Mode: linear, MLP: [], MLP Mode: identity, Attn: [] Heads: {}",0.8130341880341879,0.03339850220585594,591
"Encoder: google/vit-large-patch16-224, Dataset: pneumoniamnist, Block: [(8, 19)], Block Mode: linear, MLP: [], MLP Mode: identity, Attn: [] Heads: {}",0.8108974358974358,0.035146974678623905,594
"Encoder: google/vit-large-patch16-224, Dataset: pneumoniamnist, Block: [(8, 20)], Block Mode: linear, MLP: [], MLP Mode: identity, Attn: [] Heads: {}",0.8162393162393163,0.03362839900755797,597
"Encoder: google/vit-large-patch16-224, Dataset: pneumoniamnist, Block: [(8, 21)], Block Mode: linear, MLP: [], MLP Mode: identity, Attn: [] Heads: {}",0.8311965811965812,0.02800286842325037,600
"Encoder: google/vit-large-patch16-224, Dataset: pneumoniamnist, Block: [(8, 22)], Block Mode: linear, MLP: [], MLP Mode: identity, Attn: [] Heads: {}",0.8317307692307693,0.03128080335888323,603
"Encoder: google/vit-large-patch16-224, Dataset: pneumoniamnist, Block: [(8, 23)], Block Mode: linear, MLP: [], MLP Mode: identity, Attn: [] Heads: {}",0.826388888888889,0.022454967475409936,606
"Encoder: google/vit-large-patch16-224, Dataset: pneumoniamnist, Block: [(9, 10)], Block Mode: linear, MLP: [], MLP Mode: identity, Attn: [] Heads: {}",0.8333333333333334,0.026381534668516535,609
"Encoder: google/vit-large-patch16-224, Dataset: pneumoniamnist, Block: [(9, 11)], Block Mode: linear, MLP: [], MLP Mode: identity, Attn: [] Heads: {}",0.8344017094017094,0.030798152361964908,612
"Encoder: google/vit-large-patch16-224, Dataset: pneumoniamnist, Block: [(9, 12)], Block Mode: linear, MLP: [], MLP Mode: identity, Attn: [] Heads: {}",0.8311965811965812,0.02175791864788065,615
"Encoder: google/vit-large-patch16-224, Dataset: pneumoniamnist, Block: [(9, 13)], Block Mode: linear, MLP: [], MLP Mode: identity, Attn: [] Heads: {}",0.8253205128205128,0.028979393141065884,618
"Encoder: google/vit-large-patch16-224, Dataset: pneumoniamnist, Block: [(9, 14)], Block Mode: linear, MLP: [], MLP Mode: identity, Attn: [] Heads: {}",0.829594017094017,0.033856734780963314,621
"Encoder: google/vit-large-patch16-224, Dataset: pneumoniamnist, Block: [(9, 15)], Block Mode: linear, MLP: [], MLP Mode: identity, Attn: [] Heads: {}",0.8237179487179486,0.028979393141065908,624
"Encoder: google/vit-large-patch16-224, Dataset: pneumoniamnist, Block: [(9, 16)], Block Mode: linear, MLP: [], MLP Mode: identity, Attn: [] Heads: {}",0.8173076923076924,0.021199930377120105,627
"Encoder: google/vit-large-patch16-224, Dataset: pneumoniamnist, Block: [(9, 17)], Block Mode: linear, MLP: [], MLP Mode: identity, Attn: [] Heads: {}",0.8199786324786325,0.024844051184259607,630
"Encoder: google/vit-large-patch16-224, Dataset: pneumoniamnist, Block: [(9, 18)], Block Mode: linear, MLP: [], MLP Mode: identity, Attn: [] Heads: {}",0.8274572649572649,0.026055017944994,633
"Encoder: google/vit-large-patch16-224, Dataset: pneumoniamnist, Block: [(9, 19)], Block Mode: linear, MLP: [], MLP Mode: identity, Attn: [] Heads: {}",0.8199786324786325,0.033780794345646084,636
"Encoder: google/vit-large-patch16-224, Dataset: pneumoniamnist, Block: [(9, 20)], Block Mode: linear, MLP: [], MLP Mode: identity, Attn: [] Heads: {}",0.8247863247863249,0.034271399428088586,639
"Encoder: google/vit-large-patch16-224, Dataset: pneumoniamnist, Block: [(9, 21)], Block Mode: linear, MLP: [], MLP Mode: identity, Attn: [] Heads: {}",0.8349358974358975,0.03778790423894742,642
"Encoder: google/vit-large-patch16-224, Dataset: pneumoniamnist, Block: [(9, 22)], Block Mode: linear, MLP: [], MLP Mode: identity, Attn: [] Heads: {}",0.8290598290598291,0.027259296628574917,645
"Encoder: google/vit-large-patch16-224, Dataset: pneumoniamnist, Block: [(9, 23)], Block Mode: linear, MLP: [], MLP Mode: identity, Attn: [] Heads: {}",0.8274572649572649,0.029995502438817222,648
"Encoder: google/vit-large-patch16-224, Dataset: pneumoniamnist, Block: [(10, 11)], Block Mode: linear, MLP: [], MLP Mode: identity, Attn: [] Heads: {}",0.8344017094017094,0.030336048855770664,651
"Encoder: google/vit-large-patch16-224, Dataset: pneumoniamnist, Block: [(10, 12)], Block Mode: linear, MLP: [], MLP Mode: identity, Attn: [] Heads: {}",0.843482905982906,0.02800286842325035,654
"Encoder: google/vit-large-patch16-224, Dataset: pneumoniamnist, Block: [(10, 13)], Block Mode: linear, MLP: [], MLP Mode: identity, Attn: [] Heads: {}",0.8349358974358975,0.014687742612037973,657
"Encoder: google/vit-large-patch16-224, Dataset: pneumoniamnist, Block: [(10, 14)], Block Mode: linear, MLP: [], MLP Mode: identity, Attn: [] Heads: {}",0.8327991452991453,0.025707712426316146,660
"Encoder: google/vit-large-patch16-224, Dataset: pneumoniamnist, Block: [(10, 15)], Block Mode: linear, MLP: [], MLP Mode: identity, Attn: [] Heads: {}",0.8215811965811967,0.021757918647880636,663
"Encoder: google/vit-large-patch16-224, Dataset: pneumoniamnist, Block: [(10, 16)], Block Mode: linear, MLP: [], MLP Mode: identity, Attn: [] Heads: {}",0.80982905982906,0.024479571020063276,666
"Encoder: google/vit-large-patch16-224, Dataset: pneumoniamnist, Block: [(10, 17)], Block Mode: linear, MLP: [], MLP Mode: identity, Attn: [] Heads: {}",0.8108974358974358,0.027803448033489542,669
"Encoder: google/vit-large-patch16-224, Dataset: pneumoniamnist, Block: [(10, 18)], Block Mode: linear, MLP: [], MLP Mode: identity, Attn: [] Heads: {}",0.8183760683760685,0.027259296628574913,672
"Encoder: google/vit-large-patch16-224, Dataset: pneumoniamnist, Block: [(10, 19)], Block Mode: linear, MLP: [], MLP Mode: identity, Attn: [] Heads: {}",0.8167735042735043,0.02725929662857496,675
"Encoder: google/vit-large-patch16-224, Dataset: pneumoniamnist, Block: [(10, 20)], Block Mode: linear, MLP: [], MLP Mode: identity, Attn: [] Heads: {}",0.8226495726495727,0.034008106928198764,678
"Encoder: google/vit-large-patch16-224, Dataset: pneumoniamnist, Block: [(10, 21)], Block Mode: linear, MLP: [], MLP Mode: identity, Attn: [] Heads: {}",0.8274572649572649,0.03873876230623056,681
"Encoder: google/vit-large-patch16-224, Dataset: pneumoniamnist, Block: [(10, 22)], Block Mode: linear, MLP: [], MLP Mode: identity, Attn: [] Heads: {}",0.8221153846153846,0.03448306857588142,684
"Encoder: google/vit-large-patch16-224, Dataset: pneumoniamnist, Block: [(10, 23)], Block Mode: linear, MLP: [], MLP Mode: identity, Attn: [] Heads: {}",0.8178418803418803,0.03742367497465167,687
"Encoder: google/vit-large-patch16-224, Dataset: pneumoniamnist, Block: [(11, 12)], Block Mode: linear, MLP: [], MLP Mode: identity, Attn: [] Heads: {}",0.8392094017094017,0.028682465296279464,690
"Encoder: google/vit-large-patch16-224, Dataset: pneumoniamnist, Block: [(11, 13)], Block Mode: linear, MLP: [], MLP Mode: identity, Attn: [] Heads: {}",0.8338675213675213,0.018780337426545893,693
"Encoder: google/vit-large-patch16-224, Dataset: pneumoniamnist, Block: [(11, 14)], Block Mode: linear, MLP: [], MLP Mode: identity, Attn: [] Heads: {}",0.8386752136752137,0.022739098989094826,696
"Encoder: google/vit-large-patch16-224, Dataset: pneumoniamnist, Block: [(11, 15)], Block Mode: linear, MLP: [], MLP Mode: identity, Attn: [] Heads: {}",0.8301282051282052,0.021679085350110063,699
"Encoder: google/vit-large-patch16-224, Dataset: pneumoniamnist, Block: [(11, 16)], Block Mode: linear, MLP: [], MLP Mode: identity, Attn: [] Heads: {}",0.8108974358974358,0.0216790853501101,702
"Encoder: google/vit-large-patch16-224, Dataset: pneumoniamnist, Block: [(11, 17)], Block Mode: linear, MLP: [], MLP Mode: identity, Attn: [] Heads: {}",0.8141025641025642,0.029938368096585583,705
"Encoder: google/vit-large-patch16-224, Dataset: pneumoniamnist, Block: [(11, 18)], Block Mode: linear, MLP: [], MLP Mode: identity, Attn: [] Heads: {}",0.8237179487179488,0.02156029494723351,708
"Encoder: google/vit-large-patch16-224, Dataset: pneumoniamnist, Block: [(11, 19)], Block Mode: linear, MLP: [], MLP Mode: identity, Attn: [] Heads: {}",0.8231837606837606,0.03058897073124019,711
"Encoder: google/vit-large-patch16-224, Dataset: pneumoniamnist, Block: [(11, 20)], Block Mode: linear, MLP: [], MLP Mode: identity, Attn: [] Heads: {}",0.8327991452991453,0.02663986675169161,714
"Encoder: google/vit-large-patch16-224, Dataset: pneumoniamnist, Block: [(11, 21)], Block Mode: linear, MLP: [], MLP Mode: identity, Attn: [] Heads: {}",0.8365384615384616,0.03095065371126276,717
"Encoder: google/vit-large-patch16-224, Dataset: pneumoniamnist, Block: [(11, 22)], Block Mode: linear, MLP: [], MLP Mode: identity, Attn: [] Heads: {}",0.8344017094017094,0.022454967475409936,720
"Encoder: google/vit-large-patch16-224, Dataset: pneumoniamnist, Block: [(11, 23)], Block Mode: linear, MLP: [], MLP Mode: identity, Attn: [] Heads: {}",0.8327991452991453,0.025152259331182796,723
"Encoder: google/vit-large-patch16-224, Dataset: pneumoniamnist, Block: [(12, 13)], Block Mode: linear, MLP: [], MLP Mode: identity, Attn: [] Heads: {}",0.8285256410256411,0.02226353203437469,726
"Encoder: google/vit-large-patch16-224, Dataset: pneumoniamnist, Block: [(12, 14)], Block Mode: linear, MLP: [], MLP Mode: identity, Attn: [] Heads: {}",0.8370726495726496,0.01728492487966181,729
"Encoder: google/vit-large-patch16-224, Dataset: pneumoniamnist, Block: [(12, 15)], Block Mode: linear, MLP: [], MLP Mode: identity, Attn: [] Heads: {}",0.8317307692307692,0.018481670824792955,732
"Encoder: google/vit-large-patch16-224, Dataset: pneumoniamnist, Block: [(12, 16)], Block Mode: linear, MLP: [], MLP Mode: identity, Attn: [] Heads: {}",0.8194444444444443,0.020292115291904507,735
"Encoder: google/vit-large-patch16-224, Dataset: pneumoniamnist, Block: [(12, 17)], Block Mode: linear, MLP: [], MLP Mode: identity, Attn: [] Heads: {}",0.8183760683760685,0.02804868716415616,738
"Encoder: google/vit-large-patch16-224, Dataset: pneumoniamnist, Block: [(12, 18)], Block Mode: linear, MLP: [], MLP Mode: identity, Attn: [] Heads: {}",0.829594017094017,0.03182344232608222,741
"Encoder: google/vit-large-patch16-224, Dataset: pneumoniamnist, Block: [(12, 19)], Block Mode: linear, MLP: [], MLP Mode: identity, Attn: [] Heads: {}",0.8274572649572649,0.029126721966272622,744
"Encoder: google/vit-large-patch16-224, Dataset: pneumoniamnist, Block: [(12, 20)], Block Mode: linear, MLP: [], MLP Mode: identity, Attn: [] Heads: {}",0.8263888888888888,0.02965104505636308,747
"Encoder: google/vit-large-patch16-224, Dataset: pneumoniamnist, Block: [(12, 21)], Block Mode: linear, MLP: [], MLP Mode: identity, Attn: [] Heads: {}",0.8381410256410257,0.03002402883845383,750
"Encoder: google/vit-large-patch16-224, Dataset: pneumoniamnist, Block: [(12, 22)], Block Mode: linear, MLP: [], MLP Mode: identity, Attn: [] Heads: {}",0.8392094017094017,0.024479571020063276,753
"Encoder: google/vit-large-patch16-224, Dataset: pneumoniamnist, Block: [(12, 23)], Block Mode: linear, MLP: [], MLP Mode: identity, Attn: [] Heads: {}",0.8365384615384616,0.025186271867791193,756
"Encoder: google/vit-large-patch16-224, Dataset: pneumoniamnist, Block: [(13, 14)], Block Mode: linear, MLP: [], MLP Mode: identity, Attn: [] Heads: {}",0.8354700854700855,0.02410958140255717,759
"Encoder: google/vit-large-patch16-224, Dataset: pneumoniamnist, Block: [(13, 15)], Block Mode: linear, MLP: [], MLP Mode: identity, Attn: [] Heads: {}",0.8317307692307692,0.019692637383725183,762
"Encoder: google/vit-large-patch16-224, Dataset: pneumoniamnist, Block: [(13, 16)], Block Mode: linear, MLP: [], MLP Mode: identity, Attn: [] Heads: {}",0.8274572649572649,0.021159511026002522,765
"Encoder: google/vit-large-patch16-224, Dataset: pneumoniamnist, Block: [(13, 17)], Block Mode: linear, MLP: [], MLP Mode: identity, Attn: [] Heads: {}",0.827991452991453,0.030462772285006885,768
"Encoder: google/vit-large-patch16-224, Dataset: pneumoniamnist, Block: [(13, 18)], Block Mode: linear, MLP: [], MLP Mode: identity, Attn: [] Heads: {}",0.8386752136752137,0.030462772285006955,771
"Encoder: google/vit-large-patch16-224, Dataset: pneumoniamnist, Block: [(13, 19)], Block Mode: linear, MLP: [], MLP Mode: identity, Attn: [] Heads: {}",0.8397435897435898,0.036084391824351594,774
"Encoder: google/vit-large-patch16-224, Dataset: pneumoniamnist, Block: [(13, 20)], Block Mode: linear, MLP: [], MLP Mode: identity, Attn: [] Heads: {}",0.8370726495726496,0.0297375334609333,777
"Encoder: google/vit-large-patch16-224, Dataset: pneumoniamnist, Block: [(13, 21)], Block Mode: linear, MLP: [], MLP Mode: identity, Attn: [] Heads: {}",0.8466880341880342,0.028771865404904333,780
"Encoder: google/vit-large-patch16-224, Dataset: pneumoniamnist, Block: [(13, 22)], Block Mode: linear, MLP: [], MLP Mode: identity, Attn: [] Heads: {}",0.8424145299145299,0.0297375334609333,783
"Encoder: google/vit-large-patch16-224, Dataset: pneumoniamnist, Block: [(13, 23)], Block Mode: linear, MLP: [], MLP Mode: identity, Attn: [] Heads: {}",0.8376068376068376,0.02400282258403949,786
"Encoder: google/vit-large-patch16-224, Dataset: pneumoniamnist, Block: [(14, 15)], Block Mode: linear, MLP: [], MLP Mode: identity, Attn: [] Heads: {}",0.826923076923077,0.03193086353392832,789
"Encoder: google/vit-large-patch16-224, Dataset: pneumoniamnist, Block: [(14, 16)], Block Mode: linear, MLP: [], MLP Mode: identity, Attn: [] Heads: {}",0.8317307692307692,0.03156685192883366,792
"Encoder: google/vit-large-patch16-224, Dataset: pneumoniamnist, Block: [(14, 17)], Block Mode: linear, MLP: [], MLP Mode: identity, Attn: [] Heads: {}",0.8317307692307692,0.028890635220063993,795
"Encoder: google/vit-large-patch16-224, Dataset: pneumoniamnist, Block: [(14, 18)], Block Mode: linear, MLP: [], MLP Mode: identity, Attn: [] Heads: {}",0.8344017094017094,0.026104255818099595,798
"Encoder: google/vit-large-patch16-224, Dataset: pneumoniamnist, Block: [(14, 19)], Block Mode: linear, MLP: [], MLP Mode: identity, Attn: [] Heads: {}",0.8349358974358975,0.027941659894491478,801
"Encoder: google/vit-large-patch16-224, Dataset: pneumoniamnist, Block: [(14, 20)], Block Mode: linear, MLP: [], MLP Mode: identity, Attn: [] Heads: {}",0.8344017094017094,0.028727200127668252,804
"Encoder: google/vit-large-patch16-224, Dataset: pneumoniamnist, Block: [(14, 21)], Block Mode: linear, MLP: [], MLP Mode: identity, Attn: [] Heads: {}",0.8360042735042734,0.02668802563418117,807
"Encoder: google/vit-large-patch16-224, Dataset: pneumoniamnist, Block: [(14, 22)], Block Mode: linear, MLP: [], MLP Mode: identity, Attn: [] Heads: {}",0.8381410256410257,0.025790828428575465,810
"Encoder: google/vit-large-patch16-224, Dataset: pneumoniamnist, Block: [(14, 23)], Block Mode: linear, MLP: [], MLP Mode: identity, Attn: [] Heads: {}",0.8354700854700855,0.01990880892476948,813
"Encoder: google/vit-large-patch16-224, Dataset: pneumoniamnist, Block: [(15, 16)], Block Mode: linear, MLP: [], MLP Mode: identity, Attn: [] Heads: {}",0.8317307692307692,0.028170506139818804,816
"Encoder: google/vit-large-patch16-224, Dataset: pneumoniamnist, Block: [(15, 17)], Block Mode: linear, MLP: [], MLP Mode: identity, Attn: [] Heads: {}",0.8301282051282052,0.02425119543336787,819
"Encoder: google/vit-large-patch16-224, Dataset: pneumoniamnist, Block: [(15, 18)], Block Mode: linear, MLP: [], MLP Mode: identity, Attn: [] Heads: {}",0.8360042735042734,0.021875635928892384,822
"Encoder: google/vit-large-patch16-224, Dataset: pneumoniamnist, Block: [(15, 19)], Block Mode: linear, MLP: [], MLP Mode: identity, Attn: [] Heads: {}",0.8344017094017094,0.023186468391250752,825
"Encoder: google/vit-large-patch16-224, Dataset: pneumoniamnist, Block: [(15, 20)], Block Mode: linear, MLP: [], MLP Mode: identity, Attn: [] Heads: {}",0.8333333333333334,0.02503285152534183,828
"Encoder: google/vit-large-patch16-224, Dataset: pneumoniamnist, Block: [(15, 21)], Block Mode: linear, MLP: [], MLP Mode: identity, Attn: [] Heads: {}",0.8349358974358975,0.025439916452544127,831
"Encoder: google/vit-large-patch16-224, Dataset: pneumoniamnist, Block: [(15, 22)], Block Mode: linear, MLP: [], MLP Mode: identity, Attn: [] Heads: {}",0.843482905982906,0.028502823871696784,834
"Encoder: google/vit-large-patch16-224, Dataset: pneumoniamnist, Block: [(15, 23)], Block Mode: linear, MLP: [], MLP Mode: identity, Attn: [] Heads: {}",0.8424145299145298,0.020606091369643073,837
"Encoder: google/vit-large-patch16-224, Dataset: pneumoniamnist, Block: [(16, 17)], Block Mode: linear, MLP: [], MLP Mode: identity, Attn: [] Heads: {}",0.8301282051282052,0.026959301027661395,840
"Encoder: google/vit-large-patch16-224, Dataset: pneumoniamnist, Block: [(16, 18)], Block Mode: linear, MLP: [], MLP Mode: identity, Attn: [] Heads: {}",0.8311965811965812,0.02595626199413747,843
"Encoder: google/vit-large-patch16-224, Dataset: pneumoniamnist, Block: [(16, 19)], Block Mode: linear, MLP: [], MLP Mode: identity, Attn: [] Heads: {}",0.8274572649572649,0.024895684183185978,846
"Encoder: google/vit-large-patch16-224, Dataset: pneumoniamnist, Block: [(16, 20)], Block Mode: linear, MLP: [], MLP Mode: identity, Attn: [] Heads: {}",0.829594017094017,0.021757918647880667,849
"Encoder: google/vit-large-patch16-224, Dataset: pneumoniamnist, Block: [(16, 21)], Block Mode: linear, MLP: [], MLP Mode: identity, Attn: [] Heads: {}",0.8253205128205128,0.03543805190303841,852
"Encoder: google/vit-large-patch16-224, Dataset: pneumoniamnist, Block: [(16, 22)], Block Mode: linear, MLP: [], MLP Mode: identity, Attn: [] Heads: {}",0.8349358974358975,0.03629728093880174,855
"Encoder: google/vit-large-patch16-224, Dataset: pneumoniamnist, Block: [(16, 23)], Block Mode: linear, MLP: [], MLP Mode: identity, Attn: [] Heads: {}",0.8392094017094017,0.03400810692819871,858
"Encoder: google/vit-large-patch16-224, Dataset: pneumoniamnist, Block: [(17, 18)], Block Mode: linear, MLP: [], MLP Mode: identity, Attn: [] Heads: {}",0.8274572649572649,0.01857407975503603,861
"Encoder: google/vit-large-patch16-224, Dataset: pneumoniamnist, Block: [(17, 19)], Block Mode: linear, MLP: [], MLP Mode: identity, Attn: [] Heads: {}",0.826388888888889,0.02041828510001752,864
"Encoder: google/vit-large-patch16-224, Dataset: pneumoniamnist, Block: [(17, 20)], Block Mode: linear, MLP: [], MLP Mode: identity, Attn: [] Heads: {}",0.8258547008547009,0.02453197116069451,867
"Encoder: google/vit-large-patch16-224, Dataset: pneumoniamnist, Block: [(17, 21)], Block Mode: linear, MLP: [], MLP Mode: identity, Attn: [] Heads: {}",0.827991452991453,0.026104255818099595,870
"Encoder: google/vit-large-patch16-224, Dataset: pneumoniamnist, Block: [(17, 22)], Block Mode: linear, MLP: [], MLP Mode: identity, Attn: [] Heads: {}",0.8338675213675213,0.02575761421205382,873
"Encoder: google/vit-large-patch16-224, Dataset: pneumoniamnist, Block: [(17, 23)], Block Mode: linear, MLP: [], MLP Mode: identity, Attn: [] Heads: {}",0.8397435897435898,0.028487802619601262,876
"Encoder: google/vit-large-patch16-224, Dataset: pneumoniamnist, Block: [(18, 19)], Block Mode: linear, MLP: [], MLP Mode: identity, Attn: [] Heads: {}",0.8247863247863249,0.019119156162578303,879
"Encoder: google/vit-large-patch16-224, Dataset: pneumoniamnist, Block: [(18, 20)], Block Mode: linear, MLP: [], MLP Mode: identity, Attn: [] Heads: {}",0.8274572649572649,0.02575761421205382,882
"Encoder: google/vit-large-patch16-224, Dataset: pneumoniamnist, Block: [(18, 21)], Block Mode: linear, MLP: [], MLP Mode: identity, Attn: [] Heads: {}",0.8306623931623931,0.03100592277976806,885
"Encoder: google/vit-large-patch16-224, Dataset: pneumoniamnist, Block: [(18, 22)], Block Mode: linear, MLP: [], MLP Mode: identity, Attn: [] Heads: {}",0.8349358974358975,0.025186271867791193,888
"Encoder: google/vit-large-patch16-224, Dataset: pneumoniamnist, Block: [(18, 23)], Block Mode: linear, MLP: [], MLP Mode: identity, Attn: [] Heads: {}",0.8418803418803419,0.031498980743174275,891
"Encoder: google/vit-large-patch16-224, Dataset: pneumoniamnist, Block: [(19, 20)], Block Mode: linear, MLP: [], MLP Mode: identity, Attn: [] Heads: {}",0.829594017094017,0.028727200127668284,894
"Encoder: google/vit-large-patch16-224, Dataset: pneumoniamnist, Block: [(19, 21)], Block Mode: linear, MLP: [], MLP Mode: identity, Attn: [] Heads: {}",0.8333333333333334,0.03492707486811436,897
"Encoder: google/vit-large-patch16-224, Dataset: pneumoniamnist, Block: [(19, 22)], Block Mode: linear, MLP: [], MLP Mode: identity, Attn: [] Heads: {}",0.8365384615384616,0.033347198792764085,900
"Encoder: google/vit-large-patch16-224, Dataset: pneumoniamnist, Block: [(19, 23)], Block Mode: linear, MLP: [], MLP Mode: identity, Attn: [] Heads: {}",0.8461538461538461,0.02817050613981884,903
"Encoder: google/vit-large-patch16-224, Dataset: pneumoniamnist, Block: [(20, 21)], Block Mode: linear, MLP: [], MLP Mode: identity, Attn: [] Heads: {}",0.827991452991453,0.02463643708888932,906
"Encoder: google/vit-large-patch16-224, Dataset: pneumoniamnist, Block: [(20, 22)], Block Mode: linear, MLP: [], MLP Mode: identity, Attn: [] Heads: {}",0.8360042735042734,0.026349065075082303,909
"Encoder: google/vit-large-patch16-224, Dataset: pneumoniamnist, Block: [(20, 23)], Block Mode: linear, MLP: [], MLP Mode: identity, Attn: [] Heads: {}",0.8338675213675213,0.02555742246561043,912
"Encoder: google/vit-large-patch16-224, Dataset: pneumoniamnist, Block: [(21, 22)], Block Mode: linear, MLP: [], MLP Mode: identity, Attn: [] Heads: {}",0.8338675213675213,0.027259296628574927,915
"Encoder: google/vit-large-patch16-224, Dataset: pneumoniamnist, Block: [(21, 23)], Block Mode: linear, MLP: [], MLP Mode: identity, Attn: [] Heads: {}",0.829594017094017,0.029780683471722982,918
"Encoder: google/vit-large-patch16-224, Dataset: pneumoniamnist, Block: [(22, 23)], Block Mode: linear, MLP: [], MLP Mode: identity, Attn: [] Heads: {}",0.829594017094017,0.021875635928892377,921
"Encoder: google/vit-large-patch16-224, Dataset: cifar100, Block: [], Block Mode: identity, MLP: [], MLP Mode: identity, Attn: [] Heads: {}",0.8637333333333334,0.002514623895005656,924
"Encoder: google/vit-large-patch16-224, Dataset: cifar100, Block: [(6, 7)], Block Mode: linear, MLP: [], MLP Mode: identity, Attn: [] Heads: {}",0.8567,0.001743559577416281,927
"Encoder: google/vit-large-patch16-224, Dataset: cifar100, Block: [(6, 8)], Block Mode: linear, MLP: [], MLP Mode: identity, Attn: [] Heads: {}",0.8527333333333335,0.002571640202931485,930
"Encoder: google/vit-large-patch16-224, Dataset: cifar100, Block: [(6, 9)], Block Mode: linear, MLP: [], MLP Mode: identity, Attn: [] Heads: {}",0.8436333333333333,0.007270717525343221,933
"Encoder: google/vit-large-patch16-224, Dataset: cifar100, Block: [(6, 10)], Block Mode: linear, MLP: [], MLP Mode: identity, Attn: [] Heads: {}",0.8200333333333333,0.0013428824718988972,936
"Encoder: google/vit-large-patch16-224, Dataset: cifar100, Block: [(6, 11)], Block Mode: linear, MLP: [], MLP Mode: identity, Attn: [] Heads: {}",0.7847,0.0010148891565092428,939
"Encoder: google/vit-large-patch16-224, Dataset: cifar100, Block: [(6, 12)], Block Mode: linear, MLP: [], MLP Mode: identity, Attn: [] Heads: {}",0.7344333333333334,0.003572580766523494,942
"Encoder: google/vit-large-patch16-224, Dataset: cifar100, Block: [(6, 13)], Block Mode: linear, MLP: [], MLP Mode: identity, Attn: [] Heads: {}",0.6960333333333333,0.0021126602503321146,945
"Encoder: google/vit-large-patch16-224, Dataset: cifar100, Block: [(6, 14)], Block Mode: linear, MLP: [], MLP Mode: identity, Attn: [] Heads: {}",0.6624666666666666,0.0017243356208503707,948
"Encoder: google/vit-large-patch16-224, Dataset: cifar100, Block: [(6, 15)], Block Mode: linear, MLP: [], MLP Mode: identity, Attn: [] Heads: {}",0.6280666666666667,0.0043844421918111005,951
"Encoder: google/vit-large-patch16-224, Dataset: cifar100, Block: [(6, 16)], Block Mode: linear, MLP: [], MLP Mode: identity, Attn: [] Heads: {}",0.6006,0.004650806381693405,954
"Encoder: google/vit-large-patch16-224, Dataset: cifar100, Block: [(6, 17)], Block Mode: linear, MLP: [], MLP Mode: identity, Attn: [] Heads: {}",0.5738333333333333,0.010484432904708489,957
"Encoder: google/vit-large-patch16-224, Dataset: cifar100, Block: [(6, 18)], Block Mode: linear, MLP: [], MLP Mode: identity, Attn: [] Heads: {}",0.549,0.009804590761474908,960
"Encoder: google/vit-large-patch16-224, Dataset: cifar100, Block: [(6, 19)], Block Mode: linear, MLP: [], MLP Mode: identity, Attn: [] Heads: {}",0.5338666666666666,0.005517547764481416,963
"Encoder: google/vit-large-patch16-224, Dataset: cifar100, Block: [(6, 20)], Block Mode: linear, MLP: [], MLP Mode: identity, Attn: [] Heads: {}",0.5295333333333333,0.002182506204649443,966
"Encoder: google/vit-large-patch16-224, Dataset: cifar100, Block: [(6, 21)], Block Mode: linear, MLP: [], MLP Mode: identity, Attn: [] Heads: {}",0.5299666666666666,0.0030005555041247712,969
"Encoder: google/vit-large-patch16-224, Dataset: cifar100, Block: [(6, 22)], Block Mode: linear, MLP: [], MLP Mode: identity, Attn: [] Heads: {}",0.5339333333333333,0.0037112441759244003,972
"Encoder: google/vit-large-patch16-224, Dataset: cifar100, Block: [(6, 23)], Block Mode: linear, MLP: [], MLP Mode: identity, Attn: [] Heads: {}",0.5444333333333333,0.001738773514099337,975
"Encoder: google/vit-large-patch16-224, Dataset: cifar100, Block: [(7, 8)], Block Mode: linear, MLP: [], MLP Mode: identity, Attn: [] Heads: {}",0.8613666666666667,0.0013503086067019445,978
"Encoder: google/vit-large-patch16-224, Dataset: cifar100, Block: [(7, 9)], Block Mode: linear, MLP: [], MLP Mode: identity, Attn: [] Heads: {}",0.8577,0.0007000000000000378,981
"Encoder: google/vit-large-patch16-224, Dataset: cifar100, Block: [(7, 10)], Block Mode: linear, MLP: [], MLP Mode: identity, Attn: [] Heads: {}",0.8443999999999999,0.0007999999999999396,984
"Encoder: google/vit-large-patch16-224, Dataset: cifar100, Block: [(7, 11)], Block Mode: linear, MLP: [], MLP Mode: identity, Attn: [] Heads: {}",0.8222666666666667,0.004996331987902085,987
"Encoder: google/vit-large-patch16-224, Dataset: cifar100, Block: [(7, 12)], Block Mode: linear, MLP: [], MLP Mode: identity, Attn: [] Heads: {}",0.7858999999999999,0.002523885892824817,990
"Encoder: google/vit-large-patch16-224, Dataset: cifar100, Block: [(7, 13)], Block Mode: linear, MLP: [], MLP Mode: identity, Attn: [] Heads: {}",0.7427333333333334,0.004600362304572654,993
"Encoder: google/vit-large-patch16-224, Dataset: cifar100, Block: [(7, 14)], Block Mode: linear, MLP: [], MLP Mode: identity, Attn: [] Heads: {}",0.7147,0.0014525839046333438,996
"Encoder: google/vit-large-patch16-224, Dataset: cifar100, Block: [(7, 15)], Block Mode: linear, MLP: [], MLP Mode: identity, Attn: [] Heads: {}",0.6800333333333333,0.0006350852961085985,999
"Encoder: google/vit-large-patch16-224, Dataset: cifar100, Block: [(7, 16)], Block Mode: linear, MLP: [], MLP Mode: identity, Attn: [] Heads: {}",0.6523666666666667,0.0017387735140992956,1002
"Encoder: google/vit-large-patch16-224, Dataset: cifar100, Block: [(7, 17)], Block Mode: linear, MLP: [], MLP Mode: identity, Attn: [] Heads: {}",0.6211333333333333,0.00716961179795208,1005
"Encoder: google/vit-large-patch16-224, Dataset: cifar100, Block: [(7, 18)], Block Mode: linear, MLP: [], MLP Mode: identity, Attn: [] Heads: {}",0.5916,0.007472616676907777,1008
"Encoder: google/vit-large-patch16-224, Dataset: cifar100, Block: [(7, 19)], Block Mode: linear, MLP: [], MLP Mode: identity, Attn: [] Heads: {}",0.5723333333333334,0.006951498639382233,1011
"Encoder: google/vit-large-patch16-224, Dataset: cifar100, Block: [(7, 20)], Block Mode: linear, MLP: [], MLP Mode: identity, Attn: [] Heads: {}",0.5642333333333333,0.005186842327787999,1014
"Encoder: google/vit-large-patch16-224, Dataset: cifar100, Block: [(7, 21)], Block Mode: linear, MLP: [], MLP Mode: identity, Attn: [] Heads: {}",0.5616666666666666,0.00366924152016922,1017
"Encoder: google/vit-large-patch16-224, Dataset: cifar100, Block: [(7, 22)], Block Mode: linear, MLP: [], MLP Mode: identity, Attn: [] Heads: {}",0.5798,0.007471947537289115,1020
"Encoder: google/vit-large-patch16-224, Dataset: cifar100, Block: [(7, 23)], Block Mode: linear, MLP: [], MLP Mode: identity, Attn: [] Heads: {}",0.5718666666666666,0.0027465129406819824,1023
"Encoder: google/vit-large-patch16-224, Dataset: cifar100, Block: [(8, 9)], Block Mode: linear, MLP: [], MLP Mode: identity, Attn: [] Heads: {}",0.8638666666666666,0.0011718930554164445,1026
"Encoder: google/vit-large-patch16-224, Dataset: cifar100, Block: [(8, 10)], Block Mode: linear, MLP: [], MLP Mode: identity, Attn: [] Heads: {}",0.8574333333333334,0.0015044378795195958,1029
"Encoder: google/vit-large-patch16-224, Dataset: cifar100, Block: [(8, 11)], Block Mode: linear, MLP: [], MLP Mode: identity, Attn: [] Heads: {}",0.8476333333333333,0.0009073771725877823,1032
"Encoder: google/vit-large-patch16-224, Dataset: cifar100, Block: [(8, 12)], Block Mode: linear, MLP: [], MLP Mode: identity, Attn: [] Heads: {}",0.8203666666666667,0.0009291573243177123,1035
"Encoder: google/vit-large-patch16-224, Dataset: cifar100, Block: [(8, 13)], Block Mode: linear, MLP: [], MLP Mode: identity, Attn: [] Heads: {}",0.7920666666666666,0.00015275252316517785,1038
"Encoder: google/vit-large-patch16-224, Dataset: cifar100, Block: [(8, 14)], Block Mode: linear, MLP: [], MLP Mode: identity, Attn: [] Heads: {}",0.7645,0.002253885533916928,1041
"Encoder: google/vit-large-patch16-224, Dataset: cifar100, Block: [(8, 15)], Block Mode: linear, MLP: [], MLP Mode: identity, Attn: [] Heads: {}",0.7366,0.0016462077633154436,1044
"Encoder: google/vit-large-patch16-224, Dataset: cifar100, Block: [(8, 16)], Block Mode: linear, MLP: [], MLP Mode: identity, Attn: [] Heads: {}",0.7040666666666667,0.0005686240703077474,1047
"Encoder: google/vit-large-patch16-224, Dataset: cifar100, Block: [(8, 17)], Block Mode: linear, MLP: [], MLP Mode: identity, Attn: [] Heads: {}",0.6777000000000001,0.0019519221295943203,1050
"Encoder: google/vit-large-patch16-224, Dataset: cifar100, Block: [(8, 18)], Block Mode: linear, MLP: [], MLP Mode: identity, Attn: [] Heads: {}",0.649,0.005284884104689487,1053
"Encoder: google/vit-large-patch16-224, Dataset: cifar100, Block: [(8, 19)], Block Mode: linear, MLP: [], MLP Mode: identity, Attn: [] Heads: {}",0.6329666666666668,0.009654187347122162,1056
"Encoder: google/vit-large-patch16-224, Dataset: cifar100, Block: [(8, 20)], Block Mode: linear, MLP: [], MLP Mode: identity, Attn: [] Heads: {}",0.6247333333333334,0.005947548514584285,1059
"Encoder: google/vit-large-patch16-224, Dataset: cifar100, Block: [(8, 21)], Block Mode: linear, MLP: [], MLP Mode: identity, Attn: [] Heads: {}",0.6215,0.00822921624457642,1062
"Encoder: google/vit-large-patch16-224, Dataset: cifar100, Block: [(8, 22)], Block Mode: linear, MLP: [], MLP Mode: identity, Attn: [] Heads: {}",0.6176333333333334,0.0033201405592735767,1065
"Encoder: google/vit-large-patch16-224, Dataset: cifar100, Block: [(8, 23)], Block Mode: linear, MLP: [], MLP Mode: identity, Attn: [] Heads: {}",0.6164000000000001,0.0038431757701150957,1068
"Encoder: google/vit-large-patch16-224, Dataset: cifar100, Block: [(9, 10)], Block Mode: linear, MLP: [], MLP Mode: identity, Attn: [] Heads: {}",0.8592,0.0025514701644346275,1071
"Encoder: google/vit-large-patch16-224, Dataset: cifar100, Block: [(9, 11)], Block Mode: linear, MLP: [], MLP Mode: identity, Attn: [] Heads: {}",0.8516666666666667,0.0003055050463303557,1074
"Encoder: google/vit-large-patch16-224, Dataset: cifar100, Block: [(9, 12)], Block Mode: linear, MLP: [], MLP Mode: identity, Attn: [] Heads: {}",0.8347000000000001,0.004491102314577167,1077
"Encoder: google/vit-large-patch16-224, Dataset: cifar100, Block: [(9, 13)], Block Mode: linear, MLP: [], MLP Mode: identity, Attn: [] Heads: {}",0.8127666666666666,0.003550117368951852,1080
"Encoder: google/vit-large-patch16-224, Dataset: cifar100, Block: [(9, 14)], Block Mode: linear, MLP: [], MLP Mode: identity, Attn: [] Heads: {}",0.7938333333333333,0.0055428632793289925,1083
"Encoder: google/vit-large-patch16-224, Dataset: cifar100, Block: [(9, 15)], Block Mode: linear, MLP: [], MLP Mode: identity, Attn: [] Heads: {}",0.7698,0.005301886456724659,1086
"Encoder: google/vit-large-patch16-224, Dataset: cifar100, Block: [(9, 16)], Block Mode: linear, MLP: [], MLP Mode: identity, Attn: [] Heads: {}",0.7405333333333334,0.00414286535302955,1089
"Encoder: google/vit-large-patch16-224, Dataset: cifar100, Block: [(9, 17)], Block Mode: linear, MLP: [], MLP Mode: identity, Attn: [] Heads: {}",0.7145999999999999,0.005139066063011836,1092
"Encoder: google/vit-large-patch16-224, Dataset: cifar100, Block: [(9, 18)], Block Mode: linear, MLP: [], MLP Mode: identity, Attn: [] Heads: {}",0.6885333333333333,0.0033620430296671428,1095
"Encoder: google/vit-large-patch16-224, Dataset: cifar100, Block: [(9, 19)], Block Mode: linear, MLP: [], MLP Mode: identity, Attn: [] Heads: {}",0.6756666666666667,0.0034818577416852415,1098
"Encoder: google/vit-large-patch16-224, Dataset: cifar100, Block: [(9, 20)], Block Mode: linear, MLP: [], MLP Mode: identity, Attn: [] Heads: {}",0.6682666666666667,0.001650252505931582,1101
"Encoder: google/vit-large-patch16-224, Dataset: cifar100, Block: [(9, 21)], Block Mode: linear, MLP: [], MLP Mode: identity, Attn: [] Heads: {}",0.6620666666666667,0.003946306289852993,1104
"Encoder: google/vit-large-patch16-224, Dataset: cifar100, Block: [(9, 22)], Block Mode: linear, MLP: [], MLP Mode: identity, Attn: [] Heads: {}",0.6531333333333333,0.006709942871093106,1107
"Encoder: google/vit-large-patch16-224, Dataset: cifar100, Block: [(9, 23)], Block Mode: linear, MLP: [], MLP Mode: identity, Attn: [] Heads: {}",0.6551666666666667,0.004086971168644745,1110
"Encoder: google/vit-large-patch16-224, Dataset: cifar100, Block: [(10, 11)], Block Mode: linear, MLP: [], MLP Mode: identity, Attn: [] Heads: {}",0.8627666666666668,0.0003055050463303557,1113
"Encoder: google/vit-large-patch16-224, Dataset: cifar100, Block: [(10, 12)], Block Mode: linear, MLP: [], MLP Mode: identity, Attn: [] Heads: {}",0.8505333333333334,0.0022007574453658547,1116
"Encoder: google/vit-large-patch16-224, Dataset: cifar100, Block: [(10, 13)], Block Mode: linear, MLP: [], MLP Mode: identity, Attn: [] Heads: {}",0.8354666666666667,0.0026839026311200865,1119
"Encoder: google/vit-large-patch16-224, Dataset: cifar100, Block: [(10, 14)], Block Mode: linear, MLP: [], MLP Mode: identity, Attn: [] Heads: {}",0.8199,0.005766281297335371,1122
"Encoder: google/vit-large-patch16-224, Dataset: cifar100, Block: [(10, 15)], Block Mode: linear, MLP: [], MLP Mode: identity, Attn: [] Heads: {}",0.8020999999999999,0.0028354893757515463,1125
"Encoder: google/vit-large-patch16-224, Dataset: cifar100, Block: [(10, 16)], Block Mode: linear, MLP: [], MLP Mode: identity, Attn: [] Heads: {}",0.7794333333333334,0.005600297611139386,1128
"Encoder: google/vit-large-patch16-224, Dataset: cifar100, Block: [(10, 17)], Block Mode: linear, MLP: [], MLP Mode: identity, Attn: [] Heads: {}",0.7564333333333333,0.0014977761292440301,1131
"Encoder: google/vit-large-patch16-224, Dataset: cifar100, Block: [(10, 18)], Block Mode: linear, MLP: [], MLP Mode: identity, Attn: [] Heads: {}",0.7303000000000001,0.004132795663954367,1134
"Encoder: google/vit-large-patch16-224, Dataset: cifar100, Block: [(10, 19)], Block Mode: linear, MLP: [], MLP Mode: identity, Attn: [] Heads: {}",0.7202666666666667,0.004760602202803072,1137
"Encoder: google/vit-large-patch16-224, Dataset: cifar100, Block: [(10, 20)], Block Mode: linear, MLP: [], MLP Mode: identity, Attn: [] Heads: {}",0.7012333333333333,0.0027006172134038872,1140
"Encoder: google/vit-large-patch16-224, Dataset: cifar100, Block: [(10, 21)], Block Mode: linear, MLP: [], MLP Mode: identity, Attn: [] Heads: {}",0.6996666666666668,0.004064890322423693,1143
"Encoder: google/vit-large-patch16-224, Dataset: cifar100, Block: [(10, 22)], Block Mode: linear, MLP: [], MLP Mode: identity, Attn: [] Heads: {}",0.6912333333333334,0.004174126655161949,1146
"Encoder: google/vit-large-patch16-224, Dataset: cifar100, Block: [(10, 23)], Block Mode: linear, MLP: [], MLP Mode: identity, Attn: [] Heads: {}",0.6904,0.0061733297336202565,1149
"Encoder: google/vit-large-patch16-224, Dataset: cifar100, Block: [(11, 12)], Block Mode: linear, MLP: [], MLP Mode: identity, Attn: [] Heads: {}",0.8603333333333333,0.0019347695814575622,1152
"Encoder: google/vit-large-patch16-224, Dataset: cifar100, Block: [(11, 13)], Block Mode: linear, MLP: [], MLP Mode: identity, Attn: [] Heads: {}",0.8455666666666666,0.0020108041509141416,1155
"Encoder: google/vit-large-patch16-224, Dataset: cifar100, Block: [(11, 14)], Block Mode: linear, MLP: [], MLP Mode: identity, Attn: [] Heads: {}",0.8394,0.0024331050121192688,1158
"Encoder: google/vit-large-patch16-224, Dataset: cifar100, Block: [(11, 15)], Block Mode: linear, MLP: [], MLP Mode: identity, Attn: [] Heads: {}",0.8210666666666667,0.0019756855350316514,1161
"Encoder: google/vit-large-patch16-224, Dataset: cifar100, Block: [(11, 16)], Block Mode: linear, MLP: [], MLP Mode: identity, Attn: [] Heads: {}",0.8065000000000001,0.0021702534414210057,1164
"Encoder: google/vit-large-patch16-224, Dataset: cifar100, Block: [(11, 17)], Block Mode: linear, MLP: [], MLP Mode: identity, Attn: [] Heads: {}",0.7859666666666666,0.002205296654269737,1167
"Encoder: google/vit-large-patch16-224, Dataset: cifar100, Block: [(11, 18)], Block Mode: linear, MLP: [], MLP Mode: identity, Attn: [] Heads: {}",0.7678666666666668,0.0035388321990924582,1170
"Encoder: google/vit-large-patch16-224, Dataset: cifar100, Block: [(11, 19)], Block Mode: linear, MLP: [], MLP Mode: identity, Attn: [] Heads: {}",0.7506333333333334,0.0024006943440040944,1173
"Encoder: google/vit-large-patch16-224, Dataset: cifar100, Block: [(11, 20)], Block Mode: linear, MLP: [], MLP Mode: identity, Attn: [] Heads: {}",0.7356666666666666,0.0024906491790963265,1176
"Encoder: google/vit-large-patch16-224, Dataset: cifar100, Block: [(11, 21)], Block Mode: linear, MLP: [], MLP Mode: identity, Attn: [] Heads: {}",0.7239,0.0020223748416156556,1179
"Encoder: google/vit-large-patch16-224, Dataset: cifar100, Block: [(11, 22)], Block Mode: linear, MLP: [], MLP Mode: identity, Attn: [] Heads: {}",0.7216999999999999,0.0018330302779823522,1182
"Encoder: google/vit-large-patch16-224, Dataset: cifar100, Block: [(11, 23)], Block Mode: linear, MLP: [], MLP Mode: identity, Attn: [] Heads: {}",0.7248333333333333,0.0011060440015357926,1185
"Encoder: google/vit-large-patch16-224, Dataset: cifar100, Block: [(12, 13)], Block Mode: linear, MLP: [], MLP Mode: identity, Attn: [] Heads: {}",0.856,0.0028827070610798916,1188
"Encoder: google/vit-large-patch16-224, Dataset: cifar100, Block: [(12, 14)], Block Mode: linear, MLP: [], MLP Mode: identity, Attn: [] Heads: {}",0.8517666666666667,0.0015821925715074259,1191
"Encoder: google/vit-large-patch16-224, Dataset: cifar100, Block: [(12, 15)], Block Mode: linear, MLP: [], MLP Mode: identity, Attn: [] Heads: {}",0.8400333333333334,0.0005507570547286251,1194
"Encoder: google/vit-large-patch16-224, Dataset: cifar100, Block: [(12, 16)], Block Mode: linear, MLP: [], MLP Mode: identity, Attn: [] Heads: {}",0.8283666666666667,0.0017039170558842418,1197
"Encoder: google/vit-large-patch16-224, Dataset: cifar100, Block: [(12, 17)], Block Mode: linear, MLP: [], MLP Mode: identity, Attn: [] Heads: {}",0.8157,0.0052507142371300075,1200
"Encoder: google/vit-large-patch16-224, Dataset: cifar100, Block: [(12, 18)], Block Mode: linear, MLP: [], MLP Mode: identity, Attn: [] Heads: {}",0.7982,0.0047822588804873715,1203
"Encoder: google/vit-large-patch16-224, Dataset: cifar100, Block: [(12, 19)], Block Mode: linear, MLP: [], MLP Mode: identity, Attn: [] Heads: {}",0.7816000000000001,0.002426932219902294,1206
"Encoder: google/vit-large-patch16-224, Dataset: cifar100, Block: [(12, 20)], Block Mode: linear, MLP: [], MLP Mode: identity, Attn: [] Heads: {}",0.761,0.006518435395092873,1209
"Encoder: google/vit-large-patch16-224, Dataset: cifar100, Block: [(12, 21)], Block Mode: linear, MLP: [], MLP Mode: identity, Attn: [] Heads: {}",0.7494999999999999,0.005002999100539587,1212
"Encoder: google/vit-large-patch16-224, Dataset: cifar100, Block: [(12, 22)], Block Mode: linear, MLP: [], MLP Mode: identity, Attn: [] Heads: {}",0.7446,0.004557411546042366,1215
"Encoder: google/vit-large-patch16-224, Dataset: cifar100, Block: [(12, 23)], Block Mode: linear, MLP: [], MLP Mode: identity, Attn: [] Heads: {}",0.7485666666666667,0.007351417096950362,1218
"Encoder: google/vit-large-patch16-224, Dataset: cifar100, Block: [(13, 14)], Block Mode: linear, MLP: [], MLP Mode: identity, Attn: [] Heads: {}",0.8605333333333333,0.004091861841916654,1221
"Encoder: google/vit-large-patch16-224, Dataset: cifar100, Block: [(13, 15)], Block Mode: linear, MLP: [], MLP Mode: identity, Attn: [] Heads: {}",0.8492999999999999,0.001682260384126019,1224
"Encoder: google/vit-large-patch16-224, Dataset: cifar100, Block: [(13, 16)], Block Mode: linear, MLP: [], MLP Mode: identity, Attn: [] Heads: {}",0.8409,0.0017058722109232266,1227
"Encoder: google/vit-large-patch16-224, Dataset: cifar100, Block: [(13, 17)], Block Mode: linear, MLP: [], MLP Mode: identity, Attn: [] Heads: {}",0.8298666666666668,0.001616580753730963,1230
"Encoder: google/vit-large-patch16-224, Dataset: cifar100, Block: [(13, 18)], Block Mode: linear, MLP: [], MLP Mode: identity, Attn: [] Heads: {}",0.8175333333333333,0.0028536526301099117,1233
"Encoder: google/vit-large-patch16-224, Dataset: cifar100, Block: [(13, 19)], Block Mode: linear, MLP: [], MLP Mode: identity, Attn: [] Heads: {}",0.8066,0.004179712908801294,1236
"Encoder: google/vit-large-patch16-224, Dataset: cifar100, Block: [(13, 20)], Block Mode: linear, MLP: [], MLP Mode: identity, Attn: [] Heads: {}",0.7899333333333334,0.003592121007612793,1239
"Encoder: google/vit-large-patch16-224, Dataset: cifar100, Block: [(13, 21)], Block Mode: linear, MLP: [], MLP Mode: identity, Attn: [] Heads: {}",0.7759666666666667,0.004903400180826849,1242
"Encoder: google/vit-large-patch16-224, Dataset: cifar100, Block: [(13, 22)], Block Mode: linear, MLP: [], MLP Mode: identity, Attn: [] Heads: {}",0.7703666666666668,0.0004725815626252871,1245
"Encoder: google/vit-large-patch16-224, Dataset: cifar100, Block: [(13, 23)], Block Mode: linear, MLP: [], MLP Mode: identity, Attn: [] Heads: {}",0.7755,0.004267317658670375,1248
"Encoder: google/vit-large-patch16-224, Dataset: cifar100, Block: [(14, 15)], Block Mode: linear, MLP: [], MLP Mode: identity, Attn: [] Heads: {}",0.8563999999999999,0.002325940669922647,1251
"Encoder: google/vit-large-patch16-224, Dataset: cifar100, Block: [(14, 16)], Block Mode: linear, MLP: [], MLP Mode: identity, Attn: [] Heads: {}",0.8523666666666667,0.004289910643980029,1254
"Encoder: google/vit-large-patch16-224, Dataset: cifar100, Block: [(14, 17)], Block Mode: linear, MLP: [], MLP Mode: identity, Attn: [] Heads: {}",0.8448666666666668,0.000750555349946567,1257
"Encoder: google/vit-large-patch16-224, Dataset: cifar100, Block: [(14, 18)], Block Mode: linear, MLP: [], MLP Mode: identity, Attn: [] Heads: {}",0.8383333333333334,0.00373139830805199,1260
"Encoder: google/vit-large-patch16-224, Dataset: cifar100, Block: [(14, 19)], Block Mode: linear, MLP: [], MLP Mode: identity, Attn: [] Heads: {}",0.8277,0.001352774925846832,1263
"Encoder: google/vit-large-patch16-224, Dataset: cifar100, Block: [(14, 20)], Block Mode: linear, MLP: [], MLP Mode: identity, Attn: [] Heads: {}",0.8142666666666667,0.0033545988334424117,1266
"Encoder: google/vit-large-patch16-224, Dataset: cifar100, Block: [(14, 21)], Block Mode: linear, MLP: [], MLP Mode: identity, Attn: [] Heads: {}",0.8050333333333333,0.0044836740886614055,1269
"Encoder: google/vit-large-patch16-224, Dataset: cifar100, Block: [(14, 22)], Block Mode: linear, MLP: [], MLP Mode: identity, Attn: [] Heads: {}",0.8046666666666665,0.0010016652800877836,1272
"Encoder: google/vit-large-patch16-224, Dataset: cifar100, Block: [(14, 23)], Block Mode: linear, MLP: [], MLP Mode: identity, Attn: [] Heads: {}",0.8077666666666667,0.006208327740489663,1275
"Encoder: google/vit-large-patch16-224, Dataset: cifar100, Block: [(15, 16)], Block Mode: linear, MLP: [], MLP Mode: identity, Attn: [] Heads: {}",0.8589666666666668,0.0033545988334424477,1278
"Encoder: google/vit-large-patch16-224, Dataset: cifar100, Block: [(15, 17)], Block Mode: linear, MLP: [], MLP Mode: identity, Attn: [] Heads: {}",0.8542333333333333,0.001501110699893039,1281
"Encoder: google/vit-large-patch16-224, Dataset: cifar100, Block: [(15, 18)], Block Mode: linear, MLP: [], MLP Mode: identity, Attn: [] Heads: {}",0.8476666666666667,0.0022188585654189918,1284
"Encoder: google/vit-large-patch16-224, Dataset: cifar100, Block: [(15, 19)], Block Mode: linear, MLP: [], MLP Mode: identity, Attn: [] Heads: {}",0.8405,0.0021794494717703324,1287
"Encoder: google/vit-large-patch16-224, Dataset: cifar100, Block: [(15, 20)], Block Mode: linear, MLP: [], MLP Mode: identity, Attn: [] Heads: {}",0.8255333333333333,0.0015947831618540697,1290
"Encoder: google/vit-large-patch16-224, Dataset: cifar100, Block: [(15, 21)], Block Mode: linear, MLP: [], MLP Mode: identity, Attn: [] Heads: {}",0.8271000000000001,0.0016522711641858469,1293
"Encoder: google/vit-large-patch16-224, Dataset: cifar100, Block: [(15, 22)], Block Mode: linear, MLP: [], MLP Mode: identity, Attn: [] Heads: {}",0.8209333333333334,0.0015947831618540501,1296
"Encoder: google/vit-large-patch16-224, Dataset: cifar100, Block: [(15, 23)], Block Mode: linear, MLP: [], MLP Mode: identity, Attn: [] Heads: {}",0.8283999999999999,0.009165696918401816,1299
"Encoder: google/vit-large-patch16-224, Dataset: cifar100, Block: [(16, 17)], Block Mode: linear, MLP: [], MLP Mode: identity, Attn: [] Heads: {}",0.8623333333333334,0.0017214335111566806,1302
"Encoder: google/vit-large-patch16-224, Dataset: cifar100, Block: [(16, 18)], Block Mode: linear, MLP: [], MLP Mode: identity, Attn: [] Heads: {}",0.8591666666666667,0.002742869543622772,1305
"Encoder: google/vit-large-patch16-224, Dataset: cifar100, Block: [(16, 19)], Block Mode: linear, MLP: [], MLP Mode: identity, Attn: [] Heads: {}",0.8487333333333335,0.002478574859336195,1308
"Encoder: google/vit-large-patch16-224, Dataset: cifar100, Block: [(16, 20)], Block Mode: linear, MLP: [], MLP Mode: identity, Attn: [] Heads: {}",0.8402,0.002787471972953287,1311
"Encoder: google/vit-large-patch16-224, Dataset: cifar100, Block: [(16, 21)], Block Mode: linear, MLP: [], MLP Mode: identity, Attn: [] Heads: {}",0.8387666666666668,0.004860384072615377,1314
"Encoder: google/vit-large-patch16-224, Dataset: cifar100, Block: [(16, 22)], Block Mode: linear, MLP: [], MLP Mode: identity, Attn: [] Heads: {}",0.8316666666666667,0.000986576572463274,1317
"Encoder: google/vit-large-patch16-224, Dataset: cifar100, Block: [(16, 23)], Block Mode: linear, MLP: [], MLP Mode: identity, Attn: [] Heads: {}",0.8388666666666666,0.005913825608971953,1320
"Encoder: google/vit-large-patch16-224, Dataset: cifar100, Block: [(17, 18)], Block Mode: linear, MLP: [], MLP Mode: identity, Attn: [] Heads: {}",0.8607333333333335,0.004373023362998802,1323
"Encoder: google/vit-large-patch16-224, Dataset: cifar100, Block: [(17, 19)], Block Mode: linear, MLP: [], MLP Mode: identity, Attn: [] Heads: {}",0.8533,0.0009165151389910943,1326
"Encoder: google/vit-large-patch16-224, Dataset: cifar100, Block: [(17, 20)], Block Mode: linear, MLP: [], MLP Mode: identity, Attn: [] Heads: {}",0.8428333333333334,0.003002221399786056,1329
"Encoder: google/vit-large-patch16-224, Dataset: cifar100, Block: [(17, 21)], Block Mode: linear, MLP: [], MLP Mode: identity, Attn: [] Heads: {}",0.8462999999999999,0.004063249930782012,1332
"Encoder: google/vit-large-patch16-224, Dataset: cifar100, Block: [(17, 22)], Block Mode: linear, MLP: [], MLP Mode: identity, Attn: [] Heads: {}",0.8379333333333333,0.003564173583501955,1335
"Encoder: google/vit-large-patch16-224, Dataset: cifar100, Block: [(17, 23)], Block Mode: linear, MLP: [], MLP Mode: identity, Attn: [] Heads: {}",0.8473333333333333,0.005750072463311519,1338
"Encoder: google/vit-large-patch16-224, Dataset: cifar100, Block: [(18, 19)], Block Mode: linear, MLP: [], MLP Mode: identity, Attn: [] Heads: {}",0.8606333333333334,0.0009073771725877008,1341
"Encoder: google/vit-large-patch16-224, Dataset: cifar100, Block: [(18, 20)], Block Mode: linear, MLP: [], MLP Mode: identity, Attn: [] Heads: {}",0.8488333333333333,0.0029838453936712325,1344
"Encoder: google/vit-large-patch16-224, Dataset: cifar100, Block: [(18, 21)], Block Mode: linear, MLP: [], MLP Mode: identity, Attn: [] Heads: {}",0.8525,0.004703190406521937,1347
"Encoder: google/vit-large-patch16-224, Dataset: cifar100, Block: [(18, 22)], Block Mode: linear, MLP: [], MLP Mode: identity, Attn: [] Heads: {}",0.8487333333333332,0.004110150037812925,1350
"Encoder: google/vit-large-patch16-224, Dataset: cifar100, Block: [(18, 23)], Block Mode: linear, MLP: [], MLP Mode: identity, Attn: [] Heads: {}",0.856,0.005723635208501714,1353
"Encoder: google/vit-large-patch16-224, Dataset: cifar100, Block: [(19, 20)], Block Mode: linear, MLP: [], MLP Mode: identity, Attn: [] Heads: {}",0.8609666666666667,0.00179536440126599,1356
"Encoder: google/vit-large-patch16-224, Dataset: cifar100, Block: [(19, 21)], Block Mode: linear, MLP: [], MLP Mode: identity, Attn: [] Heads: {}",0.8614666666666667,0.0036473734842121038,1359
"Encoder: google/vit-large-patch16-224, Dataset: cifar100, Block: [(19, 22)], Block Mode: linear, MLP: [], MLP Mode: identity, Attn: [] Heads: {}",0.8614666666666667,0.004957149718672362,1362
"Encoder: google/vit-large-patch16-224, Dataset: cifar100, Block: [(19, 23)], Block Mode: linear, MLP: [], MLP Mode: identity, Attn: [] Heads: {}",0.8597999999999999,0.0050685303589896764,1365
"Encoder: google/vit-large-patch16-224, Dataset: cifar100, Block: [(20, 21)], Block Mode: linear, MLP: [], MLP Mode: identity, Attn: [] Heads: {}",0.8643333333333333,0.0035444792753425783,1368
"Encoder: google/vit-large-patch16-224, Dataset: cifar100, Block: [(20, 22)], Block Mode: linear, MLP: [], MLP Mode: identity, Attn: [] Heads: {}",0.8612666666666667,0.0026312227829154086,1371
"Encoder: google/vit-large-patch16-224, Dataset: cifar100, Block: [(20, 23)], Block Mode: linear, MLP: [], MLP Mode: identity, Attn: [] Heads: {}",0.8631333333333333,0.004669403959107928,1374
"Encoder: google/vit-large-patch16-224, Dataset: cifar100, Block: [(21, 22)], Block Mode: linear, MLP: [], MLP Mode: identity, Attn: [] Heads: {}",0.8655333333333334,0.0018610033136277795,1377
"Encoder: google/vit-large-patch16-224, Dataset: cifar100, Block: [(21, 23)], Block Mode: linear, MLP: [], MLP Mode: identity, Attn: [] Heads: {}",0.8659666666666667,0.0016563010998406848,1380
"Encoder: google/vit-large-patch16-224, Dataset: cifar100, Block: [(22, 23)], Block Mode: linear, MLP: [], MLP Mode: identity, Attn: [] Heads: {}",0.8651666666666666,0.0017039170558842637,1383
"Encoder: google/vit-base-patch16-224, Dataset: imagenet-1k, Block: [], Block Mode: identity, MLP: [], MLP Mode: identity, Attn: [] Heads: {}",0.7687666666666667,0.002850146195080751,1386
"Encoder: google/vit-base-patch16-224, Dataset: imagenet-1k, Block: [(5, 6)], Block Mode: linear, MLP: [], MLP Mode: identity, Attn: [] Heads: {}",0.7390333333333334,0.0020404247923737277,1389
"Encoder: google/vit-base-patch16-224, Dataset: imagenet-1k, Block: [(5, 7)], Block Mode: linear, MLP: [], MLP Mode: identity, Attn: [] Heads: {}",0.6731333333333334,0.0013650396819628395,1392
"Encoder: google/vit-base-patch16-224, Dataset: imagenet-1k, Block: [(5, 8)], Block Mode: linear, MLP: [], MLP Mode: identity, Attn: [] Heads: {}",0.5304333333333333,0.005253887449625669,1395
"Encoder: google/vit-base-patch16-224, Dataset: imagenet-1k, Block: [(5, 9)], Block Mode: linear, MLP: [], MLP Mode: identity, Attn: [] Heads: {}",0.401,0.0029103264421710545,1398
"Encoder: google/vit-base-patch16-224, Dataset: imagenet-1k, Block: [(5, 10)], Block Mode: linear, MLP: [], MLP Mode: identity, Attn: [] Heads: {}",0.32056666666666667,0.0050461206221545304,1401
"Encoder: google/vit-base-patch16-224, Dataset: imagenet-1k, Block: [(5, 11)], Block Mode: linear, MLP: [], MLP Mode: identity, Attn: [] Heads: {}",0.27646666666666664,0.0034034296427770385,1404
"Encoder: google/vit-base-patch16-224, Dataset: imagenet-1k, Block: [(6, 7)], Block Mode: linear, MLP: [], MLP Mode: identity, Attn: [] Heads: {}",0.7368333333333333,0.0022278539748675713,1407
"Encoder: google/vit-base-patch16-224, Dataset: imagenet-1k, Block: [(6, 8)], Block Mode: linear, MLP: [], MLP Mode: identity, Attn: [] Heads: {}",0.6486999999999999,0.002206807649071442,1410
"Encoder: google/vit-base-patch16-224, Dataset: imagenet-1k, Block: [(6, 9)], Block Mode: linear, MLP: [], MLP Mode: identity, Attn: [] Heads: {}",0.5052333333333333,0.002302896726588743,1413
"Encoder: google/vit-base-patch16-224, Dataset: imagenet-1k, Block: [(6, 10)], Block Mode: linear, MLP: [], MLP Mode: identity, Attn: [] Heads: {}",0.3764,0.003143246729100345,1416
"Encoder: google/vit-base-patch16-224, Dataset: imagenet-1k, Block: [(6, 11)], Block Mode: linear, MLP: [], MLP Mode: identity, Attn: [] Heads: {}",0.31406666666666666,0.003859188170241695,1419
"Encoder: google/vit-base-patch16-224, Dataset: imagenet-1k, Block: [(7, 8)], Block Mode: linear, MLP: [], MLP Mode: identity, Attn: [] Heads: {}",0.7255333333333334,0.002059935274064052,1422
"Encoder: google/vit-base-patch16-224, Dataset: imagenet-1k, Block: [(7, 9)], Block Mode: linear, MLP: [], MLP Mode: identity, Attn: [] Heads: {}",0.6126666666666667,0.0012662279942148563,1425
"Encoder: google/vit-base-patch16-224, Dataset: imagenet-1k, Block: [(7, 10)], Block Mode: linear, MLP: [], MLP Mode: identity, Attn: [] Heads: {}",0.4654,0.0007999999999999882,1428
"Encoder: google/vit-base-patch16-224, Dataset: imagenet-1k, Block: [(7, 11)], Block Mode: linear, MLP: [], MLP Mode: identity, Attn: [] Heads: {}",0.36146666666666666,0.0027537852736430612,1431
"Encoder: google/vit-base-patch16-224, Dataset: imagenet-1k, Block: [(8, 9)], Block Mode: linear, MLP: [], MLP Mode: identity, Attn: [] Heads: {}",0.7041666666666666,0.0009073771725877833,1434
"Encoder: google/vit-base-patch16-224, Dataset: imagenet-1k, Block: [(8, 10)], Block Mode: linear, MLP: [], MLP Mode: identity, Attn: [] Heads: {}",0.5705,0.0017320508075688787,1437
"Encoder: google/vit-base-patch16-224, Dataset: imagenet-1k, Block: [(8, 11)], Block Mode: linear, MLP: [], MLP Mode: identity, Attn: [] Heads: {}",0.41850000000000004,0.0039585350825778855,1440
"Encoder: google/vit-base-patch16-224, Dataset: imagenet-1k, Block: [(9, 10)], Block Mode: linear, MLP: [], MLP Mode: identity, Attn: [] Heads: {}",0.6838666666666667,0.0015502687938977425,1443
"Encoder: google/vit-base-patch16-224, Dataset: imagenet-1k, Block: [(9, 11)], Block Mode: linear, MLP: [], MLP Mode: identity, Attn: [] Heads: {}",0.5064000000000001,0.0010148891565092428,1446
"Encoder: google/vit-base-patch16-224, Dataset: imagenet-1k, Block: [(10, 11)], Block Mode: linear, MLP: [], MLP Mode: identity, Attn: [] Heads: {}",0.6828666666666666,0.005277625728803921,1449
"Encoder: facebook/deit-small-patch16-224, Dataset: imagenet-1k, Block: [], Block Mode: identity, MLP: [], MLP Mode: identity, Attn: [] Heads: {}",0.7374333333333333,0.0013650396819628716,1452
"Encoder: facebook/deit-small-patch16-224, Dataset: imagenet-1k, Block: [(4, 5)], Block Mode: linear, MLP: [], MLP Mode: identity, Attn: [] Heads: {}",0.7195999999999999,0.0012489995996796776,1455
"Encoder: facebook/deit-small-patch16-224, Dataset: imagenet-1k, Block: [(4, 6)], Block Mode: linear, MLP: [], MLP Mode: identity, Attn: [] Heads: {}",0.6408333333333333,0.001858314648635594,1458
"Encoder: facebook/deit-small-patch16-224, Dataset: imagenet-1k, Block: [(4, 7)], Block Mode: linear, MLP: [], MLP Mode: identity, Attn: [] Heads: {}",0.5135666666666666,0.0011015141094572107,1461
"Encoder: facebook/deit-small-patch16-224, Dataset: imagenet-1k, Block: [(5, 6)], Block Mode: linear, MLP: [], MLP Mode: identity, Attn: [] Heads: {}",0.7064666666666666,0.0025423086620891037,1464
"Encoder: facebook/deit-small-patch16-224, Dataset: imagenet-1k, Block: [(5, 7)], Block Mode: linear, MLP: [], MLP Mode: identity, Attn: [] Heads: {}",0.6255333333333333,0.0007505553499464616,1467
"Encoder: facebook/deit-small-patch16-224, Dataset: imagenet-1k, Block: [(6, 7)], Block Mode: linear, MLP: [], MLP Mode: identity, Attn: [] Heads: {}",0.7031000000000001,0.0012529964086141418,1470
"Encoder: facebook/deit-small-patch16-224, Dataset: imagenet-1k, Block: [(8, 9)], Block Mode: linear, MLP: [], MLP Mode: identity, Attn: [] Heads: {}",0.7018666666666666,0.0015143755588800626,1473
"Encoder: facebook/deit-small-patch16-224, Dataset: imagenet-1k, Block: [(8, 10)], Block Mode: linear, MLP: [], MLP Mode: identity, Attn: [] Heads: {}",0.6633333333333333,0.0009073771725877823,1476
"Encoder: facebook/deit-small-patch16-224, Dataset: imagenet-1k, Block: [(8, 11)], Block Mode: linear, MLP: [], MLP Mode: identity, Attn: [] Heads: {}",0.5716333333333333,0.0014011899704655382,1479
"Encoder: facebook/deit-small-patch16-224, Dataset: imagenet-1k, Block: [(9, 10)], Block Mode: linear, MLP: [], MLP Mode: identity, Attn: [] Heads: {}",0.7183333333333333,0.0005131601439447085,1482
"Encoder: facebook/deit-small-patch16-224, Dataset: imagenet-1k, Block: [(9, 11)], Block Mode: linear, MLP: [], MLP Mode: identity, Attn: [] Heads: {}",0.6984333333333334,0.002421432083155239,1485
"Encoder: facebook/deit-small-patch16-224, Dataset: imagenet-1k, Block: [(10, 11)], Block Mode: linear, MLP: [], MLP Mode: identity, Attn: [] Heads: {}",0.7356333333333334,0.002454248017893331,1488
"Encoder: microsoft/rad-dino, Dataset: imagenet-1k, Block: [], Block Mode: identity, MLP: [], MLP Mode: identity, Attn: [] Heads: {}",0.07533333333333334,0.0015821925715074445,1491
"Encoder: microsoft/rad-dino, Dataset: imagenet-1k, Block: [(0, 1)], Block Mode: linear, MLP: [], MLP Mode: identity, Attn: [] Heads: {}",0.0767,0.0026627053911388696,1494
"Encoder: microsoft/rad-dino, Dataset: imagenet-1k, Block: [(0, 2)], Block Mode: linear, MLP: [], MLP Mode: identity, Attn: [] Heads: {}",0.07793333333333334,0.0013503086067019436,1497
"Encoder: microsoft/rad-dino, Dataset: imagenet-1k, Block: [(0, 3)], Block Mode: linear, MLP: [], MLP Mode: identity, Attn: [] Heads: {}",0.0768,0.0031224989991991917,1500
"Encoder: microsoft/rad-dino, Dataset: imagenet-1k, Block: [(1, 2)], Block Mode: linear, MLP: [], MLP Mode: identity, Attn: [] Heads: {}",0.0783,0.002042057785666212,1503
"Encoder: microsoft/rad-dino, Dataset: imagenet-1k, Block: [(1, 3)], Block Mode: linear, MLP: [], MLP Mode: identity, Attn: [] Heads: {}",0.08093333333333334,0.002484619353811235,1506
"Encoder: microsoft/rad-dino, Dataset: imagenet-1k, Block: [(2, 3)], Block Mode: linear, MLP: [], MLP Mode: identity, Attn: [] Heads: {}",0.07893333333333334,0.0023501772982763144,1509
"Encoder: facebook/deit-base-patch16-224, Dataset: imagenet-1k, Block: [], Block Mode: identity, MLP: [], MLP Mode: identity, Attn: [] Heads: {}",0.7761999999999999,0.002264950330581196,1512
"Encoder: facebook/deit-base-patch16-224, Dataset: imagenet-1k, Block: [(0, 1)], Block Mode: linear, MLP: [], MLP Mode: identity, Attn: [] Heads: {}",0.7532,0.0015099668870541712,1515
"Encoder: facebook/deit-base-patch16-224, Dataset: imagenet-1k, Block: [(0, 2)], Block Mode: linear, MLP: [], MLP Mode: identity, Attn: [] Heads: {}",0.7223333333333333,0.0024214320831552074,1518
"Encoder: facebook/deit-base-patch16-224, Dataset: imagenet-1k, Block: [(0, 3)], Block Mode: linear, MLP: [], MLP Mode: identity, Attn: [] Heads: {}",0.6213333333333333,0.0019218047073865552,1521
"Encoder: facebook/deit-base-patch16-224, Dataset: imagenet-1k, Block: [(0, 4)], Block Mode: linear, MLP: [], MLP Mode: identity, Attn: [] Heads: {}",0.4815333333333333,0.0019502136635079618,1524
"Encoder: facebook/deit-base-patch16-224, Dataset: imagenet-1k, Block: [(1, 2)], Block Mode: linear, MLP: [], MLP Mode: identity, Attn: [] Heads: {}",0.7680000000000001,0.0007549834435271316,1527
"Encoder: facebook/deit-base-patch16-224, Dataset: imagenet-1k, Block: [(1, 3)], Block Mode: linear, MLP: [], MLP Mode: identity, Attn: [] Heads: {}",0.7301333333333333,0.0013650396819629444,1530
"Encoder: facebook/deit-base-patch16-224, Dataset: imagenet-1k, Block: [(1, 4)], Block Mode: linear, MLP: [], MLP Mode: identity, Attn: [] Heads: {}",0.6465,0.0035341194094144993,1533
"Encoder: facebook/deit-base-patch16-224, Dataset: imagenet-1k, Block: [(2, 3)], Block Mode: linear, MLP: [], MLP Mode: identity, Attn: [] Heads: {}",0.7637333333333333,0.002413158373031776,1536
"Encoder: facebook/deit-base-patch16-224, Dataset: imagenet-1k, Block: [(2, 4)], Block Mode: linear, MLP: [], MLP Mode: identity, Attn: [] Heads: {}",0.7324333333333334,0.0016502525059314706,1539
"Encoder: facebook/deit-base-patch16-224, Dataset: imagenet-1k, Block: [(3, 4)], Block Mode: linear, MLP: [], MLP Mode: identity, Attn: [] Heads: {}",0.7685,0.0015716233645502082,1542
"Encoder: facebook/deit-base-patch16-224, Dataset: imagenet-1k, Block: [(6, 7)], Block Mode: linear, MLP: [], MLP Mode: identity, Attn: [] Heads: {}",0.7567666666666666,0.0009451631252504685,1545
"Encoder: facebook/deit-base-patch16-224, Dataset: imagenet-1k, Block: [(6, 8)], Block Mode: linear, MLP: [], MLP Mode: identity, Attn: [] Heads: {}",0.6503,0.0014730919862656535,1548
"Encoder: facebook/deit-base-patch16-224, Dataset: imagenet-1k, Block: [(6, 9)], Block Mode: linear, MLP: [], MLP Mode: identity, Attn: [] Heads: {}",0.41626666666666673,0.0009018499505645904,1551
"Encoder: facebook/deit-base-patch16-224, Dataset: imagenet-1k, Block: [(6, 10)], Block Mode: linear, MLP: [], MLP Mode: identity, Attn: [] Heads: {}",0.3219,0.0012000000000000136,1554
"Encoder: facebook/deit-base-patch16-224, Dataset: imagenet-1k, Block: [(6, 11)], Block Mode: linear, MLP: [], MLP Mode: identity, Attn: [] Heads: {}",0.2311,0.0019157244060668153,1557
"Encoder: facebook/deit-base-patch16-224, Dataset: imagenet-1k, Block: [(7, 8)], Block Mode: linear, MLP: [], MLP Mode: identity, Attn: [] Heads: {}",0.7363,0.0020663978319772395,1560
"Encoder: facebook/deit-base-patch16-224, Dataset: imagenet-1k, Block: [(7, 9)], Block Mode: linear, MLP: [], MLP Mode: identity, Attn: [] Heads: {}",0.5544333333333333,0.0020550750189064423,1563
"Encoder: facebook/deit-base-patch16-224, Dataset: imagenet-1k, Block: [(7, 10)], Block Mode: linear, MLP: [], MLP Mode: identity, Attn: [] Heads: {}",0.4123333333333334,0.007605480480109933,1566
"Encoder: facebook/deit-base-patch16-224, Dataset: imagenet-1k, Block: [(7, 11)], Block Mode: linear, MLP: [], MLP Mode: identity, Attn: [] Heads: {}",0.3319,0.0005000000000000004,1569
"Encoder: facebook/deit-base-patch16-224, Dataset: imagenet-1k, Block: [(8, 9)], Block Mode: linear, MLP: [], MLP Mode: identity, Attn: [] Heads: {}",0.7082666666666667,0.001457166199626289,1572
"Encoder: facebook/deit-base-patch16-224, Dataset: imagenet-1k, Block: [(8, 10)], Block Mode: linear, MLP: [], MLP Mode: identity, Attn: [] Heads: {}",0.5408666666666667,0.0037072002014098397,1575
"Encoder: facebook/deit-base-patch16-224, Dataset: imagenet-1k, Block: [(8, 11)], Block Mode: linear, MLP: [], MLP Mode: identity, Attn: [] Heads: {}",0.43096666666666666,0.004409459528483442,1578
"Encoder: facebook/deit-base-patch16-224, Dataset: imagenet-1k, Block: [(9, 10)], Block Mode: linear, MLP: [], MLP Mode: identity, Attn: [] Heads: {}",0.7075666666666667,0.004025336424863566,1581
"Encoder: facebook/deit-base-patch16-224, Dataset: imagenet-1k, Block: [(9, 11)], Block Mode: linear, MLP: [], MLP Mode: identity, Attn: [] Heads: {}",0.5933666666666667,0.0008082903768654614,1584
"Encoder: facebook/deit-base-patch16-224, Dataset: imagenet-1k, Block: [(10, 11)], Block Mode: linear, MLP: [], MLP Mode: identity, Attn: [] Heads: {}",0.7501666666666668,0.0016802777548171651,1587
"Encoder: facebook/dinov2-base, Dataset: imagenet-1k, Block: [], Block Mode: identity, MLP: [], MLP Mode: identity, Attn: [] Heads: {}",0.7427666666666667,0.0046490142324296085,1590
"Encoder: facebook/dinov2-base, Dataset: imagenet-1k, Block: [(8, 9)], Block Mode: linear, MLP: [], MLP Mode: identity, Attn: [] Heads: {}",0.6901,0.002981610303175129,1593
"Encoder: facebook/dinov2-base, Dataset: imagenet-1k, Block: [(8, 10)], Block Mode: linear, MLP: [], MLP Mode: identity, Attn: [] Heads: {}",0.5835,0.0019697715603592112,1596
"Encoder: facebook/dinov2-base, Dataset: imagenet-1k, Block: [(9, 10)], Block Mode: linear, MLP: [], MLP Mode: identity, Attn: [] Heads: {}",0.6574333333333334,0.0016010413278030615,1599
"Encoder: google/vit-base-patch16-224, Dataset: pneumoniamnist, Block: [], Block Mode: identity, MLP: [], MLP Mode: identity, Attn: [] Heads: {}",0.8263888888888888,0.012853856213158108,1602
"Encoder: google/vit-base-patch16-224, Dataset: pneumoniamnist, Block: [(5, 6)], Block Mode: linear, MLP: [], MLP Mode: identity, Attn: [] Heads: {}",0.8301282051282052,0.017845398598814188,1605
"Encoder: google/vit-base-patch16-224, Dataset: pneumoniamnist, Block: [(5, 7)], Block Mode: linear, MLP: [], MLP Mode: identity, Attn: [] Heads: {}",0.8338675213675213,0.01765246970284009,1608
"Encoder: google/vit-base-patch16-224, Dataset: pneumoniamnist, Block: [(5, 8)], Block Mode: linear, MLP: [], MLP Mode: identity, Attn: [] Heads: {}",0.8365384615384616,0.021199930377120115,1611
"Encoder: google/vit-base-patch16-224, Dataset: pneumoniamnist, Block: [(5, 9)], Block Mode: linear, MLP: [], MLP Mode: identity, Attn: [] Heads: {}",0.8311965811965812,0.016985163563658832,1614
"Encoder: google/vit-base-patch16-224, Dataset: pneumoniamnist, Block: [(5, 10)], Block Mode: linear, MLP: [], MLP Mode: identity, Attn: [] Heads: {}",0.8413461538461539,0.014687742612037896,1617
"Encoder: google/vit-base-patch16-224, Dataset: pneumoniamnist, Block: [(5, 11)], Block Mode: linear, MLP: [], MLP Mode: identity, Attn: [] Heads: {}",0.8504273504273504,0.016447440511047726,1620
"Encoder: google/vit-base-patch16-224, Dataset: pneumoniamnist, Block: [(6, 7)], Block Mode: linear, MLP: [], MLP Mode: identity, Attn: [] Heads: {}",0.8247863247863249,0.02692752812206955,1623
"Encoder: google/vit-base-patch16-224, Dataset: pneumoniamnist, Block: [(6, 8)], Block Mode: linear, MLP: [], MLP Mode: identity, Attn: [] Heads: {}",0.8263888888888888,0.02908260168550467,1626
"Encoder: google/vit-base-patch16-224, Dataset: pneumoniamnist, Block: [(6, 9)], Block Mode: linear, MLP: [], MLP Mode: identity, Attn: [] Heads: {}",0.826923076923077,0.02083333333333333,1629
"Encoder: google/vit-base-patch16-224, Dataset: pneumoniamnist, Block: [(6, 10)], Block Mode: linear, MLP: [], MLP Mode: identity, Attn: [] Heads: {}",0.8349358974358975,0.018481670824792896,1632
"Encoder: google/vit-base-patch16-224, Dataset: pneumoniamnist, Block: [(6, 11)], Block Mode: linear, MLP: [], MLP Mode: identity, Attn: [] Heads: {}",0.8493589743589745,0.020460168805775173,1635
"Encoder: google/vit-base-patch16-224, Dataset: pneumoniamnist, Block: [(7, 8)], Block Mode: linear, MLP: [], MLP Mode: identity, Attn: [] Heads: {}",0.8205128205128206,0.018481670824792944,1638
"Encoder: google/vit-base-patch16-224, Dataset: pneumoniamnist, Block: [(7, 9)], Block Mode: linear, MLP: [], MLP Mode: identity, Attn: [] Heads: {}",0.8205128205128206,0.012099093646267258,1641
"Encoder: google/vit-base-patch16-224, Dataset: pneumoniamnist, Block: [(7, 10)], Block Mode: linear, MLP: [], MLP Mode: identity, Attn: [] Heads: {}",0.8338675213675213,0.013052127909049825,1644
"Encoder: google/vit-base-patch16-224, Dataset: pneumoniamnist, Block: [(7, 11)], Block Mode: linear, MLP: [], MLP Mode: identity, Attn: [] Heads: {}",0.8456196581196581,0.017725064127176397,1647
"Encoder: google/vit-base-patch16-224, Dataset: pneumoniamnist, Block: [(8, 9)], Block Mode: linear, MLP: [], MLP Mode: identity, Attn: [] Heads: {}",0.8301282051282052,0.015783425964416856,1650
"Encoder: google/vit-base-patch16-224, Dataset: pneumoniamnist, Block: [(8, 10)], Block Mode: linear, MLP: [], MLP Mode: identity, Attn: [] Heads: {}",0.8338675213675213,0.017725064127176313,1653
"Encoder: google/vit-base-patch16-224, Dataset: pneumoniamnist, Block: [(8, 11)], Block Mode: linear, MLP: [], MLP Mode: identity, Attn: [] Heads: {}",0.8408119658119658,0.02003739245033236,1656
"Encoder: google/vit-base-patch16-224, Dataset: pneumoniamnist, Block: [(9, 10)], Block Mode: linear, MLP: [], MLP Mode: identity, Attn: [] Heads: {}",0.8199786324786325,0.01683328125703925,1659
"Encoder: google/vit-base-patch16-224, Dataset: pneumoniamnist, Block: [(9, 11)], Block Mode: linear, MLP: [], MLP Mode: identity, Attn: [] Heads: {}",0.8376068376068376,0.016985163563658832,1662
"Encoder: google/vit-base-patch16-224, Dataset: pneumoniamnist, Block: [(10, 11)], Block Mode: linear, MLP: [], MLP Mode: identity, Attn: [] Heads: {}",0.8290598290598291,0.016211528745185406,1665
"Encoder: facebook/deit-small-patch16-224, Dataset: pneumoniamnist, Block: [], Block Mode: identity, MLP: [], MLP Mode: identity, Attn: [] Heads: {}",0.7857905982905983,0.008826234851420004,1668
"Encoder: facebook/deit-small-patch16-224, Dataset: pneumoniamnist, Block: [(4, 5)], Block Mode: linear, MLP: [], MLP Mode: identity, Attn: [] Heads: {}",0.796474358974359,0.00892269929940715,1671
"Encoder: facebook/deit-small-patch16-224, Dataset: pneumoniamnist, Block: [(4, 6)], Block Mode: linear, MLP: [], MLP Mode: identity, Attn: [] Heads: {}",0.80982905982906,0.0033360032042726367,1674
"Encoder: facebook/deit-small-patch16-224, Dataset: pneumoniamnist, Block: [(4, 7)], Block Mode: linear, MLP: [], MLP Mode: identity, Attn: [] Heads: {}",0.8034188034188036,0.004033031215422395,1677
"Encoder: facebook/deit-small-patch16-224, Dataset: pneumoniamnist, Block: [(5, 6)], Block Mode: linear, MLP: [], MLP Mode: identity, Attn: [] Heads: {}",0.8007478632478632,0.0074019265280721785,1680
"Encoder: facebook/deit-small-patch16-224, Dataset: pneumoniamnist, Block: [(5, 7)], Block Mode: linear, MLP: [], MLP Mode: identity, Attn: [] Heads: {}",0.8130341880341879,0.008826234851420004,1683
"Encoder: facebook/deit-small-patch16-224, Dataset: pneumoniamnist, Block: [(6, 7)], Block Mode: linear, MLP: [], MLP Mode: identity, Attn: [] Heads: {}",0.8060897435897436,0.008479972150848043,1686
"Encoder: facebook/deit-small-patch16-224, Dataset: pneumoniamnist, Block: [(8, 9)], Block Mode: linear, MLP: [], MLP Mode: identity, Attn: [] Heads: {}",0.8018162393162394,0.009112565229290657,1689
"Encoder: facebook/deit-small-patch16-224, Dataset: pneumoniamnist, Block: [(8, 10)], Block Mode: linear, MLP: [], MLP Mode: identity, Attn: [] Heads: {}",0.798076923076923,0.014687742612037924,1692
"Encoder: facebook/deit-small-patch16-224, Dataset: pneumoniamnist, Block: [(8, 11)], Block Mode: linear, MLP: [], MLP Mode: identity, Attn: [] Heads: {}",0.7873931623931624,0.010177648976099136,1695
"Encoder: facebook/deit-small-patch16-224, Dataset: pneumoniamnist, Block: [(9, 10)], Block Mode: linear, MLP: [], MLP Mode: identity, Attn: [] Heads: {}",0.7799145299145298,0.01713569971404424,1698
"Encoder: facebook/deit-small-patch16-224, Dataset: pneumoniamnist, Block: [(9, 11)], Block Mode: linear, MLP: [], MLP Mode: identity, Attn: [] Heads: {}",0.7686965811965812,0.01454130084275239,1701
"Encoder: facebook/deit-small-patch16-224, Dataset: pneumoniamnist, Block: [(10, 11)], Block Mode: linear, MLP: [], MLP Mode: identity, Attn: [] Heads: {}",0.7879273504273504,0.014890341735861484,1704
"Encoder: microsoft/rad-dino, Dataset: pneumoniamnist, Block: [], Block Mode: identity, MLP: [], MLP Mode: identity, Attn: [] Heads: {}",0.8878205128205128,0.008479972150848043,1707
"Encoder: microsoft/rad-dino, Dataset: pneumoniamnist, Block: [(0, 1)], Block Mode: linear, MLP: [], MLP Mode: identity, Attn: [] Heads: {}",0.8915598290598291,0.012953371424126201,1710
"Encoder: microsoft/rad-dino, Dataset: pneumoniamnist, Block: [(0, 2)], Block Mode: linear, MLP: [], MLP Mode: identity, Attn: [] Heads: {}",0.8846153846153846,0.01545456852723227,1713
"Encoder: microsoft/rad-dino, Dataset: pneumoniamnist, Block: [(0, 3)], Block Mode: linear, MLP: [], MLP Mode: identity, Attn: [] Heads: {}",0.8680555555555555,0.012447842091593,1716
"Encoder: microsoft/rad-dino, Dataset: pneumoniamnist, Block: [(1, 2)], Block Mode: linear, MLP: [], MLP Mode: identity, Attn: [] Heads: {}",0.8830128205128206,0.011556254088025594,1719
"Encoder: microsoft/rad-dino, Dataset: pneumoniamnist, Block: [(1, 3)], Block Mode: linear, MLP: [], MLP Mode: identity, Attn: [] Heads: {}",0.8787393162393163,0.006476685712063087,1722
"Encoder: microsoft/rad-dino, Dataset: pneumoniamnist, Block: [(2, 3)], Block Mode: linear, MLP: [], MLP Mode: identity, Attn: [] Heads: {}",0.8862179487179488,0.010008009612817937,1725
"Encoder: facebook/deit-base-patch16-224, Dataset: pneumoniamnist, Block: [], Block Mode: identity, MLP: [], MLP Mode: identity, Attn: [] Heads: {}",0.8194444444444445,0.01668001602136326,1728
"Encoder: facebook/deit-base-patch16-224, Dataset: pneumoniamnist, Block: [(0, 1)], Block Mode: linear, MLP: [], MLP Mode: identity, Attn: [] Heads: {}",0.8258547008547009,0.013629648314287495,1731
"Encoder: facebook/deit-base-patch16-224, Dataset: pneumoniamnist, Block: [(0, 2)], Block Mode: linear, MLP: [], MLP Mode: identity, Attn: [] Heads: {}",0.826923076923077,0.012516425762670955,1734
"Encoder: facebook/deit-base-patch16-224, Dataset: pneumoniamnist, Block: [(0, 3)], Block Mode: linear, MLP: [], MLP Mode: identity, Attn: [] Heads: {}",0.8173076923076922,0.020080070650868097,1737
"Encoder: facebook/deit-base-patch16-224, Dataset: pneumoniamnist, Block: [(0, 4)], Block Mode: linear, MLP: [], MLP Mode: identity, Attn: [] Heads: {}",0.8119658119658121,0.016052328206535012,1740
"Encoder: facebook/deit-base-patch16-224, Dataset: pneumoniamnist, Block: [(1, 2)], Block Mode: linear, MLP: [], MLP Mode: identity, Attn: [] Heads: {}",0.8221153846153846,0.017845398598814184,1743
"Encoder: facebook/deit-base-patch16-224, Dataset: pneumoniamnist, Block: [(1, 3)], Block Mode: linear, MLP: [], MLP Mode: identity, Attn: [] Heads: {}",0.8354700854700855,0.0075734224779689585,1746
"Encoder: facebook/deit-base-patch16-224, Dataset: pneumoniamnist, Block: [(1, 4)], Block Mode: linear, MLP: [], MLP Mode: identity, Attn: [] Heads: {}",0.80982905982906,0.01067039762576822,1749
"Encoder: facebook/deit-base-patch16-224, Dataset: pneumoniamnist, Block: [(2, 3)], Block Mode: linear, MLP: [], MLP Mode: identity, Attn: [] Heads: {}",0.8210470085470085,0.02091535464791869,1752
"Encoder: facebook/deit-base-patch16-224, Dataset: pneumoniamnist, Block: [(2, 4)], Block Mode: linear, MLP: [], MLP Mode: identity, Attn: [] Heads: {}",0.8397435897435898,0.0042399860754240085,1755
"Encoder: facebook/deit-base-patch16-224, Dataset: pneumoniamnist, Block: [(3, 4)], Block Mode: linear, MLP: [], MLP Mode: identity, Attn: [] Heads: {}",0.8311965811965812,0.01728492487966181,1758
"Encoder: facebook/deit-base-patch16-224, Dataset: pneumoniamnist, Block: [(6, 7)], Block Mode: linear, MLP: [], MLP Mode: identity, Attn: [] Heads: {}",0.81517094017094,0.009112565229290555,1761
"Encoder: facebook/deit-base-patch16-224, Dataset: pneumoniamnist, Block: [(6, 8)], Block Mode: linear, MLP: [], MLP Mode: identity, Attn: [] Heads: {}",0.8290598290598291,0.005151522842410827,1764
"Encoder: facebook/deit-base-patch16-224, Dataset: pneumoniamnist, Block: [(6, 9)], Block Mode: linear, MLP: [], MLP Mode: identity, Attn: [] Heads: {}",0.8253205128205128,0.005778127044012845,1767
"Encoder: facebook/deit-base-patch16-224, Dataset: pneumoniamnist, Block: [(6, 10)], Block Mode: linear, MLP: [], MLP Mode: identity, Attn: [] Heads: {}",0.8205128205128206,0.005778127044012783,1770
"Encoder: facebook/deit-base-patch16-224, Dataset: pneumoniamnist, Block: [(6, 11)], Block Mode: linear, MLP: [], MLP Mode: identity, Attn: [] Heads: {}",0.8060897435897436,0.008327167344081112,1773
"Encoder: facebook/deit-base-patch16-224, Dataset: pneumoniamnist, Block: [(7, 8)], Block Mode: linear, MLP: [], MLP Mode: identity, Attn: [] Heads: {}",0.8242521367521367,0.014541300842752371,1776
"Encoder: facebook/deit-base-patch16-224, Dataset: pneumoniamnist, Block: [(7, 9)], Block Mode: linear, MLP: [], MLP Mode: identity, Attn: [] Heads: {}",0.8376068376068376,0.014890341735861458,1779
"Encoder: facebook/deit-base-patch16-224, Dataset: pneumoniamnist, Block: [(7, 10)], Block Mode: linear, MLP: [], MLP Mode: identity, Attn: [] Heads: {}",0.8456196581196581,0.00790526099730165,1782
"Encoder: facebook/deit-base-patch16-224, Dataset: pneumoniamnist, Block: [(7, 11)], Block Mode: linear, MLP: [], MLP Mode: identity, Attn: [] Heads: {}",0.829594017094017,0.011369549494547429,1785
"Encoder: facebook/deit-base-patch16-224, Dataset: pneumoniamnist, Block: [(8, 9)], Block Mode: linear, MLP: [], MLP Mode: identity, Attn: [] Heads: {}",0.8301282051282052,0.013970829947245779,1788
"Encoder: facebook/deit-base-patch16-224, Dataset: pneumoniamnist, Block: [(8, 10)], Block Mode: linear, MLP: [], MLP Mode: identity, Attn: [] Heads: {}",0.8210470085470085,0.018574079755036013,1791
"Encoder: facebook/deit-base-patch16-224, Dataset: pneumoniamnist, Block: [(8, 11)], Block Mode: linear, MLP: [], MLP Mode: identity, Attn: [] Heads: {}",0.8242521367521367,0.01539907618098246,1794
"Encoder: facebook/deit-base-patch16-224, Dataset: pneumoniamnist, Block: [(9, 10)], Block Mode: linear, MLP: [], MLP Mode: identity, Attn: [] Heads: {}",0.8151709401709403,0.01683328125703925,1797
"Encoder: facebook/deit-base-patch16-224, Dataset: pneumoniamnist, Block: [(9, 11)], Block Mode: linear, MLP: [], MLP Mode: identity, Attn: [] Heads: {}",0.8002136752136751,0.0209153546479187,1800
"Encoder: facebook/deit-base-patch16-224, Dataset: pneumoniamnist, Block: [(10, 11)], Block Mode: linear, MLP: [], MLP Mode: identity, Attn: [] Heads: {}",0.8108974358974358,0.02156029494723355,1803
"Encoder: facebook/dinov2-base, Dataset: pneumoniamnist, Block: [], Block Mode: identity, MLP: [], MLP Mode: identity, Attn: [] Heads: {}",0.8771367521367521,0.016985163563658857,1806
"Encoder: facebook/dinov2-base, Dataset: pneumoniamnist, Block: [(8, 9)], Block Mode: linear, MLP: [], MLP Mode: identity, Attn: [] Heads: {}",0.8621794871794872,0.030909137054464624,1809
"Encoder: facebook/dinov2-base, Dataset: pneumoniamnist, Block: [(8, 10)], Block Mode: linear, MLP: [], MLP Mode: identity, Attn: [] Heads: {}",0.8552350427350427,0.012028130608117225,1812
"Encoder: facebook/dinov2-base, Dataset: pneumoniamnist, Block: [(9, 10)], Block Mode: linear, MLP: [], MLP Mode: identity, Attn: [] Heads: {}",0.8733974358974358,0.03492707486811435,1815
"Encoder: google/vit-base-patch16-224, Dataset: cifar100, Block: [], Block Mode: identity, MLP: [], MLP Mode: identity, Attn: [] Heads: {}",0.8315666666666667,0.0005033222956847256,1818
"Encoder: google/vit-base-patch16-224, Dataset: cifar100, Block: [(5, 6)], Block Mode: linear, MLP: [], MLP Mode: identity, Attn: [] Heads: {}",0.8156666666666667,0.0024378952670968982,1821
"Encoder: google/vit-base-patch16-224, Dataset: cifar100, Block: [(5, 7)], Block Mode: linear, MLP: [], MLP Mode: identity, Attn: [] Heads: {}",0.7874333333333334,0.0014011899704655837,1824
"Encoder: google/vit-base-patch16-224, Dataset: cifar100, Block: [(5, 8)], Block Mode: linear, MLP: [], MLP Mode: identity, Attn: [] Heads: {}",0.7326666666666667,0.001721433511156731,1827
"Encoder: google/vit-base-patch16-224, Dataset: cifar100, Block: [(5, 9)], Block Mode: linear, MLP: [], MLP Mode: identity, Attn: [] Heads: {}",0.6778333333333334,0.0037859388972001956,1830
"Encoder: google/vit-base-patch16-224, Dataset: cifar100, Block: [(5, 10)], Block Mode: linear, MLP: [], MLP Mode: identity, Attn: [] Heads: {}",0.6394000000000001,0.008371977066380473,1833
"Encoder: google/vit-base-patch16-224, Dataset: cifar100, Block: [(5, 11)], Block Mode: linear, MLP: [], MLP Mode: identity, Attn: [] Heads: {}",0.5958,0.013363008643265917,1836
"Encoder: google/vit-base-patch16-224, Dataset: cifar100, Block: [(6, 7)], Block Mode: linear, MLP: [], MLP Mode: identity, Attn: [] Heads: {}",0.8158666666666666,0.0038552993831002945,1839
"Encoder: google/vit-base-patch16-224, Dataset: cifar100, Block: [(6, 8)], Block Mode: linear, MLP: [], MLP Mode: identity, Attn: [] Heads: {}",0.7811666666666667,0.003499047489436723,1842
"Encoder: google/vit-base-patch16-224, Dataset: cifar100, Block: [(6, 9)], Block Mode: linear, MLP: [], MLP Mode: identity, Attn: [] Heads: {}",0.7356666666666666,0.004352393977265044,1845
"Encoder: google/vit-base-patch16-224, Dataset: cifar100, Block: [(6, 10)], Block Mode: linear, MLP: [], MLP Mode: identity, Attn: [] Heads: {}",0.7080000000000001,0.004215447781671611,1848
"Encoder: google/vit-base-patch16-224, Dataset: cifar100, Block: [(6, 11)], Block Mode: linear, MLP: [], MLP Mode: identity, Attn: [] Heads: {}",0.6409333333333334,0.006857356147476463,1851
"Encoder: google/vit-base-patch16-224, Dataset: cifar100, Block: [(7, 8)], Block Mode: linear, MLP: [], MLP Mode: identity, Attn: [] Heads: {}",0.8081333333333333,0.0016862186493255356,1854
"Encoder: google/vit-base-patch16-224, Dataset: cifar100, Block: [(7, 9)], Block Mode: linear, MLP: [], MLP Mode: identity, Attn: [] Heads: {}",0.7806333333333333,0.0011503622617825072,1857
"Encoder: google/vit-base-patch16-224, Dataset: cifar100, Block: [(7, 10)], Block Mode: linear, MLP: [], MLP Mode: identity, Attn: [] Heads: {}",0.7627,0.003700000000000096,1860
"Encoder: google/vit-base-patch16-224, Dataset: cifar100, Block: [(7, 11)], Block Mode: linear, MLP: [], MLP Mode: identity, Attn: [] Heads: {}",0.6752333333333334,0.005882459802950954,1863
"Encoder: google/vit-base-patch16-224, Dataset: cifar100, Block: [(8, 9)], Block Mode: linear, MLP: [], MLP Mode: identity, Attn: [] Heads: {}",0.8133666666666667,0.0035501173689518367,1866
"Encoder: google/vit-base-patch16-224, Dataset: cifar100, Block: [(8, 10)], Block Mode: linear, MLP: [], MLP Mode: identity, Attn: [] Heads: {}",0.7986333333333334,0.0024214320831552035,1869
"Encoder: google/vit-base-patch16-224, Dataset: cifar100, Block: [(8, 11)], Block Mode: linear, MLP: [], MLP Mode: identity, Attn: [] Heads: {}",0.734,0.00475709995690647,1872
"Encoder: google/vit-base-patch16-224, Dataset: cifar100, Block: [(9, 10)], Block Mode: linear, MLP: [], MLP Mode: identity, Attn: [] Heads: {}",0.8220666666666667,0.004239496825489201,1875
"Encoder: google/vit-base-patch16-224, Dataset: cifar100, Block: [(9, 11)], Block Mode: linear, MLP: [], MLP Mode: identity, Attn: [] Heads: {}",0.7724000000000001,0.0019313207915827204,1878
"Encoder: google/vit-base-patch16-224, Dataset: cifar100, Block: [(10, 11)], Block Mode: linear, MLP: [], MLP Mode: identity, Attn: [] Heads: {}",0.8158666666666666,0.0018175074506953692,1881
"Encoder: facebook/deit-small-patch16-224, Dataset: cifar100, Block: [], Block Mode: identity, MLP: [], MLP Mode: identity, Attn: [] Heads: {}",0.7124666666666667,0.0004163331998932585,1884
"Encoder: facebook/deit-small-patch16-224, Dataset: cifar100, Block: [(4, 5)], Block Mode: linear, MLP: [], MLP Mode: identity, Attn: [] Heads: {}",0.6953666666666667,0.0030501366089625095,1887
"Encoder: facebook/deit-small-patch16-224, Dataset: cifar100, Block: [(4, 6)], Block Mode: linear, MLP: [], MLP Mode: identity, Attn: [] Heads: {}",0.6359333333333334,0.0015821925715074768,1890
"Encoder: facebook/deit-small-patch16-224, Dataset: cifar100, Block: [(4, 7)], Block Mode: linear, MLP: [], MLP Mode: identity, Attn: [] Heads: {}",0.5945333333333334,0.004314317249963623,1893
"Encoder: facebook/deit-small-patch16-224, Dataset: cifar100, Block: [(5, 6)], Block Mode: linear, MLP: [], MLP Mode: identity, Attn: [] Heads: {}",0.6871999999999999,0.002351595203261,1896
"Encoder: facebook/deit-small-patch16-224, Dataset: cifar100, Block: [(5, 7)], Block Mode: linear, MLP: [], MLP Mode: identity, Attn: [] Heads: {}",0.6627,0.004371498598878847,1899
"Encoder: facebook/deit-small-patch16-224, Dataset: cifar100, Block: [(6, 7)], Block Mode: linear, MLP: [], MLP Mode: identity, Attn: [] Heads: {}",0.7071666666666667,0.0027537852736430526,1902
"Encoder: facebook/deit-small-patch16-224, Dataset: cifar100, Block: [(8, 9)], Block Mode: linear, MLP: [], MLP Mode: identity, Attn: [] Heads: {}",0.7128333333333333,0.0026388128644020043,1905
"Encoder: facebook/deit-small-patch16-224, Dataset: cifar100, Block: [(8, 10)], Block Mode: linear, MLP: [], MLP Mode: identity, Attn: [] Heads: {}",0.7129333333333333,0.0032036437588055244,1908
"Encoder: facebook/deit-small-patch16-224, Dataset: cifar100, Block: [(8, 11)], Block Mode: linear, MLP: [], MLP Mode: identity, Attn: [] Heads: {}",0.6904666666666666,0.0012423096769056136,1911
"Encoder: facebook/deit-small-patch16-224, Dataset: cifar100, Block: [(9, 10)], Block Mode: linear, MLP: [], MLP Mode: identity, Attn: [] Heads: {}",0.7193666666666667,0.0032036437588054325,1914
"Encoder: facebook/deit-small-patch16-224, Dataset: cifar100, Block: [(9, 11)], Block Mode: linear, MLP: [], MLP Mode: identity, Attn: [] Heads: {}",0.7210666666666666,0.003288363321370268,1917
"Encoder: facebook/deit-small-patch16-224, Dataset: cifar100, Block: [(10, 11)], Block Mode: linear, MLP: [], MLP Mode: identity, Attn: [] Heads: {}",0.7196333333333333,0.0005507570547286167,1920
"Encoder: microsoft/rad-dino, Dataset: cifar100, Block: [], Block Mode: identity, MLP: [], MLP Mode: identity, Attn: [] Heads: {}",0.2903,0.0024000000000000132,1923
"Encoder: microsoft/rad-dino, Dataset: cifar100, Block: [(0, 1)], Block Mode: linear, MLP: [], MLP Mode: identity, Attn: [] Heads: {}",0.30143333333333333,0.0034195516275285715,1926
"Encoder: microsoft/rad-dino, Dataset: cifar100, Block: [(0, 2)], Block Mode: linear, MLP: [], MLP Mode: identity, Attn: [] Heads: {}",0.30560000000000004,0.0019078784028338674,1929
"Encoder: microsoft/rad-dino, Dataset: cifar100, Block: [(0, 3)], Block Mode: linear, MLP: [], MLP Mode: identity, Attn: [] Heads: {}",0.304,0.004313930922024597,1932
"Encoder: microsoft/rad-dino, Dataset: cifar100, Block: [(1, 2)], Block Mode: linear, MLP: [], MLP Mode: identity, Attn: [] Heads: {}",0.29623333333333335,0.002402776172125361,1935
"Encoder: microsoft/rad-dino, Dataset: cifar100, Block: [(1, 3)], Block Mode: linear, MLP: [], MLP Mode: identity, Attn: [] Heads: {}",0.30086666666666667,0.004209908945967053,1938
"Encoder: microsoft/rad-dino, Dataset: cifar100, Block: [(2, 3)], Block Mode: linear, MLP: [], MLP Mode: identity, Attn: [] Heads: {}",0.2975666666666667,0.0071164129541036155,1941
"Encoder: facebook/deit-base-patch16-224, Dataset: cifar100, Block: [], Block Mode: identity, MLP: [], MLP Mode: identity, Attn: [] Heads: {}",0.7554666666666666,0.001662327685305522,1944
"Encoder: facebook/deit-base-patch16-224, Dataset: cifar100, Block: [(0, 1)], Block Mode: linear, MLP: [], MLP Mode: identity, Attn: [] Heads: {}",0.7458666666666667,0.0025813433195399017,1947
"Encoder: facebook/deit-base-patch16-224, Dataset: cifar100, Block: [(0, 2)], Block Mode: linear, MLP: [], MLP Mode: identity, Attn: [] Heads: {}",0.7204666666666667,0.004880915214724917,1950
"Encoder: facebook/deit-base-patch16-224, Dataset: cifar100, Block: [(0, 3)], Block Mode: linear, MLP: [], MLP Mode: identity, Attn: [] Heads: {}",0.6146333333333334,0.002150193789716004,1953
"Encoder: facebook/deit-base-patch16-224, Dataset: cifar100, Block: [(0, 4)], Block Mode: linear, MLP: [], MLP Mode: identity, Attn: [] Heads: {}",0.5453666666666667,0.004743767841424494,1956
"Encoder: facebook/deit-base-patch16-224, Dataset: cifar100, Block: [(1, 2)], Block Mode: linear, MLP: [], MLP Mode: identity, Attn: [] Heads: {}",0.7463333333333333,0.002709858544893645,1959
"Encoder: facebook/deit-base-patch16-224, Dataset: cifar100, Block: [(1, 3)], Block Mode: linear, MLP: [], MLP Mode: identity, Attn: [] Heads: {}",0.6862666666666667,0.001792577287966495,1962
"Encoder: facebook/deit-base-patch16-224, Dataset: cifar100, Block: [(1, 4)], Block Mode: linear, MLP: [], MLP Mode: identity, Attn: [] Heads: {}",0.6086333333333334,0.0023028967265887514,1965
"Encoder: facebook/deit-base-patch16-224, Dataset: cifar100, Block: [(2, 3)], Block Mode: linear, MLP: [], MLP Mode: identity, Attn: [] Heads: {}",0.7335666666666668,0.0009073771725877609,1968
"Encoder: facebook/deit-base-patch16-224, Dataset: cifar100, Block: [(2, 4)], Block Mode: linear, MLP: [], MLP Mode: identity, Attn: [] Heads: {}",0.6816333333333334,0.0027465129406819347,1971
"Encoder: facebook/deit-base-patch16-224, Dataset: cifar100, Block: [(3, 4)], Block Mode: linear, MLP: [], MLP Mode: identity, Attn: [] Heads: {}",0.7312666666666666,0.0022368132093077506,1974
"Encoder: facebook/deit-base-patch16-224, Dataset: cifar100, Block: [(6, 7)], Block Mode: linear, MLP: [], MLP Mode: identity, Attn: [] Heads: {}",0.7384333333333334,0.005689756878227146,1977
"Encoder: facebook/deit-base-patch16-224, Dataset: cifar100, Block: [(6, 8)], Block Mode: linear, MLP: [], MLP Mode: identity, Attn: [] Heads: {}",0.6875333333333332,0.0013051181300300669,1980
"Encoder: facebook/deit-base-patch16-224, Dataset: cifar100, Block: [(6, 9)], Block Mode: linear, MLP: [], MLP Mode: identity, Attn: [] Heads: {}",0.6344333333333333,0.003842308333974933,1983
"Encoder: facebook/deit-base-patch16-224, Dataset: cifar100, Block: [(6, 10)], Block Mode: linear, MLP: [], MLP Mode: identity, Attn: [] Heads: {}",0.5952999999999999,0.008701723967122836,1986
"Encoder: facebook/deit-base-patch16-224, Dataset: cifar100, Block: [(6, 11)], Block Mode: linear, MLP: [], MLP Mode: identity, Attn: [] Heads: {}",0.49783333333333335,0.010095708659293457,1989
"Encoder: facebook/deit-base-patch16-224, Dataset: cifar100, Block: [(7, 8)], Block Mode: linear, MLP: [], MLP Mode: identity, Attn: [] Heads: {}",0.7387333333333332,0.001607275126832139,1992
"Encoder: facebook/deit-base-patch16-224, Dataset: cifar100, Block: [(7, 9)], Block Mode: linear, MLP: [], MLP Mode: identity, Attn: [] Heads: {}",0.7019000000000001,0.0031749015732775,1995
"Encoder: facebook/deit-base-patch16-224, Dataset: cifar100, Block: [(7, 10)], Block Mode: linear, MLP: [], MLP Mode: identity, Attn: [] Heads: {}",0.6599666666666667,0.006503332479070456,1998
"Encoder: facebook/deit-base-patch16-224, Dataset: cifar100, Block: [(7, 11)], Block Mode: linear, MLP: [], MLP Mode: identity, Attn: [] Heads: {}",0.5863666666666667,0.00809032343811628,2001
"Encoder: facebook/deit-base-patch16-224, Dataset: cifar100, Block: [(8, 9)], Block Mode: linear, MLP: [], MLP Mode: identity, Attn: [] Heads: {}",0.7442333333333333,0.003253203549323802,2004
"Encoder: facebook/deit-base-patch16-224, Dataset: cifar100, Block: [(8, 10)], Block Mode: linear, MLP: [], MLP Mode: identity, Attn: [] Heads: {}",0.7141333333333333,0.0028919428302326047,2007
"Encoder: facebook/deit-base-patch16-224, Dataset: cifar100, Block: [(8, 11)], Block Mode: linear, MLP: [], MLP Mode: identity, Attn: [] Heads: {}",0.6609666666666666,0.005236729259120943,2010
"Encoder: facebook/deit-base-patch16-224, Dataset: cifar100, Block: [(9, 10)], Block Mode: linear, MLP: [], MLP Mode: identity, Attn: [] Heads: {}",0.7521,0.0021702534414211033,2013
"Encoder: facebook/deit-base-patch16-224, Dataset: cifar100, Block: [(9, 11)], Block Mode: linear, MLP: [], MLP Mode: identity, Attn: [] Heads: {}",0.7352666666666666,0.004535783651513059,2016
"Encoder: facebook/deit-base-patch16-224, Dataset: cifar100, Block: [(10, 11)], Block Mode: linear, MLP: [], MLP Mode: identity, Attn: [] Heads: {}",0.7602000000000001,0.004471017781221654,2019
"Encoder: facebook/dinov2-base, Dataset: cifar100, Block: [], Block Mode: identity, MLP: [], MLP Mode: identity, Attn: [] Heads: {}",0.8721333333333333,0.0023671361036774773,2022
"Encoder: facebook/dinov2-base, Dataset: cifar100, Block: [(8, 9)], Block Mode: linear, MLP: [], MLP Mode: identity, Attn: [] Heads: {}",0.847,0.0041581245772583895,2025
"Encoder: facebook/dinov2-base, Dataset: cifar100, Block: [(8, 10)], Block Mode: linear, MLP: [], MLP Mode: identity, Attn: [] Heads: {}",0.7911999999999999,0.008407139822793445,2028
"Encoder: facebook/dinov2-base, Dataset: cifar100, Block: [(9, 10)], Block Mode: linear, MLP: [], MLP Mode: identity, Attn: [] Heads: {}",0.8396333333333333,0.0018903262505010545,2031
