seed,dataset,model,optimizer,lr,classifier,translator,batch_size,num_epochs,approx_layer,mlp_linearize,attn_linearize,head_dict,mlp_mode,attn_mode,num_layers,original_accuracy,accuracy,delta_acc,num_samples
1,mnist,facebook/deit-small-patch16-224,Adam,0.01,Linear,identity,256,5,[],[],[],{},identity,identity,0,0.9629,0.9629,0.0,500
2,mnist,facebook/deit-small-patch16-224,Adam,0.01,Linear,identity,256,5,[],[],[],{},identity,identity,0,0.958,0.958,0.0,500
3,mnist,facebook/deit-small-patch16-224,Adam,0.01,Linear,identity,256,5,[],[],[],{},identity,identity,0,0.9643,0.9643,0.0,500
1,mnist,facebook/deit-small-patch16-224,Adam,0.01,Linear,identity,256,5,[],[],[],"{0: [0], 1: [0], 2: [0], 3: [0], 4: [0], 5: [0], 6: [0], 7: [0], 8: [0], 9: [0], 10: [0], 11: [0]}",identity,identity,0,0.9629,0.8185,0.1443999999999999,500
2,mnist,facebook/deit-small-patch16-224,Adam,0.01,Linear,identity,256,5,[],[],[],"{0: [0], 1: [0], 2: [0], 3: [0], 4: [0], 5: [0], 6: [0], 7: [0], 8: [0], 9: [0], 10: [0], 11: [0]}",identity,identity,0,0.958,0.8001,0.1578999999999999,500
3,mnist,facebook/deit-small-patch16-224,Adam,0.01,Linear,identity,256,5,[],[],[],"{0: [0], 1: [0], 2: [0], 3: [0], 4: [0], 5: [0], 6: [0], 7: [0], 8: [0], 9: [0], 10: [0], 11: [0]}",identity,identity,0,0.9643,0.8174,0.1469,500
1,mnist,facebook/deit-small-patch16-224,Adam,0.01,Linear,identity,256,5,[],[],[],"{0: [0], 1: [0, 1], 2: [0], 3: [0], 4: [0], 5: [0], 6: [0], 7: [0], 8: [0], 9: [0], 10: [0], 11: [0]}",identity,identity,0,0.9629,0.8463,0.1165999999999999,500
2,mnist,facebook/deit-small-patch16-224,Adam,0.01,Linear,identity,256,5,[],[],[],"{0: [0], 1: [0, 1], 2: [0], 3: [0], 4: [0], 5: [0], 6: [0], 7: [0], 8: [0], 9: [0], 10: [0], 11: [0]}",identity,identity,0,0.958,0.8304,0.1275999999999999,500
3,mnist,facebook/deit-small-patch16-224,Adam,0.01,Linear,identity,256,5,[],[],[],"{0: [0], 1: [0, 1], 2: [0], 3: [0], 4: [0], 5: [0], 6: [0], 7: [0], 8: [0], 9: [0], 10: [0], 11: [0]}",identity,identity,0,0.9643,0.8415,0.1228,500
1,mnist,facebook/deit-small-patch16-224,Adam,0.01,Linear,identity,256,5,[],[],[],"{0: [0], 1: [0, 1, 2], 2: [0], 3: [0], 4: [0], 5: [0], 6: [0], 7: [0], 8: [0], 9: [0], 10: [0], 11: [0]}",identity,identity,0,0.9629,0.8573,0.1056,500
2,mnist,facebook/deit-small-patch16-224,Adam,0.01,Linear,identity,256,5,[],[],[],"{0: [0], 1: [0, 1, 2], 2: [0], 3: [0], 4: [0], 5: [0], 6: [0], 7: [0], 8: [0], 9: [0], 10: [0], 11: [0]}",identity,identity,0,0.958,0.8504,0.1075999999999999,500
3,mnist,facebook/deit-small-patch16-224,Adam,0.01,Linear,identity,256,5,[],[],[],"{0: [0], 1: [0, 1, 2], 2: [0], 3: [0], 4: [0], 5: [0], 6: [0], 7: [0], 8: [0], 9: [0], 10: [0], 11: [0]}",identity,identity,0,0.9643,0.8529,0.1114,500
1,mnist,facebook/deit-small-patch16-224,Adam,0.01,Linear,identity,256,5,[],[],[],"{0: [0], 1: [0, 1, 2], 2: [0, 5], 3: [0], 4: [0], 5: [0], 6: [0], 7: [0], 8: [0], 9: [0], 10: [0], 11: [0]}",identity,identity,0,0.9629,0.866,0.0968999999999999,500
2,mnist,facebook/deit-small-patch16-224,Adam,0.01,Linear,identity,256,5,[],[],[],"{0: [0], 1: [0, 1, 2], 2: [0, 5], 3: [0], 4: [0], 5: [0], 6: [0], 7: [0], 8: [0], 9: [0], 10: [0], 11: [0]}",identity,identity,0,0.958,0.8584,0.0995999999999999,500
3,mnist,facebook/deit-small-patch16-224,Adam,0.01,Linear,identity,256,5,[],[],[],"{0: [0], 1: [0, 1, 2], 2: [0, 5], 3: [0], 4: [0], 5: [0], 6: [0], 7: [0], 8: [0], 9: [0], 10: [0], 11: [0]}",identity,identity,0,0.9643,0.862,0.1023,500
1,mnist,facebook/deit-small-patch16-224,Adam,0.01,Linear,identity,256,5,[],[],[],"{0: [0], 1: [0, 1, 2], 2: [0, 1, 5], 3: [0], 4: [0], 5: [0], 6: [0], 7: [0], 8: [0], 9: [0], 10: [0], 11: [0]}",identity,identity,0,0.9629,0.8958,0.0670999999999999,500
2,mnist,facebook/deit-small-patch16-224,Adam,0.01,Linear,identity,256,5,[],[],[],"{0: [0], 1: [0, 1, 2], 2: [0, 1, 5], 3: [0], 4: [0], 5: [0], 6: [0], 7: [0], 8: [0], 9: [0], 10: [0], 11: [0]}",identity,identity,0,0.958,0.8928,0.0651999999999999,500
3,mnist,facebook/deit-small-patch16-224,Adam,0.01,Linear,identity,256,5,[],[],[],"{0: [0], 1: [0, 1, 2], 2: [0, 1, 5], 3: [0], 4: [0], 5: [0], 6: [0], 7: [0], 8: [0], 9: [0], 10: [0], 11: [0]}",identity,identity,0,0.9643,0.8938,0.0705,500
1,mnist,facebook/deit-small-patch16-224,Adam,0.01,Linear,identity,256,5,[],[],[],"{0: [0], 1: [0, 1, 2], 2: [0, 1, 4, 5], 3: [0], 4: [0], 5: [0], 6: [0], 7: [0], 8: [0], 9: [0], 10: [0], 11: [0]}",identity,identity,0,0.9629,0.9028,0.0600999999999999,500
2,mnist,facebook/deit-small-patch16-224,Adam,0.01,Linear,identity,256,5,[],[],[],"{0: [0], 1: [0, 1, 2], 2: [0, 1, 4, 5], 3: [0], 4: [0], 5: [0], 6: [0], 7: [0], 8: [0], 9: [0], 10: [0], 11: [0]}",identity,identity,0,0.958,0.8982,0.0597999999999999,500
3,mnist,facebook/deit-small-patch16-224,Adam,0.01,Linear,identity,256,5,[],[],[],"{0: [0], 1: [0, 1, 2], 2: [0, 1, 4, 5], 3: [0], 4: [0], 5: [0], 6: [0], 7: [0], 8: [0], 9: [0], 10: [0], 11: [0]}",identity,identity,0,0.9643,0.9042,0.0601,500
1,mnist,facebook/deit-small-patch16-224,Adam,0.01,Linear,identity,256,5,[],[],[],"{0: [0], 1: [0, 1, 2], 2: [0, 1, 4, 5], 3: [0], 4: [0, 5], 5: [0, 2], 6: [0], 7: [0], 8: [0], 9: [0], 10: [0], 11: [0]}",identity,identity,0,0.9629,0.9173,0.0455999999999999,500
2,mnist,facebook/deit-small-patch16-224,Adam,0.01,Linear,identity,256,5,[],[],[],"{0: [0], 1: [0, 1, 2], 2: [0, 1, 4, 5], 3: [0], 4: [0, 5], 5: [0, 2], 6: [0], 7: [0], 8: [0], 9: [0], 10: [0], 11: [0]}",identity,identity,0,0.958,0.915,0.0429999999999999,500
3,mnist,facebook/deit-small-patch16-224,Adam,0.01,Linear,identity,256,5,[],[],[],"{0: [0], 1: [0, 1, 2], 2: [0, 1, 4, 5], 3: [0], 4: [0, 5], 5: [0, 2], 6: [0], 7: [0], 8: [0], 9: [0], 10: [0], 11: [0]}",identity,identity,0,0.9643,0.9211,0.0432,500
1,mnist,facebook/deit-small-patch16-224,Adam,0.01,Linear,identity,256,5,[],[],[],"{0: [0, 2], 1: [0, 1, 2], 2: [0, 1, 4, 5], 3: [0], 4: [0, 4], 5: [0, 2], 6: [0], 7: [0], 8: [0], 9: [0], 10: [0], 11: [0]}",identity,identity,0,0.9629,0.8848,0.0780999999999999,500
2,mnist,facebook/deit-small-patch16-224,Adam,0.01,Linear,identity,256,5,[],[],[],"{0: [0, 2], 1: [0, 1, 2], 2: [0, 1, 4, 5], 3: [0], 4: [0, 4], 5: [0, 2], 6: [0], 7: [0], 8: [0], 9: [0], 10: [0], 11: [0]}",identity,identity,0,0.958,0.8703,0.0877,500
3,mnist,facebook/deit-small-patch16-224,Adam,0.01,Linear,identity,256,5,[],[],[],"{0: [0, 2], 1: [0, 1, 2], 2: [0, 1, 4, 5], 3: [0], 4: [0, 4], 5: [0, 2], 6: [0], 7: [0], 8: [0], 9: [0], 10: [0], 11: [0]}",identity,identity,0,0.9643,0.8835,0.0808000000000001,500
1,mnist,facebook/deit-small-patch16-224,Adam,0.01,Linear,identity,256,5,[],[],[],"{0: [0, 2], 1: [0, 1, 2], 2: [0, 1, 4, 5], 3: [0, 3], 4: [0, 4, 5], 5: [0, 2, 5], 6: [0], 7: [0], 8: [0], 9: [0], 10: [0], 11: [0]}",identity,identity,0,0.9629,0.9044,0.0584999999999999,500
2,mnist,facebook/deit-small-patch16-224,Adam,0.01,Linear,identity,256,5,[],[],[],"{0: [0, 2], 1: [0, 1, 2], 2: [0, 1, 4, 5], 3: [0, 3], 4: [0, 4, 5], 5: [0, 2, 5], 6: [0], 7: [0], 8: [0], 9: [0], 10: [0], 11: [0]}",identity,identity,0,0.958,0.8903,0.0676999999999999,500
3,mnist,facebook/deit-small-patch16-224,Adam,0.01,Linear,identity,256,5,[],[],[],"{0: [0, 2], 1: [0, 1, 2], 2: [0, 1, 4, 5], 3: [0, 3], 4: [0, 4, 5], 5: [0, 2, 5], 6: [0], 7: [0], 8: [0], 9: [0], 10: [0], 11: [0]}",identity,identity,0,0.9643,0.903,0.0613,500
1,mnist,facebook/deit-small-patch16-224,Adam,0.01,Linear,identity,256,5,[],[],[],"{0: [0, 2], 1: [0, 1, 2, 4], 2: [0, 1, 4, 5], 3: [0, 3], 4: [0, 4, 5], 5: [0, 2, 5], 6: [0], 7: [0], 8: [0], 9: [0], 10: [0], 11: [0]}",identity,identity,0,0.9629,0.9087,0.0542,500
2,mnist,facebook/deit-small-patch16-224,Adam,0.01,Linear,identity,256,5,[],[],[],"{0: [0, 2], 1: [0, 1, 2, 4], 2: [0, 1, 4, 5], 3: [0, 3], 4: [0, 4, 5], 5: [0, 2, 5], 6: [0], 7: [0], 8: [0], 9: [0], 10: [0], 11: [0]}",identity,identity,0,0.958,0.8996,0.0584,500
3,mnist,facebook/deit-small-patch16-224,Adam,0.01,Linear,identity,256,5,[],[],[],"{0: [0, 2], 1: [0, 1, 2, 4], 2: [0, 1, 4, 5], 3: [0, 3], 4: [0, 4, 5], 5: [0, 2, 5], 6: [0], 7: [0], 8: [0], 9: [0], 10: [0], 11: [0]}",identity,identity,0,0.9643,0.9075,0.0568,500
1,mnist,facebook/deit-small-patch16-224,Adam,0.01,Linear,identity,256,5,[],[],[],"{0: [0, 2], 1: [0, 1, 2, 3, 4], 2: [0, 1, 4, 5], 3: [0, 2, 3], 4: [0, 2, 4, 5], 5: [0, 1, 2, 4], 6: [0], 7: [0], 8: [0], 9: [0], 10: [0], 11: [0]}",identity,identity,0,0.9629,0.9385,0.0243999999999999,500
2,mnist,facebook/deit-small-patch16-224,Adam,0.01,Linear,identity,256,5,[],[],[],"{0: [0, 2], 1: [0, 1, 2, 3, 4], 2: [0, 1, 4, 5], 3: [0, 2, 3], 4: [0, 2, 4, 5], 5: [0, 1, 2, 4], 6: [0], 7: [0], 8: [0], 9: [0], 10: [0], 11: [0]}",identity,identity,0,0.958,0.938,0.02,500
3,mnist,facebook/deit-small-patch16-224,Adam,0.01,Linear,identity,256,5,[],[],[],"{0: [0, 2], 1: [0, 1, 2, 3, 4], 2: [0, 1, 4, 5], 3: [0, 2, 3], 4: [0, 2, 4, 5], 5: [0, 1, 2, 4], 6: [0], 7: [0], 8: [0], 9: [0], 10: [0], 11: [0]}",identity,identity,0,0.9643,0.9402,0.0241,500
1,mnist,facebook/deit-small-patch16-224,Adam,0.01,Linear,identity,256,5,[],[],[],"{0: [0, 2], 1: [0, 1, 2, 3, 4], 2: [0, 1, 2, 4, 5], 3: [0, 1, 2, 3], 4: [0, 2, 4, 5], 5: [0, 1, 2, 3, 4], 6: [0, 3, 4], 7: [0, 4], 8: [0], 9: [0], 10: [0], 11: [0]}",identity,identity,0,0.9629,0.948,0.0149,500
2,mnist,facebook/deit-small-patch16-224,Adam,0.01,Linear,identity,256,5,[],[],[],"{0: [0, 2], 1: [0, 1, 2, 3, 4], 2: [0, 1, 2, 4, 5], 3: [0, 1, 2, 3], 4: [0, 2, 4, 5], 5: [0, 1, 2, 3, 4], 6: [0, 3, 4], 7: [0, 4], 8: [0], 9: [0], 10: [0], 11: [0]}",identity,identity,0,0.958,0.9458,0.0121999999999999,500
3,mnist,facebook/deit-small-patch16-224,Adam,0.01,Linear,identity,256,5,[],[],[],"{0: [0, 2], 1: [0, 1, 2, 3, 4], 2: [0, 1, 2, 4, 5], 3: [0, 1, 2, 3], 4: [0, 2, 4, 5], 5: [0, 1, 2, 3, 4], 6: [0, 3, 4], 7: [0, 4], 8: [0], 9: [0], 10: [0], 11: [0]}",identity,identity,0,0.9643,0.9486,0.0157,500
1,mnist,facebook/deit-small-patch16-224,Adam,0.01,Linear,identity,256,5,[],[],[],"{0: [0, 2], 1: [0, 1, 2, 3, 4], 2: [0, 1, 2, 4, 5], 3: [0, 1, 2, 3, 4], 4: [0, 2, 3, 4, 5], 6: [0, 1, 2, 4, 5], 7: [0, 4], 8: [0], 9: [0], 10: [0], 11: [0, 5]}",identity,identity,0,0.9629,0.9439,0.019,500
2,mnist,facebook/deit-small-patch16-224,Adam,0.01,Linear,identity,256,5,[],[],[],"{0: [0, 2], 1: [0, 1, 2, 3, 4], 2: [0, 1, 2, 4, 5], 3: [0, 1, 2, 3, 4], 4: [0, 2, 3, 4, 5], 6: [0, 1, 2, 4, 5], 7: [0, 4], 8: [0], 9: [0], 10: [0], 11: [0, 5]}",identity,identity,0,0.958,0.9425,0.0154999999999999,500
3,mnist,facebook/deit-small-patch16-224,Adam,0.01,Linear,identity,256,5,[],[],[],"{0: [0, 2], 1: [0, 1, 2, 3, 4], 2: [0, 1, 2, 4, 5], 3: [0, 1, 2, 3, 4], 4: [0, 2, 3, 4, 5], 6: [0, 1, 2, 4, 5], 7: [0, 4], 8: [0], 9: [0], 10: [0], 11: [0, 5]}",identity,identity,0,0.9643,0.9436,0.0207,500
1,mnist,facebook/deit-small-patch16-224,Adam,0.01,Linear,identity,256,5,[],[],[],"{0: [0, 2, 4], 6: [0, 1, 2, 4, 5], 7: [0, 2, 4], 8: [0, 2, 3, 4, 5], 9: [0, 4], 10: [0], 11: [0, 5]}",identity,identity,0,0.9629,0.9624,0.0004999999999999,500
2,mnist,facebook/deit-small-patch16-224,Adam,0.01,Linear,identity,256,5,[],[],[],"{0: [0, 2, 4], 6: [0, 1, 2, 4, 5], 7: [0, 2, 4], 8: [0, 2, 3, 4, 5], 9: [0, 4], 10: [0], 11: [0, 5]}",identity,identity,0,0.958,0.9609,-0.0029,500
3,mnist,facebook/deit-small-patch16-224,Adam,0.01,Linear,identity,256,5,[],[],[],"{0: [0, 2, 4], 6: [0, 1, 2, 4, 5], 7: [0, 2, 4], 8: [0, 2, 3, 4, 5], 9: [0, 4], 10: [0], 11: [0, 5]}",identity,identity,0,0.9643,0.963,0.0013,500
1,mnist,facebook/deit-small-patch16-224,Adam,0.01,Linear,identity,256,5,[],[],[],"{0: [0, 2, 4], 7: [0, 1, 3, 4, 5], 8: [0, 1, 2, 4, 5], 9: [0, 1, 2, 3, 5], 10: [0, 2], 11: [0, 5]}",identity,identity,0,0.9629,0.9641,-0.0011999999999999,500
2,mnist,facebook/deit-small-patch16-224,Adam,0.01,Linear,identity,256,5,[],[],[],"{0: [0, 2, 4], 7: [0, 1, 3, 4, 5], 8: [0, 1, 2, 4, 5], 9: [0, 1, 2, 3, 5], 10: [0, 2], 11: [0, 5]}",identity,identity,0,0.958,0.9608,-0.0028,500
3,mnist,facebook/deit-small-patch16-224,Adam,0.01,Linear,identity,256,5,[],[],[],"{0: [0, 2, 4], 7: [0, 1, 3, 4, 5], 8: [0, 1, 2, 4, 5], 9: [0, 1, 2, 3, 5], 10: [0, 2], 11: [0, 5]}",identity,identity,0,0.9643,0.9647,-0.0003999999999999,500
1,mnist,facebook/deit-small-patch16-224,Adam,0.01,Linear,identity,256,5,[],[],[],"{0: [0, 1, 2, 4, 5], 10: [0, 1, 2, 5], 11: [0, 2, 3, 5]}",identity,identity,0,0.9629,0.9626,0.0002999999999999,500
2,mnist,facebook/deit-small-patch16-224,Adam,0.01,Linear,identity,256,5,[],[],[],"{0: [0, 1, 2, 4, 5], 10: [0, 1, 2, 5], 11: [0, 2, 3, 5]}",identity,identity,0,0.958,0.9592,-0.0012,500
3,mnist,facebook/deit-small-patch16-224,Adam,0.01,Linear,identity,256,5,[],[],[],"{0: [0, 1, 2, 4, 5], 10: [0, 1, 2, 5], 11: [0, 2, 3, 5]}",identity,identity,0,0.9643,0.9628,0.0015,500
1,mnist,facebook/dinov2-base,Adam,0.01,Linear,identity,256,5,[],[],[],{},identity,identity,0,0.9669,0.9669,0.0,500
2,mnist,facebook/dinov2-base,Adam,0.01,Linear,identity,256,5,[],[],[],{},identity,identity,0,0.9639,0.9639,0.0,500
3,mnist,facebook/dinov2-base,Adam,0.01,Linear,identity,256,5,[],[],[],{},identity,identity,0,0.9754,0.9754,0.0,500
1,mnist,facebook/dinov2-base,Adam,0.01,Linear,identity,256,5,[],[],[],"{0: [0], 1: [0, 4], 2: [0], 3: [0, 2], 4: [0], 5: [0], 6: [0], 7: [0], 8: [0], 9: [0], 10: [0], 11: [0]}",identity,identity,0,0.9669,0.4295,0.5374,500
2,mnist,facebook/dinov2-base,Adam,0.01,Linear,identity,256,5,[],[],[],"{0: [0], 1: [0, 4], 2: [0], 3: [0, 2], 4: [0], 5: [0], 6: [0], 7: [0], 8: [0], 9: [0], 10: [0], 11: [0]}",identity,identity,0,0.9639,0.4756,0.4882999999999999,500
3,mnist,facebook/dinov2-base,Adam,0.01,Linear,identity,256,5,[],[],[],"{0: [0], 1: [0, 4], 2: [0], 3: [0, 2], 4: [0], 5: [0], 6: [0], 7: [0], 8: [0], 9: [0], 10: [0], 11: [0]}",identity,identity,0,0.9754,0.4179,0.5575000000000001,500
1,mnist,facebook/dinov2-base,Adam,0.01,Linear,identity,256,5,[],[],[],"{0: [0], 1: [0, 1, 2], 2: [0], 3: [0, 1], 4: [0], 5: [0], 6: [0], 7: [0], 8: [0], 9: [0], 10: [0], 11: [0]}",identity,identity,0,0.9669,0.4417,0.5252,500
2,mnist,facebook/dinov2-base,Adam,0.01,Linear,identity,256,5,[],[],[],"{0: [0], 1: [0, 1, 2], 2: [0], 3: [0, 1], 4: [0], 5: [0], 6: [0], 7: [0], 8: [0], 9: [0], 10: [0], 11: [0]}",identity,identity,0,0.9639,0.4747,0.4891999999999999,500
3,mnist,facebook/dinov2-base,Adam,0.01,Linear,identity,256,5,[],[],[],"{0: [0], 1: [0, 1, 2], 2: [0], 3: [0, 1], 4: [0], 5: [0], 6: [0], 7: [0], 8: [0], 9: [0], 10: [0], 11: [0]}",identity,identity,0,0.9754,0.4349,0.5405,500
1,mnist,facebook/dinov2-base,Adam,0.01,Linear,identity,256,5,[],[],[],"{0: [0], 1: [0, 1, 2, 3], 2: [0], 3: [0, 1], 4: [0], 5: [0], 6: [0], 7: [0], 8: [0], 9: [0], 10: [0], 11: [0]}",identity,identity,0,0.9669,0.4489,0.518,500
2,mnist,facebook/dinov2-base,Adam,0.01,Linear,identity,256,5,[],[],[],"{0: [0], 1: [0, 1, 2, 3], 2: [0], 3: [0, 1], 4: [0], 5: [0], 6: [0], 7: [0], 8: [0], 9: [0], 10: [0], 11: [0]}",identity,identity,0,0.9639,0.4714,0.4925,500
3,mnist,facebook/dinov2-base,Adam,0.01,Linear,identity,256,5,[],[],[],"{0: [0], 1: [0, 1, 2, 3], 2: [0], 3: [0, 1], 4: [0], 5: [0], 6: [0], 7: [0], 8: [0], 9: [0], 10: [0], 11: [0]}",identity,identity,0,0.9754,0.4316,0.5438000000000001,500
1,mnist,facebook/dinov2-base,Adam,0.01,Linear,identity,256,5,[],[],[],"{0: [0], 1: [0, 1, 2, 3], 2: [0, 2], 3: [0, 1, 2, 8], 4: [0, 3, 7], 5: [0], 6: [0], 7: [0], 8: [0], 9: [0], 10: [0], 11: [0]}",identity,identity,0,0.9669,0.4588,0.5081,500
2,mnist,facebook/dinov2-base,Adam,0.01,Linear,identity,256,5,[],[],[],"{0: [0], 1: [0, 1, 2, 3], 2: [0, 2], 3: [0, 1, 2, 8], 4: [0, 3, 7], 5: [0], 6: [0], 7: [0], 8: [0], 9: [0], 10: [0], 11: [0]}",identity,identity,0,0.9639,0.487,0.4769,500
3,mnist,facebook/dinov2-base,Adam,0.01,Linear,identity,256,5,[],[],[],"{0: [0], 1: [0, 1, 2, 3], 2: [0, 2], 3: [0, 1, 2, 8], 4: [0, 3, 7], 5: [0], 6: [0], 7: [0], 8: [0], 9: [0], 10: [0], 11: [0]}",identity,identity,0,0.9754,0.4284,0.547,500
1,mnist,facebook/dinov2-base,Adam,0.01,Linear,identity,256,5,[],[],[],"{0: [0], 1: [0, 1, 2, 3], 2: [0, 2], 3: [0, 1, 2, 8], 4: [0, 3, 4], 5: [0], 6: [0], 7: [0], 8: [0], 9: [0], 10: [0], 11: [0]}",identity,identity,0,0.9669,0.4552,0.5117,500
2,mnist,facebook/dinov2-base,Adam,0.01,Linear,identity,256,5,[],[],[],"{0: [0], 1: [0, 1, 2, 3], 2: [0, 2], 3: [0, 1, 2, 8], 4: [0, 3, 4], 5: [0], 6: [0], 7: [0], 8: [0], 9: [0], 10: [0], 11: [0]}",identity,identity,0,0.9639,0.4883,0.4755999999999999,500
3,mnist,facebook/dinov2-base,Adam,0.01,Linear,identity,256,5,[],[],[],"{0: [0], 1: [0, 1, 2, 3], 2: [0, 2], 3: [0, 1, 2, 8], 4: [0, 3, 4], 5: [0], 6: [0], 7: [0], 8: [0], 9: [0], 10: [0], 11: [0]}",identity,identity,0,0.9754,0.4284,0.547,500
1,mnist,facebook/dinov2-base,Adam,0.01,Linear,identity,256,5,[],[],[],"{0: [0], 1: [0, 1, 2, 3], 2: [0, 2], 3: [0, 1, 2, 3, 8], 4: [0, 1, 3, 7], 5: [0], 6: [0], 7: [0], 8: [0], 9: [0], 10: [0], 11: [0]}",identity,identity,0,0.9669,0.4571,0.5098,500
2,mnist,facebook/dinov2-base,Adam,0.01,Linear,identity,256,5,[],[],[],"{0: [0], 1: [0, 1, 2, 3], 2: [0, 2], 3: [0, 1, 2, 3, 8], 4: [0, 1, 3, 7], 5: [0], 6: [0], 7: [0], 8: [0], 9: [0], 10: [0], 11: [0]}",identity,identity,0,0.9639,0.4884,0.4755,500
3,mnist,facebook/dinov2-base,Adam,0.01,Linear,identity,256,5,[],[],[],"{0: [0], 1: [0, 1, 2, 3], 2: [0, 2], 3: [0, 1, 2, 3, 8], 4: [0, 1, 3, 7], 5: [0], 6: [0], 7: [0], 8: [0], 9: [0], 10: [0], 11: [0]}",identity,identity,0,0.9754,0.434,0.5414000000000001,500
1,mnist,facebook/dinov2-base,Adam,0.01,Linear,identity,256,5,[],[],[],"{0: [0, 2], 1: [0, 1, 2, 3], 2: [0, 2], 3: [0, 1, 2, 3, 8], 4: [0, 1, 2, 3, 7], 5: [0], 6: [0], 7: [0], 8: [0], 9: [0], 10: [0], 11: [0]}",identity,identity,0,0.9669,0.4626,0.5043,500
2,mnist,facebook/dinov2-base,Adam,0.01,Linear,identity,256,5,[],[],[],"{0: [0, 2], 1: [0, 1, 2, 3], 2: [0, 2], 3: [0, 1, 2, 3, 8], 4: [0, 1, 2, 3, 7], 5: [0], 6: [0], 7: [0], 8: [0], 9: [0], 10: [0], 11: [0]}",identity,identity,0,0.9639,0.486,0.4779,500
3,mnist,facebook/dinov2-base,Adam,0.01,Linear,identity,256,5,[],[],[],"{0: [0, 2], 1: [0, 1, 2, 3], 2: [0, 2], 3: [0, 1, 2, 3, 8], 4: [0, 1, 2, 3, 7], 5: [0], 6: [0], 7: [0], 8: [0], 9: [0], 10: [0], 11: [0]}",identity,identity,0,0.9754,0.4401,0.5353000000000001,500
1,mnist,facebook/dinov2-base,Adam,0.01,Linear,identity,256,5,[],[],[],"{0: [0, 2], 1: [0, 1, 2, 3, 10], 2: [0, 2], 3: [0, 1, 2, 3, 8], 4: [0, 1, 2, 3, 7], 5: [0], 6: [0], 7: [0], 8: [0], 9: [0], 10: [0], 11: [0]}",identity,identity,0,0.9669,0.4526,0.5143,500
2,mnist,facebook/dinov2-base,Adam,0.01,Linear,identity,256,5,[],[],[],"{0: [0, 2], 1: [0, 1, 2, 3, 10], 2: [0, 2], 3: [0, 1, 2, 3, 8], 4: [0, 1, 2, 3, 7], 5: [0], 6: [0], 7: [0], 8: [0], 9: [0], 10: [0], 11: [0]}",identity,identity,0,0.9639,0.4893,0.4745999999999999,500
3,mnist,facebook/dinov2-base,Adam,0.01,Linear,identity,256,5,[],[],[],"{0: [0, 2], 1: [0, 1, 2, 3, 10], 2: [0, 2], 3: [0, 1, 2, 3, 8], 4: [0, 1, 2, 3, 7], 5: [0], 6: [0], 7: [0], 8: [0], 9: [0], 10: [0], 11: [0]}",identity,identity,0,0.9754,0.4412,0.5342,500
1,mnist,facebook/dinov2-base,Adam,0.01,Linear,identity,256,5,[],[],[],"{0: [0, 1, 2], 1: [0, 1, 2, 3, 10], 2: [0, 2], 3: [0, 1, 2, 3, 8], 4: [0, 1, 2, 3, 6, 7], 5: [0], 6: [0], 7: [0, 4], 8: [0], 9: [0], 10: [0], 11: [0]}",identity,identity,0,0.9669,0.4547,0.5122,500
2,mnist,facebook/dinov2-base,Adam,0.01,Linear,identity,256,5,[],[],[],"{0: [0, 1, 2], 1: [0, 1, 2, 3, 10], 2: [0, 2], 3: [0, 1, 2, 3, 8], 4: [0, 1, 2, 3, 6, 7], 5: [0], 6: [0], 7: [0, 4], 8: [0], 9: [0], 10: [0], 11: [0]}",identity,identity,0,0.9639,0.4959,0.4679999999999999,500
3,mnist,facebook/dinov2-base,Adam,0.01,Linear,identity,256,5,[],[],[],"{0: [0, 1, 2], 1: [0, 1, 2, 3, 10], 2: [0, 2], 3: [0, 1, 2, 3, 8], 4: [0, 1, 2, 3, 6, 7], 5: [0], 6: [0], 7: [0, 4], 8: [0], 9: [0], 10: [0], 11: [0]}",identity,identity,0,0.9754,0.4298,0.5456000000000001,500
1,mnist,facebook/dinov2-base,Adam,0.01,Linear,identity,256,5,[],[],[],"{0: [0, 1, 2], 1: [0, 1, 2, 3, 10], 2: [0, 2], 3: [0, 1, 2, 3, 8], 4: [0, 1, 2, 3, 4, 6, 7], 5: [0], 6: [0], 7: [0, 4], 8: [0], 9: [0], 10: [0], 11: [0]}",identity,identity,0,0.9669,0.4384,0.5285,500
2,mnist,facebook/dinov2-base,Adam,0.01,Linear,identity,256,5,[],[],[],"{0: [0, 1, 2], 1: [0, 1, 2, 3, 10], 2: [0, 2], 3: [0, 1, 2, 3, 8], 4: [0, 1, 2, 3, 4, 6, 7], 5: [0], 6: [0], 7: [0, 4], 8: [0], 9: [0], 10: [0], 11: [0]}",identity,identity,0,0.9639,0.4958,0.4680999999999999,500
3,mnist,facebook/dinov2-base,Adam,0.01,Linear,identity,256,5,[],[],[],"{0: [0, 1, 2], 1: [0, 1, 2, 3, 10], 2: [0, 2], 3: [0, 1, 2, 3, 8], 4: [0, 1, 2, 3, 4, 6, 7], 5: [0], 6: [0], 7: [0, 4], 8: [0], 9: [0], 10: [0], 11: [0]}",identity,identity,0,0.9754,0.4259,0.5495000000000001,500
1,mnist,facebook/dinov2-base,Adam,0.01,Linear,identity,256,5,[],[],[],"{0: [0, 1, 2], 1: [0, 1, 2, 3, 4], 2: [0, 2], 3: [0, 1, 2, 3, 8], 4: [0, 1, 2, 3, 4, 6, 7], 5: [0], 6: [0, 1, 5], 7: [0, 4], 8: [0], 9: [0], 10: [0], 11: [0]}",identity,identity,0,0.9669,0.459,0.5079,500
2,mnist,facebook/dinov2-base,Adam,0.01,Linear,identity,256,5,[],[],[],"{0: [0, 1, 2], 1: [0, 1, 2, 3, 4], 2: [0, 2], 3: [0, 1, 2, 3, 8], 4: [0, 1, 2, 3, 4, 6, 7], 5: [0], 6: [0, 1, 5], 7: [0, 4], 8: [0], 9: [0], 10: [0], 11: [0]}",identity,identity,0,0.9639,0.4995,0.4644,500
3,mnist,facebook/dinov2-base,Adam,0.01,Linear,identity,256,5,[],[],[],"{0: [0, 1, 2], 1: [0, 1, 2, 3, 4], 2: [0, 2], 3: [0, 1, 2, 3, 8], 4: [0, 1, 2, 3, 4, 6, 7], 5: [0], 6: [0, 1, 5], 7: [0, 4], 8: [0], 9: [0], 10: [0], 11: [0]}",identity,identity,0,0.9754,0.439,0.5364,500
1,mnist,facebook/dinov2-base,Adam,0.01,Linear,identity,256,5,[],[],[],"{0: [0, 1, 2], 1: [0, 1, 2, 3, 4], 2: [0, 2], 3: [0, 1, 2, 3, 8], 4: [0, 1, 2, 3, 4, 6, 7], 5: [0, 3], 6: [0, 1, 5], 7: [0, 3, 4, 6], 8: [0], 9: [0], 10: [0], 11: [0]}",identity,identity,0,0.9669,0.4804,0.4865,500
2,mnist,facebook/dinov2-base,Adam,0.01,Linear,identity,256,5,[],[],[],"{0: [0, 1, 2], 1: [0, 1, 2, 3, 4], 2: [0, 2], 3: [0, 1, 2, 3, 8], 4: [0, 1, 2, 3, 4, 6, 7], 5: [0, 3], 6: [0, 1, 5], 7: [0, 3, 4, 6], 8: [0], 9: [0], 10: [0], 11: [0]}",identity,identity,0,0.9639,0.5226,0.4413,500
3,mnist,facebook/dinov2-base,Adam,0.01,Linear,identity,256,5,[],[],[],"{0: [0, 1, 2], 1: [0, 1, 2, 3, 4], 2: [0, 2], 3: [0, 1, 2, 3, 8], 4: [0, 1, 2, 3, 4, 6, 7], 5: [0, 3], 6: [0, 1, 5], 7: [0, 3, 4, 6], 8: [0], 9: [0], 10: [0], 11: [0]}",identity,identity,0,0.9754,0.4653,0.5101,500
1,mnist,facebook/dinov2-base,Adam,0.01,Linear,identity,256,5,[],[],[],"{0: [0, 1, 2], 1: [0, 1, 2, 3, 4, 5, 11], 2: [0, 2, 8], 3: [0, 1, 2, 3, 8], 4: [0, 1, 2, 3, 4, 6, 7], 5: [0, 3, 4, 5], 6: [0, 1, 5], 7: [0, 3, 4, 6], 8: [0], 9: [0], 10: [0], 11: [0]}",identity,identity,0,0.9669,0.5083,0.4586,500
2,mnist,facebook/dinov2-base,Adam,0.01,Linear,identity,256,5,[],[],[],"{0: [0, 1, 2], 1: [0, 1, 2, 3, 4, 5, 11], 2: [0, 2, 8], 3: [0, 1, 2, 3, 8], 4: [0, 1, 2, 3, 4, 6, 7], 5: [0, 3, 4, 5], 6: [0, 1, 5], 7: [0, 3, 4, 6], 8: [0], 9: [0], 10: [0], 11: [0]}",identity,identity,0,0.9639,0.5057,0.4581999999999999,500
3,mnist,facebook/dinov2-base,Adam,0.01,Linear,identity,256,5,[],[],[],"{0: [0, 1, 2], 1: [0, 1, 2, 3, 4, 5, 11], 2: [0, 2, 8], 3: [0, 1, 2, 3, 8], 4: [0, 1, 2, 3, 4, 6, 7], 5: [0, 3, 4, 5], 6: [0, 1, 5], 7: [0, 3, 4, 6], 8: [0], 9: [0], 10: [0], 11: [0]}",identity,identity,0,0.9754,0.4322,0.5432000000000001,500
1,mnist,facebook/dinov2-base,Adam,0.01,Linear,identity,256,5,[],[],[],"{0: [0, 1, 2, 7, 8, 9], 1: [0, 1, 2, 3, 4, 5, 10, 11], 2: [0, 2, 8], 3: [0, 1, 2, 3, 8], 4: [0, 1, 2, 3, 4, 6, 7, 10], 5: [0, 3, 4, 5, 10], 6: [0, 1, 5], 7: [0, 3, 4, 6, 10], 8: [0, 2, 4, 7, 9], 9: [0, 1], 10: [0], 11: [0]}",identity,identity,0,0.9669,0.7806,0.1863,500
2,mnist,facebook/dinov2-base,Adam,0.01,Linear,identity,256,5,[],[],[],"{0: [0, 1, 2, 7, 8, 9], 1: [0, 1, 2, 3, 4, 5, 10, 11], 2: [0, 2, 8], 3: [0, 1, 2, 3, 8], 4: [0, 1, 2, 3, 4, 6, 7, 10], 5: [0, 3, 4, 5, 10], 6: [0, 1, 5], 7: [0, 3, 4, 6, 10], 8: [0, 2, 4, 7, 9], 9: [0, 1], 10: [0], 11: [0]}",identity,identity,0,0.9639,0.6585,0.3054,500
3,mnist,facebook/dinov2-base,Adam,0.01,Linear,identity,256,5,[],[],[],"{0: [0, 1, 2, 7, 8, 9], 1: [0, 1, 2, 3, 4, 5, 10, 11], 2: [0, 2, 8], 3: [0, 1, 2, 3, 8], 4: [0, 1, 2, 3, 4, 6, 7, 10], 5: [0, 3, 4, 5, 10], 6: [0, 1, 5], 7: [0, 3, 4, 6, 10], 8: [0, 2, 4, 7, 9], 9: [0, 1], 10: [0], 11: [0]}",identity,identity,0,0.9754,0.7119,0.2635,500
1,mnist,facebook/dinov2-base,Adam,0.01,Linear,identity,256,5,[],[],[],"{0: [0, 1, 2, 3, 8, 9, 10], 1: [0, 1, 2, 3, 4, 5, 10, 11], 2: [0, 2, 8, 9], 3: [0, 1, 2, 3, 5, 6, 8], 4: [0, 1, 2, 3, 4, 6, 7, 8], 5: [0, 2, 3, 4, 5, 10], 6: [0, 1, 5], 7: [0, 2, 3, 4, 6, 9], 8: [0, 1, 2, 4, 7, 9], 9: [0, 1, 4, 7], 10: [0], 11: [0, 6]}",identity,identity,0,0.9669,0.9003,0.0665999999999999,500
2,mnist,facebook/dinov2-base,Adam,0.01,Linear,identity,256,5,[],[],[],"{0: [0, 1, 2, 3, 8, 9, 10], 1: [0, 1, 2, 3, 4, 5, 10, 11], 2: [0, 2, 8, 9], 3: [0, 1, 2, 3, 5, 6, 8], 4: [0, 1, 2, 3, 4, 6, 7, 8], 5: [0, 2, 3, 4, 5, 10], 6: [0, 1, 5], 7: [0, 2, 3, 4, 6, 9], 8: [0, 1, 2, 4, 7, 9], 9: [0, 1, 4, 7], 10: [0], 11: [0, 6]}",identity,identity,0,0.9639,0.8867,0.0771999999999999,500
3,mnist,facebook/dinov2-base,Adam,0.01,Linear,identity,256,5,[],[],[],"{0: [0, 1, 2, 3, 8, 9, 10], 1: [0, 1, 2, 3, 4, 5, 10, 11], 2: [0, 2, 8, 9], 3: [0, 1, 2, 3, 5, 6, 8], 4: [0, 1, 2, 3, 4, 6, 7, 8], 5: [0, 2, 3, 4, 5, 10], 6: [0, 1, 5], 7: [0, 2, 3, 4, 6, 9], 8: [0, 1, 2, 4, 7, 9], 9: [0, 1, 4, 7], 10: [0], 11: [0, 6]}",identity,identity,0,0.9754,0.8877,0.0877,500
1,mnist,facebook/dinov2-base,Adam,0.01,Linear,identity,256,5,[],[],[],"{0: [0, 1, 2, 3, 7, 8, 9, 10, 11], 1: [0, 1, 2, 3, 4, 5, 10, 11], 2: [0, 2, 7, 8, 9], 3: [0, 1, 2, 3, 5, 6, 7, 8], 4: [0, 1, 2, 3, 4, 6, 7, 8], 5: [0, 2, 3, 4, 5, 6, 7, 9, 10], 6: [0, 1, 4, 5], 7: [0, 1, 2, 3, 4, 6, 9, 11], 8: [0, 1, 2, 3, 4, 7, 8, 9], 9: [0, 1, 3], 10: [0], 11: [0, 3, 6]}",identity,identity,0,0.9669,0.8419,0.125,500
2,mnist,facebook/dinov2-base,Adam,0.01,Linear,identity,256,5,[],[],[],"{0: [0, 1, 2, 3, 7, 8, 9, 10, 11], 1: [0, 1, 2, 3, 4, 5, 10, 11], 2: [0, 2, 7, 8, 9], 3: [0, 1, 2, 3, 5, 6, 7, 8], 4: [0, 1, 2, 3, 4, 6, 7, 8], 5: [0, 2, 3, 4, 5, 6, 7, 9, 10], 6: [0, 1, 4, 5], 7: [0, 1, 2, 3, 4, 6, 9, 11], 8: [0, 1, 2, 3, 4, 7, 8, 9], 9: [0, 1, 3], 10: [0], 11: [0, 3, 6]}",identity,identity,0,0.9639,0.8854,0.0785,500
3,mnist,facebook/dinov2-base,Adam,0.01,Linear,identity,256,5,[],[],[],"{0: [0, 1, 2, 3, 7, 8, 9, 10, 11], 1: [0, 1, 2, 3, 4, 5, 10, 11], 2: [0, 2, 7, 8, 9], 3: [0, 1, 2, 3, 5, 6, 7, 8], 4: [0, 1, 2, 3, 4, 6, 7, 8], 5: [0, 2, 3, 4, 5, 6, 7, 9, 10], 6: [0, 1, 4, 5], 7: [0, 1, 2, 3, 4, 6, 9, 11], 8: [0, 1, 2, 3, 4, 7, 8, 9], 9: [0, 1, 3], 10: [0], 11: [0, 3, 6]}",identity,identity,0,0.9754,0.8926,0.0828000000000001,500
1,mnist,facebook/dinov2-base,Adam,0.01,Linear,identity,256,5,[],[],[],"{0: [0, 1, 2, 3, 5, 6, 7, 8, 9, 11], 1: [0, 1, 2, 3, 4, 5, 8, 10, 11], 2: [0, 2, 4, 7, 8, 9, 10], 3: [0, 1, 2, 3, 4, 5, 6, 7, 8, 11], 4: [0, 1, 2, 3, 4, 5, 6, 7, 8, 9], 5: [0, 1, 2, 3, 4, 5, 6, 7, 8, 10, 11], 6: [0, 1, 3, 4, 5, 6, 7], 7: [0, 1, 2, 3, 4, 6, 7, 9, 10, 11], 8: [0, 1, 2, 3, 4, 5, 7, 8, 9], 9: [0, 1, 2, 4, 5, 7, 9, 10], 10: [0, 3, 7, 10, 11], 11: [0, 2, 5, 6]}",identity,identity,0,0.9669,0.9731,-0.0061999999999999,500
2,mnist,facebook/dinov2-base,Adam,0.01,Linear,identity,256,5,[],[],[],"{0: [0, 1, 2, 3, 5, 6, 7, 8, 9, 11], 1: [0, 1, 2, 3, 4, 5, 8, 10, 11], 2: [0, 2, 4, 7, 8, 9, 10], 3: [0, 1, 2, 3, 4, 5, 6, 7, 8, 11], 4: [0, 1, 2, 3, 4, 5, 6, 7, 8, 9], 5: [0, 1, 2, 3, 4, 5, 6, 7, 8, 10, 11], 6: [0, 1, 3, 4, 5, 6, 7], 7: [0, 1, 2, 3, 4, 6, 7, 9, 10, 11], 8: [0, 1, 2, 3, 4, 5, 7, 8, 9], 9: [0, 1, 2, 4, 5, 7, 9, 10], 10: [0, 3, 7, 10, 11], 11: [0, 2, 5, 6]}",identity,identity,0,0.9639,0.9662,-0.0022999999999999,500
3,mnist,facebook/dinov2-base,Adam,0.01,Linear,identity,256,5,[],[],[],"{0: [0, 1, 2, 3, 5, 6, 7, 8, 9, 11], 1: [0, 1, 2, 3, 4, 5, 8, 10, 11], 2: [0, 2, 4, 7, 8, 9, 10], 3: [0, 1, 2, 3, 4, 5, 6, 7, 8, 11], 4: [0, 1, 2, 3, 4, 5, 6, 7, 8, 9], 5: [0, 1, 2, 3, 4, 5, 6, 7, 8, 10, 11], 6: [0, 1, 3, 4, 5, 6, 7], 7: [0, 1, 2, 3, 4, 6, 7, 9, 10, 11], 8: [0, 1, 2, 3, 4, 5, 7, 8, 9], 9: [0, 1, 2, 4, 5, 7, 9, 10], 10: [0, 3, 7, 10, 11], 11: [0, 2, 5, 6]}",identity,identity,0,0.9754,0.9727,0.0027,500
1,mnist,facebook/dinov2-base,Adam,0.01,Linear,identity,256,5,[],[],[],"{1: [0, 1, 2, 3, 4, 5, 7, 8, 9, 10, 11], 2: [0, 1, 2, 3, 4, 5, 6, 7, 8, 9, 10], 3: [0, 1, 2, 3, 4, 5, 6, 7, 8, 10, 11], 6: [0, 1, 2, 3, 4, 5, 6, 7, 11], 7: [0, 1, 2, 3, 4, 5, 6, 7, 9, 10, 11], 10: [0, 1, 2, 3, 4, 5, 6, 7, 9, 10, 11], 11: [0, 1, 3, 5, 6]}",identity,identity,0,0.9669,0.9716,-0.0047,500
2,mnist,facebook/dinov2-base,Adam,0.01,Linear,identity,256,5,[],[],[],"{1: [0, 1, 2, 3, 4, 5, 7, 8, 9, 10, 11], 2: [0, 1, 2, 3, 4, 5, 6, 7, 8, 9, 10], 3: [0, 1, 2, 3, 4, 5, 6, 7, 8, 10, 11], 6: [0, 1, 2, 3, 4, 5, 6, 7, 11], 7: [0, 1, 2, 3, 4, 5, 6, 7, 9, 10, 11], 10: [0, 1, 2, 3, 4, 5, 6, 7, 9, 10, 11], 11: [0, 1, 3, 5, 6]}",identity,identity,0,0.9639,0.9733,-0.0094,500
3,mnist,facebook/dinov2-base,Adam,0.01,Linear,identity,256,5,[],[],[],"{1: [0, 1, 2, 3, 4, 5, 7, 8, 9, 10, 11], 2: [0, 1, 2, 3, 4, 5, 6, 7, 8, 9, 10], 3: [0, 1, 2, 3, 4, 5, 6, 7, 8, 10, 11], 6: [0, 1, 2, 3, 4, 5, 6, 7, 11], 7: [0, 1, 2, 3, 4, 5, 6, 7, 9, 10, 11], 10: [0, 1, 2, 3, 4, 5, 6, 7, 9, 10, 11], 11: [0, 1, 3, 5, 6]}",identity,identity,0,0.9754,0.9793,-0.0038999999999999,500
1,mnist,facebook/dinov2-base,Adam,0.01,Linear,identity,256,5,[],[],[],"{1: [0, 1, 2, 3, 4, 5, 6, 8, 9, 10, 11], 2: [0, 1, 2, 3, 4, 5, 6, 7, 8, 9, 10], 11: [0, 1, 2, 3, 5, 6, 7, 8, 9, 10, 11]}",identity,identity,0,0.9669,0.9694,-0.0025,500
2,mnist,facebook/dinov2-base,Adam,0.01,Linear,identity,256,5,[],[],[],"{1: [0, 1, 2, 3, 4, 5, 6, 8, 9, 10, 11], 2: [0, 1, 2, 3, 4, 5, 6, 7, 8, 9, 10], 11: [0, 1, 2, 3, 5, 6, 7, 8, 9, 10, 11]}",identity,identity,0,0.9639,0.9709,-0.007,500
3,mnist,facebook/dinov2-base,Adam,0.01,Linear,identity,256,5,[],[],[],"{1: [0, 1, 2, 3, 4, 5, 6, 8, 9, 10, 11], 2: [0, 1, 2, 3, 4, 5, 6, 7, 8, 9, 10], 11: [0, 1, 2, 3, 5, 6, 7, 8, 9, 10, 11]}",identity,identity,0,0.9754,0.9776,-0.0021999999999999,500
1,mnist,google/vit-large-patch16-224,Adam,0.01,Linear,identity,256,5,[],[],[],{},identity,identity,0,0.968,0.968,0.0,500
2,mnist,google/vit-large-patch16-224,Adam,0.01,Linear,identity,256,5,[],[],[],{},identity,identity,0,0.97,0.97,0.0,500
3,mnist,google/vit-large-patch16-224,Adam,0.01,Linear,identity,256,5,[],[],[],{},identity,identity,0,0.973,0.973,0.0,500
1,mnist,google/vit-large-patch16-224,Adam,0.01,Linear,identity,256,5,[],[],[],"{0: [0], 1: [0, 1, 7], 2: [0, 3], 3: [0], 4: [0], 5: [0], 6: [0], 7: [0], 8: [0], 9: [0], 10: [0], 11: [0], 12: [0], 13: [0], 14: [0], 15: [0], 16: [0], 17: [0], 18: [0], 19: [0], 20: [0], 21: [0], 22: [0], 23: [0]}",identity,identity,0,0.968,0.816,0.152,500
2,mnist,google/vit-large-patch16-224,Adam,0.01,Linear,identity,256,5,[],[],[],"{0: [0], 1: [0, 1, 7], 2: [0, 3], 3: [0], 4: [0], 5: [0], 6: [0], 7: [0], 8: [0], 9: [0], 10: [0], 11: [0], 12: [0], 13: [0], 14: [0], 15: [0], 16: [0], 17: [0], 18: [0], 19: [0], 20: [0], 21: [0], 22: [0], 23: [0]}",identity,identity,0,0.97,0.8443,0.1256999999999999,500
3,mnist,google/vit-large-patch16-224,Adam,0.01,Linear,identity,256,5,[],[],[],"{0: [0], 1: [0, 1, 7], 2: [0, 3], 3: [0], 4: [0], 5: [0], 6: [0], 7: [0], 8: [0], 9: [0], 10: [0], 11: [0], 12: [0], 13: [0], 14: [0], 15: [0], 16: [0], 17: [0], 18: [0], 19: [0], 20: [0], 21: [0], 22: [0], 23: [0]}",identity,identity,0,0.973,0.8253,0.1476999999999999,500
1,mnist,google/vit-large-patch16-224,Adam,0.01,Linear,identity,256,5,[],[],[],"{0: [0], 1: [0, 1, 7], 2: [0, 3, 5, 11], 3: [0], 4: [0], 5: [0], 6: [0], 7: [0], 8: [0], 9: [0], 10: [0], 11: [0], 12: [0], 13: [0], 14: [0], 15: [0], 16: [0], 17: [0], 18: [0], 19: [0], 20: [0], 21: [0], 22: [0], 23: [0]}",identity,identity,0,0.968,0.8087,0.1593,500
2,mnist,google/vit-large-patch16-224,Adam,0.01,Linear,identity,256,5,[],[],[],"{0: [0], 1: [0, 1, 7], 2: [0, 3, 5, 11], 3: [0], 4: [0], 5: [0], 6: [0], 7: [0], 8: [0], 9: [0], 10: [0], 11: [0], 12: [0], 13: [0], 14: [0], 15: [0], 16: [0], 17: [0], 18: [0], 19: [0], 20: [0], 21: [0], 22: [0], 23: [0]}",identity,identity,0,0.97,0.8221,0.1478999999999999,500
3,mnist,google/vit-large-patch16-224,Adam,0.01,Linear,identity,256,5,[],[],[],"{0: [0], 1: [0, 1, 7], 2: [0, 3, 5, 11], 3: [0], 4: [0], 5: [0], 6: [0], 7: [0], 8: [0], 9: [0], 10: [0], 11: [0], 12: [0], 13: [0], 14: [0], 15: [0], 16: [0], 17: [0], 18: [0], 19: [0], 20: [0], 21: [0], 22: [0], 23: [0]}",identity,identity,0,0.973,0.8177,0.1553,500
1,mnist,google/vit-large-patch16-224,Adam,0.01,Linear,identity,256,5,[],[],[],"{0: [0], 1: [0, 1, 7, 10], 2: [0, 2, 3, 5, 11], 3: [0, 14], 4: [0], 5: [0], 6: [0], 7: [0], 8: [0], 9: [0], 10: [0], 11: [0], 12: [0], 13: [0], 14: [0], 15: [0], 16: [0], 17: [0], 18: [0], 19: [0], 20: [0], 21: [0], 22: [0], 23: [0]}",identity,identity,0,0.968,0.8451,0.1229,500
2,mnist,google/vit-large-patch16-224,Adam,0.01,Linear,identity,256,5,[],[],[],"{0: [0], 1: [0, 1, 7, 10], 2: [0, 2, 3, 5, 11], 3: [0, 14], 4: [0], 5: [0], 6: [0], 7: [0], 8: [0], 9: [0], 10: [0], 11: [0], 12: [0], 13: [0], 14: [0], 15: [0], 16: [0], 17: [0], 18: [0], 19: [0], 20: [0], 21: [0], 22: [0], 23: [0]}",identity,identity,0,0.97,0.8593,0.1107,500
3,mnist,google/vit-large-patch16-224,Adam,0.01,Linear,identity,256,5,[],[],[],"{0: [0], 1: [0, 1, 7, 10], 2: [0, 2, 3, 5, 11], 3: [0, 14], 4: [0], 5: [0], 6: [0], 7: [0], 8: [0], 9: [0], 10: [0], 11: [0], 12: [0], 13: [0], 14: [0], 15: [0], 16: [0], 17: [0], 18: [0], 19: [0], 20: [0], 21: [0], 22: [0], 23: [0]}",identity,identity,0,0.973,0.857,0.1159999999999999,500
1,mnist,google/vit-large-patch16-224,Adam,0.01,Linear,identity,256,5,[],[],[],"{0: [0, 5], 1: [0, 1, 7, 10], 2: [0, 1, 3, 11], 3: [0, 14], 4: [0], 5: [0], 6: [0], 7: [0], 8: [0], 9: [0], 10: [0], 11: [0], 12: [0], 13: [0], 14: [0], 15: [0], 16: [0], 17: [0], 18: [0], 19: [0], 20: [0], 21: [0], 22: [0], 23: [0]}",identity,identity,0,0.968,0.8602,0.1078,500
2,mnist,google/vit-large-patch16-224,Adam,0.01,Linear,identity,256,5,[],[],[],"{0: [0, 5], 1: [0, 1, 7, 10], 2: [0, 1, 3, 11], 3: [0, 14], 4: [0], 5: [0], 6: [0], 7: [0], 8: [0], 9: [0], 10: [0], 11: [0], 12: [0], 13: [0], 14: [0], 15: [0], 16: [0], 17: [0], 18: [0], 19: [0], 20: [0], 21: [0], 22: [0], 23: [0]}",identity,identity,0,0.97,0.8594,0.1105999999999999,500
3,mnist,google/vit-large-patch16-224,Adam,0.01,Linear,identity,256,5,[],[],[],"{0: [0, 5], 1: [0, 1, 7, 10], 2: [0, 1, 3, 11], 3: [0, 14], 4: [0], 5: [0], 6: [0], 7: [0], 8: [0], 9: [0], 10: [0], 11: [0], 12: [0], 13: [0], 14: [0], 15: [0], 16: [0], 17: [0], 18: [0], 19: [0], 20: [0], 21: [0], 22: [0], 23: [0]}",identity,identity,0,0.973,0.8604,0.1125999999999999,500
1,mnist,google/vit-large-patch16-224,Adam,0.01,Linear,identity,256,5,[],[],[],"{0: [0, 5], 1: [0, 1, 7, 10], 2: [0, 1, 3, 11], 3: [0, 7, 14], 4: [0], 5: [0], 6: [0], 7: [0], 8: [0], 9: [0], 10: [0], 11: [0], 12: [0], 13: [0], 14: [0], 15: [0], 16: [0], 17: [0], 18: [0], 19: [0], 20: [0], 21: [0], 22: [0], 23: [0]}",identity,identity,0,0.968,0.8102,0.1577999999999999,500
2,mnist,google/vit-large-patch16-224,Adam,0.01,Linear,identity,256,5,[],[],[],"{0: [0, 5], 1: [0, 1, 7, 10], 2: [0, 1, 3, 11], 3: [0, 7, 14], 4: [0], 5: [0], 6: [0], 7: [0], 8: [0], 9: [0], 10: [0], 11: [0], 12: [0], 13: [0], 14: [0], 15: [0], 16: [0], 17: [0], 18: [0], 19: [0], 20: [0], 21: [0], 22: [0], 23: [0]}",identity,identity,0,0.97,0.8358,0.1341999999999999,500
3,mnist,google/vit-large-patch16-224,Adam,0.01,Linear,identity,256,5,[],[],[],"{0: [0, 5], 1: [0, 1, 7, 10], 2: [0, 1, 3, 11], 3: [0, 7, 14], 4: [0], 5: [0], 6: [0], 7: [0], 8: [0], 9: [0], 10: [0], 11: [0], 12: [0], 13: [0], 14: [0], 15: [0], 16: [0], 17: [0], 18: [0], 19: [0], 20: [0], 21: [0], 22: [0], 23: [0]}",identity,identity,0,0.973,0.8219,0.1511,500
1,mnist,google/vit-large-patch16-224,Adam,0.01,Linear,identity,256,5,[],[],[],"{0: [0, 5], 1: [0, 1, 7, 10], 2: [0, 1, 3, 11], 3: [0, 7, 14], 4: [0, 4], 5: [0], 6: [0], 7: [0], 8: [0], 9: [0], 10: [0], 11: [0], 12: [0], 13: [0], 14: [0], 15: [0], 16: [0], 17: [0], 18: [0], 19: [0], 20: [0], 21: [0], 22: [0], 23: [0]}",identity,identity,0,0.968,0.6464,0.3216,500
2,mnist,google/vit-large-patch16-224,Adam,0.01,Linear,identity,256,5,[],[],[],"{0: [0, 5], 1: [0, 1, 7, 10], 2: [0, 1, 3, 11], 3: [0, 7, 14], 4: [0, 4], 5: [0], 6: [0], 7: [0], 8: [0], 9: [0], 10: [0], 11: [0], 12: [0], 13: [0], 14: [0], 15: [0], 16: [0], 17: [0], 18: [0], 19: [0], 20: [0], 21: [0], 22: [0], 23: [0]}",identity,identity,0,0.97,0.6796,0.2904,500
3,mnist,google/vit-large-patch16-224,Adam,0.01,Linear,identity,256,5,[],[],[],"{0: [0, 5], 1: [0, 1, 7, 10], 2: [0, 1, 3, 11], 3: [0, 7, 14], 4: [0, 4], 5: [0], 6: [0], 7: [0], 8: [0], 9: [0], 10: [0], 11: [0], 12: [0], 13: [0], 14: [0], 15: [0], 16: [0], 17: [0], 18: [0], 19: [0], 20: [0], 21: [0], 22: [0], 23: [0]}",identity,identity,0,0.973,0.6773,0.2956999999999999,500
1,mnist,google/vit-large-patch16-224,Adam,0.01,Linear,identity,256,5,[],[],[],"{0: [0, 5], 1: [0, 1, 7, 10], 2: [0, 1, 3, 7, 11], 3: [0, 7, 14], 4: [0, 4], 5: [0, 1, 6], 6: [0], 7: [0], 8: [0], 9: [0], 10: [0], 11: [0], 12: [0], 13: [0], 14: [0], 15: [0], 16: [0], 17: [0], 18: [0], 19: [0], 20: [0], 21: [0], 22: [0], 23: [0]}",identity,identity,0,0.968,0.6718,0.2962,500
2,mnist,google/vit-large-patch16-224,Adam,0.01,Linear,identity,256,5,[],[],[],"{0: [0, 5], 1: [0, 1, 7, 10], 2: [0, 1, 3, 7, 11], 3: [0, 7, 14], 4: [0, 4], 5: [0, 1, 6], 6: [0], 7: [0], 8: [0], 9: [0], 10: [0], 11: [0], 12: [0], 13: [0], 14: [0], 15: [0], 16: [0], 17: [0], 18: [0], 19: [0], 20: [0], 21: [0], 22: [0], 23: [0]}",identity,identity,0,0.97,0.7212,0.2488,500
3,mnist,google/vit-large-patch16-224,Adam,0.01,Linear,identity,256,5,[],[],[],"{0: [0, 5], 1: [0, 1, 7, 10], 2: [0, 1, 3, 7, 11], 3: [0, 7, 14], 4: [0, 4], 5: [0, 1, 6], 6: [0], 7: [0], 8: [0], 9: [0], 10: [0], 11: [0], 12: [0], 13: [0], 14: [0], 15: [0], 16: [0], 17: [0], 18: [0], 19: [0], 20: [0], 21: [0], 22: [0], 23: [0]}",identity,identity,0,0.973,0.6688,0.3042,500
1,mnist,google/vit-large-patch16-224,Adam,0.01,Linear,identity,256,5,[],[],[],"{0: [0, 5, 15], 1: [0, 1, 7, 10], 2: [0, 1, 3, 7, 11], 3: [0, 3, 7, 14], 4: [0, 4], 5: [0, 1, 6], 6: [0, 14], 7: [0], 8: [0], 9: [0], 10: [0], 11: [0], 12: [0], 13: [0], 14: [0], 15: [0], 16: [0], 17: [0], 18: [0], 19: [0], 20: [0], 21: [0], 22: [0], 23: [0]}",identity,identity,0,0.968,0.9018,0.0661999999999999,500
2,mnist,google/vit-large-patch16-224,Adam,0.01,Linear,identity,256,5,[],[],[],"{0: [0, 5, 15], 1: [0, 1, 7, 10], 2: [0, 1, 3, 7, 11], 3: [0, 3, 7, 14], 4: [0, 4], 5: [0, 1, 6], 6: [0, 14], 7: [0], 8: [0], 9: [0], 10: [0], 11: [0], 12: [0], 13: [0], 14: [0], 15: [0], 16: [0], 17: [0], 18: [0], 19: [0], 20: [0], 21: [0], 22: [0], 23: [0]}",identity,identity,0,0.97,0.9035,0.0665,500
3,mnist,google/vit-large-patch16-224,Adam,0.01,Linear,identity,256,5,[],[],[],"{0: [0, 5, 15], 1: [0, 1, 7, 10], 2: [0, 1, 3, 7, 11], 3: [0, 3, 7, 14], 4: [0, 4], 5: [0, 1, 6], 6: [0, 14], 7: [0], 8: [0], 9: [0], 10: [0], 11: [0], 12: [0], 13: [0], 14: [0], 15: [0], 16: [0], 17: [0], 18: [0], 19: [0], 20: [0], 21: [0], 22: [0], 23: [0]}",identity,identity,0,0.973,0.904,0.0689999999999999,500
1,mnist,google/vit-large-patch16-224,Adam,0.01,Linear,identity,256,5,[],[],[],"{0: [0, 5, 15], 1: [0, 1, 7, 9], 2: [0, 1, 3, 5, 7, 11], 3: [0, 3, 7, 14], 4: [0, 1, 3], 5: [0, 1, 2, 4, 13], 6: [0, 3, 14], 7: [0], 8: [0], 9: [0], 10: [0, 8], 11: [0], 12: [0], 13: [0], 14: [0], 15: [0], 16: [0], 17: [0], 18: [0], 19: [0], 20: [0], 21: [0], 22: [0], 23: [0]}",identity,identity,0,0.968,0.9319,0.0361,500
2,mnist,google/vit-large-patch16-224,Adam,0.01,Linear,identity,256,5,[],[],[],"{0: [0, 5, 15], 1: [0, 1, 7, 9], 2: [0, 1, 3, 5, 7, 11], 3: [0, 3, 7, 14], 4: [0, 1, 3], 5: [0, 1, 2, 4, 13], 6: [0, 3, 14], 7: [0], 8: [0], 9: [0], 10: [0, 8], 11: [0], 12: [0], 13: [0], 14: [0], 15: [0], 16: [0], 17: [0], 18: [0], 19: [0], 20: [0], 21: [0], 22: [0], 23: [0]}",identity,identity,0,0.97,0.9216,0.0484,500
3,mnist,google/vit-large-patch16-224,Adam,0.01,Linear,identity,256,5,[],[],[],"{0: [0, 5, 15], 1: [0, 1, 7, 9], 2: [0, 1, 3, 5, 7, 11], 3: [0, 3, 7, 14], 4: [0, 1, 3], 5: [0, 1, 2, 4, 13], 6: [0, 3, 14], 7: [0], 8: [0], 9: [0], 10: [0, 8], 11: [0], 12: [0], 13: [0], 14: [0], 15: [0], 16: [0], 17: [0], 18: [0], 19: [0], 20: [0], 21: [0], 22: [0], 23: [0]}",identity,identity,0,0.973,0.9326,0.0403999999999999,500
1,mnist,google/vit-large-patch16-224,Adam,0.01,Linear,identity,256,5,[],[],[],"{0: [0, 5, 6, 15], 1: [0, 1, 4, 7, 10], 2: [0, 1, 3, 5, 7, 11], 3: [0, 3, 7, 14], 4: [0, 1, 3, 4, 11], 5: [0, 1, 2, 4, 10, 13], 6: [0, 3, 10, 14], 7: [0, 3], 8: [0, 2], 9: [0], 10: [0, 8], 11: [0], 12: [0], 13: [0], 14: [0], 15: [0], 16: [0], 17: [0], 18: [0], 19: [0], 20: [0], 21: [0], 22: [0], 23: [0]}",identity,identity,0,0.968,0.9085,0.0595,500
2,mnist,google/vit-large-patch16-224,Adam,0.01,Linear,identity,256,5,[],[],[],"{0: [0, 5, 6, 15], 1: [0, 1, 4, 7, 10], 2: [0, 1, 3, 5, 7, 11], 3: [0, 3, 7, 14], 4: [0, 1, 3, 4, 11], 5: [0, 1, 2, 4, 10, 13], 6: [0, 3, 10, 14], 7: [0, 3], 8: [0, 2], 9: [0], 10: [0, 8], 11: [0], 12: [0], 13: [0], 14: [0], 15: [0], 16: [0], 17: [0], 18: [0], 19: [0], 20: [0], 21: [0], 22: [0], 23: [0]}",identity,identity,0,0.97,0.9186,0.0514,500
3,mnist,google/vit-large-patch16-224,Adam,0.01,Linear,identity,256,5,[],[],[],"{0: [0, 5, 6, 15], 1: [0, 1, 4, 7, 10], 2: [0, 1, 3, 5, 7, 11], 3: [0, 3, 7, 14], 4: [0, 1, 3, 4, 11], 5: [0, 1, 2, 4, 10, 13], 6: [0, 3, 10, 14], 7: [0, 3], 8: [0, 2], 9: [0], 10: [0, 8], 11: [0], 12: [0], 13: [0], 14: [0], 15: [0], 16: [0], 17: [0], 18: [0], 19: [0], 20: [0], 21: [0], 22: [0], 23: [0]}",identity,identity,0,0.973,0.9046,0.0684,500
1,mnist,google/vit-large-patch16-224,Adam,0.01,Linear,identity,256,5,[],[],[],"{0: [0, 5, 6, 15], 1: [0, 1, 3, 7], 2: [0, 1, 3, 5, 7, 11], 3: [0, 3, 7, 14], 4: [0, 1, 3, 4, 5], 5: [0, 1, 2, 4, 6, 8, 13], 6: [0, 3, 6, 10, 14], 7: [0, 3, 7], 8: [0, 2, 6, 8], 9: [0, 12], 10: [0, 3, 8], 11: [0], 12: [0], 13: [0, 10], 14: [0], 15: [0], 16: [0], 17: [0], 18: [0], 19: [0], 20: [0], 21: [0], 22: [0], 23: [0, 6]}",identity,identity,0,0.968,0.9001,0.0678999999999999,500
2,mnist,google/vit-large-patch16-224,Adam,0.01,Linear,identity,256,5,[],[],[],"{0: [0, 5, 6, 15], 1: [0, 1, 3, 7], 2: [0, 1, 3, 5, 7, 11], 3: [0, 3, 7, 14], 4: [0, 1, 3, 4, 5], 5: [0, 1, 2, 4, 6, 8, 13], 6: [0, 3, 6, 10, 14], 7: [0, 3, 7], 8: [0, 2, 6, 8], 9: [0, 12], 10: [0, 3, 8], 11: [0], 12: [0], 13: [0, 10], 14: [0], 15: [0], 16: [0], 17: [0], 18: [0], 19: [0], 20: [0], 21: [0], 22: [0], 23: [0, 6]}",identity,identity,0,0.97,0.9161,0.0538999999999999,500
3,mnist,google/vit-large-patch16-224,Adam,0.01,Linear,identity,256,5,[],[],[],"{0: [0, 5, 6, 15], 1: [0, 1, 3, 7], 2: [0, 1, 3, 5, 7, 11], 3: [0, 3, 7, 14], 4: [0, 1, 3, 4, 5], 5: [0, 1, 2, 4, 6, 8, 13], 6: [0, 3, 6, 10, 14], 7: [0, 3, 7], 8: [0, 2, 6, 8], 9: [0, 12], 10: [0, 3, 8], 11: [0], 12: [0], 13: [0, 10], 14: [0], 15: [0], 16: [0], 17: [0], 18: [0], 19: [0], 20: [0], 21: [0], 22: [0], 23: [0, 6]}",identity,identity,0,0.973,0.9111,0.0618999999999999,500
1,mnist,google/vit-large-patch16-224,Adam,0.01,Linear,identity,256,5,[],[],[],"{0: [0, 5, 6, 15], 1: [0, 1, 3, 7, 8, 10], 2: [0, 1, 2, 3, 4, 5, 11], 3: [0, 2, 3, 7, 8, 14], 4: [0, 1, 3, 4, 5], 5: [0, 1, 2, 4, 5, 8, 9, 13], 6: [0, 1, 6, 10, 14], 7: [0, 3, 7, 12], 8: [0, 2, 5, 6, 12], 9: [0, 4], 10: [0, 2, 3, 8], 11: [0], 12: [0], 13: [0, 6], 14: [0], 15: [0], 16: [0], 17: [0], 18: [0], 19: [0], 20: [0], 21: [0], 22: [0], 23: [0, 2]}",identity,identity,0,0.968,0.9479,0.0201,500
2,mnist,google/vit-large-patch16-224,Adam,0.01,Linear,identity,256,5,[],[],[],"{0: [0, 5, 6, 15], 1: [0, 1, 3, 7, 8, 10], 2: [0, 1, 2, 3, 4, 5, 11], 3: [0, 2, 3, 7, 8, 14], 4: [0, 1, 3, 4, 5], 5: [0, 1, 2, 4, 5, 8, 9, 13], 6: [0, 1, 6, 10, 14], 7: [0, 3, 7, 12], 8: [0, 2, 5, 6, 12], 9: [0, 4], 10: [0, 2, 3, 8], 11: [0], 12: [0], 13: [0, 6], 14: [0], 15: [0], 16: [0], 17: [0], 18: [0], 19: [0], 20: [0], 21: [0], 22: [0], 23: [0, 2]}",identity,identity,0,0.97,0.9463,0.0236999999999999,500
3,mnist,google/vit-large-patch16-224,Adam,0.01,Linear,identity,256,5,[],[],[],"{0: [0, 5, 6, 15], 1: [0, 1, 3, 7, 8, 10], 2: [0, 1, 2, 3, 4, 5, 11], 3: [0, 2, 3, 7, 8, 14], 4: [0, 1, 3, 4, 5], 5: [0, 1, 2, 4, 5, 8, 9, 13], 6: [0, 1, 6, 10, 14], 7: [0, 3, 7, 12], 8: [0, 2, 5, 6, 12], 9: [0, 4], 10: [0, 2, 3, 8], 11: [0], 12: [0], 13: [0, 6], 14: [0], 15: [0], 16: [0], 17: [0], 18: [0], 19: [0], 20: [0], 21: [0], 22: [0], 23: [0, 2]}",identity,identity,0,0.973,0.951,0.022,500
1,mnist,google/vit-large-patch16-224,Adam,0.01,Linear,identity,256,5,[],[],[],"{0: [0, 5, 6, 15], 1: [0, 1, 3, 7, 8, 9, 10], 2: [0, 1, 2, 3, 4, 5, 11], 3: [0, 2, 3, 7, 8, 14], 4: [0, 1, 2, 3, 4, 5, 6], 5: [0, 1, 2, 4, 5, 6, 8, 10, 13, 15], 6: [0, 1, 5, 6, 7, 10, 11, 14], 7: [0, 3, 4, 7, 9, 12], 8: [0, 1, 2, 3, 5, 6, 10, 11, 12], 9: [0, 1, 3], 10: [0, 2, 3, 8], 11: [0, 7, 15], 12: [0], 13: [0, 1], 14: [0], 15: [0, 9], 16: [0, 11], 17: [0], 18: [0], 19: [0], 20: [0], 21: [0], 22: [0], 23: [0, 2, 13]}",identity,identity,0,0.968,0.95,0.018,500
2,mnist,google/vit-large-patch16-224,Adam,0.01,Linear,identity,256,5,[],[],[],"{0: [0, 5, 6, 15], 1: [0, 1, 3, 7, 8, 9, 10], 2: [0, 1, 2, 3, 4, 5, 11], 3: [0, 2, 3, 7, 8, 14], 4: [0, 1, 2, 3, 4, 5, 6], 5: [0, 1, 2, 4, 5, 6, 8, 10, 13, 15], 6: [0, 1, 5, 6, 7, 10, 11, 14], 7: [0, 3, 4, 7, 9, 12], 8: [0, 1, 2, 3, 5, 6, 10, 11, 12], 9: [0, 1, 3], 10: [0, 2, 3, 8], 11: [0, 7, 15], 12: [0], 13: [0, 1], 14: [0], 15: [0, 9], 16: [0, 11], 17: [0], 18: [0], 19: [0], 20: [0], 21: [0], 22: [0], 23: [0, 2, 13]}",identity,identity,0,0.97,0.9553,0.0146999999999999,500
3,mnist,google/vit-large-patch16-224,Adam,0.01,Linear,identity,256,5,[],[],[],"{0: [0, 5, 6, 15], 1: [0, 1, 3, 7, 8, 9, 10], 2: [0, 1, 2, 3, 4, 5, 11], 3: [0, 2, 3, 7, 8, 14], 4: [0, 1, 2, 3, 4, 5, 6], 5: [0, 1, 2, 4, 5, 6, 8, 10, 13, 15], 6: [0, 1, 5, 6, 7, 10, 11, 14], 7: [0, 3, 4, 7, 9, 12], 8: [0, 1, 2, 3, 5, 6, 10, 11, 12], 9: [0, 1, 3], 10: [0, 2, 3, 8], 11: [0, 7, 15], 12: [0], 13: [0, 1], 14: [0], 15: [0, 9], 16: [0, 11], 17: [0], 18: [0], 19: [0], 20: [0], 21: [0], 22: [0], 23: [0, 2, 13]}",identity,identity,0,0.973,0.9572,0.0157999999999999,500
1,mnist,google/vit-large-patch16-224,Adam,0.01,Linear,identity,256,5,[],[],[],"{0: [0, 5, 6, 15], 1: [0, 1, 3, 7, 8, 9, 10, 11, 12, 15], 2: [0, 1, 2, 3, 4, 5, 7, 10, 11, 15], 3: [0, 2, 3, 5, 7, 9, 14, 15], 4: [0, 1, 2, 3, 4, 5, 6, 7, 10, 12], 5: [0, 1, 2, 3, 4, 6, 8, 9, 10, 13, 14, 15], 6: [0, 1, 3, 5, 6, 7, 10, 11, 14, 15], 7: [0, 1, 3, 5, 6, 7, 9, 10, 12], 8: [0, 1, 2, 3, 4, 5, 6, 8, 10, 11, 12], 9: [0, 1, 3], 10: [0, 2, 3, 4, 8, 10, 12, 13, 15], 11: [0, 2, 4, 5, 7, 15], 12: [0, 3, 5, 6, 7], 13: [0, 1, 13, 15], 14: [0, 8], 15: [0, 9], 16: [0, 11], 17: [0, 1], 18: [0], 19: [0], 20: [0], 21: [0, 13], 22: [0, 6], 23: [0, 2, 10, 11, 13, 14]}",identity,identity,0,0.968,0.9646,0.0033999999999999,500
2,mnist,google/vit-large-patch16-224,Adam,0.01,Linear,identity,256,5,[],[],[],"{0: [0, 5, 6, 15], 1: [0, 1, 3, 7, 8, 9, 10, 11, 12, 15], 2: [0, 1, 2, 3, 4, 5, 7, 10, 11, 15], 3: [0, 2, 3, 5, 7, 9, 14, 15], 4: [0, 1, 2, 3, 4, 5, 6, 7, 10, 12], 5: [0, 1, 2, 3, 4, 6, 8, 9, 10, 13, 14, 15], 6: [0, 1, 3, 5, 6, 7, 10, 11, 14, 15], 7: [0, 1, 3, 5, 6, 7, 9, 10, 12], 8: [0, 1, 2, 3, 4, 5, 6, 8, 10, 11, 12], 9: [0, 1, 3], 10: [0, 2, 3, 4, 8, 10, 12, 13, 15], 11: [0, 2, 4, 5, 7, 15], 12: [0, 3, 5, 6, 7], 13: [0, 1, 13, 15], 14: [0, 8], 15: [0, 9], 16: [0, 11], 17: [0, 1], 18: [0], 19: [0], 20: [0], 21: [0, 13], 22: [0, 6], 23: [0, 2, 10, 11, 13, 14]}",identity,identity,0,0.97,0.9716,-0.0016,500
3,mnist,google/vit-large-patch16-224,Adam,0.01,Linear,identity,256,5,[],[],[],"{0: [0, 5, 6, 15], 1: [0, 1, 3, 7, 8, 9, 10, 11, 12, 15], 2: [0, 1, 2, 3, 4, 5, 7, 10, 11, 15], 3: [0, 2, 3, 5, 7, 9, 14, 15], 4: [0, 1, 2, 3, 4, 5, 6, 7, 10, 12], 5: [0, 1, 2, 3, 4, 6, 8, 9, 10, 13, 14, 15], 6: [0, 1, 3, 5, 6, 7, 10, 11, 14, 15], 7: [0, 1, 3, 5, 6, 7, 9, 10, 12], 8: [0, 1, 2, 3, 4, 5, 6, 8, 10, 11, 12], 9: [0, 1, 3], 10: [0, 2, 3, 4, 8, 10, 12, 13, 15], 11: [0, 2, 4, 5, 7, 15], 12: [0, 3, 5, 6, 7], 13: [0, 1, 13, 15], 14: [0, 8], 15: [0, 9], 16: [0, 11], 17: [0, 1], 18: [0], 19: [0], 20: [0], 21: [0, 13], 22: [0, 6], 23: [0, 2, 10, 11, 13, 14]}",identity,identity,0,0.973,0.9696,0.0033999999999999,500
1,mnist,google/vit-large-patch16-224,Adam,0.01,Linear,identity,256,5,[],[],[],"{0: [0, 1, 5, 6, 14, 15], 1: [0, 1, 3, 4, 7, 8, 9, 10, 11, 12, 15], 2: [0, 1, 2, 3, 4, 5, 6, 7, 8, 10, 11, 13, 15], 3: [0, 1, 2, 3, 4, 5, 7, 8, 9, 11, 14, 15], 4: [0, 1, 2, 3, 4, 5, 6, 7, 9, 10, 11, 12], 5: [0, 1, 2, 3, 4, 5, 6, 7, 8, 9, 10, 11, 13, 14, 15], 6: [0, 1, 2, 3, 4, 5, 6, 7, 8, 10, 11, 14, 15], 7: [0, 1, 3, 4, 5, 6, 7, 9, 10, 12, 13, 14, 15], 8: [0, 1, 2, 3, 4, 5, 6, 8, 10, 11, 12, 13, 15], 9: [0, 1, 2, 3, 5, 7, 12], 10: [0, 2, 3, 4, 5, 7, 8, 10, 11, 12, 13, 14, 15], 11: [0, 1, 2, 4, 7, 10, 15], 12: [0, 3, 5, 6, 7, 8, 9, 11, 13, 14], 13: [0, 1, 3, 8, 13, 15], 14: [0, 1, 5, 8, 10, 12], 15: [0, 1, 5, 6, 9], 16: [0, 3, 6, 10, 11], 17: [0, 1, 6], 18: [0, 2], 19: [0], 20: [0, 11], 21: [0, 13], 22: [0, 4, 6], 23: [0, 1, 2, 9, 10, 11, 13, 14, 15]}",identity,identity,0,0.968,0.9646,0.0033999999999999,500
2,mnist,google/vit-large-patch16-224,Adam,0.01,Linear,identity,256,5,[],[],[],"{0: [0, 1, 5, 6, 14, 15], 1: [0, 1, 3, 4, 7, 8, 9, 10, 11, 12, 15], 2: [0, 1, 2, 3, 4, 5, 6, 7, 8, 10, 11, 13, 15], 3: [0, 1, 2, 3, 4, 5, 7, 8, 9, 11, 14, 15], 4: [0, 1, 2, 3, 4, 5, 6, 7, 9, 10, 11, 12], 5: [0, 1, 2, 3, 4, 5, 6, 7, 8, 9, 10, 11, 13, 14, 15], 6: [0, 1, 2, 3, 4, 5, 6, 7, 8, 10, 11, 14, 15], 7: [0, 1, 3, 4, 5, 6, 7, 9, 10, 12, 13, 14, 15], 8: [0, 1, 2, 3, 4, 5, 6, 8, 10, 11, 12, 13, 15], 9: [0, 1, 2, 3, 5, 7, 12], 10: [0, 2, 3, 4, 5, 7, 8, 10, 11, 12, 13, 14, 15], 11: [0, 1, 2, 4, 7, 10, 15], 12: [0, 3, 5, 6, 7, 8, 9, 11, 13, 14], 13: [0, 1, 3, 8, 13, 15], 14: [0, 1, 5, 8, 10, 12], 15: [0, 1, 5, 6, 9], 16: [0, 3, 6, 10, 11], 17: [0, 1, 6], 18: [0, 2], 19: [0], 20: [0, 11], 21: [0, 13], 22: [0, 4, 6], 23: [0, 1, 2, 9, 10, 11, 13, 14, 15]}",identity,identity,0,0.97,0.9689,0.0010999999999999,500
3,mnist,google/vit-large-patch16-224,Adam,0.01,Linear,identity,256,5,[],[],[],"{0: [0, 1, 5, 6, 14, 15], 1: [0, 1, 3, 4, 7, 8, 9, 10, 11, 12, 15], 2: [0, 1, 2, 3, 4, 5, 6, 7, 8, 10, 11, 13, 15], 3: [0, 1, 2, 3, 4, 5, 7, 8, 9, 11, 14, 15], 4: [0, 1, 2, 3, 4, 5, 6, 7, 9, 10, 11, 12], 5: [0, 1, 2, 3, 4, 5, 6, 7, 8, 9, 10, 11, 13, 14, 15], 6: [0, 1, 2, 3, 4, 5, 6, 7, 8, 10, 11, 14, 15], 7: [0, 1, 3, 4, 5, 6, 7, 9, 10, 12, 13, 14, 15], 8: [0, 1, 2, 3, 4, 5, 6, 8, 10, 11, 12, 13, 15], 9: [0, 1, 2, 3, 5, 7, 12], 10: [0, 2, 3, 4, 5, 7, 8, 10, 11, 12, 13, 14, 15], 11: [0, 1, 2, 4, 7, 10, 15], 12: [0, 3, 5, 6, 7, 8, 9, 11, 13, 14], 13: [0, 1, 3, 8, 13, 15], 14: [0, 1, 5, 8, 10, 12], 15: [0, 1, 5, 6, 9], 16: [0, 3, 6, 10, 11], 17: [0, 1, 6], 18: [0, 2], 19: [0], 20: [0, 11], 21: [0, 13], 22: [0, 4, 6], 23: [0, 1, 2, 9, 10, 11, 13, 14, 15]}",identity,identity,0,0.973,0.972,0.001,500
1,mnist,google/vit-large-patch16-224,Adam,0.01,Linear,identity,256,5,[],[],[],"{0: [0, 1, 5, 6, 7, 8, 14, 15], 1: [0, 1, 3, 4, 6, 7, 8, 9, 10, 11, 12, 13, 14, 15], 3: [0, 1, 2, 3, 4, 5, 7, 8, 9, 10, 11, 12, 13, 14, 15], 7: [0, 1, 2, 3, 4, 5, 6, 7, 8, 9, 10, 11, 12, 13, 14], 9: [0, 1, 2, 3, 4, 5, 6, 7, 8, 9, 11, 12, 14, 15], 10: [0, 1, 2, 3, 4, 5, 6, 8, 10, 11, 12, 13, 14, 15], 11: [0, 1, 2, 3, 4, 5, 6, 7, 8, 9, 10, 12, 13, 15], 13: [0, 1, 2, 3, 4, 8, 9, 10, 11, 13, 15], 14: [0, 1, 2, 3, 4, 5, 7, 8, 9, 10, 12, 14, 15], 15: [0, 1, 3, 5, 6, 9, 10, 12, 13, 14], 16: [0, 1, 3, 6, 10, 11, 14, 15], 17: [0, 1, 6, 7, 10, 12, 15], 18: [0, 2, 3, 5, 8, 13], 19: [0, 2, 5, 6], 20: [0, 5, 10, 11, 13], 21: [0, 1, 5, 13], 22: [0, 1, 4, 6, 8, 11], 23: [0, 1, 2, 3, 4, 5, 6, 7, 8, 9, 10, 11, 13, 14, 15]}",identity,identity,0,0.968,0.9716,-0.0036,500
2,mnist,google/vit-large-patch16-224,Adam,0.01,Linear,identity,256,5,[],[],[],"{0: [0, 1, 5, 6, 7, 8, 14, 15], 1: [0, 1, 3, 4, 6, 7, 8, 9, 10, 11, 12, 13, 14, 15], 3: [0, 1, 2, 3, 4, 5, 7, 8, 9, 10, 11, 12, 13, 14, 15], 7: [0, 1, 2, 3, 4, 5, 6, 7, 8, 9, 10, 11, 12, 13, 14], 9: [0, 1, 2, 3, 4, 5, 6, 7, 8, 9, 11, 12, 14, 15], 10: [0, 1, 2, 3, 4, 5, 6, 8, 10, 11, 12, 13, 14, 15], 11: [0, 1, 2, 3, 4, 5, 6, 7, 8, 9, 10, 12, 13, 15], 13: [0, 1, 2, 3, 4, 8, 9, 10, 11, 13, 15], 14: [0, 1, 2, 3, 4, 5, 7, 8, 9, 10, 12, 14, 15], 15: [0, 1, 3, 5, 6, 9, 10, 12, 13, 14], 16: [0, 1, 3, 6, 10, 11, 14, 15], 17: [0, 1, 6, 7, 10, 12, 15], 18: [0, 2, 3, 5, 8, 13], 19: [0, 2, 5, 6], 20: [0, 5, 10, 11, 13], 21: [0, 1, 5, 13], 22: [0, 1, 4, 6, 8, 11], 23: [0, 1, 2, 3, 4, 5, 6, 7, 8, 9, 10, 11, 13, 14, 15]}",identity,identity,0,0.97,0.9728,-0.0028,500
3,mnist,google/vit-large-patch16-224,Adam,0.01,Linear,identity,256,5,[],[],[],"{0: [0, 1, 5, 6, 7, 8, 14, 15], 1: [0, 1, 3, 4, 6, 7, 8, 9, 10, 11, 12, 13, 14, 15], 3: [0, 1, 2, 3, 4, 5, 7, 8, 9, 10, 11, 12, 13, 14, 15], 7: [0, 1, 2, 3, 4, 5, 6, 7, 8, 9, 10, 11, 12, 13, 14], 9: [0, 1, 2, 3, 4, 5, 6, 7, 8, 9, 11, 12, 14, 15], 10: [0, 1, 2, 3, 4, 5, 6, 8, 10, 11, 12, 13, 14, 15], 11: [0, 1, 2, 3, 4, 5, 6, 7, 8, 9, 10, 12, 13, 15], 13: [0, 1, 2, 3, 4, 8, 9, 10, 11, 13, 15], 14: [0, 1, 2, 3, 4, 5, 7, 8, 9, 10, 12, 14, 15], 15: [0, 1, 3, 5, 6, 9, 10, 12, 13, 14], 16: [0, 1, 3, 6, 10, 11, 14, 15], 17: [0, 1, 6, 7, 10, 12, 15], 18: [0, 2, 3, 5, 8, 13], 19: [0, 2, 5, 6], 20: [0, 5, 10, 11, 13], 21: [0, 1, 5, 13], 22: [0, 1, 4, 6, 8, 11], 23: [0, 1, 2, 3, 4, 5, 6, 7, 8, 9, 10, 11, 13, 14, 15]}",identity,identity,0,0.973,0.9763,-0.0032999999999999,500
1,mnist,google/vit-large-patch16-224,Adam,0.01,Linear,identity,256,5,[],[],[],"{0: [0, 1, 2, 3, 4, 5, 6, 7, 8, 9, 10, 11, 12, 14, 15]}",identity,identity,0,0.968,0.969,-0.001,500
2,mnist,google/vit-large-patch16-224,Adam,0.01,Linear,identity,256,5,[],[],[],"{0: [0, 1, 2, 3, 4, 5, 6, 7, 8, 9, 10, 11, 12, 14, 15]}",identity,identity,0,0.97,0.9717,-0.0017,500
3,mnist,google/vit-large-patch16-224,Adam,0.01,Linear,identity,256,5,[],[],[],"{0: [0, 1, 2, 3, 4, 5, 6, 7, 8, 9, 10, 11, 12, 14, 15]}",identity,identity,0,0.973,0.9739,-0.0009,500
1,cifar100,facebook/deit-small-patch16-224,Adam,0.01,Linear,identity,256,5,[],[],[],{},identity,identity,0,0.7126,0.7126,0.0,500
2,cifar100,facebook/deit-small-patch16-224,Adam,0.01,Linear,identity,256,5,[],[],[],{},identity,identity,0,0.7128,0.7128,0.0,500
3,cifar100,facebook/deit-small-patch16-224,Adam,0.01,Linear,identity,256,5,[],[],[],{},identity,identity,0,0.712,0.712,0.0,500
1,cifar100,facebook/deit-small-patch16-224,Adam,0.01,Linear,identity,256,5,[],[],[],"{0: [0], 1: [0], 2: [0], 3: [0], 4: [0], 5: [0], 6: [0], 7: [0], 8: [0], 9: [0], 10: [0], 11: [0]}",identity,identity,0,0.7126,0.2696,0.443,500
2,cifar100,facebook/deit-small-patch16-224,Adam,0.01,Linear,identity,256,5,[],[],[],"{0: [0], 1: [0], 2: [0], 3: [0], 4: [0], 5: [0], 6: [0], 7: [0], 8: [0], 9: [0], 10: [0], 11: [0]}",identity,identity,0,0.7128,0.2679,0.4448999999999999,500
3,cifar100,facebook/deit-small-patch16-224,Adam,0.01,Linear,identity,256,5,[],[],[],"{0: [0], 1: [0], 2: [0], 3: [0], 4: [0], 5: [0], 6: [0], 7: [0], 8: [0], 9: [0], 10: [0], 11: [0]}",identity,identity,0,0.712,0.2648,0.4472,500
1,cifar100,facebook/deit-small-patch16-224,Adam,0.01,Linear,identity,256,5,[],[],[],"{0: [0], 1: [0, 1, 2], 2: [0], 3: [0], 4: [0], 5: [0], 6: [0], 7: [0], 8: [0], 9: [0], 10: [0], 11: [0]}",identity,identity,0,0.7126,0.2804,0.4322,500
2,cifar100,facebook/deit-small-patch16-224,Adam,0.01,Linear,identity,256,5,[],[],[],"{0: [0], 1: [0, 1, 2], 2: [0], 3: [0], 4: [0], 5: [0], 6: [0], 7: [0], 8: [0], 9: [0], 10: [0], 11: [0]}",identity,identity,0,0.7128,0.2805,0.4322999999999999,500
3,cifar100,facebook/deit-small-patch16-224,Adam,0.01,Linear,identity,256,5,[],[],[],"{0: [0], 1: [0, 1, 2], 2: [0], 3: [0], 4: [0], 5: [0], 6: [0], 7: [0], 8: [0], 9: [0], 10: [0], 11: [0]}",identity,identity,0,0.712,0.2779,0.4341,500
1,cifar100,facebook/deit-small-patch16-224,Adam,0.01,Linear,identity,256,5,[],[],[],"{0: [0], 1: [0, 1, 2], 2: [0, 5], 3: [0], 4: [0], 5: [0], 6: [0], 7: [0], 8: [0], 9: [0], 10: [0], 11: [0]}",identity,identity,0,0.7126,0.2908,0.4218,500
2,cifar100,facebook/deit-small-patch16-224,Adam,0.01,Linear,identity,256,5,[],[],[],"{0: [0], 1: [0, 1, 2], 2: [0, 5], 3: [0], 4: [0], 5: [0], 6: [0], 7: [0], 8: [0], 9: [0], 10: [0], 11: [0]}",identity,identity,0,0.7128,0.2938,0.419,500
3,cifar100,facebook/deit-small-patch16-224,Adam,0.01,Linear,identity,256,5,[],[],[],"{0: [0], 1: [0, 1, 2], 2: [0, 5], 3: [0], 4: [0], 5: [0], 6: [0], 7: [0], 8: [0], 9: [0], 10: [0], 11: [0]}",identity,identity,0,0.712,0.2889,0.4231,500
1,cifar100,facebook/deit-small-patch16-224,Adam,0.01,Linear,identity,256,5,[],[],[],"{0: [0], 1: [0, 1, 2], 2: [0, 1, 5], 3: [0], 4: [0], 5: [0], 6: [0], 7: [0], 8: [0], 9: [0], 10: [0], 11: [0]}",identity,identity,0,0.7126,0.294,0.4186,500
2,cifar100,facebook/deit-small-patch16-224,Adam,0.01,Linear,identity,256,5,[],[],[],"{0: [0], 1: [0, 1, 2], 2: [0, 1, 5], 3: [0], 4: [0], 5: [0], 6: [0], 7: [0], 8: [0], 9: [0], 10: [0], 11: [0]}",identity,identity,0,0.7128,0.2988,0.414,500
3,cifar100,facebook/deit-small-patch16-224,Adam,0.01,Linear,identity,256,5,[],[],[],"{0: [0], 1: [0, 1, 2], 2: [0, 1, 5], 3: [0], 4: [0], 5: [0], 6: [0], 7: [0], 8: [0], 9: [0], 10: [0], 11: [0]}",identity,identity,0,0.712,0.2912,0.4207999999999999,500
1,cifar100,facebook/deit-small-patch16-224,Adam,0.01,Linear,identity,256,5,[],[],[],"{0: [0], 1: [0, 1, 2], 2: [0, 1, 4, 5], 3: [0], 4: [0], 5: [0, 2], 6: [0], 7: [0], 8: [0], 9: [0], 10: [0], 11: [0]}",identity,identity,0,0.7126,0.3103,0.4023,500
2,cifar100,facebook/deit-small-patch16-224,Adam,0.01,Linear,identity,256,5,[],[],[],"{0: [0], 1: [0, 1, 2], 2: [0, 1, 4, 5], 3: [0], 4: [0], 5: [0, 2], 6: [0], 7: [0], 8: [0], 9: [0], 10: [0], 11: [0]}",identity,identity,0,0.7128,0.3107,0.4021,500
3,cifar100,facebook/deit-small-patch16-224,Adam,0.01,Linear,identity,256,5,[],[],[],"{0: [0], 1: [0, 1, 2], 2: [0, 1, 4, 5], 3: [0], 4: [0], 5: [0, 2], 6: [0], 7: [0], 8: [0], 9: [0], 10: [0], 11: [0]}",identity,identity,0,0.712,0.3097,0.4023,500
1,cifar100,facebook/deit-small-patch16-224,Adam,0.01,Linear,identity,256,5,[],[],[],"{0: [0], 1: [0, 1, 2], 2: [0, 1, 4, 5], 3: [0], 4: [0, 2, 4], 5: [0, 2, 4], 6: [0, 5], 7: [0], 8: [0], 9: [0], 10: [0], 11: [0]}",identity,identity,0,0.7126,0.337,0.3756,500
2,cifar100,facebook/deit-small-patch16-224,Adam,0.01,Linear,identity,256,5,[],[],[],"{0: [0], 1: [0, 1, 2], 2: [0, 1, 4, 5], 3: [0], 4: [0, 2, 4], 5: [0, 2, 4], 6: [0, 5], 7: [0], 8: [0], 9: [0], 10: [0], 11: [0]}",identity,identity,0,0.7128,0.3426,0.3702,500
3,cifar100,facebook/deit-small-patch16-224,Adam,0.01,Linear,identity,256,5,[],[],[],"{0: [0], 1: [0, 1, 2], 2: [0, 1, 4, 5], 3: [0], 4: [0, 2, 4], 5: [0, 2, 4], 6: [0, 5], 7: [0], 8: [0], 9: [0], 10: [0], 11: [0]}",identity,identity,0,0.712,0.3422,0.3697999999999999,500
1,cifar100,facebook/deit-small-patch16-224,Adam,0.01,Linear,identity,256,5,[],[],[],"{0: [0, 2], 1: [0, 1, 2], 2: [0, 1, 4, 5], 3: [0, 3], 4: [0, 2, 4], 5: [0, 1, 2], 6: [0, 3], 7: [0], 8: [0], 9: [0], 10: [0], 11: [0, 5]}",identity,identity,0,0.7126,0.3283,0.3843,500
2,cifar100,facebook/deit-small-patch16-224,Adam,0.01,Linear,identity,256,5,[],[],[],"{0: [0, 2], 1: [0, 1, 2], 2: [0, 1, 4, 5], 3: [0, 3], 4: [0, 2, 4], 5: [0, 1, 2], 6: [0, 3], 7: [0], 8: [0], 9: [0], 10: [0], 11: [0, 5]}",identity,identity,0,0.7128,0.3267,0.3861,500
3,cifar100,facebook/deit-small-patch16-224,Adam,0.01,Linear,identity,256,5,[],[],[],"{0: [0, 2], 1: [0, 1, 2], 2: [0, 1, 4, 5], 3: [0, 3], 4: [0, 2, 4], 5: [0, 1, 2], 6: [0, 3], 7: [0], 8: [0], 9: [0], 10: [0], 11: [0, 5]}",identity,identity,0,0.712,0.329,0.3829999999999999,500
1,cifar100,facebook/deit-small-patch16-224,Adam,0.01,Linear,identity,256,5,[],[],[],"{0: [0, 2], 1: [0, 1, 2], 2: [0, 1, 4, 5], 3: [0, 1, 4], 4: [0, 2, 4], 5: [0, 1, 2, 4], 6: [0, 3], 7: [0], 8: [0], 9: [0], 10: [0], 11: [0, 5]}",identity,identity,0,0.7126,0.3159,0.3967,500
2,cifar100,facebook/deit-small-patch16-224,Adam,0.01,Linear,identity,256,5,[],[],[],"{0: [0, 2], 1: [0, 1, 2], 2: [0, 1, 4, 5], 3: [0, 1, 4], 4: [0, 2, 4], 5: [0, 1, 2, 4], 6: [0, 3], 7: [0], 8: [0], 9: [0], 10: [0], 11: [0, 5]}",identity,identity,0,0.7128,0.3138,0.3989999999999999,500
3,cifar100,facebook/deit-small-patch16-224,Adam,0.01,Linear,identity,256,5,[],[],[],"{0: [0, 2], 1: [0, 1, 2], 2: [0, 1, 4, 5], 3: [0, 1, 4], 4: [0, 2, 4], 5: [0, 1, 2, 4], 6: [0, 3], 7: [0], 8: [0], 9: [0], 10: [0], 11: [0, 5]}",identity,identity,0,0.712,0.3204,0.3915999999999999,500
1,cifar100,facebook/deit-small-patch16-224,Adam,0.01,Linear,identity,256,5,[],[],[],"{0: [0, 2], 1: [0, 1, 2, 4], 2: [0, 1, 4, 5], 3: [0, 1, 2, 3, 4], 4: [0, 2, 4, 5], 5: [0, 1, 2, 4], 6: [0, 3, 4], 7: [0, 1, 3, 4], 8: [0], 9: [0], 10: [0], 11: [0, 5]}",identity,identity,0,0.7126,0.3522,0.3604,500
2,cifar100,facebook/deit-small-patch16-224,Adam,0.01,Linear,identity,256,5,[],[],[],"{0: [0, 2], 1: [0, 1, 2, 4], 2: [0, 1, 4, 5], 3: [0, 1, 2, 3, 4], 4: [0, 2, 4, 5], 5: [0, 1, 2, 4], 6: [0, 3, 4], 7: [0, 1, 3, 4], 8: [0], 9: [0], 10: [0], 11: [0, 5]}",identity,identity,0,0.7128,0.3525,0.3603,500
3,cifar100,facebook/deit-small-patch16-224,Adam,0.01,Linear,identity,256,5,[],[],[],"{0: [0, 2], 1: [0, 1, 2, 4], 2: [0, 1, 4, 5], 3: [0, 1, 2, 3, 4], 4: [0, 2, 4, 5], 5: [0, 1, 2, 4], 6: [0, 3, 4], 7: [0, 1, 3, 4], 8: [0], 9: [0], 10: [0], 11: [0, 5]}",identity,identity,0,0.712,0.3556,0.3563999999999999,500
1,cifar100,facebook/deit-small-patch16-224,Adam,0.01,Linear,identity,256,5,[],[],[],"{0: [0, 2], 1: [0, 1, 2, 3, 4], 2: [0, 1, 4, 5], 3: [0, 1, 2, 3, 4], 4: [0, 1, 4, 5], 5: [0, 1, 2, 4, 5], 7: [0, 1, 3, 4], 8: [0, 1, 2, 4], 9: [0], 10: [0, 2], 11: [0, 5]}",identity,identity,0,0.7126,0.4216,0.291,500
2,cifar100,facebook/deit-small-patch16-224,Adam,0.01,Linear,identity,256,5,[],[],[],"{0: [0, 2], 1: [0, 1, 2, 3, 4], 2: [0, 1, 4, 5], 3: [0, 1, 2, 3, 4], 4: [0, 1, 4, 5], 5: [0, 1, 2, 4, 5], 7: [0, 1, 3, 4], 8: [0, 1, 2, 4], 9: [0], 10: [0, 2], 11: [0, 5]}",identity,identity,0,0.7128,0.4249,0.2879,500
3,cifar100,facebook/deit-small-patch16-224,Adam,0.01,Linear,identity,256,5,[],[],[],"{0: [0, 2], 1: [0, 1, 2, 3, 4], 2: [0, 1, 4, 5], 3: [0, 1, 2, 3, 4], 4: [0, 1, 4, 5], 5: [0, 1, 2, 4, 5], 7: [0, 1, 3, 4], 8: [0, 1, 2, 4], 9: [0], 10: [0, 2], 11: [0, 5]}",identity,identity,0,0.712,0.4273,0.2846999999999999,500
1,cifar100,facebook/deit-small-patch16-224,Adam,0.01,Linear,identity,256,5,[],[],[],"{0: [0, 2], 3: [0, 1, 2, 3, 4], 7: [0, 1, 2, 3, 4], 10: [0, 2], 11: [0, 5]}",identity,identity,0,0.7126,0.6965,0.0161,500
2,cifar100,facebook/deit-small-patch16-224,Adam,0.01,Linear,identity,256,5,[],[],[],"{0: [0, 2], 3: [0, 1, 2, 3, 4], 7: [0, 1, 2, 3, 4], 10: [0, 2], 11: [0, 5]}",identity,identity,0,0.7128,0.6997,0.0131,500
3,cifar100,facebook/deit-small-patch16-224,Adam,0.01,Linear,identity,256,5,[],[],[],"{0: [0, 2], 3: [0, 1, 2, 3, 4], 7: [0, 1, 2, 3, 4], 10: [0, 2], 11: [0, 5]}",identity,identity,0,0.712,0.696,0.016,500
1,cifar100,facebook/deit-small-patch16-224,Adam,0.01,Linear,identity,256,5,[],[],[],"{0: [0, 2, 4], 10: [0, 1], 11: [0, 5]}",identity,identity,0,0.7126,0.7033,0.0092999999999999,500
2,cifar100,facebook/deit-small-patch16-224,Adam,0.01,Linear,identity,256,5,[],[],[],"{0: [0, 2, 4], 10: [0, 1], 11: [0, 5]}",identity,identity,0,0.7128,0.7037,0.0090999999999999,500
3,cifar100,facebook/deit-small-patch16-224,Adam,0.01,Linear,identity,256,5,[],[],[],"{0: [0, 2, 4], 10: [0, 1], 11: [0, 5]}",identity,identity,0,0.712,0.7032,0.0087999999999999,500
1,cifar100,facebook/deit-small-patch16-224,Adam,0.01,Linear,identity,256,5,[],[],[],"{0: [0, 2, 4], 10: [0, 1, 5], 11: [0, 3, 5]}",identity,identity,0,0.7126,0.7007,0.0119,500
2,cifar100,facebook/deit-small-patch16-224,Adam,0.01,Linear,identity,256,5,[],[],[],"{0: [0, 2, 4], 10: [0, 1, 5], 11: [0, 3, 5]}",identity,identity,0,0.7128,0.7015,0.0112999999999999,500
3,cifar100,facebook/deit-small-patch16-224,Adam,0.01,Linear,identity,256,5,[],[],[],"{0: [0, 2, 4], 10: [0, 1, 5], 11: [0, 3, 5]}",identity,identity,0,0.712,0.7014,0.0105999999999999,500
1,cifar100,facebook/deit-small-patch16-224,Adam,0.01,Linear,identity,256,5,[],[],[],"{0: [0, 1, 2, 4, 5]}",identity,identity,0,0.7126,0.7076,0.005,500
2,cifar100,facebook/deit-small-patch16-224,Adam,0.01,Linear,identity,256,5,[],[],[],"{0: [0, 1, 2, 4, 5]}",identity,identity,0,0.7128,0.7101,0.0027,500
3,cifar100,facebook/deit-small-patch16-224,Adam,0.01,Linear,identity,256,5,[],[],[],"{0: [0, 1, 2, 4, 5]}",identity,identity,0,0.712,0.707,0.005,500
1,cifar100,facebook/dinov2-base,Adam,0.01,Linear,identity,256,5,[],[],[],{},identity,identity,0,0.867,0.867,0.0,500
2,cifar100,facebook/dinov2-base,Adam,0.01,Linear,identity,256,5,[],[],[],{},identity,identity,0,0.8728,0.8728,0.0,500
3,cifar100,facebook/dinov2-base,Adam,0.01,Linear,identity,256,5,[],[],[],{},identity,identity,0,0.8764,0.8764,0.0,500
1,cifar100,facebook/dinov2-base,Adam,0.01,Linear,identity,256,5,[],[],[],"{0: [0], 1: [0, 4], 2: [0], 3: [0, 2], 4: [0], 5: [0], 6: [0], 7: [0], 8: [0], 9: [0], 10: [0], 11: [0]}",identity,identity,0,0.867,0.0886,0.7784,500
2,cifar100,facebook/dinov2-base,Adam,0.01,Linear,identity,256,5,[],[],[],"{0: [0], 1: [0, 4], 2: [0], 3: [0, 2], 4: [0], 5: [0], 6: [0], 7: [0], 8: [0], 9: [0], 10: [0], 11: [0]}",identity,identity,0,0.8728,0.1021,0.7707,500
3,cifar100,facebook/dinov2-base,Adam,0.01,Linear,identity,256,5,[],[],[],"{0: [0], 1: [0, 4], 2: [0], 3: [0, 2], 4: [0], 5: [0], 6: [0], 7: [0], 8: [0], 9: [0], 10: [0], 11: [0]}",identity,identity,0,0.8764,0.0886,0.7878,500
1,cifar100,facebook/dinov2-base,Adam,0.01,Linear,identity,256,5,[],[],[],"{0: [0], 1: [0, 1, 2], 2: [0], 3: [0, 1], 4: [0], 5: [0], 6: [0], 7: [0], 8: [0], 9: [0], 10: [0], 11: [0]}",identity,identity,0,0.867,0.0865,0.7805,500
2,cifar100,facebook/dinov2-base,Adam,0.01,Linear,identity,256,5,[],[],[],"{0: [0], 1: [0, 1, 2], 2: [0], 3: [0, 1], 4: [0], 5: [0], 6: [0], 7: [0], 8: [0], 9: [0], 10: [0], 11: [0]}",identity,identity,0,0.8728,0.1057,0.7671,500
3,cifar100,facebook/dinov2-base,Adam,0.01,Linear,identity,256,5,[],[],[],"{0: [0], 1: [0, 1, 2], 2: [0], 3: [0, 1], 4: [0], 5: [0], 6: [0], 7: [0], 8: [0], 9: [0], 10: [0], 11: [0]}",identity,identity,0,0.8764,0.0943,0.7821,500
1,cifar100,facebook/dinov2-base,Adam,0.01,Linear,identity,256,5,[],[],[],"{0: [0], 1: [0, 1, 2, 3], 2: [0], 3: [0, 1], 4: [0, 3], 5: [0], 6: [0], 7: [0], 8: [0], 9: [0], 10: [0], 11: [0]}",identity,identity,0,0.867,0.0896,0.7774,500
2,cifar100,facebook/dinov2-base,Adam,0.01,Linear,identity,256,5,[],[],[],"{0: [0], 1: [0, 1, 2, 3], 2: [0], 3: [0, 1], 4: [0, 3], 5: [0], 6: [0], 7: [0], 8: [0], 9: [0], 10: [0], 11: [0]}",identity,identity,0,0.8728,0.1041,0.7687,500
3,cifar100,facebook/dinov2-base,Adam,0.01,Linear,identity,256,5,[],[],[],"{0: [0], 1: [0, 1, 2, 3], 2: [0], 3: [0, 1], 4: [0, 3], 5: [0], 6: [0], 7: [0], 8: [0], 9: [0], 10: [0], 11: [0]}",identity,identity,0,0.8764,0.0912,0.7851999999999999,500
1,cifar100,facebook/dinov2-base,Adam,0.01,Linear,identity,256,5,[],[],[],"{0: [0], 1: [0, 1, 2, 3], 2: [0], 3: [0, 1], 4: [0, 3, 7], 5: [0], 6: [0], 7: [0], 8: [0], 9: [0], 10: [0], 11: [0]}",identity,identity,0,0.867,0.0861,0.7809,500
2,cifar100,facebook/dinov2-base,Adam,0.01,Linear,identity,256,5,[],[],[],"{0: [0], 1: [0, 1, 2, 3], 2: [0], 3: [0, 1], 4: [0, 3, 7], 5: [0], 6: [0], 7: [0], 8: [0], 9: [0], 10: [0], 11: [0]}",identity,identity,0,0.8728,0.1024,0.7704,500
3,cifar100,facebook/dinov2-base,Adam,0.01,Linear,identity,256,5,[],[],[],"{0: [0], 1: [0, 1, 2, 3], 2: [0], 3: [0, 1], 4: [0, 3, 7], 5: [0], 6: [0], 7: [0], 8: [0], 9: [0], 10: [0], 11: [0]}",identity,identity,0,0.8764,0.0987,0.7777,500
1,cifar100,facebook/dinov2-base,Adam,0.01,Linear,identity,256,5,[],[],[],"{0: [0, 6, 7], 1: [0, 1, 2, 3], 2: [0, 2], 3: [0, 1, 8], 4: [0, 1, 3, 7], 5: [0], 6: [0], 7: [0], 8: [0], 9: [0], 10: [0], 11: [0]}",identity,identity,0,0.867,0.0868,0.7802,500
2,cifar100,facebook/dinov2-base,Adam,0.01,Linear,identity,256,5,[],[],[],"{0: [0, 6, 7], 1: [0, 1, 2, 3], 2: [0, 2], 3: [0, 1, 8], 4: [0, 1, 3, 7], 5: [0], 6: [0], 7: [0], 8: [0], 9: [0], 10: [0], 11: [0]}",identity,identity,0,0.8728,0.1036,0.7692,500
3,cifar100,facebook/dinov2-base,Adam,0.01,Linear,identity,256,5,[],[],[],"{0: [0, 6, 7], 1: [0, 1, 2, 3], 2: [0, 2], 3: [0, 1, 8], 4: [0, 1, 3, 7], 5: [0], 6: [0], 7: [0], 8: [0], 9: [0], 10: [0], 11: [0]}",identity,identity,0,0.8764,0.0994,0.7769999999999999,500
1,cifar100,facebook/dinov2-base,Adam,0.01,Linear,identity,256,5,[],[],[],"{0: [0, 6, 7], 1: [0, 1, 2, 3], 2: [0, 2], 3: [0, 1, 2, 3, 8], 4: [0, 1, 3, 7, 8], 5: [0], 6: [0], 7: [0], 8: [0], 9: [0], 10: [0], 11: [0]}",identity,identity,0,0.867,0.0854,0.7816,500
2,cifar100,facebook/dinov2-base,Adam,0.01,Linear,identity,256,5,[],[],[],"{0: [0, 6, 7], 1: [0, 1, 2, 3], 2: [0, 2], 3: [0, 1, 2, 3, 8], 4: [0, 1, 3, 7, 8], 5: [0], 6: [0], 7: [0], 8: [0], 9: [0], 10: [0], 11: [0]}",identity,identity,0,0.8728,0.107,0.7658,500
3,cifar100,facebook/dinov2-base,Adam,0.01,Linear,identity,256,5,[],[],[],"{0: [0, 6, 7], 1: [0, 1, 2, 3], 2: [0, 2], 3: [0, 1, 2, 3, 8], 4: [0, 1, 3, 7, 8], 5: [0], 6: [0], 7: [0], 8: [0], 9: [0], 10: [0], 11: [0]}",identity,identity,0,0.8764,0.1023,0.7741,500
1,cifar100,facebook/dinov2-base,Adam,0.01,Linear,identity,256,5,[],[],[],"{0: [0, 2, 6, 7], 1: [0, 1, 2, 3], 2: [0, 2], 3: [0, 1, 2, 3, 8], 4: [0, 1, 3, 6], 5: [0], 6: [0], 7: [0], 8: [0], 9: [0], 10: [0], 11: [0]}",identity,identity,0,0.867,0.0827,0.7843,500
2,cifar100,facebook/dinov2-base,Adam,0.01,Linear,identity,256,5,[],[],[],"{0: [0, 2, 6, 7], 1: [0, 1, 2, 3], 2: [0, 2], 3: [0, 1, 2, 3, 8], 4: [0, 1, 3, 6], 5: [0], 6: [0], 7: [0], 8: [0], 9: [0], 10: [0], 11: [0]}",identity,identity,0,0.8728,0.1095,0.7633,500
3,cifar100,facebook/dinov2-base,Adam,0.01,Linear,identity,256,5,[],[],[],"{0: [0, 2, 6, 7], 1: [0, 1, 2, 3], 2: [0, 2], 3: [0, 1, 2, 3, 8], 4: [0, 1, 3, 6], 5: [0], 6: [0], 7: [0], 8: [0], 9: [0], 10: [0], 11: [0]}",identity,identity,0,0.8764,0.1048,0.7716,500
1,cifar100,facebook/dinov2-base,Adam,0.01,Linear,identity,256,5,[],[],[],"{0: [0, 2, 6, 7], 1: [0, 1, 2, 3], 2: [0, 2], 3: [0, 1, 2, 3, 8], 4: [0, 1, 2, 3, 7], 5: [0], 6: [0], 7: [0, 4], 8: [0], 9: [0], 10: [0], 11: [0]}",identity,identity,0,0.867,0.0856,0.7814,500
2,cifar100,facebook/dinov2-base,Adam,0.01,Linear,identity,256,5,[],[],[],"{0: [0, 2, 6, 7], 1: [0, 1, 2, 3], 2: [0, 2], 3: [0, 1, 2, 3, 8], 4: [0, 1, 2, 3, 7], 5: [0], 6: [0], 7: [0, 4], 8: [0], 9: [0], 10: [0], 11: [0]}",identity,identity,0,0.8728,0.1042,0.7686000000000001,500
3,cifar100,facebook/dinov2-base,Adam,0.01,Linear,identity,256,5,[],[],[],"{0: [0, 2, 6, 7], 1: [0, 1, 2, 3], 2: [0, 2], 3: [0, 1, 2, 3, 8], 4: [0, 1, 2, 3, 7], 5: [0], 6: [0], 7: [0, 4], 8: [0], 9: [0], 10: [0], 11: [0]}",identity,identity,0,0.8764,0.0964,0.7799999999999999,500
1,cifar100,facebook/dinov2-base,Adam,0.01,Linear,identity,256,5,[],[],[],"{0: [0, 2, 6, 7], 1: [0, 1, 2, 3, 5], 2: [0, 2], 3: [0, 1, 2, 3, 8], 4: [0, 1, 2, 3, 7], 5: [0], 6: [0, 1], 7: [0, 4], 8: [0], 9: [0], 10: [0], 11: [0]}",identity,identity,0,0.867,0.0788,0.7882,500
2,cifar100,facebook/dinov2-base,Adam,0.01,Linear,identity,256,5,[],[],[],"{0: [0, 2, 6, 7], 1: [0, 1, 2, 3, 5], 2: [0, 2], 3: [0, 1, 2, 3, 8], 4: [0, 1, 2, 3, 7], 5: [0], 6: [0, 1], 7: [0, 4], 8: [0], 9: [0], 10: [0], 11: [0]}",identity,identity,0,0.8728,0.1072,0.7656000000000001,500
3,cifar100,facebook/dinov2-base,Adam,0.01,Linear,identity,256,5,[],[],[],"{0: [0, 2, 6, 7], 1: [0, 1, 2, 3, 5], 2: [0, 2], 3: [0, 1, 2, 3, 8], 4: [0, 1, 2, 3, 7], 5: [0], 6: [0, 1], 7: [0, 4], 8: [0], 9: [0], 10: [0], 11: [0]}",identity,identity,0,0.8764,0.0915,0.7848999999999999,500
1,cifar100,facebook/dinov2-base,Adam,0.01,Linear,identity,256,5,[],[],[],"{0: [0, 2, 6, 7, 9], 1: [0, 1, 2, 3, 5], 2: [0, 2], 3: [0, 1, 2, 3, 8], 4: [0, 1, 2, 3, 4, 6, 7], 5: [0], 6: [0, 1, 5], 7: [0, 4], 8: [0], 9: [0], 10: [0], 11: [0]}",identity,identity,0,0.867,0.0812,0.7858,500
2,cifar100,facebook/dinov2-base,Adam,0.01,Linear,identity,256,5,[],[],[],"{0: [0, 2, 6, 7, 9], 1: [0, 1, 2, 3, 5], 2: [0, 2], 3: [0, 1, 2, 3, 8], 4: [0, 1, 2, 3, 4, 6, 7], 5: [0], 6: [0, 1, 5], 7: [0, 4], 8: [0], 9: [0], 10: [0], 11: [0]}",identity,identity,0,0.8728,0.1022,0.7706000000000001,500
3,cifar100,facebook/dinov2-base,Adam,0.01,Linear,identity,256,5,[],[],[],"{0: [0, 2, 6, 7, 9], 1: [0, 1, 2, 3, 5], 2: [0, 2], 3: [0, 1, 2, 3, 8], 4: [0, 1, 2, 3, 4, 6, 7], 5: [0], 6: [0, 1, 5], 7: [0, 4], 8: [0], 9: [0], 10: [0], 11: [0]}",identity,identity,0,0.8764,0.0942,0.7822,500
1,cifar100,facebook/dinov2-base,Adam,0.01,Linear,identity,256,5,[],[],[],"{0: [0, 1, 2, 6, 7, 9], 1: [0, 1, 2, 3, 5, 11], 2: [0, 2], 3: [0, 1, 2, 3, 8], 4: [0, 1, 2, 3, 4, 6, 7], 5: [0, 3], 6: [0, 1, 5], 7: [0, 4, 6], 8: [0], 9: [0], 10: [0], 11: [0]}",identity,identity,0,0.867,0.0843,0.7827,500
2,cifar100,facebook/dinov2-base,Adam,0.01,Linear,identity,256,5,[],[],[],"{0: [0, 1, 2, 6, 7, 9], 1: [0, 1, 2, 3, 5, 11], 2: [0, 2], 3: [0, 1, 2, 3, 8], 4: [0, 1, 2, 3, 4, 6, 7], 5: [0, 3], 6: [0, 1, 5], 7: [0, 4, 6], 8: [0], 9: [0], 10: [0], 11: [0]}",identity,identity,0,0.8728,0.1102,0.7626000000000001,500
3,cifar100,facebook/dinov2-base,Adam,0.01,Linear,identity,256,5,[],[],[],"{0: [0, 1, 2, 6, 7, 9], 1: [0, 1, 2, 3, 5, 11], 2: [0, 2], 3: [0, 1, 2, 3, 8], 4: [0, 1, 2, 3, 4, 6, 7], 5: [0, 3], 6: [0, 1, 5], 7: [0, 4, 6], 8: [0], 9: [0], 10: [0], 11: [0]}",identity,identity,0,0.8764,0.1057,0.7706999999999999,500
1,cifar100,facebook/dinov2-base,Adam,0.01,Linear,identity,256,5,[],[],[],"{0: [0, 1, 2, 6, 7, 9], 1: [0, 1, 2, 3, 5, 8], 2: [0, 2, 8], 3: [0, 1, 2, 3, 8], 4: [0, 1, 2, 3, 4, 6, 7], 5: [0, 3, 5], 6: [0, 1, 5], 7: [0, 3, 4, 6], 8: [0], 9: [0], 10: [0], 11: [0]}",identity,identity,0,0.867,0.0735,0.7935,500
2,cifar100,facebook/dinov2-base,Adam,0.01,Linear,identity,256,5,[],[],[],"{0: [0, 1, 2, 6, 7, 9], 1: [0, 1, 2, 3, 5, 8], 2: [0, 2, 8], 3: [0, 1, 2, 3, 8], 4: [0, 1, 2, 3, 4, 6, 7], 5: [0, 3, 5], 6: [0, 1, 5], 7: [0, 3, 4, 6], 8: [0], 9: [0], 10: [0], 11: [0]}",identity,identity,0,0.8728,0.1182,0.7546,500
3,cifar100,facebook/dinov2-base,Adam,0.01,Linear,identity,256,5,[],[],[],"{0: [0, 1, 2, 6, 7, 9], 1: [0, 1, 2, 3, 5, 8], 2: [0, 2, 8], 3: [0, 1, 2, 3, 8], 4: [0, 1, 2, 3, 4, 6, 7], 5: [0, 3, 5], 6: [0, 1, 5], 7: [0, 3, 4, 6], 8: [0], 9: [0], 10: [0], 11: [0]}",identity,identity,0,0.8764,0.0994,0.7769999999999999,500
1,cifar100,facebook/dinov2-base,Adam,0.01,Linear,identity,256,5,[],[],[],"{0: [0, 1, 2, 6, 7, 9], 1: [0, 1, 2, 3, 4, 5, 8], 2: [0, 2, 8], 3: [0, 1, 2, 3, 8], 4: [0, 1, 2, 3, 4, 6, 7], 5: [0, 3, 4, 5, 10], 6: [0, 1, 5], 7: [0, 3, 4, 6, 7, 10], 8: [0], 9: [0, 11], 10: [0], 11: [0]}",identity,identity,0,0.867,0.1024,0.7646,500
2,cifar100,facebook/dinov2-base,Adam,0.01,Linear,identity,256,5,[],[],[],"{0: [0, 1, 2, 6, 7, 9], 1: [0, 1, 2, 3, 4, 5, 8], 2: [0, 2, 8], 3: [0, 1, 2, 3, 8], 4: [0, 1, 2, 3, 4, 6, 7], 5: [0, 3, 4, 5, 10], 6: [0, 1, 5], 7: [0, 3, 4, 6, 7, 10], 8: [0], 9: [0, 11], 10: [0], 11: [0]}",identity,identity,0,0.8728,0.1258,0.747,500
3,cifar100,facebook/dinov2-base,Adam,0.01,Linear,identity,256,5,[],[],[],"{0: [0, 1, 2, 6, 7, 9], 1: [0, 1, 2, 3, 4, 5, 8], 2: [0, 2, 8], 3: [0, 1, 2, 3, 8], 4: [0, 1, 2, 3, 4, 6, 7], 5: [0, 3, 4, 5, 10], 6: [0, 1, 5], 7: [0, 3, 4, 6, 7, 10], 8: [0], 9: [0, 11], 10: [0], 11: [0]}",identity,identity,0,0.8764,0.1327,0.7436999999999999,500
1,cifar100,facebook/dinov2-base,Adam,0.01,Linear,identity,256,5,[],[],[],"{0: [0, 1, 2, 6, 7, 9], 1: [0, 1, 2, 3, 4, 5, 8, 11], 2: [0, 2, 8], 3: [0, 1, 2, 3, 4, 6, 7, 8], 4: [0, 1, 2, 3, 4, 6, 7], 5: [0, 3, 4, 5, 6, 9, 10], 6: [0, 1, 4, 5], 7: [0, 2, 3, 4, 6, 9, 10], 8: [0, 4, 9], 9: [0, 1, 11], 10: [0, 10], 11: [0]}",identity,identity,0,0.867,0.1599,0.7071000000000001,500
2,cifar100,facebook/dinov2-base,Adam,0.01,Linear,identity,256,5,[],[],[],"{0: [0, 1, 2, 6, 7, 9], 1: [0, 1, 2, 3, 4, 5, 8, 11], 2: [0, 2, 8], 3: [0, 1, 2, 3, 4, 6, 7, 8], 4: [0, 1, 2, 3, 4, 6, 7], 5: [0, 3, 4, 5, 6, 9, 10], 6: [0, 1, 4, 5], 7: [0, 2, 3, 4, 6, 9, 10], 8: [0, 4, 9], 9: [0, 1, 11], 10: [0, 10], 11: [0]}",identity,identity,0,0.8728,0.1922,0.6806,500
3,cifar100,facebook/dinov2-base,Adam,0.01,Linear,identity,256,5,[],[],[],"{0: [0, 1, 2, 6, 7, 9], 1: [0, 1, 2, 3, 4, 5, 8, 11], 2: [0, 2, 8], 3: [0, 1, 2, 3, 4, 6, 7, 8], 4: [0, 1, 2, 3, 4, 6, 7], 5: [0, 3, 4, 5, 6, 9, 10], 6: [0, 1, 4, 5], 7: [0, 2, 3, 4, 6, 9, 10], 8: [0, 4, 9], 9: [0, 1, 11], 10: [0, 10], 11: [0]}",identity,identity,0,0.8764,0.1671,0.7092999999999999,500
1,cifar100,facebook/dinov2-base,Adam,0.01,Linear,identity,256,5,[],[],[],"{0: [0, 1, 2, 6, 7, 8, 9], 1: [0, 1, 2, 3, 4, 5, 8, 11], 2: [0, 2, 7, 8], 3: [0, 1, 2, 3, 4, 5, 6, 7, 8], 4: [0, 1, 2, 3, 4, 5, 6, 7, 9], 5: [0, 2, 3, 4, 5, 6, 7, 9, 10], 6: [0, 1, 3, 4, 5], 7: [0, 1, 2, 3, 4, 6, 7, 9, 10, 11], 8: [0, 1, 2, 4, 7, 9], 9: [0, 1, 2, 4, 6, 10], 10: [0, 1, 3, 10], 11: [0, 3, 6]}",identity,identity,0,0.867,0.282,0.585,500
2,cifar100,facebook/dinov2-base,Adam,0.01,Linear,identity,256,5,[],[],[],"{0: [0, 1, 2, 6, 7, 8, 9], 1: [0, 1, 2, 3, 4, 5, 8, 11], 2: [0, 2, 7, 8], 3: [0, 1, 2, 3, 4, 5, 6, 7, 8], 4: [0, 1, 2, 3, 4, 5, 6, 7, 9], 5: [0, 2, 3, 4, 5, 6, 7, 9, 10], 6: [0, 1, 3, 4, 5], 7: [0, 1, 2, 3, 4, 6, 7, 9, 10, 11], 8: [0, 1, 2, 4, 7, 9], 9: [0, 1, 2, 4, 6, 10], 10: [0, 1, 3, 10], 11: [0, 3, 6]}",identity,identity,0,0.8728,0.3137,0.5591,500
3,cifar100,facebook/dinov2-base,Adam,0.01,Linear,identity,256,5,[],[],[],"{0: [0, 1, 2, 6, 7, 8, 9], 1: [0, 1, 2, 3, 4, 5, 8, 11], 2: [0, 2, 7, 8], 3: [0, 1, 2, 3, 4, 5, 6, 7, 8], 4: [0, 1, 2, 3, 4, 5, 6, 7, 9], 5: [0, 2, 3, 4, 5, 6, 7, 9, 10], 6: [0, 1, 3, 4, 5], 7: [0, 1, 2, 3, 4, 6, 7, 9, 10, 11], 8: [0, 1, 2, 4, 7, 9], 9: [0, 1, 2, 4, 6, 10], 10: [0, 1, 3, 10], 11: [0, 3, 6]}",identity,identity,0,0.8764,0.2793,0.5971,500
1,cifar100,facebook/dinov2-base,Adam,0.01,Linear,identity,256,5,[],[],[],"{0: [0, 1, 2, 4, 6, 7, 8, 9, 11], 1: [0, 1, 2, 3, 4, 5, 8, 9, 10, 11], 2: [0, 2, 5, 7, 8, 9], 3: [0, 1, 2, 3, 4, 5, 6, 7, 8, 9], 4: [0, 1, 2, 3, 4, 5, 6, 7, 8, 9], 5: [0, 1, 2, 3, 4, 5, 6, 7, 8, 9, 10], 6: [0, 1, 3, 4, 5, 11], 7: [0, 1, 2, 3, 4, 6, 7, 9, 10, 11], 8: [0, 1, 2, 3, 4, 5, 6, 7, 8, 9, 10], 9: [0, 1, 2, 3, 4, 5, 6, 7, 9, 10], 10: [0, 1, 2, 3, 5, 7, 9, 11], 11: [0, 3, 6]}",identity,identity,0,0.867,0.3976,0.4694,500
2,cifar100,facebook/dinov2-base,Adam,0.01,Linear,identity,256,5,[],[],[],"{0: [0, 1, 2, 4, 6, 7, 8, 9, 11], 1: [0, 1, 2, 3, 4, 5, 8, 9, 10, 11], 2: [0, 2, 5, 7, 8, 9], 3: [0, 1, 2, 3, 4, 5, 6, 7, 8, 9], 4: [0, 1, 2, 3, 4, 5, 6, 7, 8, 9], 5: [0, 1, 2, 3, 4, 5, 6, 7, 8, 9, 10], 6: [0, 1, 3, 4, 5, 11], 7: [0, 1, 2, 3, 4, 6, 7, 9, 10, 11], 8: [0, 1, 2, 3, 4, 5, 6, 7, 8, 9, 10], 9: [0, 1, 2, 3, 4, 5, 6, 7, 9, 10], 10: [0, 1, 2, 3, 5, 7, 9, 11], 11: [0, 3, 6]}",identity,identity,0,0.8728,0.4382,0.4346,500
3,cifar100,facebook/dinov2-base,Adam,0.01,Linear,identity,256,5,[],[],[],"{0: [0, 1, 2, 4, 6, 7, 8, 9, 11], 1: [0, 1, 2, 3, 4, 5, 8, 9, 10, 11], 2: [0, 2, 5, 7, 8, 9], 3: [0, 1, 2, 3, 4, 5, 6, 7, 8, 9], 4: [0, 1, 2, 3, 4, 5, 6, 7, 8, 9], 5: [0, 1, 2, 3, 4, 5, 6, 7, 8, 9, 10], 6: [0, 1, 3, 4, 5, 11], 7: [0, 1, 2, 3, 4, 6, 7, 9, 10, 11], 8: [0, 1, 2, 3, 4, 5, 6, 7, 8, 9, 10], 9: [0, 1, 2, 3, 4, 5, 6, 7, 9, 10], 10: [0, 1, 2, 3, 5, 7, 9, 11], 11: [0, 3, 6]}",identity,identity,0,0.8764,0.4313,0.4450999999999999,500
1,cifar100,facebook/dinov2-base,Adam,0.01,Linear,identity,256,5,[],[],[],"{0: [0, 1, 2, 4, 5, 6, 7, 8, 9, 10, 11], 1: [0, 1, 2, 3, 4, 5, 7, 8, 9, 10, 11], 2: [0, 2, 5, 7, 8, 9, 10], 3: [0, 1, 2, 3, 4, 5, 6, 7, 8, 9, 10], 4: [0, 1, 2, 3, 4, 5, 6, 7, 8, 9], 5: [0, 1, 2, 3, 4, 5, 6, 7, 8, 9, 10], 6: [0, 1, 2, 3, 4, 5, 6, 7, 9, 11], 7: [0, 1, 2, 3, 4, 5, 6, 7, 9, 10, 11], 10: [0, 1, 2, 3, 4, 5, 6, 7, 9, 11], 11: [0, 2, 3, 6]}",identity,identity,0,0.867,0.6155,0.2514999999999999,500
2,cifar100,facebook/dinov2-base,Adam,0.01,Linear,identity,256,5,[],[],[],"{0: [0, 1, 2, 4, 5, 6, 7, 8, 9, 10, 11], 1: [0, 1, 2, 3, 4, 5, 7, 8, 9, 10, 11], 2: [0, 2, 5, 7, 8, 9, 10], 3: [0, 1, 2, 3, 4, 5, 6, 7, 8, 9, 10], 4: [0, 1, 2, 3, 4, 5, 6, 7, 8, 9], 5: [0, 1, 2, 3, 4, 5, 6, 7, 8, 9, 10], 6: [0, 1, 2, 3, 4, 5, 6, 7, 9, 11], 7: [0, 1, 2, 3, 4, 5, 6, 7, 9, 10, 11], 10: [0, 1, 2, 3, 4, 5, 6, 7, 9, 11], 11: [0, 2, 3, 6]}",identity,identity,0,0.8728,0.6131,0.2597,500
3,cifar100,facebook/dinov2-base,Adam,0.01,Linear,identity,256,5,[],[],[],"{0: [0, 1, 2, 4, 5, 6, 7, 8, 9, 10, 11], 1: [0, 1, 2, 3, 4, 5, 7, 8, 9, 10, 11], 2: [0, 2, 5, 7, 8, 9, 10], 3: [0, 1, 2, 3, 4, 5, 6, 7, 8, 9, 10], 4: [0, 1, 2, 3, 4, 5, 6, 7, 8, 9], 5: [0, 1, 2, 3, 4, 5, 6, 7, 8, 9, 10], 6: [0, 1, 2, 3, 4, 5, 6, 7, 9, 11], 7: [0, 1, 2, 3, 4, 5, 6, 7, 9, 10, 11], 10: [0, 1, 2, 3, 4, 5, 6, 7, 9, 11], 11: [0, 2, 3, 6]}",identity,identity,0,0.8764,0.6079,0.2684999999999999,500
1,cifar100,facebook/dinov2-base,Adam,0.01,Linear,identity,256,5,[],[],[],"{1: [0, 1, 2, 3, 4, 5, 7, 8, 9, 10, 11], 2: [0, 1, 2, 3, 4, 5, 6, 7, 8, 9, 10], 11: [0, 1, 2, 3, 4, 5, 6, 7, 8, 9, 11]}",identity,identity,0,0.867,0.8702,-0.0031999999999999,500
2,cifar100,facebook/dinov2-base,Adam,0.01,Linear,identity,256,5,[],[],[],"{1: [0, 1, 2, 3, 4, 5, 7, 8, 9, 10, 11], 2: [0, 1, 2, 3, 4, 5, 6, 7, 8, 9, 10], 11: [0, 1, 2, 3, 4, 5, 6, 7, 8, 9, 11]}",identity,identity,0,0.8728,0.8733,-0.0004999999999999,500
3,cifar100,facebook/dinov2-base,Adam,0.01,Linear,identity,256,5,[],[],[],"{1: [0, 1, 2, 3, 4, 5, 7, 8, 9, 10, 11], 2: [0, 1, 2, 3, 4, 5, 6, 7, 8, 9, 10], 11: [0, 1, 2, 3, 4, 5, 6, 7, 8, 9, 11]}",identity,identity,0,0.8764,0.8726,0.0037999999999999,500
1,cifar100,google/vit-large-patch16-224,Adam,0.01,Linear,identity,256,5,[],[],[],{},identity,identity,0,0.8646,0.8646,0.0,500
2,cifar100,google/vit-large-patch16-224,Adam,0.01,Linear,identity,256,5,[],[],[],{},identity,identity,0,0.8609,0.8609,0.0,500
3,cifar100,google/vit-large-patch16-224,Adam,0.01,Linear,identity,256,5,[],[],[],{},identity,identity,0,0.8657,0.8657,0.0,500
1,cifar100,google/vit-large-patch16-224,Adam,0.01,Linear,identity,256,5,[],[],[],"{0: [0], 1: [0], 2: [0], 3: [0], 4: [0], 5: [0], 6: [0], 7: [0], 8: [0], 9: [0], 10: [0], 11: [0], 12: [0], 13: [0], 14: [0], 15: [0], 16: [0], 17: [0], 18: [0], 19: [0], 20: [0], 21: [0], 22: [0], 23: [0]}",identity,identity,0,0.8646,0.2558,0.6088,500
2,cifar100,google/vit-large-patch16-224,Adam,0.01,Linear,identity,256,5,[],[],[],"{0: [0], 1: [0], 2: [0], 3: [0], 4: [0], 5: [0], 6: [0], 7: [0], 8: [0], 9: [0], 10: [0], 11: [0], 12: [0], 13: [0], 14: [0], 15: [0], 16: [0], 17: [0], 18: [0], 19: [0], 20: [0], 21: [0], 22: [0], 23: [0]}",identity,identity,0,0.8609,0.2655,0.5953999999999999,500
3,cifar100,google/vit-large-patch16-224,Adam,0.01,Linear,identity,256,5,[],[],[],"{0: [0], 1: [0], 2: [0], 3: [0], 4: [0], 5: [0], 6: [0], 7: [0], 8: [0], 9: [0], 10: [0], 11: [0], 12: [0], 13: [0], 14: [0], 15: [0], 16: [0], 17: [0], 18: [0], 19: [0], 20: [0], 21: [0], 22: [0], 23: [0]}",identity,identity,0,0.8657,0.2635,0.6022000000000001,500
1,cifar100,google/vit-large-patch16-224,Adam,0.01,Linear,identity,256,5,[],[],[],"{0: [0], 1: [0, 1, 7], 2: [0, 3, 11], 3: [0], 4: [0], 5: [0], 6: [0], 7: [0], 8: [0], 9: [0], 10: [0], 11: [0], 12: [0], 13: [0], 14: [0], 15: [0], 16: [0], 17: [0], 18: [0], 19: [0], 20: [0], 21: [0], 22: [0], 23: [0]}",identity,identity,0,0.8646,0.2552,0.6094,500
2,cifar100,google/vit-large-patch16-224,Adam,0.01,Linear,identity,256,5,[],[],[],"{0: [0], 1: [0, 1, 7], 2: [0, 3, 11], 3: [0], 4: [0], 5: [0], 6: [0], 7: [0], 8: [0], 9: [0], 10: [0], 11: [0], 12: [0], 13: [0], 14: [0], 15: [0], 16: [0], 17: [0], 18: [0], 19: [0], 20: [0], 21: [0], 22: [0], 23: [0]}",identity,identity,0,0.8609,0.2609,0.6,500
3,cifar100,google/vit-large-patch16-224,Adam,0.01,Linear,identity,256,5,[],[],[],"{0: [0], 1: [0, 1, 7], 2: [0, 3, 11], 3: [0], 4: [0], 5: [0], 6: [0], 7: [0], 8: [0], 9: [0], 10: [0], 11: [0], 12: [0], 13: [0], 14: [0], 15: [0], 16: [0], 17: [0], 18: [0], 19: [0], 20: [0], 21: [0], 22: [0], 23: [0]}",identity,identity,0,0.8657,0.2693,0.5964,500
1,cifar100,google/vit-large-patch16-224,Adam,0.01,Linear,identity,256,5,[],[],[],"{0: [0, 5], 1: [0, 1, 7], 2: [0, 3, 5, 11], 3: [0, 14], 4: [0], 5: [0], 6: [0], 7: [0], 8: [0], 9: [0], 10: [0], 11: [0], 12: [0], 13: [0], 14: [0], 15: [0], 16: [0], 17: [0], 18: [0], 19: [0], 20: [0], 21: [0], 22: [0], 23: [0]}",identity,identity,0,0.8646,0.2649,0.5997,500
2,cifar100,google/vit-large-patch16-224,Adam,0.01,Linear,identity,256,5,[],[],[],"{0: [0, 5], 1: [0, 1, 7], 2: [0, 3, 5, 11], 3: [0, 14], 4: [0], 5: [0], 6: [0], 7: [0], 8: [0], 9: [0], 10: [0], 11: [0], 12: [0], 13: [0], 14: [0], 15: [0], 16: [0], 17: [0], 18: [0], 19: [0], 20: [0], 21: [0], 22: [0], 23: [0]}",identity,identity,0,0.8609,0.281,0.5799,500
3,cifar100,google/vit-large-patch16-224,Adam,0.01,Linear,identity,256,5,[],[],[],"{0: [0, 5], 1: [0, 1, 7], 2: [0, 3, 5, 11], 3: [0, 14], 4: [0], 5: [0], 6: [0], 7: [0], 8: [0], 9: [0], 10: [0], 11: [0], 12: [0], 13: [0], 14: [0], 15: [0], 16: [0], 17: [0], 18: [0], 19: [0], 20: [0], 21: [0], 22: [0], 23: [0]}",identity,identity,0,0.8657,0.2813,0.5844,500
1,cifar100,google/vit-large-patch16-224,Adam,0.01,Linear,identity,256,5,[],[],[],"{0: [0, 5], 1: [0, 1, 7], 2: [0, 2, 3, 11], 3: [0, 14], 4: [0], 5: [0], 6: [0], 7: [0], 8: [0], 9: [0], 10: [0], 11: [0], 12: [0], 13: [0], 14: [0], 15: [0], 16: [0], 17: [0], 18: [0], 19: [0], 20: [0], 21: [0], 22: [0], 23: [0]}",identity,identity,0,0.8646,0.2543,0.6103000000000001,500
2,cifar100,google/vit-large-patch16-224,Adam,0.01,Linear,identity,256,5,[],[],[],"{0: [0, 5], 1: [0, 1, 7], 2: [0, 2, 3, 11], 3: [0, 14], 4: [0], 5: [0], 6: [0], 7: [0], 8: [0], 9: [0], 10: [0], 11: [0], 12: [0], 13: [0], 14: [0], 15: [0], 16: [0], 17: [0], 18: [0], 19: [0], 20: [0], 21: [0], 22: [0], 23: [0]}",identity,identity,0,0.8609,0.2632,0.5977,500
3,cifar100,google/vit-large-patch16-224,Adam,0.01,Linear,identity,256,5,[],[],[],"{0: [0, 5], 1: [0, 1, 7], 2: [0, 2, 3, 11], 3: [0, 14], 4: [0], 5: [0], 6: [0], 7: [0], 8: [0], 9: [0], 10: [0], 11: [0], 12: [0], 13: [0], 14: [0], 15: [0], 16: [0], 17: [0], 18: [0], 19: [0], 20: [0], 21: [0], 22: [0], 23: [0]}",identity,identity,0,0.8657,0.2719,0.5938000000000001,500
1,cifar100,google/vit-large-patch16-224,Adam,0.01,Linear,identity,256,5,[],[],[],"{0: [0, 5], 1: [0, 1, 7], 2: [0, 1, 3, 11], 3: [0, 14], 4: [0], 5: [0], 6: [0], 7: [0], 8: [0], 9: [0], 10: [0], 11: [0], 12: [0], 13: [0], 14: [0], 15: [0], 16: [0], 17: [0], 18: [0], 19: [0], 20: [0], 21: [0], 22: [0], 23: [0]}",identity,identity,0,0.8646,0.2505,0.6141000000000001,500
2,cifar100,google/vit-large-patch16-224,Adam,0.01,Linear,identity,256,5,[],[],[],"{0: [0, 5], 1: [0, 1, 7], 2: [0, 1, 3, 11], 3: [0, 14], 4: [0], 5: [0], 6: [0], 7: [0], 8: [0], 9: [0], 10: [0], 11: [0], 12: [0], 13: [0], 14: [0], 15: [0], 16: [0], 17: [0], 18: [0], 19: [0], 20: [0], 21: [0], 22: [0], 23: [0]}",identity,identity,0,0.8609,0.2658,0.5951,500
3,cifar100,google/vit-large-patch16-224,Adam,0.01,Linear,identity,256,5,[],[],[],"{0: [0, 5], 1: [0, 1, 7], 2: [0, 1, 3, 11], 3: [0, 14], 4: [0], 5: [0], 6: [0], 7: [0], 8: [0], 9: [0], 10: [0], 11: [0], 12: [0], 13: [0], 14: [0], 15: [0], 16: [0], 17: [0], 18: [0], 19: [0], 20: [0], 21: [0], 22: [0], 23: [0]}",identity,identity,0,0.8657,0.2712,0.5945,500
1,cifar100,google/vit-large-patch16-224,Adam,0.01,Linear,identity,256,5,[],[],[],"{0: [0, 5], 1: [0, 1, 7], 2: [0, 1, 3, 11], 3: [0, 7, 14], 4: [0, 4], 5: [0], 6: [0], 7: [0], 8: [0], 9: [0], 10: [0], 11: [0], 12: [0], 13: [0], 14: [0], 15: [0], 16: [0], 17: [0], 18: [0], 19: [0], 20: [0], 21: [0], 22: [0], 23: [0]}",identity,identity,0,0.8646,0.2544,0.6102000000000001,500
2,cifar100,google/vit-large-patch16-224,Adam,0.01,Linear,identity,256,5,[],[],[],"{0: [0, 5], 1: [0, 1, 7], 2: [0, 1, 3, 11], 3: [0, 7, 14], 4: [0, 4], 5: [0], 6: [0], 7: [0], 8: [0], 9: [0], 10: [0], 11: [0], 12: [0], 13: [0], 14: [0], 15: [0], 16: [0], 17: [0], 18: [0], 19: [0], 20: [0], 21: [0], 22: [0], 23: [0]}",identity,identity,0,0.8609,0.2653,0.5956,500
3,cifar100,google/vit-large-patch16-224,Adam,0.01,Linear,identity,256,5,[],[],[],"{0: [0, 5], 1: [0, 1, 7], 2: [0, 1, 3, 11], 3: [0, 7, 14], 4: [0, 4], 5: [0], 6: [0], 7: [0], 8: [0], 9: [0], 10: [0], 11: [0], 12: [0], 13: [0], 14: [0], 15: [0], 16: [0], 17: [0], 18: [0], 19: [0], 20: [0], 21: [0], 22: [0], 23: [0]}",identity,identity,0,0.8657,0.271,0.5947,500
1,cifar100,google/vit-large-patch16-224,Adam,0.01,Linear,identity,256,5,[],[],[],"{0: [0, 5, 9], 1: [0, 1, 7, 10], 2: [0, 1, 3, 11], 3: [0, 7, 14], 4: [0, 4], 5: [0], 6: [0], 7: [0], 8: [0], 9: [0], 10: [0], 11: [0], 12: [0], 13: [0], 14: [0], 15: [0], 16: [0], 17: [0], 18: [0], 19: [0], 20: [0], 21: [0], 22: [0], 23: [0]}",identity,identity,0,0.8646,0.2841,0.5805,500
2,cifar100,google/vit-large-patch16-224,Adam,0.01,Linear,identity,256,5,[],[],[],"{0: [0, 5, 9], 1: [0, 1, 7, 10], 2: [0, 1, 3, 11], 3: [0, 7, 14], 4: [0, 4], 5: [0], 6: [0], 7: [0], 8: [0], 9: [0], 10: [0], 11: [0], 12: [0], 13: [0], 14: [0], 15: [0], 16: [0], 17: [0], 18: [0], 19: [0], 20: [0], 21: [0], 22: [0], 23: [0]}",identity,identity,0,0.8609,0.2886,0.5723,500
3,cifar100,google/vit-large-patch16-224,Adam,0.01,Linear,identity,256,5,[],[],[],"{0: [0, 5, 9], 1: [0, 1, 7, 10], 2: [0, 1, 3, 11], 3: [0, 7, 14], 4: [0, 4], 5: [0], 6: [0], 7: [0], 8: [0], 9: [0], 10: [0], 11: [0], 12: [0], 13: [0], 14: [0], 15: [0], 16: [0], 17: [0], 18: [0], 19: [0], 20: [0], 21: [0], 22: [0], 23: [0]}",identity,identity,0,0.8657,0.2915,0.5742,500
1,cifar100,google/vit-large-patch16-224,Adam,0.01,Linear,identity,256,5,[],[],[],"{0: [0, 5, 8], 1: [0, 1, 7, 10], 2: [0, 1, 3, 11], 3: [0, 7, 14], 4: [0, 2, 3], 5: [0, 1, 2], 6: [0], 7: [0], 8: [0], 9: [0], 10: [0], 11: [0], 12: [0], 13: [0], 14: [0], 15: [0], 16: [0], 17: [0], 18: [0], 19: [0], 20: [0], 21: [0], 22: [0], 23: [0]}",identity,identity,0,0.8646,0.2908,0.5738000000000001,500
2,cifar100,google/vit-large-patch16-224,Adam,0.01,Linear,identity,256,5,[],[],[],"{0: [0, 5, 8], 1: [0, 1, 7, 10], 2: [0, 1, 3, 11], 3: [0, 7, 14], 4: [0, 2, 3], 5: [0, 1, 2], 6: [0], 7: [0], 8: [0], 9: [0], 10: [0], 11: [0], 12: [0], 13: [0], 14: [0], 15: [0], 16: [0], 17: [0], 18: [0], 19: [0], 20: [0], 21: [0], 22: [0], 23: [0]}",identity,identity,0,0.8609,0.2988,0.5621,500
3,cifar100,google/vit-large-patch16-224,Adam,0.01,Linear,identity,256,5,[],[],[],"{0: [0, 5, 8], 1: [0, 1, 7, 10], 2: [0, 1, 3, 11], 3: [0, 7, 14], 4: [0, 2, 3], 5: [0, 1, 2], 6: [0], 7: [0], 8: [0], 9: [0], 10: [0], 11: [0], 12: [0], 13: [0], 14: [0], 15: [0], 16: [0], 17: [0], 18: [0], 19: [0], 20: [0], 21: [0], 22: [0], 23: [0]}",identity,identity,0,0.8657,0.2973,0.5684,500
1,cifar100,google/vit-large-patch16-224,Adam,0.01,Linear,identity,256,5,[],[],[],"{0: [0, 4, 5, 9], 1: [0, 1, 7, 10], 2: [0, 1, 3, 11], 3: [0, 7, 8, 14], 4: [0, 2, 3, 4], 5: [0, 1, 2, 4, 13], 6: [0, 14], 7: [0, 3], 8: [0, 6], 9: [0, 4], 10: [0], 11: [0], 12: [0], 13: [0], 14: [0], 15: [0], 16: [0], 17: [0], 18: [0], 19: [0], 20: [0], 21: [0], 22: [0], 23: [0]}",identity,identity,0,0.8646,0.2688,0.5958000000000001,500
2,cifar100,google/vit-large-patch16-224,Adam,0.01,Linear,identity,256,5,[],[],[],"{0: [0, 4, 5, 9], 1: [0, 1, 7, 10], 2: [0, 1, 3, 11], 3: [0, 7, 8, 14], 4: [0, 2, 3, 4], 5: [0, 1, 2, 4, 13], 6: [0, 14], 7: [0, 3], 8: [0, 6], 9: [0, 4], 10: [0], 11: [0], 12: [0], 13: [0], 14: [0], 15: [0], 16: [0], 17: [0], 18: [0], 19: [0], 20: [0], 21: [0], 22: [0], 23: [0]}",identity,identity,0,0.8609,0.281,0.5799,500
3,cifar100,google/vit-large-patch16-224,Adam,0.01,Linear,identity,256,5,[],[],[],"{0: [0, 4, 5, 9], 1: [0, 1, 7, 10], 2: [0, 1, 3, 11], 3: [0, 7, 8, 14], 4: [0, 2, 3, 4], 5: [0, 1, 2, 4, 13], 6: [0, 14], 7: [0, 3], 8: [0, 6], 9: [0, 4], 10: [0], 11: [0], 12: [0], 13: [0], 14: [0], 15: [0], 16: [0], 17: [0], 18: [0], 19: [0], 20: [0], 21: [0], 22: [0], 23: [0]}",identity,identity,0,0.8657,0.2714,0.5943,500
1,cifar100,google/vit-large-patch16-224,Adam,0.01,Linear,identity,256,5,[],[],[],"{0: [0, 1, 5], 1: [0, 1, 4, 7, 10], 2: [0, 1, 3, 5, 10, 11], 3: [0, 7, 8, 14], 4: [0, 2, 3, 4, 7], 5: [0, 1, 2, 4, 13], 6: [0, 10, 12, 14], 7: [0, 3, 7], 8: [0, 6, 8], 9: [0, 4], 10: [0, 8, 15], 11: [0], 12: [0], 13: [0], 14: [0], 15: [0], 16: [0], 17: [0], 18: [0], 19: [0], 20: [0], 21: [0], 22: [0], 23: [0]}",identity,identity,0,0.8646,0.2983,0.5663,500
2,cifar100,google/vit-large-patch16-224,Adam,0.01,Linear,identity,256,5,[],[],[],"{0: [0, 1, 5], 1: [0, 1, 4, 7, 10], 2: [0, 1, 3, 5, 10, 11], 3: [0, 7, 8, 14], 4: [0, 2, 3, 4, 7], 5: [0, 1, 2, 4, 13], 6: [0, 10, 12, 14], 7: [0, 3, 7], 8: [0, 6, 8], 9: [0, 4], 10: [0, 8, 15], 11: [0], 12: [0], 13: [0], 14: [0], 15: [0], 16: [0], 17: [0], 18: [0], 19: [0], 20: [0], 21: [0], 22: [0], 23: [0]}",identity,identity,0,0.8609,0.3022,0.5587,500
3,cifar100,google/vit-large-patch16-224,Adam,0.01,Linear,identity,256,5,[],[],[],"{0: [0, 1, 5], 1: [0, 1, 4, 7, 10], 2: [0, 1, 3, 5, 10, 11], 3: [0, 7, 8, 14], 4: [0, 2, 3, 4, 7], 5: [0, 1, 2, 4, 13], 6: [0, 10, 12, 14], 7: [0, 3, 7], 8: [0, 6, 8], 9: [0, 4], 10: [0, 8, 15], 11: [0], 12: [0], 13: [0], 14: [0], 15: [0], 16: [0], 17: [0], 18: [0], 19: [0], 20: [0], 21: [0], 22: [0], 23: [0]}",identity,identity,0,0.8657,0.2955,0.5702,500
1,cifar100,google/vit-large-patch16-224,Adam,0.01,Linear,identity,256,5,[],[],[],"{0: [0, 1, 5, 9], 1: [0, 1, 4, 7, 8, 10], 2: [0, 1, 3, 5, 8, 11], 3: [0, 1, 3, 7, 10, 14], 4: [0, 2, 3, 4, 5, 6, 7, 13], 5: [0, 1, 2, 4, 9, 13, 15], 6: [0, 1, 10, 11, 14, 15], 7: [0, 3, 7, 12], 8: [0, 6, 8], 9: [0, 1], 10: [0, 3, 4, 8], 11: [0], 12: [0], 13: [0], 14: [0], 15: [0], 16: [0], 17: [0], 18: [0], 19: [0], 20: [0], 21: [0], 22: [0], 23: [0]}",identity,identity,0,0.8646,0.4034,0.4612,500
2,cifar100,google/vit-large-patch16-224,Adam,0.01,Linear,identity,256,5,[],[],[],"{0: [0, 1, 5, 9], 1: [0, 1, 4, 7, 8, 10], 2: [0, 1, 3, 5, 8, 11], 3: [0, 1, 3, 7, 10, 14], 4: [0, 2, 3, 4, 5, 6, 7, 13], 5: [0, 1, 2, 4, 9, 13, 15], 6: [0, 1, 10, 11, 14, 15], 7: [0, 3, 7, 12], 8: [0, 6, 8], 9: [0, 1], 10: [0, 3, 4, 8], 11: [0], 12: [0], 13: [0], 14: [0], 15: [0], 16: [0], 17: [0], 18: [0], 19: [0], 20: [0], 21: [0], 22: [0], 23: [0]}",identity,identity,0,0.8609,0.3971,0.4638,500
3,cifar100,google/vit-large-patch16-224,Adam,0.01,Linear,identity,256,5,[],[],[],"{0: [0, 1, 5, 9], 1: [0, 1, 4, 7, 8, 10], 2: [0, 1, 3, 5, 8, 11], 3: [0, 1, 3, 7, 10, 14], 4: [0, 2, 3, 4, 5, 6, 7, 13], 5: [0, 1, 2, 4, 9, 13, 15], 6: [0, 1, 10, 11, 14, 15], 7: [0, 3, 7, 12], 8: [0, 6, 8], 9: [0, 1], 10: [0, 3, 4, 8], 11: [0], 12: [0], 13: [0], 14: [0], 15: [0], 16: [0], 17: [0], 18: [0], 19: [0], 20: [0], 21: [0], 22: [0], 23: [0]}",identity,identity,0,0.8657,0.3957,0.47,500
1,cifar100,google/vit-large-patch16-224,Adam,0.01,Linear,identity,256,5,[],[],[],"{0: [0, 1, 4, 5, 9, 11], 1: [0, 1, 3, 7, 8], 2: [0, 1, 2, 3, 5, 8, 11, 15], 3: [0, 1, 2, 3, 5, 7, 8, 14, 15], 4: [0, 1, 2, 3, 4, 5, 6, 7, 11, 13, 14], 5: [0, 1, 2, 4, 6, 7, 11, 13, 15], 6: [0, 1, 5, 6, 10, 11, 14, 15], 7: [0, 3, 4, 7, 9], 8: [0, 2, 5, 6, 9, 11], 9: [0, 1, 6], 10: [0, 2, 3, 4, 8], 11: [0, 2, 5], 12: [0], 13: [0], 14: [0], 15: [0], 16: [0], 17: [0], 18: [0], 19: [0], 20: [0], 21: [0], 22: [0], 23: [0]}",identity,identity,0,0.8646,0.4672,0.3974,500
2,cifar100,google/vit-large-patch16-224,Adam,0.01,Linear,identity,256,5,[],[],[],"{0: [0, 1, 4, 5, 9, 11], 1: [0, 1, 3, 7, 8], 2: [0, 1, 2, 3, 5, 8, 11, 15], 3: [0, 1, 2, 3, 5, 7, 8, 14, 15], 4: [0, 1, 2, 3, 4, 5, 6, 7, 11, 13, 14], 5: [0, 1, 2, 4, 6, 7, 11, 13, 15], 6: [0, 1, 5, 6, 10, 11, 14, 15], 7: [0, 3, 4, 7, 9], 8: [0, 2, 5, 6, 9, 11], 9: [0, 1, 6], 10: [0, 2, 3, 4, 8], 11: [0, 2, 5], 12: [0], 13: [0], 14: [0], 15: [0], 16: [0], 17: [0], 18: [0], 19: [0], 20: [0], 21: [0], 22: [0], 23: [0]}",identity,identity,0,0.8609,0.4669,0.394,500
3,cifar100,google/vit-large-patch16-224,Adam,0.01,Linear,identity,256,5,[],[],[],"{0: [0, 1, 4, 5, 9, 11], 1: [0, 1, 3, 7, 8], 2: [0, 1, 2, 3, 5, 8, 11, 15], 3: [0, 1, 2, 3, 5, 7, 8, 14, 15], 4: [0, 1, 2, 3, 4, 5, 6, 7, 11, 13, 14], 5: [0, 1, 2, 4, 6, 7, 11, 13, 15], 6: [0, 1, 5, 6, 10, 11, 14, 15], 7: [0, 3, 4, 7, 9], 8: [0, 2, 5, 6, 9, 11], 9: [0, 1, 6], 10: [0, 2, 3, 4, 8], 11: [0, 2, 5], 12: [0], 13: [0], 14: [0], 15: [0], 16: [0], 17: [0], 18: [0], 19: [0], 20: [0], 21: [0], 22: [0], 23: [0]}",identity,identity,0,0.8657,0.47,0.3957,500
1,cifar100,google/vit-large-patch16-224,Adam,0.01,Linear,identity,256,5,[],[],[],"{0: [0, 1, 3, 4, 5, 6, 9, 15], 1: [0, 1, 3, 7, 8, 9, 10, 11, 12, 13], 2: [0, 1, 2, 3, 5, 6, 8, 9, 10, 11, 12, 13, 15], 3: [0, 1, 2, 3, 5, 7, 8, 9, 10, 13, 14, 15], 4: [0, 1, 2, 3, 4, 5, 6, 7, 9, 11, 14], 5: [0, 1, 2, 4, 5, 6, 7, 8, 10, 11, 13, 15], 6: [0, 1, 2, 3, 4, 5, 6, 7, 8, 10, 11, 14, 15], 7: [0, 1, 3, 6, 7, 9, 10, 11, 12, 13], 8: [0, 1, 2, 3, 5, 6, 7, 8, 10, 11, 12, 13], 9: [0, 1, 2, 3, 4, 6, 8, 12, 14], 10: [0, 2, 3, 4, 5, 8, 9, 10], 11: [0, 1, 2, 7], 12: [0, 6], 13: [0, 15], 14: [0], 15: [0], 16: [0], 17: [0], 18: [0], 19: [0], 20: [0], 21: [0], 22: [0], 23: [0, 6]}",identity,identity,0,0.8646,0.6149,0.2497,500
2,cifar100,google/vit-large-patch16-224,Adam,0.01,Linear,identity,256,5,[],[],[],"{0: [0, 1, 3, 4, 5, 6, 9, 15], 1: [0, 1, 3, 7, 8, 9, 10, 11, 12, 13], 2: [0, 1, 2, 3, 5, 6, 8, 9, 10, 11, 12, 13, 15], 3: [0, 1, 2, 3, 5, 7, 8, 9, 10, 13, 14, 15], 4: [0, 1, 2, 3, 4, 5, 6, 7, 9, 11, 14], 5: [0, 1, 2, 4, 5, 6, 7, 8, 10, 11, 13, 15], 6: [0, 1, 2, 3, 4, 5, 6, 7, 8, 10, 11, 14, 15], 7: [0, 1, 3, 6, 7, 9, 10, 11, 12, 13], 8: [0, 1, 2, 3, 5, 6, 7, 8, 10, 11, 12, 13], 9: [0, 1, 2, 3, 4, 6, 8, 12, 14], 10: [0, 2, 3, 4, 5, 8, 9, 10], 11: [0, 1, 2, 7], 12: [0, 6], 13: [0, 15], 14: [0], 15: [0], 16: [0], 17: [0], 18: [0], 19: [0], 20: [0], 21: [0], 22: [0], 23: [0, 6]}",identity,identity,0,0.8609,0.6206,0.2402999999999999,500
3,cifar100,google/vit-large-patch16-224,Adam,0.01,Linear,identity,256,5,[],[],[],"{0: [0, 1, 3, 4, 5, 6, 9, 15], 1: [0, 1, 3, 7, 8, 9, 10, 11, 12, 13], 2: [0, 1, 2, 3, 5, 6, 8, 9, 10, 11, 12, 13, 15], 3: [0, 1, 2, 3, 5, 7, 8, 9, 10, 13, 14, 15], 4: [0, 1, 2, 3, 4, 5, 6, 7, 9, 11, 14], 5: [0, 1, 2, 4, 5, 6, 7, 8, 10, 11, 13, 15], 6: [0, 1, 2, 3, 4, 5, 6, 7, 8, 10, 11, 14, 15], 7: [0, 1, 3, 6, 7, 9, 10, 11, 12, 13], 8: [0, 1, 2, 3, 5, 6, 7, 8, 10, 11, 12, 13], 9: [0, 1, 2, 3, 4, 6, 8, 12, 14], 10: [0, 2, 3, 4, 5, 8, 9, 10], 11: [0, 1, 2, 7], 12: [0, 6], 13: [0, 15], 14: [0], 15: [0], 16: [0], 17: [0], 18: [0], 19: [0], 20: [0], 21: [0], 22: [0], 23: [0, 6]}",identity,identity,0,0.8657,0.6173,0.2484,500
1,cifar100,google/vit-large-patch16-224,Adam,0.01,Linear,identity,256,5,[],[],[],"{0: [0, 1, 2, 3, 4, 5, 6, 9, 15], 1: [0, 1, 3, 5, 7, 8, 9, 10, 11, 12, 13], 2: [0, 1, 2, 3, 4, 5, 6, 8, 10, 11, 12, 13, 14], 4: [0, 1, 2, 3, 4, 5, 6, 7, 8, 9, 10, 11, 13, 14], 5: [0, 1, 2, 4, 5, 6, 7, 8, 9, 10, 11, 13, 15], 6: [0, 1, 2, 3, 4, 5, 6, 7, 8, 10, 11, 12, 14, 15], 7: [0, 1, 2, 3, 4, 5, 6, 7, 9, 10, 11, 12, 13, 14], 8: [0, 1, 2, 3, 4, 5, 6, 7, 8, 9, 10, 11, 12, 13], 9: [0, 1, 2, 3, 4, 6, 7, 8, 9, 12, 14, 15], 10: [0, 2, 3, 4, 5, 8, 9, 10, 11, 12, 13, 14, 15], 11: [0, 1, 2, 3, 7, 9, 10, 15], 12: [0, 3, 6, 9], 13: [0, 1, 13, 15], 14: [0, 5], 15: [0], 16: [0], 17: [0, 1], 18: [0], 19: [0], 20: [0], 21: [0], 22: [0], 23: [0, 3, 13, 14]}",identity,identity,0,0.8646,0.6797,0.1849,500
2,cifar100,google/vit-large-patch16-224,Adam,0.01,Linear,identity,256,5,[],[],[],"{0: [0, 1, 2, 3, 4, 5, 6, 9, 15], 1: [0, 1, 3, 5, 7, 8, 9, 10, 11, 12, 13], 2: [0, 1, 2, 3, 4, 5, 6, 8, 10, 11, 12, 13, 14], 4: [0, 1, 2, 3, 4, 5, 6, 7, 8, 9, 10, 11, 13, 14], 5: [0, 1, 2, 4, 5, 6, 7, 8, 9, 10, 11, 13, 15], 6: [0, 1, 2, 3, 4, 5, 6, 7, 8, 10, 11, 12, 14, 15], 7: [0, 1, 2, 3, 4, 5, 6, 7, 9, 10, 11, 12, 13, 14], 8: [0, 1, 2, 3, 4, 5, 6, 7, 8, 9, 10, 11, 12, 13], 9: [0, 1, 2, 3, 4, 6, 7, 8, 9, 12, 14, 15], 10: [0, 2, 3, 4, 5, 8, 9, 10, 11, 12, 13, 14, 15], 11: [0, 1, 2, 3, 7, 9, 10, 15], 12: [0, 3, 6, 9], 13: [0, 1, 13, 15], 14: [0, 5], 15: [0], 16: [0], 17: [0, 1], 18: [0], 19: [0], 20: [0], 21: [0], 22: [0], 23: [0, 3, 13, 14]}",identity,identity,0,0.8609,0.6815,0.1794,500
3,cifar100,google/vit-large-patch16-224,Adam,0.01,Linear,identity,256,5,[],[],[],"{0: [0, 1, 2, 3, 4, 5, 6, 9, 15], 1: [0, 1, 3, 5, 7, 8, 9, 10, 11, 12, 13], 2: [0, 1, 2, 3, 4, 5, 6, 8, 10, 11, 12, 13, 14], 4: [0, 1, 2, 3, 4, 5, 6, 7, 8, 9, 10, 11, 13, 14], 5: [0, 1, 2, 4, 5, 6, 7, 8, 9, 10, 11, 13, 15], 6: [0, 1, 2, 3, 4, 5, 6, 7, 8, 10, 11, 12, 14, 15], 7: [0, 1, 2, 3, 4, 5, 6, 7, 9, 10, 11, 12, 13, 14], 8: [0, 1, 2, 3, 4, 5, 6, 7, 8, 9, 10, 11, 12, 13], 9: [0, 1, 2, 3, 4, 6, 7, 8, 9, 12, 14, 15], 10: [0, 2, 3, 4, 5, 8, 9, 10, 11, 12, 13, 14, 15], 11: [0, 1, 2, 3, 7, 9, 10, 15], 12: [0, 3, 6, 9], 13: [0, 1, 13, 15], 14: [0, 5], 15: [0], 16: [0], 17: [0, 1], 18: [0], 19: [0], 20: [0], 21: [0], 22: [0], 23: [0, 3, 13, 14]}",identity,identity,0,0.8657,0.6954,0.1703,500
1,cifar100,google/vit-large-patch16-224,Adam,0.01,Linear,identity,256,5,[],[],[],"{0: [0, 1, 2, 3, 4, 5, 6, 8, 9, 15], 1: [0, 1, 2, 3, 4, 5, 7, 8, 9, 10, 11, 12, 13, 14, 15], 2: [0, 1, 2, 3, 4, 5, 6, 8, 9, 10, 11, 12, 13, 14, 15], 5: [0, 1, 2, 3, 4, 5, 6, 7, 8, 9, 10, 11, 13, 14, 15], 7: [0, 1, 2, 3, 4, 5, 6, 7, 8, 9, 10, 11, 12, 13, 14], 8: [0, 1, 2, 3, 4, 5, 6, 7, 8, 9, 10, 11, 12, 13, 14], 11: [0, 1, 2, 3, 4, 6, 7, 8, 9, 10, 11, 12, 15], 12: [0, 1, 2, 3, 4, 5, 6, 7, 8, 9, 11, 12, 14], 13: [0, 1, 2, 5, 8, 10, 11, 13, 15], 14: [0, 1, 5, 7, 8, 9, 10, 11, 12, 13], 15: [0, 1, 6, 9], 16: [0, 5, 6, 10, 15], 17: [0, 1, 7], 18: [0], 19: [0], 20: [0], 21: [0], 22: [0], 23: [0, 2, 10, 11, 13, 14]}",identity,identity,0,0.8646,0.8014,0.0632,500
2,cifar100,google/vit-large-patch16-224,Adam,0.01,Linear,identity,256,5,[],[],[],"{0: [0, 1, 2, 3, 4, 5, 6, 8, 9, 15], 1: [0, 1, 2, 3, 4, 5, 7, 8, 9, 10, 11, 12, 13, 14, 15], 2: [0, 1, 2, 3, 4, 5, 6, 8, 9, 10, 11, 12, 13, 14, 15], 5: [0, 1, 2, 3, 4, 5, 6, 7, 8, 9, 10, 11, 13, 14, 15], 7: [0, 1, 2, 3, 4, 5, 6, 7, 8, 9, 10, 11, 12, 13, 14], 8: [0, 1, 2, 3, 4, 5, 6, 7, 8, 9, 10, 11, 12, 13, 14], 11: [0, 1, 2, 3, 4, 6, 7, 8, 9, 10, 11, 12, 15], 12: [0, 1, 2, 3, 4, 5, 6, 7, 8, 9, 11, 12, 14], 13: [0, 1, 2, 5, 8, 10, 11, 13, 15], 14: [0, 1, 5, 7, 8, 9, 10, 11, 12, 13], 15: [0, 1, 6, 9], 16: [0, 5, 6, 10, 15], 17: [0, 1, 7], 18: [0], 19: [0], 20: [0], 21: [0], 22: [0], 23: [0, 2, 10, 11, 13, 14]}",identity,identity,0,0.8609,0.7773,0.0836,500
3,cifar100,google/vit-large-patch16-224,Adam,0.01,Linear,identity,256,5,[],[],[],"{0: [0, 1, 2, 3, 4, 5, 6, 8, 9, 15], 1: [0, 1, 2, 3, 4, 5, 7, 8, 9, 10, 11, 12, 13, 14, 15], 2: [0, 1, 2, 3, 4, 5, 6, 8, 9, 10, 11, 12, 13, 14, 15], 5: [0, 1, 2, 3, 4, 5, 6, 7, 8, 9, 10, 11, 13, 14, 15], 7: [0, 1, 2, 3, 4, 5, 6, 7, 8, 9, 10, 11, 12, 13, 14], 8: [0, 1, 2, 3, 4, 5, 6, 7, 8, 9, 10, 11, 12, 13, 14], 11: [0, 1, 2, 3, 4, 6, 7, 8, 9, 10, 11, 12, 15], 12: [0, 1, 2, 3, 4, 5, 6, 7, 8, 9, 11, 12, 14], 13: [0, 1, 2, 5, 8, 10, 11, 13, 15], 14: [0, 1, 5, 7, 8, 9, 10, 11, 12, 13], 15: [0, 1, 6, 9], 16: [0, 5, 6, 10, 15], 17: [0, 1, 7], 18: [0], 19: [0], 20: [0], 21: [0], 22: [0], 23: [0, 2, 10, 11, 13, 14]}",identity,identity,0,0.8657,0.7939,0.0717999999999999,500
1,cifar100,google/vit-large-patch16-224,Adam,0.01,Linear,identity,256,5,[],[],[],"{0: [0, 1, 2, 3, 4, 5, 6, 8, 9, 10, 15], 5: [0, 1, 2, 3, 4, 5, 6, 7, 8, 9, 10, 11, 13, 14, 15], 14: [0, 1, 2, 3, 4, 5, 7, 8, 9, 10, 11, 12, 13, 14, 15], 15: [0, 1, 2, 4, 5, 6, 8, 9, 10, 11, 12, 13, 14, 15], 16: [0, 1, 2, 3, 4, 5, 6, 7, 8, 9, 10, 11, 12, 13, 15], 17: [0, 1, 2, 3, 6, 7, 8, 10, 12, 14, 15], 18: [0, 2, 3, 7, 9, 14], 19: [0, 6, 8, 13, 14, 15], 20: [0], 21: [0, 13], 22: [0, 5], 23: [0, 2, 6, 7, 10, 11, 13, 14, 15]}",identity,identity,0,0.8646,0.8453,0.0192999999999999,500
2,cifar100,google/vit-large-patch16-224,Adam,0.01,Linear,identity,256,5,[],[],[],"{0: [0, 1, 2, 3, 4, 5, 6, 8, 9, 10, 15], 5: [0, 1, 2, 3, 4, 5, 6, 7, 8, 9, 10, 11, 13, 14, 15], 14: [0, 1, 2, 3, 4, 5, 7, 8, 9, 10, 11, 12, 13, 14, 15], 15: [0, 1, 2, 4, 5, 6, 8, 9, 10, 11, 12, 13, 14, 15], 16: [0, 1, 2, 3, 4, 5, 6, 7, 8, 9, 10, 11, 12, 13, 15], 17: [0, 1, 2, 3, 6, 7, 8, 10, 12, 14, 15], 18: [0, 2, 3, 7, 9, 14], 19: [0, 6, 8, 13, 14, 15], 20: [0], 21: [0, 13], 22: [0, 5], 23: [0, 2, 6, 7, 10, 11, 13, 14, 15]}",identity,identity,0,0.8609,0.8398,0.0211,500
3,cifar100,google/vit-large-patch16-224,Adam,0.01,Linear,identity,256,5,[],[],[],"{0: [0, 1, 2, 3, 4, 5, 6, 8, 9, 10, 15], 5: [0, 1, 2, 3, 4, 5, 6, 7, 8, 9, 10, 11, 13, 14, 15], 14: [0, 1, 2, 3, 4, 5, 7, 8, 9, 10, 11, 12, 13, 14, 15], 15: [0, 1, 2, 4, 5, 6, 8, 9, 10, 11, 12, 13, 14, 15], 16: [0, 1, 2, 3, 4, 5, 6, 7, 8, 9, 10, 11, 12, 13, 15], 17: [0, 1, 2, 3, 6, 7, 8, 10, 12, 14, 15], 18: [0, 2, 3, 7, 9, 14], 19: [0, 6, 8, 13, 14, 15], 20: [0], 21: [0, 13], 22: [0, 5], 23: [0, 2, 6, 7, 10, 11, 13, 14, 15]}",identity,identity,0,0.8657,0.8428,0.0229,500
1,cifar100,google/vit-large-patch16-224,Adam,0.01,Linear,identity,256,5,[],[],[],"{0: [0, 1, 2, 3, 4, 5, 6, 8, 9, 10, 11, 12, 14, 15], 20: [0, 1, 2, 3, 4, 5, 6, 7, 8, 9, 10, 11, 12, 13, 15], 21: [0, 1, 2, 3, 4, 5, 6, 7, 8, 9, 11, 12, 13, 14, 15], 22: [0, 1, 2, 5, 6, 7, 8, 10, 13, 14]}",identity,identity,0,0.8646,0.8651,-0.0004999999999999,500
2,cifar100,google/vit-large-patch16-224,Adam,0.01,Linear,identity,256,5,[],[],[],"{0: [0, 1, 2, 3, 4, 5, 6, 8, 9, 10, 11, 12, 14, 15], 20: [0, 1, 2, 3, 4, 5, 6, 7, 8, 9, 10, 11, 12, 13, 15], 21: [0, 1, 2, 3, 4, 5, 6, 7, 8, 9, 11, 12, 13, 14, 15], 22: [0, 1, 2, 5, 6, 7, 8, 10, 13, 14]}",identity,identity,0,0.8609,0.8604,0.0004999999999999,500
3,cifar100,google/vit-large-patch16-224,Adam,0.01,Linear,identity,256,5,[],[],[],"{0: [0, 1, 2, 3, 4, 5, 6, 8, 9, 10, 11, 12, 14, 15], 20: [0, 1, 2, 3, 4, 5, 6, 7, 8, 9, 10, 11, 12, 13, 15], 21: [0, 1, 2, 3, 4, 5, 6, 7, 8, 9, 11, 12, 13, 14, 15], 22: [0, 1, 2, 5, 6, 7, 8, 10, 13, 14]}",identity,identity,0,0.8657,0.8648,0.0009,500
1,imagenet-1k,facebook/deit-small-patch16-224,Adam,0.01,Linear,identity,256,5,[],[],[],{},identity,identity,0,0.7389,0.7389,0.0,500
2,imagenet-1k,facebook/deit-small-patch16-224,Adam,0.01,Linear,identity,256,5,[],[],[],{},identity,identity,0,0.7362,0.7362,0.0,500
3,imagenet-1k,facebook/deit-small-patch16-224,Adam,0.01,Linear,identity,256,5,[],[],[],{},identity,identity,0,0.7372,0.7372,0.0,500
1,imagenet-1k,facebook/deit-small-patch16-224,Adam,0.01,Linear,identity,256,5,[],[],[],"{0: [0], 1: [0], 2: [0], 3: [0], 4: [0], 5: [0], 6: [0], 7: [0], 8: [0], 9: [0], 10: [0], 11: [0]}",identity,identity,0,0.7389,0.0804,0.6585,500
2,imagenet-1k,facebook/deit-small-patch16-224,Adam,0.01,Linear,identity,256,5,[],[],[],"{0: [0], 1: [0], 2: [0], 3: [0], 4: [0], 5: [0], 6: [0], 7: [0], 8: [0], 9: [0], 10: [0], 11: [0]}",identity,identity,0,0.7362,0.0787,0.6575,500
3,imagenet-1k,facebook/deit-small-patch16-224,Adam,0.01,Linear,identity,256,5,[],[],[],"{0: [0], 1: [0], 2: [0], 3: [0], 4: [0], 5: [0], 6: [0], 7: [0], 8: [0], 9: [0], 10: [0], 11: [0]}",identity,identity,0,0.7372,0.0808,0.6564,500
1,imagenet-1k,facebook/deit-small-patch16-224,Adam,0.01,Linear,identity,256,5,[],[],[],"{0: [0], 1: [0, 1, 2], 2: [0], 3: [0], 4: [0], 5: [0], 6: [0], 7: [0], 8: [0], 9: [0], 10: [0], 11: [0]}",identity,identity,0,0.7389,0.089,0.6499,500
2,imagenet-1k,facebook/deit-small-patch16-224,Adam,0.01,Linear,identity,256,5,[],[],[],"{0: [0], 1: [0, 1, 2], 2: [0], 3: [0], 4: [0], 5: [0], 6: [0], 7: [0], 8: [0], 9: [0], 10: [0], 11: [0]}",identity,identity,0,0.7362,0.0859,0.6503,500
3,imagenet-1k,facebook/deit-small-patch16-224,Adam,0.01,Linear,identity,256,5,[],[],[],"{0: [0], 1: [0, 1, 2], 2: [0], 3: [0], 4: [0], 5: [0], 6: [0], 7: [0], 8: [0], 9: [0], 10: [0], 11: [0]}",identity,identity,0,0.7372,0.09,0.6472,500
1,imagenet-1k,facebook/deit-small-patch16-224,Adam,0.01,Linear,identity,256,5,[],[],[],"{0: [0], 1: [0, 1, 2], 2: [0, 5], 3: [0], 4: [0], 5: [0], 6: [0], 7: [0], 8: [0], 9: [0], 10: [0], 11: [0]}",identity,identity,0,0.7389,0.0945,0.6444,500
2,imagenet-1k,facebook/deit-small-patch16-224,Adam,0.01,Linear,identity,256,5,[],[],[],"{0: [0], 1: [0, 1, 2], 2: [0, 5], 3: [0], 4: [0], 5: [0], 6: [0], 7: [0], 8: [0], 9: [0], 10: [0], 11: [0]}",identity,identity,0,0.7362,0.0951,0.6411,500
3,imagenet-1k,facebook/deit-small-patch16-224,Adam,0.01,Linear,identity,256,5,[],[],[],"{0: [0], 1: [0, 1, 2], 2: [0, 5], 3: [0], 4: [0], 5: [0], 6: [0], 7: [0], 8: [0], 9: [0], 10: [0], 11: [0]}",identity,identity,0,0.7372,0.0956,0.6416,500
1,imagenet-1k,facebook/deit-small-patch16-224,Adam,0.01,Linear,identity,256,5,[],[],[],"{0: [0], 1: [0, 1, 2], 2: [0, 1, 5], 3: [0], 4: [0], 5: [0, 2], 6: [0], 7: [0], 8: [0], 9: [0], 10: [0], 11: [0]}",identity,identity,0,0.7389,0.1018,0.6371,500
2,imagenet-1k,facebook/deit-small-patch16-224,Adam,0.01,Linear,identity,256,5,[],[],[],"{0: [0], 1: [0, 1, 2], 2: [0, 1, 5], 3: [0], 4: [0], 5: [0, 2], 6: [0], 7: [0], 8: [0], 9: [0], 10: [0], 11: [0]}",identity,identity,0,0.7362,0.1001,0.6361,500
3,imagenet-1k,facebook/deit-small-patch16-224,Adam,0.01,Linear,identity,256,5,[],[],[],"{0: [0], 1: [0, 1, 2], 2: [0, 1, 5], 3: [0], 4: [0], 5: [0, 2], 6: [0], 7: [0], 8: [0], 9: [0], 10: [0], 11: [0]}",identity,identity,0,0.7372,0.1042,0.633,500
1,imagenet-1k,facebook/deit-small-patch16-224,Adam,0.01,Linear,identity,256,5,[],[],[],"{0: [0], 1: [0, 1, 2], 2: [0, 1, 5], 3: [0], 4: [0, 2, 4], 5: [0, 2], 6: [0], 7: [0], 8: [0], 9: [0], 10: [0], 11: [0, 5]}",identity,identity,0,0.7389,0.1335,0.6053999999999999,500
2,imagenet-1k,facebook/deit-small-patch16-224,Adam,0.01,Linear,identity,256,5,[],[],[],"{0: [0], 1: [0, 1, 2], 2: [0, 1, 5], 3: [0], 4: [0, 2, 4], 5: [0, 2], 6: [0], 7: [0], 8: [0], 9: [0], 10: [0], 11: [0, 5]}",identity,identity,0,0.7362,0.1344,0.6018,500
3,imagenet-1k,facebook/deit-small-patch16-224,Adam,0.01,Linear,identity,256,5,[],[],[],"{0: [0], 1: [0, 1, 2], 2: [0, 1, 5], 3: [0], 4: [0, 2, 4], 5: [0, 2], 6: [0], 7: [0], 8: [0], 9: [0], 10: [0], 11: [0, 5]}",identity,identity,0,0.7372,0.1364,0.6008,500
1,imagenet-1k,facebook/deit-small-patch16-224,Adam,0.01,Linear,identity,256,5,[],[],[],"{0: [0], 1: [0, 1, 2], 2: [0, 1, 4, 5], 3: [0], 4: [0, 2, 4], 5: [0, 2], 6: [0, 5], 7: [0], 8: [0], 9: [0], 10: [0], 11: [0, 5]}",identity,identity,0,0.7389,0.1566,0.5823,500
2,imagenet-1k,facebook/deit-small-patch16-224,Adam,0.01,Linear,identity,256,5,[],[],[],"{0: [0], 1: [0, 1, 2], 2: [0, 1, 4, 5], 3: [0], 4: [0, 2, 4], 5: [0, 2], 6: [0, 5], 7: [0], 8: [0], 9: [0], 10: [0], 11: [0, 5]}",identity,identity,0,0.7362,0.1621,0.5740999999999999,500
3,imagenet-1k,facebook/deit-small-patch16-224,Adam,0.01,Linear,identity,256,5,[],[],[],"{0: [0], 1: [0, 1, 2], 2: [0, 1, 4, 5], 3: [0], 4: [0, 2, 4], 5: [0, 2], 6: [0, 5], 7: [0], 8: [0], 9: [0], 10: [0], 11: [0, 5]}",identity,identity,0,0.7372,0.1598,0.5773999999999999,500
1,imagenet-1k,facebook/deit-small-patch16-224,Adam,0.01,Linear,identity,256,5,[],[],[],"{0: [0], 1: [0, 1, 2], 2: [0, 1, 4, 5], 3: [0, 5], 4: [0, 2, 4], 5: [0, 2, 4], 6: [0, 3], 7: [0], 8: [0], 9: [0], 10: [0], 11: [0, 5]}",identity,identity,0,0.7389,0.1685,0.5704,500
2,imagenet-1k,facebook/deit-small-patch16-224,Adam,0.01,Linear,identity,256,5,[],[],[],"{0: [0], 1: [0, 1, 2], 2: [0, 1, 4, 5], 3: [0, 5], 4: [0, 2, 4], 5: [0, 2, 4], 6: [0, 3], 7: [0], 8: [0], 9: [0], 10: [0], 11: [0, 5]}",identity,identity,0,0.7362,0.1726,0.5636,500
3,imagenet-1k,facebook/deit-small-patch16-224,Adam,0.01,Linear,identity,256,5,[],[],[],"{0: [0], 1: [0, 1, 2], 2: [0, 1, 4, 5], 3: [0, 5], 4: [0, 2, 4], 5: [0, 2, 4], 6: [0, 3], 7: [0], 8: [0], 9: [0], 10: [0], 11: [0, 5]}",identity,identity,0,0.7372,0.17,0.5671999999999999,500
1,imagenet-1k,facebook/deit-small-patch16-224,Adam,0.01,Linear,identity,256,5,[],[],[],"{0: [0, 2], 1: [0, 1, 2, 4], 2: [0, 1, 4, 5], 3: [0, 2], 4: [0, 2, 4, 5], 5: [0, 1, 2, 4], 6: [0, 3], 7: [0, 1, 4], 8: [0], 9: [0], 10: [0], 11: [0, 5]}",identity,identity,0,0.7389,0.2828,0.4561,500
2,imagenet-1k,facebook/deit-small-patch16-224,Adam,0.01,Linear,identity,256,5,[],[],[],"{0: [0, 2], 1: [0, 1, 2, 4], 2: [0, 1, 4, 5], 3: [0, 2], 4: [0, 2, 4, 5], 5: [0, 1, 2, 4], 6: [0, 3], 7: [0, 1, 4], 8: [0], 9: [0], 10: [0], 11: [0, 5]}",identity,identity,0,0.7362,0.2878,0.4483999999999999,500
3,imagenet-1k,facebook/deit-small-patch16-224,Adam,0.01,Linear,identity,256,5,[],[],[],"{0: [0, 2], 1: [0, 1, 2, 4], 2: [0, 1, 4, 5], 3: [0, 2], 4: [0, 2, 4, 5], 5: [0, 1, 2, 4], 6: [0, 3], 7: [0, 1, 4], 8: [0], 9: [0], 10: [0], 11: [0, 5]}",identity,identity,0,0.7372,0.2882,0.4489999999999999,500
1,imagenet-1k,facebook/deit-small-patch16-224,Adam,0.01,Linear,identity,256,5,[],[],[],"{0: [0, 2], 1: [0, 1, 2, 4], 2: [0, 1, 4, 5], 3: [0, 2, 3, 4], 4: [0, 1, 4, 5], 5: [0, 1, 2, 4], 6: [0, 3, 4], 7: [0, 1, 3, 4], 8: [0], 9: [0, 2], 10: [0], 11: [0, 5]}",identity,identity,0,0.7389,0.3132,0.4257,500
2,imagenet-1k,facebook/deit-small-patch16-224,Adam,0.01,Linear,identity,256,5,[],[],[],"{0: [0, 2], 1: [0, 1, 2, 4], 2: [0, 1, 4, 5], 3: [0, 2, 3, 4], 4: [0, 1, 4, 5], 5: [0, 1, 2, 4], 6: [0, 3, 4], 7: [0, 1, 3, 4], 8: [0], 9: [0, 2], 10: [0], 11: [0, 5]}",identity,identity,0,0.7362,0.3216,0.4145999999999999,500
3,imagenet-1k,facebook/deit-small-patch16-224,Adam,0.01,Linear,identity,256,5,[],[],[],"{0: [0, 2], 1: [0, 1, 2, 4], 2: [0, 1, 4, 5], 3: [0, 2, 3, 4], 4: [0, 1, 4, 5], 5: [0, 1, 2, 4], 6: [0, 3, 4], 7: [0, 1, 3, 4], 8: [0], 9: [0, 2], 10: [0], 11: [0, 5]}",identity,identity,0,0.7372,0.3137,0.4235,500
1,imagenet-1k,facebook/deit-small-patch16-224,Adam,0.01,Linear,identity,256,5,[],[],[],"{0: [0, 2, 4], 1: [0, 1, 2, 3, 4], 2: [0, 1, 4, 5], 3: [0, 1, 2, 3, 4], 5: [0, 1, 2, 4, 5], 7: [0, 1, 2, 3, 4], 9: [0, 1, 2, 3, 4], 10: [0], 11: [0, 5]}",identity,identity,0,0.7389,0.5457,0.1932,500
2,imagenet-1k,facebook/deit-small-patch16-224,Adam,0.01,Linear,identity,256,5,[],[],[],"{0: [0, 2, 4], 1: [0, 1, 2, 3, 4], 2: [0, 1, 4, 5], 3: [0, 1, 2, 3, 4], 5: [0, 1, 2, 4, 5], 7: [0, 1, 2, 3, 4], 9: [0, 1, 2, 3, 4], 10: [0], 11: [0, 5]}",identity,identity,0,0.7362,0.5443,0.1918999999999999,500
3,imagenet-1k,facebook/deit-small-patch16-224,Adam,0.01,Linear,identity,256,5,[],[],[],"{0: [0, 2, 4], 1: [0, 1, 2, 3, 4], 2: [0, 1, 4, 5], 3: [0, 1, 2, 3, 4], 5: [0, 1, 2, 4, 5], 7: [0, 1, 2, 3, 4], 9: [0, 1, 2, 3, 4], 10: [0], 11: [0, 5]}",identity,identity,0,0.7372,0.5425,0.1946999999999999,500
1,imagenet-1k,facebook/deit-small-patch16-224,Adam,0.01,Linear,identity,256,5,[],[],[],"{0: [0, 2, 4], 10: [0, 2], 11: [0, 5]}",identity,identity,0,0.7389,0.7237,0.0151999999999999,500
2,imagenet-1k,facebook/deit-small-patch16-224,Adam,0.01,Linear,identity,256,5,[],[],[],"{0: [0, 2, 4], 10: [0, 2], 11: [0, 5]}",identity,identity,0,0.7362,0.725,0.0111999999999999,500
3,imagenet-1k,facebook/deit-small-patch16-224,Adam,0.01,Linear,identity,256,5,[],[],[],"{0: [0, 2, 4], 10: [0, 2], 11: [0, 5]}",identity,identity,0,0.7372,0.7214,0.0157999999999999,500
1,imagenet-1k,facebook/deit-small-patch16-224,Adam,0.01,Linear,identity,256,5,[],[],[],"{0: [0, 2, 4], 10: [0, 1], 11: [0, 5]}",identity,identity,0,0.7389,0.723,0.0159,500
2,imagenet-1k,facebook/deit-small-patch16-224,Adam,0.01,Linear,identity,256,5,[],[],[],"{0: [0, 2, 4], 10: [0, 1], 11: [0, 5]}",identity,identity,0,0.7362,0.7243,0.0118999999999999,500
3,imagenet-1k,facebook/deit-small-patch16-224,Adam,0.01,Linear,identity,256,5,[],[],[],"{0: [0, 2, 4], 10: [0, 1], 11: [0, 5]}",identity,identity,0,0.7372,0.7214,0.0157999999999999,500
1,imagenet-1k,facebook/deit-small-patch16-224,Adam,0.01,Linear,identity,256,5,[],[],[],"{0: [0, 2, 4, 5], 11: [0, 3, 5]}",identity,identity,0,0.7389,0.7368,0.0020999999999999,500
2,imagenet-1k,facebook/deit-small-patch16-224,Adam,0.01,Linear,identity,256,5,[],[],[],"{0: [0, 2, 4, 5], 11: [0, 3, 5]}",identity,identity,0,0.7362,0.7348,0.0013999999999999,500
3,imagenet-1k,facebook/deit-small-patch16-224,Adam,0.01,Linear,identity,256,5,[],[],[],"{0: [0, 2, 4, 5], 11: [0, 3, 5]}",identity,identity,0,0.7372,0.7356,0.0015999999999999,500
1,imagenet-1k,facebook/dinov2-base,Adam,0.01,Linear,identity,256,5,[],[],[],{},identity,identity,0,0.7425,0.7425,0.0,500
2,imagenet-1k,facebook/dinov2-base,Adam,0.01,Linear,identity,256,5,[],[],[],{},identity,identity,0,0.741,0.741,0.0,500
3,imagenet-1k,facebook/dinov2-base,Adam,0.01,Linear,identity,256,5,[],[],[],{},identity,identity,0,0.7419,0.7419,0.0,500
1,imagenet-1k,facebook/dinov2-base,Adam,0.01,Linear,identity,256,5,[],[],[],"{0: [0], 1: [0], 2: [0], 3: [0, 2], 4: [0], 5: [0], 6: [0], 7: [0], 8: [0], 9: [0], 10: [0], 11: [0]}",identity,identity,0,0.7425,0.0127,0.7298,500
2,imagenet-1k,facebook/dinov2-base,Adam,0.01,Linear,identity,256,5,[],[],[],"{0: [0], 1: [0], 2: [0], 3: [0, 2], 4: [0], 5: [0], 6: [0], 7: [0], 8: [0], 9: [0], 10: [0], 11: [0]}",identity,identity,0,0.741,0.0139,0.7271,500
3,imagenet-1k,facebook/dinov2-base,Adam,0.01,Linear,identity,256,5,[],[],[],"{0: [0], 1: [0], 2: [0], 3: [0, 2], 4: [0], 5: [0], 6: [0], 7: [0], 8: [0], 9: [0], 10: [0], 11: [0]}",identity,identity,0,0.7419,0.007,0.7349,500
1,imagenet-1k,facebook/dinov2-base,Adam,0.01,Linear,identity,256,5,[],[],[],"{0: [0], 1: [0, 1, 2], 2: [0], 3: [0, 1], 4: [0], 5: [0], 6: [0], 7: [0], 8: [0], 9: [0], 10: [0], 11: [0]}",identity,identity,0,0.7425,0.0155,0.7270000000000001,500
2,imagenet-1k,facebook/dinov2-base,Adam,0.01,Linear,identity,256,5,[],[],[],"{0: [0], 1: [0, 1, 2], 2: [0], 3: [0, 1], 4: [0], 5: [0], 6: [0], 7: [0], 8: [0], 9: [0], 10: [0], 11: [0]}",identity,identity,0,0.741,0.0114,0.7296,500
3,imagenet-1k,facebook/dinov2-base,Adam,0.01,Linear,identity,256,5,[],[],[],"{0: [0], 1: [0, 1, 2], 2: [0], 3: [0, 1], 4: [0], 5: [0], 6: [0], 7: [0], 8: [0], 9: [0], 10: [0], 11: [0]}",identity,identity,0,0.7419,0.0068,0.7351,500
1,imagenet-1k,facebook/dinov2-base,Adam,0.01,Linear,identity,256,5,[],[],[],"{0: [0, 1, 6], 1: [0, 1, 2, 3], 2: [0], 3: [0, 1], 4: [0], 5: [0], 6: [0], 7: [0], 8: [0], 9: [0], 10: [0], 11: [0]}",identity,identity,0,0.7425,0.0143,0.7282000000000001,500
2,imagenet-1k,facebook/dinov2-base,Adam,0.01,Linear,identity,256,5,[],[],[],"{0: [0, 1, 6], 1: [0, 1, 2, 3], 2: [0], 3: [0, 1], 4: [0], 5: [0], 6: [0], 7: [0], 8: [0], 9: [0], 10: [0], 11: [0]}",identity,identity,0,0.741,0.0122,0.7288,500
3,imagenet-1k,facebook/dinov2-base,Adam,0.01,Linear,identity,256,5,[],[],[],"{0: [0, 1, 6], 1: [0, 1, 2, 3], 2: [0], 3: [0, 1], 4: [0], 5: [0], 6: [0], 7: [0], 8: [0], 9: [0], 10: [0], 11: [0]}",identity,identity,0,0.7419,0.0067,0.7352,500
1,imagenet-1k,facebook/dinov2-base,Adam,0.01,Linear,identity,256,5,[],[],[],"{0: [0, 1, 6, 7], 1: [0, 1, 2, 3], 2: [0], 3: [0, 1, 2, 8], 4: [0, 3], 5: [0], 6: [0], 7: [0], 8: [0], 9: [0], 10: [0], 11: [0]}",identity,identity,0,0.7425,0.0148,0.7277,500
2,imagenet-1k,facebook/dinov2-base,Adam,0.01,Linear,identity,256,5,[],[],[],"{0: [0, 1, 6, 7], 1: [0, 1, 2, 3], 2: [0], 3: [0, 1, 2, 8], 4: [0, 3], 5: [0], 6: [0], 7: [0], 8: [0], 9: [0], 10: [0], 11: [0]}",identity,identity,0,0.741,0.0107,0.7303,500
3,imagenet-1k,facebook/dinov2-base,Adam,0.01,Linear,identity,256,5,[],[],[],"{0: [0, 1, 6, 7], 1: [0, 1, 2, 3], 2: [0], 3: [0, 1, 2, 8], 4: [0, 3], 5: [0], 6: [0], 7: [0], 8: [0], 9: [0], 10: [0], 11: [0]}",identity,identity,0,0.7419,0.0081,0.7338,500
1,imagenet-1k,facebook/dinov2-base,Adam,0.01,Linear,identity,256,5,[],[],[],"{0: [0, 1, 6, 7], 1: [0, 1, 2, 3, 5], 2: [0], 3: [0, 1, 2, 8], 4: [0, 3, 4], 5: [0], 6: [0], 7: [0], 8: [0], 9: [0], 10: [0], 11: [0]}",identity,identity,0,0.7425,0.0157,0.7268,500
2,imagenet-1k,facebook/dinov2-base,Adam,0.01,Linear,identity,256,5,[],[],[],"{0: [0, 1, 6, 7], 1: [0, 1, 2, 3, 5], 2: [0], 3: [0, 1, 2, 8], 4: [0, 3, 4], 5: [0], 6: [0], 7: [0], 8: [0], 9: [0], 10: [0], 11: [0]}",identity,identity,0,0.741,0.0117,0.7293,500
3,imagenet-1k,facebook/dinov2-base,Adam,0.01,Linear,identity,256,5,[],[],[],"{0: [0, 1, 6, 7], 1: [0, 1, 2, 3, 5], 2: [0], 3: [0, 1, 2, 8], 4: [0, 3, 4], 5: [0], 6: [0], 7: [0], 8: [0], 9: [0], 10: [0], 11: [0]}",identity,identity,0,0.7419,0.0068,0.7351,500
1,imagenet-1k,facebook/dinov2-base,Adam,0.01,Linear,identity,256,5,[],[],[],"{0: [0, 1, 6, 7], 1: [0, 1, 2, 3, 5], 2: [0, 2], 3: [0, 1, 2, 8], 4: [0, 3, 4], 5: [0], 6: [0], 7: [0], 8: [0], 9: [0], 10: [0], 11: [0]}",identity,identity,0,0.7425,0.0146,0.7279000000000001,500
2,imagenet-1k,facebook/dinov2-base,Adam,0.01,Linear,identity,256,5,[],[],[],"{0: [0, 1, 6, 7], 1: [0, 1, 2, 3, 5], 2: [0, 2], 3: [0, 1, 2, 8], 4: [0, 3, 4], 5: [0], 6: [0], 7: [0], 8: [0], 9: [0], 10: [0], 11: [0]}",identity,identity,0,0.741,0.0091,0.7319,500
3,imagenet-1k,facebook/dinov2-base,Adam,0.01,Linear,identity,256,5,[],[],[],"{0: [0, 1, 6, 7], 1: [0, 1, 2, 3, 5], 2: [0, 2], 3: [0, 1, 2, 8], 4: [0, 3, 4], 5: [0], 6: [0], 7: [0], 8: [0], 9: [0], 10: [0], 11: [0]}",identity,identity,0,0.7419,0.0076,0.7343,500
1,imagenet-1k,facebook/dinov2-base,Adam,0.01,Linear,identity,256,5,[],[],[],"{0: [0, 1, 6, 7, 9], 1: [0, 1, 2, 3, 5], 2: [0, 2], 3: [0, 1, 2, 3, 8], 4: [0, 1, 3, 6], 5: [0], 6: [0], 7: [0], 8: [0], 9: [0], 10: [0], 11: [0]}",identity,identity,0,0.7425,0.0173,0.7252000000000001,500
2,imagenet-1k,facebook/dinov2-base,Adam,0.01,Linear,identity,256,5,[],[],[],"{0: [0, 1, 6, 7, 9], 1: [0, 1, 2, 3, 5], 2: [0, 2], 3: [0, 1, 2, 3, 8], 4: [0, 1, 3, 6], 5: [0], 6: [0], 7: [0], 8: [0], 9: [0], 10: [0], 11: [0]}",identity,identity,0,0.741,0.0142,0.7268,500
3,imagenet-1k,facebook/dinov2-base,Adam,0.01,Linear,identity,256,5,[],[],[],"{0: [0, 1, 6, 7, 9], 1: [0, 1, 2, 3, 5], 2: [0, 2], 3: [0, 1, 2, 3, 8], 4: [0, 1, 3, 6], 5: [0], 6: [0], 7: [0], 8: [0], 9: [0], 10: [0], 11: [0]}",identity,identity,0,0.7419,0.0135,0.7284,500
1,imagenet-1k,facebook/dinov2-base,Adam,0.01,Linear,identity,256,5,[],[],[],"{0: [0, 1, 6, 7, 8, 9], 1: [0, 1, 2, 3, 5], 2: [0, 2], 3: [0, 1, 2, 3, 8], 4: [0, 1, 3, 4, 8], 5: [0], 6: [0, 1, 5], 7: [0, 4], 8: [0], 9: [0], 10: [0], 11: [0]}",identity,identity,0,0.7425,0.0153,0.7272000000000001,500
2,imagenet-1k,facebook/dinov2-base,Adam,0.01,Linear,identity,256,5,[],[],[],"{0: [0, 1, 6, 7, 8, 9], 1: [0, 1, 2, 3, 5], 2: [0, 2], 3: [0, 1, 2, 3, 8], 4: [0, 1, 3, 4, 8], 5: [0], 6: [0, 1, 5], 7: [0, 4], 8: [0], 9: [0], 10: [0], 11: [0]}",identity,identity,0,0.741,0.0159,0.7251,500
3,imagenet-1k,facebook/dinov2-base,Adam,0.01,Linear,identity,256,5,[],[],[],"{0: [0, 1, 6, 7, 8, 9], 1: [0, 1, 2, 3, 5], 2: [0, 2], 3: [0, 1, 2, 3, 8], 4: [0, 1, 3, 4, 8], 5: [0], 6: [0, 1, 5], 7: [0, 4], 8: [0], 9: [0], 10: [0], 11: [0]}",identity,identity,0,0.7419,0.0089,0.733,500
1,imagenet-1k,facebook/dinov2-base,Adam,0.01,Linear,identity,256,5,[],[],[],"{0: [0, 1, 6, 7, 8, 9, 11], 1: [0, 1, 2, 3, 5], 2: [0, 2], 3: [0, 1, 2, 3, 8], 4: [0, 1, 2, 3, 4, 7], 5: [0], 6: [0, 1, 5], 7: [0, 4], 8: [0], 9: [0], 10: [0], 11: [0]}",identity,identity,0,0.7425,0.0173,0.7252000000000001,500
2,imagenet-1k,facebook/dinov2-base,Adam,0.01,Linear,identity,256,5,[],[],[],"{0: [0, 1, 6, 7, 8, 9, 11], 1: [0, 1, 2, 3, 5], 2: [0, 2], 3: [0, 1, 2, 3, 8], 4: [0, 1, 2, 3, 4, 7], 5: [0], 6: [0, 1, 5], 7: [0, 4], 8: [0], 9: [0], 10: [0], 11: [0]}",identity,identity,0,0.741,0.0155,0.7255,500
3,imagenet-1k,facebook/dinov2-base,Adam,0.01,Linear,identity,256,5,[],[],[],"{0: [0, 1, 6, 7, 8, 9, 11], 1: [0, 1, 2, 3, 5], 2: [0, 2], 3: [0, 1, 2, 3, 8], 4: [0, 1, 2, 3, 4, 7], 5: [0], 6: [0, 1, 5], 7: [0, 4], 8: [0], 9: [0], 10: [0], 11: [0]}",identity,identity,0,0.7419,0.0087,0.7332,500
1,imagenet-1k,facebook/dinov2-base,Adam,0.01,Linear,identity,256,5,[],[],[],"{0: [0, 1, 6, 7, 8, 9, 11], 1: [0, 1, 2, 3, 4], 2: [0, 2], 3: [0, 1, 2, 3, 8], 4: [0, 1, 2, 3, 4, 6, 7], 5: [0, 3], 6: [0, 1, 5], 7: [0, 4], 8: [0], 9: [0], 10: [0], 11: [0]}",identity,identity,0,0.7425,0.0152,0.7273000000000001,500
2,imagenet-1k,facebook/dinov2-base,Adam,0.01,Linear,identity,256,5,[],[],[],"{0: [0, 1, 6, 7, 8, 9, 11], 1: [0, 1, 2, 3, 4], 2: [0, 2], 3: [0, 1, 2, 3, 8], 4: [0, 1, 2, 3, 4, 6, 7], 5: [0, 3], 6: [0, 1, 5], 7: [0, 4], 8: [0], 9: [0], 10: [0], 11: [0]}",identity,identity,0,0.741,0.0122,0.7288,500
3,imagenet-1k,facebook/dinov2-base,Adam,0.01,Linear,identity,256,5,[],[],[],"{0: [0, 1, 6, 7, 8, 9, 11], 1: [0, 1, 2, 3, 4], 2: [0, 2], 3: [0, 1, 2, 3, 8], 4: [0, 1, 2, 3, 4, 6, 7], 5: [0, 3], 6: [0, 1, 5], 7: [0, 4], 8: [0], 9: [0], 10: [0], 11: [0]}",identity,identity,0,0.7419,0.0086,0.7333,500
1,imagenet-1k,facebook/dinov2-base,Adam,0.01,Linear,identity,256,5,[],[],[],"{0: [0, 1, 2, 4, 6, 7, 8, 9], 1: [0, 1, 2, 3, 4, 8], 2: [0, 2, 8], 3: [0, 1, 2, 3, 8], 4: [0, 1, 2, 3, 4, 6, 7], 5: [0, 3], 6: [0, 1, 5], 7: [0, 3, 6, 7], 8: [0], 9: [0], 10: [0], 11: [0]}",identity,identity,0,0.7425,0.019,0.7235,500
2,imagenet-1k,facebook/dinov2-base,Adam,0.01,Linear,identity,256,5,[],[],[],"{0: [0, 1, 2, 4, 6, 7, 8, 9], 1: [0, 1, 2, 3, 4, 8], 2: [0, 2, 8], 3: [0, 1, 2, 3, 8], 4: [0, 1, 2, 3, 4, 6, 7], 5: [0, 3], 6: [0, 1, 5], 7: [0, 3, 6, 7], 8: [0], 9: [0], 10: [0], 11: [0]}",identity,identity,0,0.741,0.0172,0.7238,500
3,imagenet-1k,facebook/dinov2-base,Adam,0.01,Linear,identity,256,5,[],[],[],"{0: [0, 1, 2, 4, 6, 7, 8, 9], 1: [0, 1, 2, 3, 4, 8], 2: [0, 2, 8], 3: [0, 1, 2, 3, 8], 4: [0, 1, 2, 3, 4, 6, 7], 5: [0, 3], 6: [0, 1, 5], 7: [0, 3, 6, 7], 8: [0], 9: [0], 10: [0], 11: [0]}",identity,identity,0,0.7419,0.0111,0.7308,500
1,imagenet-1k,facebook/dinov2-base,Adam,0.01,Linear,identity,256,5,[],[],[],"{0: [0, 1, 2, 3, 6, 7, 8, 9], 1: [0, 1, 2, 3, 4, 5, 8], 2: [0, 2, 8], 3: [0, 1, 2, 3, 8, 11], 4: [0, 1, 2, 3, 4, 6, 7], 5: [0, 3, 4, 5, 10, 11], 6: [0, 1, 5], 7: [0, 3, 4, 6, 7, 9, 10], 8: [0, 5], 9: [0], 10: [0], 11: [0]}",identity,identity,0,0.7425,0.0241,0.7184,500
2,imagenet-1k,facebook/dinov2-base,Adam,0.01,Linear,identity,256,5,[],[],[],"{0: [0, 1, 2, 3, 6, 7, 8, 9], 1: [0, 1, 2, 3, 4, 5, 8], 2: [0, 2, 8], 3: [0, 1, 2, 3, 8, 11], 4: [0, 1, 2, 3, 4, 6, 7], 5: [0, 3, 4, 5, 10, 11], 6: [0, 1, 5], 7: [0, 3, 4, 6, 7, 9, 10], 8: [0, 5], 9: [0], 10: [0], 11: [0]}",identity,identity,0,0.741,0.0284,0.7126,500
3,imagenet-1k,facebook/dinov2-base,Adam,0.01,Linear,identity,256,5,[],[],[],"{0: [0, 1, 2, 3, 6, 7, 8, 9], 1: [0, 1, 2, 3, 4, 5, 8], 2: [0, 2, 8], 3: [0, 1, 2, 3, 8, 11], 4: [0, 1, 2, 3, 4, 6, 7], 5: [0, 3, 4, 5, 10, 11], 6: [0, 1, 5], 7: [0, 3, 4, 6, 7, 9, 10], 8: [0, 5], 9: [0], 10: [0], 11: [0]}",identity,identity,0,0.7419,0.0215,0.7204,500
1,imagenet-1k,facebook/dinov2-base,Adam,0.01,Linear,identity,256,5,[],[],[],"{0: [0, 1, 2, 3, 4, 6, 7, 8, 9], 1: [0, 1, 2, 3, 4, 5, 8, 10, 11], 2: [0, 2, 7, 8], 3: [0, 1, 2, 3, 7, 8], 4: [0, 1, 2, 3, 4, 5, 6, 7, 8], 5: [0, 3, 4, 5, 6, 7, 9, 10], 6: [0, 1, 4, 5], 7: [0, 2, 3, 4, 6, 9, 10], 8: [0, 5, 9], 9: [0, 1, 6, 11], 10: [0, 10], 11: [0, 3, 9]}",identity,identity,0,0.7425,0.0853,0.6572,500
2,imagenet-1k,facebook/dinov2-base,Adam,0.01,Linear,identity,256,5,[],[],[],"{0: [0, 1, 2, 3, 4, 6, 7, 8, 9], 1: [0, 1, 2, 3, 4, 5, 8, 10, 11], 2: [0, 2, 7, 8], 3: [0, 1, 2, 3, 7, 8], 4: [0, 1, 2, 3, 4, 5, 6, 7, 8], 5: [0, 3, 4, 5, 6, 7, 9, 10], 6: [0, 1, 4, 5], 7: [0, 2, 3, 4, 6, 9, 10], 8: [0, 5, 9], 9: [0, 1, 6, 11], 10: [0, 10], 11: [0, 3, 9]}",identity,identity,0,0.741,0.0802,0.6608,500
3,imagenet-1k,facebook/dinov2-base,Adam,0.01,Linear,identity,256,5,[],[],[],"{0: [0, 1, 2, 3, 4, 6, 7, 8, 9], 1: [0, 1, 2, 3, 4, 5, 8, 10, 11], 2: [0, 2, 7, 8], 3: [0, 1, 2, 3, 7, 8], 4: [0, 1, 2, 3, 4, 5, 6, 7, 8], 5: [0, 3, 4, 5, 6, 7, 9, 10], 6: [0, 1, 4, 5], 7: [0, 2, 3, 4, 6, 9, 10], 8: [0, 5, 9], 9: [0, 1, 6, 11], 10: [0, 10], 11: [0, 3, 9]}",identity,identity,0,0.7419,0.0785,0.6634,500
1,imagenet-1k,facebook/dinov2-base,Adam,0.01,Linear,identity,256,5,[],[],[],"{0: [0, 1, 2, 3, 4, 5, 6, 7, 8, 9], 1: [0, 1, 2, 3, 4, 5, 8, 9, 10, 11], 2: [0, 2, 7, 8], 3: [0, 1, 2, 3, 4, 6, 7, 8], 4: [0, 1, 2, 3, 4, 5, 6, 7, 8, 9], 5: [0, 2, 3, 4, 5, 6, 7, 9, 10], 6: [0, 1, 3, 4, 5], 7: [0, 1, 2, 3, 4, 6, 7, 9, 10, 11], 8: [0, 1, 3, 4, 5, 7, 9], 9: [0, 1, 2, 4, 6, 7, 9, 10], 10: [0, 1, 3, 10], 11: [0, 3, 6]}",identity,identity,0,0.7425,0.234,0.5085000000000001,500
2,imagenet-1k,facebook/dinov2-base,Adam,0.01,Linear,identity,256,5,[],[],[],"{0: [0, 1, 2, 3, 4, 5, 6, 7, 8, 9], 1: [0, 1, 2, 3, 4, 5, 8, 9, 10, 11], 2: [0, 2, 7, 8], 3: [0, 1, 2, 3, 4, 6, 7, 8], 4: [0, 1, 2, 3, 4, 5, 6, 7, 8, 9], 5: [0, 2, 3, 4, 5, 6, 7, 9, 10], 6: [0, 1, 3, 4, 5], 7: [0, 1, 2, 3, 4, 6, 7, 9, 10, 11], 8: [0, 1, 3, 4, 5, 7, 9], 9: [0, 1, 2, 4, 6, 7, 9, 10], 10: [0, 1, 3, 10], 11: [0, 3, 6]}",identity,identity,0,0.741,0.2322,0.5088,500
3,imagenet-1k,facebook/dinov2-base,Adam,0.01,Linear,identity,256,5,[],[],[],"{0: [0, 1, 2, 3, 4, 5, 6, 7, 8, 9], 1: [0, 1, 2, 3, 4, 5, 8, 9, 10, 11], 2: [0, 2, 7, 8], 3: [0, 1, 2, 3, 4, 6, 7, 8], 4: [0, 1, 2, 3, 4, 5, 6, 7, 8, 9], 5: [0, 2, 3, 4, 5, 6, 7, 9, 10], 6: [0, 1, 3, 4, 5], 7: [0, 1, 2, 3, 4, 6, 7, 9, 10, 11], 8: [0, 1, 3, 4, 5, 7, 9], 9: [0, 1, 2, 4, 6, 7, 9, 10], 10: [0, 1, 3, 10], 11: [0, 3, 6]}",identity,identity,0,0.7419,0.2197,0.5222,500
1,imagenet-1k,facebook/dinov2-base,Adam,0.01,Linear,identity,256,5,[],[],[],"{0: [0, 1, 2, 3, 4, 5, 6, 7, 8, 9, 11], 1: [0, 1, 2, 3, 4, 5, 8, 9, 10, 11], 2: [0, 2, 7, 8, 9, 10], 3: [0, 1, 2, 3, 4, 5, 6, 7, 8, 9], 4: [0, 1, 2, 3, 4, 5, 6, 7, 8, 9], 5: [0, 1, 2, 3, 4, 5, 6, 7, 8, 9, 10], 6: [0, 1, 3, 4, 5, 7, 11], 7: [0, 1, 2, 3, 4, 6, 7, 9, 10, 11], 9: [0, 1, 2, 3, 4, 5, 6, 7, 9, 10, 11], 10: [0, 1, 2, 5, 7, 8, 9, 11], 11: [0, 1, 3, 6, 8]}",identity,identity,0,0.7425,0.5527,0.1898,500
2,imagenet-1k,facebook/dinov2-base,Adam,0.01,Linear,identity,256,5,[],[],[],"{0: [0, 1, 2, 3, 4, 5, 6, 7, 8, 9, 11], 1: [0, 1, 2, 3, 4, 5, 8, 9, 10, 11], 2: [0, 2, 7, 8, 9, 10], 3: [0, 1, 2, 3, 4, 5, 6, 7, 8, 9], 4: [0, 1, 2, 3, 4, 5, 6, 7, 8, 9], 5: [0, 1, 2, 3, 4, 5, 6, 7, 8, 9, 10], 6: [0, 1, 3, 4, 5, 7, 11], 7: [0, 1, 2, 3, 4, 6, 7, 9, 10, 11], 9: [0, 1, 2, 3, 4, 5, 6, 7, 9, 10, 11], 10: [0, 1, 2, 5, 7, 8, 9, 11], 11: [0, 1, 3, 6, 8]}",identity,identity,0,0.741,0.5588,0.1822,500
3,imagenet-1k,facebook/dinov2-base,Adam,0.01,Linear,identity,256,5,[],[],[],"{0: [0, 1, 2, 3, 4, 5, 6, 7, 8, 9, 11], 1: [0, 1, 2, 3, 4, 5, 8, 9, 10, 11], 2: [0, 2, 7, 8, 9, 10], 3: [0, 1, 2, 3, 4, 5, 6, 7, 8, 9], 4: [0, 1, 2, 3, 4, 5, 6, 7, 8, 9], 5: [0, 1, 2, 3, 4, 5, 6, 7, 8, 9, 10], 6: [0, 1, 3, 4, 5, 7, 11], 7: [0, 1, 2, 3, 4, 6, 7, 9, 10, 11], 9: [0, 1, 2, 3, 4, 5, 6, 7, 9, 10, 11], 10: [0, 1, 2, 5, 7, 8, 9, 11], 11: [0, 1, 3, 6, 8]}",identity,identity,0,0.7419,0.5474,0.1945,500
1,imagenet-1k,facebook/dinov2-base,Adam,0.01,Linear,identity,256,5,[],[],[],"{0: [0, 1, 2, 3, 4, 5, 6, 7, 8, 9, 11], 1: [0, 1, 2, 3, 4, 5, 6, 8, 9, 10, 11], 2: [0, 2, 7, 8, 9, 10], 3: [0, 1, 2, 3, 4, 5, 6, 7, 8, 9, 10], 4: [0, 1, 2, 3, 4, 5, 6, 7, 8, 9, 11], 6: [0, 1, 2, 3, 4, 5, 6, 7, 9, 10, 11], 10: [0, 1, 2, 3, 4, 5, 6, 7, 8, 9, 11], 11: [0, 1, 2, 3, 4, 6, 8]}",identity,identity,0,0.7425,0.707,0.0355,500
2,imagenet-1k,facebook/dinov2-base,Adam,0.01,Linear,identity,256,5,[],[],[],"{0: [0, 1, 2, 3, 4, 5, 6, 7, 8, 9, 11], 1: [0, 1, 2, 3, 4, 5, 6, 8, 9, 10, 11], 2: [0, 2, 7, 8, 9, 10], 3: [0, 1, 2, 3, 4, 5, 6, 7, 8, 9, 10], 4: [0, 1, 2, 3, 4, 5, 6, 7, 8, 9, 11], 6: [0, 1, 2, 3, 4, 5, 6, 7, 9, 10, 11], 10: [0, 1, 2, 3, 4, 5, 6, 7, 8, 9, 11], 11: [0, 1, 2, 3, 4, 6, 8]}",identity,identity,0,0.741,0.6911,0.0498999999999999,500
3,imagenet-1k,facebook/dinov2-base,Adam,0.01,Linear,identity,256,5,[],[],[],"{0: [0, 1, 2, 3, 4, 5, 6, 7, 8, 9, 11], 1: [0, 1, 2, 3, 4, 5, 6, 8, 9, 10, 11], 2: [0, 2, 7, 8, 9, 10], 3: [0, 1, 2, 3, 4, 5, 6, 7, 8, 9, 10], 4: [0, 1, 2, 3, 4, 5, 6, 7, 8, 9, 11], 6: [0, 1, 2, 3, 4, 5, 6, 7, 9, 10, 11], 10: [0, 1, 2, 3, 4, 5, 6, 7, 8, 9, 11], 11: [0, 1, 2, 3, 4, 6, 8]}",identity,identity,0,0.7419,0.7025,0.0393999999999999,500
1,imagenet-1k,facebook/dinov2-base,Adam,0.01,Linear,identity,256,5,[],[],[],"{0: [0, 1, 2, 3, 4, 5, 6, 7, 8, 9, 11], 1: [0, 1, 2, 3, 4, 5, 6, 8, 9, 10, 11], 2: [0, 1, 2, 3, 4, 5, 6, 7, 8, 9, 10]}",identity,identity,0,0.7425,0.7443,-0.0017999999999999,500
2,imagenet-1k,facebook/dinov2-base,Adam,0.01,Linear,identity,256,5,[],[],[],"{0: [0, 1, 2, 3, 4, 5, 6, 7, 8, 9, 11], 1: [0, 1, 2, 3, 4, 5, 6, 8, 9, 10, 11], 2: [0, 1, 2, 3, 4, 5, 6, 7, 8, 9, 10]}",identity,identity,0,0.741,0.7375,0.0034999999999999,500
3,imagenet-1k,facebook/dinov2-base,Adam,0.01,Linear,identity,256,5,[],[],[],"{0: [0, 1, 2, 3, 4, 5, 6, 7, 8, 9, 11], 1: [0, 1, 2, 3, 4, 5, 6, 8, 9, 10, 11], 2: [0, 1, 2, 3, 4, 5, 6, 7, 8, 9, 10]}",identity,identity,0,0.7419,0.7464,-0.0044999999999999,500
1,imagenet-1k,google/vit-large-patch16-224,Adam,0.01,Linear,identity,256,5,[],[],[],{},identity,identity,0,0.7863,0.7863,0.0,500
2,imagenet-1k,google/vit-large-patch16-224,Adam,0.01,Linear,identity,256,5,[],[],[],{},identity,identity,0,0.7835,0.7835,0.0,500
3,imagenet-1k,google/vit-large-patch16-224,Adam,0.01,Linear,identity,256,5,[],[],[],{},identity,identity,0,0.784,0.784,0.0,500
1,imagenet-1k,google/vit-large-patch16-224,Adam,0.01,Linear,identity,256,5,[],[],[],"{0: [0], 1: [0], 2: [0], 3: [0], 4: [0], 5: [0], 6: [0], 7: [0], 8: [0], 9: [0], 10: [0], 11: [0], 12: [0], 13: [0], 14: [0], 15: [0], 16: [0], 17: [0], 18: [0], 19: [0], 20: [0], 21: [0], 22: [0], 23: [0]}",identity,identity,0,0.7863,0.0549,0.7314,500
2,imagenet-1k,google/vit-large-patch16-224,Adam,0.01,Linear,identity,256,5,[],[],[],"{0: [0], 1: [0], 2: [0], 3: [0], 4: [0], 5: [0], 6: [0], 7: [0], 8: [0], 9: [0], 10: [0], 11: [0], 12: [0], 13: [0], 14: [0], 15: [0], 16: [0], 17: [0], 18: [0], 19: [0], 20: [0], 21: [0], 22: [0], 23: [0]}",identity,identity,0,0.7835,0.0584,0.7251,500
3,imagenet-1k,google/vit-large-patch16-224,Adam,0.01,Linear,identity,256,5,[],[],[],"{0: [0], 1: [0], 2: [0], 3: [0], 4: [0], 5: [0], 6: [0], 7: [0], 8: [0], 9: [0], 10: [0], 11: [0], 12: [0], 13: [0], 14: [0], 15: [0], 16: [0], 17: [0], 18: [0], 19: [0], 20: [0], 21: [0], 22: [0], 23: [0]}",identity,identity,0,0.784,0.0584,0.7256,500
1,imagenet-1k,google/vit-large-patch16-224,Adam,0.01,Linear,identity,256,5,[],[],[],"{0: [0, 5], 1: [0, 1, 7], 2: [0, 3, 11], 3: [0], 4: [0], 5: [0], 6: [0], 7: [0], 8: [0], 9: [0], 10: [0], 11: [0], 12: [0], 13: [0], 14: [0], 15: [0], 16: [0], 17: [0], 18: [0], 19: [0], 20: [0], 21: [0], 22: [0], 23: [0]}",identity,identity,0,0.7863,0.0578,0.7285,500
2,imagenet-1k,google/vit-large-patch16-224,Adam,0.01,Linear,identity,256,5,[],[],[],"{0: [0, 5], 1: [0, 1, 7], 2: [0, 3, 11], 3: [0], 4: [0], 5: [0], 6: [0], 7: [0], 8: [0], 9: [0], 10: [0], 11: [0], 12: [0], 13: [0], 14: [0], 15: [0], 16: [0], 17: [0], 18: [0], 19: [0], 20: [0], 21: [0], 22: [0], 23: [0]}",identity,identity,0,0.7835,0.057,0.7264999999999999,500
3,imagenet-1k,google/vit-large-patch16-224,Adam,0.01,Linear,identity,256,5,[],[],[],"{0: [0, 5], 1: [0, 1, 7], 2: [0, 3, 11], 3: [0], 4: [0], 5: [0], 6: [0], 7: [0], 8: [0], 9: [0], 10: [0], 11: [0], 12: [0], 13: [0], 14: [0], 15: [0], 16: [0], 17: [0], 18: [0], 19: [0], 20: [0], 21: [0], 22: [0], 23: [0]}",identity,identity,0,0.784,0.0555,0.7285,500
1,imagenet-1k,google/vit-large-patch16-224,Adam,0.01,Linear,identity,256,5,[],[],[],"{0: [0, 5], 1: [0, 1, 7], 2: [0, 2, 3, 11], 3: [0, 14], 4: [0], 5: [0], 6: [0], 7: [0], 8: [0], 9: [0], 10: [0], 11: [0], 12: [0], 13: [0], 14: [0], 15: [0], 16: [0], 17: [0], 18: [0], 19: [0], 20: [0], 21: [0], 22: [0], 23: [0]}",identity,identity,0,0.7863,0.056,0.7303,500
2,imagenet-1k,google/vit-large-patch16-224,Adam,0.01,Linear,identity,256,5,[],[],[],"{0: [0, 5], 1: [0, 1, 7], 2: [0, 2, 3, 11], 3: [0, 14], 4: [0], 5: [0], 6: [0], 7: [0], 8: [0], 9: [0], 10: [0], 11: [0], 12: [0], 13: [0], 14: [0], 15: [0], 16: [0], 17: [0], 18: [0], 19: [0], 20: [0], 21: [0], 22: [0], 23: [0]}",identity,identity,0,0.7835,0.0544,0.7291,500
3,imagenet-1k,google/vit-large-patch16-224,Adam,0.01,Linear,identity,256,5,[],[],[],"{0: [0, 5], 1: [0, 1, 7], 2: [0, 2, 3, 11], 3: [0, 14], 4: [0], 5: [0], 6: [0], 7: [0], 8: [0], 9: [0], 10: [0], 11: [0], 12: [0], 13: [0], 14: [0], 15: [0], 16: [0], 17: [0], 18: [0], 19: [0], 20: [0], 21: [0], 22: [0], 23: [0]}",identity,identity,0,0.784,0.0547,0.7293000000000001,500
1,imagenet-1k,google/vit-large-patch16-224,Adam,0.01,Linear,identity,256,5,[],[],[],"{0: [0, 5], 1: [0, 1, 7], 2: [0, 1, 3, 11], 3: [0, 7, 14], 4: [0, 4], 5: [0], 6: [0], 7: [0], 8: [0], 9: [0], 10: [0], 11: [0], 12: [0], 13: [0], 14: [0], 15: [0], 16: [0], 17: [0], 18: [0], 19: [0], 20: [0], 21: [0], 22: [0], 23: [0]}",identity,identity,0,0.7863,0.0542,0.7321,500
2,imagenet-1k,google/vit-large-patch16-224,Adam,0.01,Linear,identity,256,5,[],[],[],"{0: [0, 5], 1: [0, 1, 7], 2: [0, 1, 3, 11], 3: [0, 7, 14], 4: [0, 4], 5: [0], 6: [0], 7: [0], 8: [0], 9: [0], 10: [0], 11: [0], 12: [0], 13: [0], 14: [0], 15: [0], 16: [0], 17: [0], 18: [0], 19: [0], 20: [0], 21: [0], 22: [0], 23: [0]}",identity,identity,0,0.7835,0.0551,0.7283999999999999,500
3,imagenet-1k,google/vit-large-patch16-224,Adam,0.01,Linear,identity,256,5,[],[],[],"{0: [0, 5], 1: [0, 1, 7], 2: [0, 1, 3, 11], 3: [0, 7, 14], 4: [0, 4], 5: [0], 6: [0], 7: [0], 8: [0], 9: [0], 10: [0], 11: [0], 12: [0], 13: [0], 14: [0], 15: [0], 16: [0], 17: [0], 18: [0], 19: [0], 20: [0], 21: [0], 22: [0], 23: [0]}",identity,identity,0,0.784,0.0539,0.7301,500
1,imagenet-1k,google/vit-large-patch16-224,Adam,0.01,Linear,identity,256,5,[],[],[],"{0: [0, 5, 15], 1: [0, 1, 7], 2: [0, 1, 3, 11], 3: [0, 7, 14], 4: [0, 4], 5: [0], 6: [0], 7: [0], 8: [0], 9: [0], 10: [0], 11: [0], 12: [0], 13: [0], 14: [0], 15: [0], 16: [0], 17: [0], 18: [0], 19: [0], 20: [0], 21: [0], 22: [0], 23: [0]}",identity,identity,0,0.7863,0.0639,0.7224,500
2,imagenet-1k,google/vit-large-patch16-224,Adam,0.01,Linear,identity,256,5,[],[],[],"{0: [0, 5, 15], 1: [0, 1, 7], 2: [0, 1, 3, 11], 3: [0, 7, 14], 4: [0, 4], 5: [0], 6: [0], 7: [0], 8: [0], 9: [0], 10: [0], 11: [0], 12: [0], 13: [0], 14: [0], 15: [0], 16: [0], 17: [0], 18: [0], 19: [0], 20: [0], 21: [0], 22: [0], 23: [0]}",identity,identity,0,0.7835,0.0655,0.718,500
3,imagenet-1k,google/vit-large-patch16-224,Adam,0.01,Linear,identity,256,5,[],[],[],"{0: [0, 5, 15], 1: [0, 1, 7], 2: [0, 1, 3, 11], 3: [0, 7, 14], 4: [0, 4], 5: [0], 6: [0], 7: [0], 8: [0], 9: [0], 10: [0], 11: [0], 12: [0], 13: [0], 14: [0], 15: [0], 16: [0], 17: [0], 18: [0], 19: [0], 20: [0], 21: [0], 22: [0], 23: [0]}",identity,identity,0,0.784,0.0612,0.7228,500
1,imagenet-1k,google/vit-large-patch16-224,Adam,0.01,Linear,identity,256,5,[],[],[],"{0: [0, 5, 15], 1: [0, 1, 7, 10], 2: [0, 1, 3, 11], 3: [0, 7, 14], 4: [0, 4], 5: [0, 2], 6: [0], 7: [0], 8: [0], 9: [0], 10: [0], 11: [0], 12: [0], 13: [0], 14: [0], 15: [0], 16: [0], 17: [0], 18: [0], 19: [0], 20: [0], 21: [0], 22: [0], 23: [0]}",identity,identity,0,0.7863,0.0715,0.7148,500
2,imagenet-1k,google/vit-large-patch16-224,Adam,0.01,Linear,identity,256,5,[],[],[],"{0: [0, 5, 15], 1: [0, 1, 7, 10], 2: [0, 1, 3, 11], 3: [0, 7, 14], 4: [0, 4], 5: [0, 2], 6: [0], 7: [0], 8: [0], 9: [0], 10: [0], 11: [0], 12: [0], 13: [0], 14: [0], 15: [0], 16: [0], 17: [0], 18: [0], 19: [0], 20: [0], 21: [0], 22: [0], 23: [0]}",identity,identity,0,0.7835,0.0697,0.7138,500
3,imagenet-1k,google/vit-large-patch16-224,Adam,0.01,Linear,identity,256,5,[],[],[],"{0: [0, 5, 15], 1: [0, 1, 7, 10], 2: [0, 1, 3, 11], 3: [0, 7, 14], 4: [0, 4], 5: [0, 2], 6: [0], 7: [0], 8: [0], 9: [0], 10: [0], 11: [0], 12: [0], 13: [0], 14: [0], 15: [0], 16: [0], 17: [0], 18: [0], 19: [0], 20: [0], 21: [0], 22: [0], 23: [0]}",identity,identity,0,0.784,0.0628,0.7212000000000001,500
1,imagenet-1k,google/vit-large-patch16-224,Adam,0.01,Linear,identity,256,5,[],[],[],"{0: [0, 5, 8], 1: [0, 1, 7, 10], 2: [0, 1, 2, 3, 11], 3: [0, 7, 14], 4: [0, 2, 3], 5: [0, 1, 2, 4], 6: [0], 7: [0], 8: [0], 9: [0], 10: [0], 11: [0], 12: [0], 13: [0], 14: [0], 15: [0], 16: [0], 17: [0], 18: [0], 19: [0], 20: [0], 21: [0], 22: [0], 23: [0]}",identity,identity,0,0.7863,0.0611,0.7252,500
2,imagenet-1k,google/vit-large-patch16-224,Adam,0.01,Linear,identity,256,5,[],[],[],"{0: [0, 5, 8], 1: [0, 1, 7, 10], 2: [0, 1, 2, 3, 11], 3: [0, 7, 14], 4: [0, 2, 3], 5: [0, 1, 2, 4], 6: [0], 7: [0], 8: [0], 9: [0], 10: [0], 11: [0], 12: [0], 13: [0], 14: [0], 15: [0], 16: [0], 17: [0], 18: [0], 19: [0], 20: [0], 21: [0], 22: [0], 23: [0]}",identity,identity,0,0.7835,0.0577,0.7258,500
3,imagenet-1k,google/vit-large-patch16-224,Adam,0.01,Linear,identity,256,5,[],[],[],"{0: [0, 5, 8], 1: [0, 1, 7, 10], 2: [0, 1, 2, 3, 11], 3: [0, 7, 14], 4: [0, 2, 3], 5: [0, 1, 2, 4], 6: [0], 7: [0], 8: [0], 9: [0], 10: [0], 11: [0], 12: [0], 13: [0], 14: [0], 15: [0], 16: [0], 17: [0], 18: [0], 19: [0], 20: [0], 21: [0], 22: [0], 23: [0]}",identity,identity,0,0.784,0.0599,0.7241000000000001,500
1,imagenet-1k,google/vit-large-patch16-224,Adam,0.01,Linear,identity,256,5,[],[],[],"{0: [0, 5, 8, 9], 1: [0, 1, 7, 10], 2: [0, 1, 2, 3, 11], 3: [0, 7, 14], 4: [0, 2, 3], 5: [0, 1, 2, 4], 6: [0], 7: [0, 3], 8: [0, 6], 9: [0, 4], 10: [0, 8, 15], 11: [0], 12: [0], 13: [0], 14: [0], 15: [0], 16: [0], 17: [0], 18: [0], 19: [0], 20: [0], 21: [0], 22: [0], 23: [0]}",identity,identity,0,0.7863,0.0601,0.7262,500
2,imagenet-1k,google/vit-large-patch16-224,Adam,0.01,Linear,identity,256,5,[],[],[],"{0: [0, 5, 8, 9], 1: [0, 1, 7, 10], 2: [0, 1, 2, 3, 11], 3: [0, 7, 14], 4: [0, 2, 3], 5: [0, 1, 2, 4], 6: [0], 7: [0, 3], 8: [0, 6], 9: [0, 4], 10: [0, 8, 15], 11: [0], 12: [0], 13: [0], 14: [0], 15: [0], 16: [0], 17: [0], 18: [0], 19: [0], 20: [0], 21: [0], 22: [0], 23: [0]}",identity,identity,0,0.7835,0.0564,0.7271,500
3,imagenet-1k,google/vit-large-patch16-224,Adam,0.01,Linear,identity,256,5,[],[],[],"{0: [0, 5, 8, 9], 1: [0, 1, 7, 10], 2: [0, 1, 2, 3, 11], 3: [0, 7, 14], 4: [0, 2, 3], 5: [0, 1, 2, 4], 6: [0], 7: [0, 3], 8: [0, 6], 9: [0, 4], 10: [0, 8, 15], 11: [0], 12: [0], 13: [0], 14: [0], 15: [0], 16: [0], 17: [0], 18: [0], 19: [0], 20: [0], 21: [0], 22: [0], 23: [0]}",identity,identity,0,0.784,0.0559,0.7281000000000001,500
1,imagenet-1k,google/vit-large-patch16-224,Adam,0.01,Linear,identity,256,5,[],[],[],"{0: [0, 1, 5, 7], 1: [0, 1, 7, 10], 2: [0, 1, 2, 3, 11], 3: [0, 7, 8, 14], 4: [0, 2, 3, 4], 5: [0, 1, 2, 4, 9, 13], 6: [0, 1, 10, 14], 7: [0, 3, 7], 8: [0, 6, 8], 9: [0, 4], 10: [0, 3, 8], 11: [0, 10], 12: [0], 13: [0], 14: [0], 15: [0], 16: [0], 17: [0], 18: [0], 19: [0], 20: [0], 21: [0], 22: [0], 23: [0]}",identity,identity,0,0.7863,0.0578,0.7285,500
2,imagenet-1k,google/vit-large-patch16-224,Adam,0.01,Linear,identity,256,5,[],[],[],"{0: [0, 1, 5, 7], 1: [0, 1, 7, 10], 2: [0, 1, 2, 3, 11], 3: [0, 7, 8, 14], 4: [0, 2, 3, 4], 5: [0, 1, 2, 4, 9, 13], 6: [0, 1, 10, 14], 7: [0, 3, 7], 8: [0, 6, 8], 9: [0, 4], 10: [0, 3, 8], 11: [0, 10], 12: [0], 13: [0], 14: [0], 15: [0], 16: [0], 17: [0], 18: [0], 19: [0], 20: [0], 21: [0], 22: [0], 23: [0]}",identity,identity,0,0.7835,0.0616,0.7219,500
3,imagenet-1k,google/vit-large-patch16-224,Adam,0.01,Linear,identity,256,5,[],[],[],"{0: [0, 1, 5, 7], 1: [0, 1, 7, 10], 2: [0, 1, 2, 3, 11], 3: [0, 7, 8, 14], 4: [0, 2, 3, 4], 5: [0, 1, 2, 4, 9, 13], 6: [0, 1, 10, 14], 7: [0, 3, 7], 8: [0, 6, 8], 9: [0, 4], 10: [0, 3, 8], 11: [0, 10], 12: [0], 13: [0], 14: [0], 15: [0], 16: [0], 17: [0], 18: [0], 19: [0], 20: [0], 21: [0], 22: [0], 23: [0]}",identity,identity,0,0.784,0.0592,0.7248,500
1,imagenet-1k,google/vit-large-patch16-224,Adam,0.01,Linear,identity,256,5,[],[],[],"{0: [0, 1, 5, 7, 9], 1: [0, 1, 3, 7, 9], 2: [0, 1, 2, 3, 10, 11], 3: [0, 7, 8, 14], 4: [0, 2, 3, 4, 5], 5: [0, 1, 2, 4, 7, 9, 13], 6: [0, 1, 10, 11, 14], 7: [0, 3, 7], 8: [0, 6, 8, 9], 9: [0, 1, 6], 10: [0, 2, 3, 4, 8], 11: [0, 1], 12: [0], 13: [0], 14: [0], 15: [0], 16: [0], 17: [0], 18: [0], 19: [0], 20: [0], 21: [0], 22: [0], 23: [0]}",identity,identity,0,0.7863,0.073,0.7133,500
2,imagenet-1k,google/vit-large-patch16-224,Adam,0.01,Linear,identity,256,5,[],[],[],"{0: [0, 1, 5, 7, 9], 1: [0, 1, 3, 7, 9], 2: [0, 1, 2, 3, 10, 11], 3: [0, 7, 8, 14], 4: [0, 2, 3, 4, 5], 5: [0, 1, 2, 4, 7, 9, 13], 6: [0, 1, 10, 11, 14], 7: [0, 3, 7], 8: [0, 6, 8, 9], 9: [0, 1, 6], 10: [0, 2, 3, 4, 8], 11: [0, 1], 12: [0], 13: [0], 14: [0], 15: [0], 16: [0], 17: [0], 18: [0], 19: [0], 20: [0], 21: [0], 22: [0], 23: [0]}",identity,identity,0,0.7835,0.0727,0.7108,500
3,imagenet-1k,google/vit-large-patch16-224,Adam,0.01,Linear,identity,256,5,[],[],[],"{0: [0, 1, 5, 7, 9], 1: [0, 1, 3, 7, 9], 2: [0, 1, 2, 3, 10, 11], 3: [0, 7, 8, 14], 4: [0, 2, 3, 4, 5], 5: [0, 1, 2, 4, 7, 9, 13], 6: [0, 1, 10, 11, 14], 7: [0, 3, 7], 8: [0, 6, 8, 9], 9: [0, 1, 6], 10: [0, 2, 3, 4, 8], 11: [0, 1], 12: [0], 13: [0], 14: [0], 15: [0], 16: [0], 17: [0], 18: [0], 19: [0], 20: [0], 21: [0], 22: [0], 23: [0]}",identity,identity,0,0.784,0.0719,0.7121000000000001,500
1,imagenet-1k,google/vit-large-patch16-224,Adam,0.01,Linear,identity,256,5,[],[],[],"{0: [0, 1, 4, 5, 7, 9, 11], 1: [0, 1, 3, 6, 7, 9], 2: [0, 1, 2, 3, 5, 8, 11], 3: [0, 1, 2, 5, 7, 14], 4: [0, 1, 2, 3, 4, 5, 7, 11, 13], 5: [0, 1, 2, 4, 5, 6, 7, 13, 15], 6: [0, 1, 6, 7, 8, 10, 14, 15], 7: [0, 3, 4, 7, 9], 8: [0, 2, 5, 6, 9, 10, 11], 9: [0, 1, 4, 8], 10: [0, 2, 3, 4, 8, 9], 11: [0, 1, 2], 12: [0], 13: [0, 4], 14: [0], 15: [0], 16: [0], 17: [0], 18: [0], 19: [0], 20: [0], 21: [0], 22: [0], 23: [0]}",identity,identity,0,0.7863,0.1132,0.6731,500
2,imagenet-1k,google/vit-large-patch16-224,Adam,0.01,Linear,identity,256,5,[],[],[],"{0: [0, 1, 4, 5, 7, 9, 11], 1: [0, 1, 3, 6, 7, 9], 2: [0, 1, 2, 3, 5, 8, 11], 3: [0, 1, 2, 5, 7, 14], 4: [0, 1, 2, 3, 4, 5, 7, 11, 13], 5: [0, 1, 2, 4, 5, 6, 7, 13, 15], 6: [0, 1, 6, 7, 8, 10, 14, 15], 7: [0, 3, 4, 7, 9], 8: [0, 2, 5, 6, 9, 10, 11], 9: [0, 1, 4, 8], 10: [0, 2, 3, 4, 8, 9], 11: [0, 1, 2], 12: [0], 13: [0, 4], 14: [0], 15: [0], 16: [0], 17: [0], 18: [0], 19: [0], 20: [0], 21: [0], 22: [0], 23: [0]}",identity,identity,0,0.7835,0.1179,0.6656,500
3,imagenet-1k,google/vit-large-patch16-224,Adam,0.01,Linear,identity,256,5,[],[],[],"{0: [0, 1, 4, 5, 7, 9, 11], 1: [0, 1, 3, 6, 7, 9], 2: [0, 1, 2, 3, 5, 8, 11], 3: [0, 1, 2, 5, 7, 14], 4: [0, 1, 2, 3, 4, 5, 7, 11, 13], 5: [0, 1, 2, 4, 5, 6, 7, 13, 15], 6: [0, 1, 6, 7, 8, 10, 14, 15], 7: [0, 3, 4, 7, 9], 8: [0, 2, 5, 6, 9, 10, 11], 9: [0, 1, 4, 8], 10: [0, 2, 3, 4, 8, 9], 11: [0, 1, 2], 12: [0], 13: [0, 4], 14: [0], 15: [0], 16: [0], 17: [0], 18: [0], 19: [0], 20: [0], 21: [0], 22: [0], 23: [0]}",identity,identity,0,0.784,0.1175,0.6665000000000001,500
1,imagenet-1k,google/vit-large-patch16-224,Adam,0.01,Linear,identity,256,5,[],[],[],"{0: [0, 1, 3, 4, 5, 6, 7, 9, 15], 1: [0, 1, 3, 6, 7, 8, 10, 11, 12], 2: [0, 1, 2, 3, 5, 6, 8, 11, 13], 3: [0, 1, 2, 3, 5, 7, 8, 14, 15], 4: [0, 1, 2, 3, 4, 5, 7, 11, 12, 13, 14], 5: [0, 1, 2, 4, 5, 6, 7, 8, 10, 11, 13, 15], 6: [0, 1, 3, 4, 5, 6, 7, 8, 10, 11, 14, 15], 7: [0, 1, 2, 3, 5, 7, 9, 10, 11, 12, 13], 8: [0, 1, 2, 3, 4, 5, 6, 8, 9, 10, 11, 13], 9: [0, 1, 2, 3, 4, 6, 7, 8, 9, 14, 15], 10: [0, 1, 2, 3, 4, 5, 8, 9, 10, 13, 15], 11: [0, 1, 2, 3, 7, 9], 12: [0, 6, 9, 14], 13: [0, 1, 11], 14: [0, 5], 15: [0], 16: [0], 17: [0], 18: [0], 19: [0], 20: [0], 21: [0], 22: [0], 23: [0]}",identity,identity,0,0.7863,0.3443,0.442,500
2,imagenet-1k,google/vit-large-patch16-224,Adam,0.01,Linear,identity,256,5,[],[],[],"{0: [0, 1, 3, 4, 5, 6, 7, 9, 15], 1: [0, 1, 3, 6, 7, 8, 10, 11, 12], 2: [0, 1, 2, 3, 5, 6, 8, 11, 13], 3: [0, 1, 2, 3, 5, 7, 8, 14, 15], 4: [0, 1, 2, 3, 4, 5, 7, 11, 12, 13, 14], 5: [0, 1, 2, 4, 5, 6, 7, 8, 10, 11, 13, 15], 6: [0, 1, 3, 4, 5, 6, 7, 8, 10, 11, 14, 15], 7: [0, 1, 2, 3, 5, 7, 9, 10, 11, 12, 13], 8: [0, 1, 2, 3, 4, 5, 6, 8, 9, 10, 11, 13], 9: [0, 1, 2, 3, 4, 6, 7, 8, 9, 14, 15], 10: [0, 1, 2, 3, 4, 5, 8, 9, 10, 13, 15], 11: [0, 1, 2, 3, 7, 9], 12: [0, 6, 9, 14], 13: [0, 1, 11], 14: [0, 5], 15: [0], 16: [0], 17: [0], 18: [0], 19: [0], 20: [0], 21: [0], 22: [0], 23: [0]}",identity,identity,0,0.7835,0.3405,0.4429999999999999,500
3,imagenet-1k,google/vit-large-patch16-224,Adam,0.01,Linear,identity,256,5,[],[],[],"{0: [0, 1, 3, 4, 5, 6, 7, 9, 15], 1: [0, 1, 3, 6, 7, 8, 10, 11, 12], 2: [0, 1, 2, 3, 5, 6, 8, 11, 13], 3: [0, 1, 2, 3, 5, 7, 8, 14, 15], 4: [0, 1, 2, 3, 4, 5, 7, 11, 12, 13, 14], 5: [0, 1, 2, 4, 5, 6, 7, 8, 10, 11, 13, 15], 6: [0, 1, 3, 4, 5, 6, 7, 8, 10, 11, 14, 15], 7: [0, 1, 2, 3, 5, 7, 9, 10, 11, 12, 13], 8: [0, 1, 2, 3, 4, 5, 6, 8, 9, 10, 11, 13], 9: [0, 1, 2, 3, 4, 6, 7, 8, 9, 14, 15], 10: [0, 1, 2, 3, 4, 5, 8, 9, 10, 13, 15], 11: [0, 1, 2, 3, 7, 9], 12: [0, 6, 9, 14], 13: [0, 1, 11], 14: [0, 5], 15: [0], 16: [0], 17: [0], 18: [0], 19: [0], 20: [0], 21: [0], 22: [0], 23: [0]}",identity,identity,0,0.784,0.3427,0.4413,500
1,imagenet-1k,google/vit-large-patch16-224,Adam,0.01,Linear,identity,256,5,[],[],[],"{0: [0, 1, 2, 3, 4, 5, 6, 7, 9, 15], 1: [0, 1, 3, 5, 6, 7, 8, 9, 10, 11, 12, 13, 14, 15], 2: [0, 1, 2, 3, 4, 6, 8, 10, 11, 12, 13, 14, 15], 3: [0, 1, 2, 3, 5, 7, 8, 9, 10, 11, 12, 14, 15], 4: [0, 1, 2, 3, 4, 5, 7, 9, 10, 11, 13, 14, 15], 5: [0, 1, 2, 4, 5, 6, 7, 8, 9, 10, 11, 13, 15], 6: [0, 1, 2, 3, 4, 5, 6, 7, 8, 10, 11, 12, 14, 15], 7: [0, 1, 2, 3, 4, 5, 6, 7, 9, 10, 11, 12, 13, 14], 8: [0, 1, 2, 3, 4, 5, 6, 7, 8, 9, 10, 11, 12, 13], 9: [0, 1, 2, 3, 4, 5, 6, 7, 8, 9, 12, 13, 14, 15], 10: [0, 1, 2, 3, 4, 5, 7, 8, 9, 10, 11, 12, 13, 14, 15], 11: [0, 1, 2, 3, 4, 5, 6, 7, 9, 10, 11, 12], 12: [0, 2, 3, 4, 5, 6, 7, 8, 9, 12, 14], 13: [0, 1, 2, 11, 13, 15], 14: [0, 1, 5, 8, 10, 13], 15: [0, 6, 9], 16: [0, 5, 10], 17: [0, 1], 18: [0], 19: [0], 20: [0], 21: [0], 22: [0], 23: [0, 10, 11, 13]}",identity,identity,0,0.7863,0.5144,0.2719,500
2,imagenet-1k,google/vit-large-patch16-224,Adam,0.01,Linear,identity,256,5,[],[],[],"{0: [0, 1, 2, 3, 4, 5, 6, 7, 9, 15], 1: [0, 1, 3, 5, 6, 7, 8, 9, 10, 11, 12, 13, 14, 15], 2: [0, 1, 2, 3, 4, 6, 8, 10, 11, 12, 13, 14, 15], 3: [0, 1, 2, 3, 5, 7, 8, 9, 10, 11, 12, 14, 15], 4: [0, 1, 2, 3, 4, 5, 7, 9, 10, 11, 13, 14, 15], 5: [0, 1, 2, 4, 5, 6, 7, 8, 9, 10, 11, 13, 15], 6: [0, 1, 2, 3, 4, 5, 6, 7, 8, 10, 11, 12, 14, 15], 7: [0, 1, 2, 3, 4, 5, 6, 7, 9, 10, 11, 12, 13, 14], 8: [0, 1, 2, 3, 4, 5, 6, 7, 8, 9, 10, 11, 12, 13], 9: [0, 1, 2, 3, 4, 5, 6, 7, 8, 9, 12, 13, 14, 15], 10: [0, 1, 2, 3, 4, 5, 7, 8, 9, 10, 11, 12, 13, 14, 15], 11: [0, 1, 2, 3, 4, 5, 6, 7, 9, 10, 11, 12], 12: [0, 2, 3, 4, 5, 6, 7, 8, 9, 12, 14], 13: [0, 1, 2, 11, 13, 15], 14: [0, 1, 5, 8, 10, 13], 15: [0, 6, 9], 16: [0, 5, 10], 17: [0, 1], 18: [0], 19: [0], 20: [0], 21: [0], 22: [0], 23: [0, 10, 11, 13]}",identity,identity,0,0.7835,0.514,0.2694999999999999,500
3,imagenet-1k,google/vit-large-patch16-224,Adam,0.01,Linear,identity,256,5,[],[],[],"{0: [0, 1, 2, 3, 4, 5, 6, 7, 9, 15], 1: [0, 1, 3, 5, 6, 7, 8, 9, 10, 11, 12, 13, 14, 15], 2: [0, 1, 2, 3, 4, 6, 8, 10, 11, 12, 13, 14, 15], 3: [0, 1, 2, 3, 5, 7, 8, 9, 10, 11, 12, 14, 15], 4: [0, 1, 2, 3, 4, 5, 7, 9, 10, 11, 13, 14, 15], 5: [0, 1, 2, 4, 5, 6, 7, 8, 9, 10, 11, 13, 15], 6: [0, 1, 2, 3, 4, 5, 6, 7, 8, 10, 11, 12, 14, 15], 7: [0, 1, 2, 3, 4, 5, 6, 7, 9, 10, 11, 12, 13, 14], 8: [0, 1, 2, 3, 4, 5, 6, 7, 8, 9, 10, 11, 12, 13], 9: [0, 1, 2, 3, 4, 5, 6, 7, 8, 9, 12, 13, 14, 15], 10: [0, 1, 2, 3, 4, 5, 7, 8, 9, 10, 11, 12, 13, 14, 15], 11: [0, 1, 2, 3, 4, 5, 6, 7, 9, 10, 11, 12], 12: [0, 2, 3, 4, 5, 6, 7, 8, 9, 12, 14], 13: [0, 1, 2, 11, 13, 15], 14: [0, 1, 5, 8, 10, 13], 15: [0, 6, 9], 16: [0, 5, 10], 17: [0, 1], 18: [0], 19: [0], 20: [0], 21: [0], 22: [0], 23: [0, 10, 11, 13]}",identity,identity,0,0.784,0.5051,0.2789,500
1,imagenet-1k,google/vit-large-patch16-224,Adam,0.01,Linear,identity,256,5,[],[],[],"{0: [0, 1, 2, 3, 4, 5, 6, 7, 8, 9, 10, 11, 12, 15], 3: [0, 1, 2, 3, 5, 6, 7, 8, 9, 10, 11, 12, 13, 14, 15], 4: [0, 1, 2, 3, 4, 5, 6, 7, 8, 9, 10, 11, 13, 14, 15], 5: [0, 1, 2, 3, 4, 5, 6, 7, 8, 9, 10, 11, 13, 14, 15], 7: [0, 1, 2, 3, 4, 5, 6, 7, 8, 9, 10, 11, 12, 13, 14], 8: [0, 1, 2, 3, 4, 5, 6, 7, 8, 9, 10, 11, 12, 13, 14], 11: [0, 1, 2, 3, 4, 5, 6, 7, 8, 9, 10, 11, 12, 13, 15], 13: [0, 1, 2, 3, 4, 5, 6, 7, 8, 10, 11, 12, 13, 14, 15], 14: [0, 1, 2, 3, 4, 5, 7, 8, 9, 10, 11, 12, 13, 14, 15], 15: [0, 1, 2, 3, 4, 5, 6, 8, 9, 10, 11, 12, 13, 14, 15], 16: [0, 1, 2, 3, 4, 5, 6, 8, 9, 10, 11, 12, 13, 15], 17: [0, 1, 2, 3, 6, 8, 10, 15], 18: [0, 2, 3], 19: [0, 6, 8], 20: [0], 21: [0], 22: [0], 23: [0, 6, 11, 13]}",identity,identity,0,0.7863,0.6861,0.1001999999999999,500
2,imagenet-1k,google/vit-large-patch16-224,Adam,0.01,Linear,identity,256,5,[],[],[],"{0: [0, 1, 2, 3, 4, 5, 6, 7, 8, 9, 10, 11, 12, 15], 3: [0, 1, 2, 3, 5, 6, 7, 8, 9, 10, 11, 12, 13, 14, 15], 4: [0, 1, 2, 3, 4, 5, 6, 7, 8, 9, 10, 11, 13, 14, 15], 5: [0, 1, 2, 3, 4, 5, 6, 7, 8, 9, 10, 11, 13, 14, 15], 7: [0, 1, 2, 3, 4, 5, 6, 7, 8, 9, 10, 11, 12, 13, 14], 8: [0, 1, 2, 3, 4, 5, 6, 7, 8, 9, 10, 11, 12, 13, 14], 11: [0, 1, 2, 3, 4, 5, 6, 7, 8, 9, 10, 11, 12, 13, 15], 13: [0, 1, 2, 3, 4, 5, 6, 7, 8, 10, 11, 12, 13, 14, 15], 14: [0, 1, 2, 3, 4, 5, 7, 8, 9, 10, 11, 12, 13, 14, 15], 15: [0, 1, 2, 3, 4, 5, 6, 8, 9, 10, 11, 12, 13, 14, 15], 16: [0, 1, 2, 3, 4, 5, 6, 8, 9, 10, 11, 12, 13, 15], 17: [0, 1, 2, 3, 6, 8, 10, 15], 18: [0, 2, 3], 19: [0, 6, 8], 20: [0], 21: [0], 22: [0], 23: [0, 6, 11, 13]}",identity,identity,0,0.7835,0.6876,0.0958999999999999,500
3,imagenet-1k,google/vit-large-patch16-224,Adam,0.01,Linear,identity,256,5,[],[],[],"{0: [0, 1, 2, 3, 4, 5, 6, 7, 8, 9, 10, 11, 12, 15], 3: [0, 1, 2, 3, 5, 6, 7, 8, 9, 10, 11, 12, 13, 14, 15], 4: [0, 1, 2, 3, 4, 5, 6, 7, 8, 9, 10, 11, 13, 14, 15], 5: [0, 1, 2, 3, 4, 5, 6, 7, 8, 9, 10, 11, 13, 14, 15], 7: [0, 1, 2, 3, 4, 5, 6, 7, 8, 9, 10, 11, 12, 13, 14], 8: [0, 1, 2, 3, 4, 5, 6, 7, 8, 9, 10, 11, 12, 13, 14], 11: [0, 1, 2, 3, 4, 5, 6, 7, 8, 9, 10, 11, 12, 13, 15], 13: [0, 1, 2, 3, 4, 5, 6, 7, 8, 10, 11, 12, 13, 14, 15], 14: [0, 1, 2, 3, 4, 5, 7, 8, 9, 10, 11, 12, 13, 14, 15], 15: [0, 1, 2, 3, 4, 5, 6, 8, 9, 10, 11, 12, 13, 14, 15], 16: [0, 1, 2, 3, 4, 5, 6, 8, 9, 10, 11, 12, 13, 15], 17: [0, 1, 2, 3, 6, 8, 10, 15], 18: [0, 2, 3], 19: [0, 6, 8], 20: [0], 21: [0], 22: [0], 23: [0, 6, 11, 13]}",identity,identity,0,0.784,0.6859,0.0981,500
1,imagenet-1k,google/vit-large-patch16-224,Adam,0.01,Linear,identity,256,5,[],[],[],"{3: [0, 1, 2, 3, 4, 5, 7, 8, 9, 10, 11, 12, 13, 14, 15], 14: [0, 1, 2, 3, 4, 5, 7, 8, 9, 10, 11, 12, 13, 14, 15], 19: [0, 1, 2, 4, 5, 7, 8, 9, 10, 11, 12, 13, 14, 15], 20: [0, 1, 4, 5, 6, 8, 11, 12, 13], 21: [0, 1, 13], 22: [0, 6, 13], 23: [0, 2, 6, 11, 13]}",identity,identity,0,0.7863,0.7575,0.0288,500
2,imagenet-1k,google/vit-large-patch16-224,Adam,0.01,Linear,identity,256,5,[],[],[],"{3: [0, 1, 2, 3, 4, 5, 7, 8, 9, 10, 11, 12, 13, 14, 15], 14: [0, 1, 2, 3, 4, 5, 7, 8, 9, 10, 11, 12, 13, 14, 15], 19: [0, 1, 2, 4, 5, 7, 8, 9, 10, 11, 12, 13, 14, 15], 20: [0, 1, 4, 5, 6, 8, 11, 12, 13], 21: [0, 1, 13], 22: [0, 6, 13], 23: [0, 2, 6, 11, 13]}",identity,identity,0,0.7835,0.7569,0.0265999999999999,500
3,imagenet-1k,google/vit-large-patch16-224,Adam,0.01,Linear,identity,256,5,[],[],[],"{3: [0, 1, 2, 3, 4, 5, 7, 8, 9, 10, 11, 12, 13, 14, 15], 14: [0, 1, 2, 3, 4, 5, 7, 8, 9, 10, 11, 12, 13, 14, 15], 19: [0, 1, 2, 4, 5, 7, 8, 9, 10, 11, 12, 13, 14, 15], 20: [0, 1, 4, 5, 6, 8, 11, 12, 13], 21: [0, 1, 13], 22: [0, 6, 13], 23: [0, 2, 6, 11, 13]}",identity,identity,0,0.784,0.7533,0.0307,500
1,imagenet-1k,google/vit-large-patch16-224,Adam,0.01,Linear,identity,256,5,[],[],[],"{22: [0, 1, 2, 3, 5, 6, 7, 8, 10, 11, 12, 13, 14, 15]}",identity,identity,0,0.7863,0.783,0.0032999999999999,500
2,imagenet-1k,google/vit-large-patch16-224,Adam,0.01,Linear,identity,256,5,[],[],[],"{22: [0, 1, 2, 3, 5, 6, 7, 8, 10, 11, 12, 13, 14, 15]}",identity,identity,0,0.7835,0.7858,-0.0023,500
3,imagenet-1k,google/vit-large-patch16-224,Adam,0.01,Linear,identity,256,5,[],[],[],"{22: [0, 1, 2, 3, 5, 6, 7, 8, 10, 11, 12, 13, 14, 15]}",identity,identity,0,0.784,0.7917,-0.007699999999999929,500
