skip_config,accuracy_mean,accuracy_std,order
"Encoder: google/vit-large-patch16-224, Dataset: cifar100, Block: [], Block Mode: identity, MLP: [], MLP Mode: identity, Attn: [] Heads: {}",0.8637333333333334,0.002514623895005656,0
"Encoder: google/vit-large-patch16-224, Dataset: cifar100, Block: [(0, 1)], Block Mode: identity, MLP: [], MLP Mode: identity, Attn: [] Heads: {}",0.7745000000000001,0.0036097091295560413,3
"Encoder: google/vit-large-patch16-224, Dataset: cifar100, Block: [(1, 2)], Block Mode: identity, MLP: [], MLP Mode: identity, Attn: [] Heads: {}",0.7910333333333334,0.0011590225767142566,6
"Encoder: google/vit-large-patch16-224, Dataset: cifar100, Block: [(2, 3)], Block Mode: identity, MLP: [], MLP Mode: identity, Attn: [] Heads: {}",0.8267333333333333,0.0025166114784236004,9
"Encoder: google/vit-large-patch16-224, Dataset: cifar100, Block: [(3, 4)], Block Mode: identity, MLP: [], MLP Mode: identity, Attn: [] Heads: {}",0.8446666666666666,0.0012503332889007104,12
"Encoder: google/vit-large-patch16-224, Dataset: cifar100, Block: [(4, 5)], Block Mode: identity, MLP: [], MLP Mode: identity, Attn: [] Heads: {}",0.8368666666666668,0.002193931022920514,15
"Encoder: google/vit-large-patch16-224, Dataset: cifar100, Block: [(5, 6)], Block Mode: identity, MLP: [], MLP Mode: identity, Attn: [] Heads: {}",0.8375333333333334,0.0027153882472555355,18
"Encoder: google/vit-large-patch16-224, Dataset: cifar100, Block: [(6, 7)], Block Mode: identity, MLP: [], MLP Mode: identity, Attn: [] Heads: {}",0.8392666666666666,0.000723417813807004,21
"Encoder: google/vit-large-patch16-224, Dataset: cifar100, Block: [(7, 8)], Block Mode: identity, MLP: [], MLP Mode: identity, Attn: [] Heads: {}",0.8494666666666667,0.0014977761292440878,24
"Encoder: google/vit-large-patch16-224, Dataset: cifar100, Block: [(8, 9)], Block Mode: identity, MLP: [], MLP Mode: identity, Attn: [] Heads: {}",0.848,0.003351119216023173,27
"Encoder: google/vit-large-patch16-224, Dataset: cifar100, Block: [(9, 10)], Block Mode: identity, MLP: [], MLP Mode: identity, Attn: [] Heads: {}",0.8448666666666668,0.0010969655114602432,30
"Encoder: google/vit-large-patch16-224, Dataset: cifar100, Block: [(10, 11)], Block Mode: identity, MLP: [], MLP Mode: identity, Attn: [] Heads: {}",0.8516666666666666,0.001404753833713753,33
"Encoder: google/vit-large-patch16-224, Dataset: cifar100, Block: [(11, 12)], Block Mode: identity, MLP: [], MLP Mode: identity, Attn: [] Heads: {}",0.8546,0.002893095228297919,36
"Encoder: google/vit-large-patch16-224, Dataset: cifar100, Block: [(12, 13)], Block Mode: identity, MLP: [], MLP Mode: identity, Attn: [] Heads: {}",0.8513999999999999,0.0024062418831031773,39
"Encoder: google/vit-large-patch16-224, Dataset: cifar100, Block: [(13, 14)], Block Mode: identity, MLP: [], MLP Mode: identity, Attn: [] Heads: {}",0.8576666666666667,0.0030138568866708505,42
"Encoder: google/vit-large-patch16-224, Dataset: cifar100, Block: [(14, 15)], Block Mode: identity, MLP: [], MLP Mode: identity, Attn: [] Heads: {}",0.8544333333333333,0.002437895267096877,45
"Encoder: google/vit-large-patch16-224, Dataset: cifar100, Block: [(15, 16)], Block Mode: identity, MLP: [], MLP Mode: identity, Attn: [] Heads: {}",0.8578666666666667,0.0021501937897159956,48
"Encoder: google/vit-large-patch16-224, Dataset: cifar100, Block: [(16, 17)], Block Mode: identity, MLP: [], MLP Mode: identity, Attn: [] Heads: {}",0.8616333333333334,0.0008504900548115555,51
"Encoder: google/vit-large-patch16-224, Dataset: cifar100, Block: [(17, 18)], Block Mode: identity, MLP: [], MLP Mode: identity, Attn: [] Heads: {}",0.8604333333333333,0.0028867513459481233,54
"Encoder: google/vit-large-patch16-224, Dataset: cifar100, Block: [(18, 19)], Block Mode: identity, MLP: [], MLP Mode: identity, Attn: [] Heads: {}",0.8586333333333332,0.0008962886439832314,57
"Encoder: google/vit-large-patch16-224, Dataset: cifar100, Block: [(19, 20)], Block Mode: identity, MLP: [], MLP Mode: identity, Attn: [] Heads: {}",0.8574666666666667,0.0037541088600803432,60
"Encoder: google/vit-large-patch16-224, Dataset: cifar100, Block: [(20, 21)], Block Mode: identity, MLP: [], MLP Mode: identity, Attn: [] Heads: {}",0.8647333333333332,0.0013576941236278135,63
"Encoder: google/vit-large-patch16-224, Dataset: cifar100, Block: [(21, 22)], Block Mode: identity, MLP: [], MLP Mode: identity, Attn: [] Heads: {}",0.8655333333333334,0.0008504900548115811,66
"Encoder: google/vit-large-patch16-224, Dataset: cifar100, Block: [(22, 23)], Block Mode: identity, MLP: [], MLP Mode: identity, Attn: [] Heads: {}",0.8678666666666667,0.0017039170558842622,69
"Encoder: google/vit-large-patch16-224, Dataset: cifar100, Block: [(0, 2)], Block Mode: identity, MLP: [], MLP Mode: identity, Attn: [] Heads: {}",0.4737,0.00492747399790194,72
"Encoder: google/vit-large-patch16-224, Dataset: cifar100, Block: [(1, 3)], Block Mode: identity, MLP: [], MLP Mode: identity, Attn: [] Heads: {}",0.6260666666666667,0.0018339392937971846,75
"Encoder: google/vit-large-patch16-224, Dataset: cifar100, Block: [(2, 4)], Block Mode: identity, MLP: [], MLP Mode: identity, Attn: [] Heads: {}",0.7398333333333333,0.0026764404221527997,78
"Encoder: google/vit-large-patch16-224, Dataset: cifar100, Block: [(3, 5)], Block Mode: identity, MLP: [], MLP Mode: identity, Attn: [] Heads: {}",0.7771666666666667,0.0035104605585782197,81
"Encoder: google/vit-large-patch16-224, Dataset: cifar100, Block: [(4, 6)], Block Mode: identity, MLP: [], MLP Mode: identity, Attn: [] Heads: {}",0.7785666666666667,0.002668957349478172,84
"Encoder: google/vit-large-patch16-224, Dataset: cifar100, Block: [(5, 7)], Block Mode: identity, MLP: [], MLP Mode: identity, Attn: [] Heads: {}",0.7975,0.003477067730142742,87
"Encoder: google/vit-large-patch16-224, Dataset: cifar100, Block: [(6, 8)], Block Mode: identity, MLP: [], MLP Mode: identity, Attn: [] Heads: {}",0.8190333333333334,0.0013203534880225625,90
"Encoder: google/vit-large-patch16-224, Dataset: cifar100, Block: [(7, 9)], Block Mode: identity, MLP: [], MLP Mode: identity, Attn: [] Heads: {}",0.8253666666666666,0.002294195574342656,93
"Encoder: google/vit-large-patch16-224, Dataset: cifar100, Block: [(8, 10)], Block Mode: identity, MLP: [], MLP Mode: identity, Attn: [] Heads: {}",0.8231999999999999,0.0032186953878862146,96
"Encoder: google/vit-large-patch16-224, Dataset: cifar100, Block: [(9, 11)], Block Mode: identity, MLP: [], MLP Mode: identity, Attn: [] Heads: {}",0.8245,0.004821825380496418,99
"Encoder: google/vit-large-patch16-224, Dataset: cifar100, Block: [(10, 12)], Block Mode: identity, MLP: [], MLP Mode: identity, Attn: [] Heads: {}",0.8337,0.0021656407827707535,102
"Encoder: google/vit-large-patch16-224, Dataset: cifar100, Block: [(11, 13)], Block Mode: identity, MLP: [], MLP Mode: identity, Attn: [] Heads: {}",0.8342666666666667,0.0027024680078279136,105
"Encoder: google/vit-large-patch16-224, Dataset: cifar100, Block: [(12, 14)], Block Mode: identity, MLP: [], MLP Mode: identity, Attn: [] Heads: {}",0.8419666666666666,0.0021548395145192007,108
"Encoder: google/vit-large-patch16-224, Dataset: cifar100, Block: [(13, 15)], Block Mode: identity, MLP: [], MLP Mode: identity, Attn: [] Heads: {}",0.8445999999999999,0.004194043395102143,111
"Encoder: google/vit-large-patch16-224, Dataset: cifar100, Block: [(14, 16)], Block Mode: identity, MLP: [], MLP Mode: identity, Attn: [] Heads: {}",0.8481666666666667,0.004874764951598499,114
"Encoder: google/vit-large-patch16-224, Dataset: cifar100, Block: [(15, 17)], Block Mode: identity, MLP: [], MLP Mode: identity, Attn: [] Heads: {}",0.8527666666666667,0.001662327685305531,117
"Encoder: google/vit-large-patch16-224, Dataset: cifar100, Block: [(16, 18)], Block Mode: identity, MLP: [], MLP Mode: identity, Attn: [] Heads: {}",0.8590666666666666,0.0014468356276140244,120
"Encoder: google/vit-large-patch16-224, Dataset: cifar100, Block: [(17, 19)], Block Mode: identity, MLP: [], MLP Mode: identity, Attn: [] Heads: {}",0.8555333333333334,0.0022898325994127294,123
"Encoder: google/vit-large-patch16-224, Dataset: cifar100, Block: [(18, 20)], Block Mode: identity, MLP: [], MLP Mode: identity, Attn: [] Heads: {}",0.8512,0.0023579652245103444,126
"Encoder: google/vit-large-patch16-224, Dataset: cifar100, Block: [(19, 21)], Block Mode: identity, MLP: [], MLP Mode: identity, Attn: [] Heads: {}",0.8606666666666666,0.002853652630109922,129
"Encoder: google/vit-large-patch16-224, Dataset: cifar100, Block: [(20, 22)], Block Mode: identity, MLP: [], MLP Mode: identity, Attn: [] Heads: {}",0.8645999999999999,0.0010816653826392316,132
"Encoder: google/vit-large-patch16-224, Dataset: cifar100, Block: [(21, 23)], Block Mode: identity, MLP: [], MLP Mode: identity, Attn: [] Heads: {}",0.8677999999999999,0.0006557438524302083,135
"Encoder: google/vit-large-patch16-224, Dataset: cifar100, Block: [], Block Mode: linear, MLP: [], MLP Mode: identity, Attn: [] Heads: {}",0.8637333333333334,0.002514623895005656,138
"Encoder: google/vit-large-patch16-224, Dataset: cifar100, Block: [(0, 1)], Block Mode: linear, MLP: [], MLP Mode: identity, Attn: [] Heads: {}",0.8399333333333333,0.001266227994214836,141
"Encoder: google/vit-large-patch16-224, Dataset: cifar100, Block: [(1, 2)], Block Mode: linear, MLP: [], MLP Mode: identity, Attn: [] Heads: {}",0.8535,0.0014730919862656214,144
"Encoder: google/vit-large-patch16-224, Dataset: cifar100, Block: [(2, 3)], Block Mode: linear, MLP: [], MLP Mode: identity, Attn: [] Heads: {}",0.8581666666666666,0.0009865765724632206,147
"Encoder: google/vit-large-patch16-224, Dataset: cifar100, Block: [(3, 4)], Block Mode: linear, MLP: [], MLP Mode: identity, Attn: [] Heads: {}",0.8604666666666666,0.002386070689089789,150
"Encoder: google/vit-large-patch16-224, Dataset: cifar100, Block: [(4, 5)], Block Mode: linear, MLP: [], MLP Mode: identity, Attn: [] Heads: {}",0.5249666666666667,0.0025579940057266215,153
"Encoder: google/vit-large-patch16-224, Dataset: cifar100, Block: [(5, 6)], Block Mode: linear, MLP: [], MLP Mode: identity, Attn: [] Heads: {}",0.5248666666666667,0.009421429473988142,156
"Encoder: google/vit-large-patch16-224, Dataset: cifar100, Block: [(6, 7)], Block Mode: linear, MLP: [], MLP Mode: identity, Attn: [] Heads: {}",0.8567,0.001743559577416281,159
"Encoder: google/vit-large-patch16-224, Dataset: cifar100, Block: [(7, 8)], Block Mode: linear, MLP: [], MLP Mode: identity, Attn: [] Heads: {}",0.8613666666666667,0.0013503086067019445,162
"Encoder: google/vit-large-patch16-224, Dataset: cifar100, Block: [(8, 9)], Block Mode: linear, MLP: [], MLP Mode: identity, Attn: [] Heads: {}",0.8638666666666666,0.0011718930554164445,165
"Encoder: google/vit-large-patch16-224, Dataset: cifar100, Block: [(9, 10)], Block Mode: linear, MLP: [], MLP Mode: identity, Attn: [] Heads: {}",0.8592,0.0025514701644346275,168
"Encoder: google/vit-large-patch16-224, Dataset: cifar100, Block: [(10, 11)], Block Mode: linear, MLP: [], MLP Mode: identity, Attn: [] Heads: {}",0.8627666666666668,0.0003055050463303557,171
"Encoder: google/vit-large-patch16-224, Dataset: cifar100, Block: [(11, 12)], Block Mode: linear, MLP: [], MLP Mode: identity, Attn: [] Heads: {}",0.8603333333333333,0.0019347695814575622,174
"Encoder: google/vit-large-patch16-224, Dataset: cifar100, Block: [(12, 13)], Block Mode: linear, MLP: [], MLP Mode: identity, Attn: [] Heads: {}",0.856,0.0028827070610798916,177
"Encoder: google/vit-large-patch16-224, Dataset: cifar100, Block: [(13, 14)], Block Mode: linear, MLP: [], MLP Mode: identity, Attn: [] Heads: {}",0.8605333333333333,0.004091861841916654,180
"Encoder: google/vit-large-patch16-224, Dataset: cifar100, Block: [(14, 15)], Block Mode: linear, MLP: [], MLP Mode: identity, Attn: [] Heads: {}",0.8563999999999999,0.002325940669922647,183
"Encoder: google/vit-large-patch16-224, Dataset: cifar100, Block: [(15, 16)], Block Mode: linear, MLP: [], MLP Mode: identity, Attn: [] Heads: {}",0.8589666666666668,0.0033545988334424477,186
"Encoder: google/vit-large-patch16-224, Dataset: cifar100, Block: [(16, 17)], Block Mode: linear, MLP: [], MLP Mode: identity, Attn: [] Heads: {}",0.8623333333333334,0.0017214335111566806,189
"Encoder: google/vit-large-patch16-224, Dataset: cifar100, Block: [(17, 18)], Block Mode: linear, MLP: [], MLP Mode: identity, Attn: [] Heads: {}",0.8607333333333335,0.004373023362998802,192
"Encoder: google/vit-large-patch16-224, Dataset: cifar100, Block: [(18, 19)], Block Mode: linear, MLP: [], MLP Mode: identity, Attn: [] Heads: {}",0.8606333333333334,0.0009073771725877008,195
"Encoder: google/vit-large-patch16-224, Dataset: cifar100, Block: [(19, 20)], Block Mode: linear, MLP: [], MLP Mode: identity, Attn: [] Heads: {}",0.8609666666666667,0.00179536440126599,198
"Encoder: google/vit-large-patch16-224, Dataset: cifar100, Block: [(20, 21)], Block Mode: linear, MLP: [], MLP Mode: identity, Attn: [] Heads: {}",0.8643333333333333,0.0035444792753425783,201
"Encoder: google/vit-large-patch16-224, Dataset: cifar100, Block: [(21, 22)], Block Mode: linear, MLP: [], MLP Mode: identity, Attn: [] Heads: {}",0.8655333333333334,0.0018610033136277795,204
"Encoder: google/vit-large-patch16-224, Dataset: cifar100, Block: [(22, 23)], Block Mode: linear, MLP: [], MLP Mode: identity, Attn: [] Heads: {}",0.8651666666666666,0.0017039170558842637,207
"Encoder: google/vit-large-patch16-224, Dataset: cifar100, Block: [(0, 2)], Block Mode: linear, MLP: [], MLP Mode: identity, Attn: [] Heads: {}",0.7844000000000001,0.0023643180835074113,210
"Encoder: google/vit-large-patch16-224, Dataset: cifar100, Block: [(1, 3)], Block Mode: linear, MLP: [], MLP Mode: identity, Attn: [] Heads: {}",0.8208000000000001,0.004687216658103174,213
"Encoder: google/vit-large-patch16-224, Dataset: cifar100, Block: [(2, 4)], Block Mode: linear, MLP: [], MLP Mode: identity, Attn: [] Heads: {}",0.8453666666666667,0.0020108041509141533,216
"Encoder: google/vit-large-patch16-224, Dataset: cifar100, Block: [(3, 5)], Block Mode: linear, MLP: [], MLP Mode: identity, Attn: [] Heads: {}",0.4769333333333334,0.013451517882132604,219
"Encoder: google/vit-large-patch16-224, Dataset: cifar100, Block: [(4, 6)], Block Mode: linear, MLP: [], MLP Mode: identity, Attn: [] Heads: {}",0.5718,0.011505216208311778,222
"Encoder: google/vit-large-patch16-224, Dataset: cifar100, Block: [(5, 7)], Block Mode: linear, MLP: [], MLP Mode: identity, Attn: [] Heads: {}",0.42596666666666666,0.001422439219556781,225
"Encoder: google/vit-large-patch16-224, Dataset: cifar100, Block: [(6, 8)], Block Mode: linear, MLP: [], MLP Mode: identity, Attn: [] Heads: {}",0.8527333333333335,0.002571640202931485,228
"Encoder: google/vit-large-patch16-224, Dataset: cifar100, Block: [(7, 9)], Block Mode: linear, MLP: [], MLP Mode: identity, Attn: [] Heads: {}",0.8577,0.0007000000000000378,231
"Encoder: google/vit-large-patch16-224, Dataset: cifar100, Block: [(8, 10)], Block Mode: linear, MLP: [], MLP Mode: identity, Attn: [] Heads: {}",0.8574333333333334,0.0015044378795195958,234
"Encoder: google/vit-large-patch16-224, Dataset: cifar100, Block: [(9, 11)], Block Mode: linear, MLP: [], MLP Mode: identity, Attn: [] Heads: {}",0.8516666666666667,0.0003055050463303557,237
"Encoder: google/vit-large-patch16-224, Dataset: cifar100, Block: [(10, 12)], Block Mode: linear, MLP: [], MLP Mode: identity, Attn: [] Heads: {}",0.8505333333333334,0.0022007574453658547,240
"Encoder: google/vit-large-patch16-224, Dataset: cifar100, Block: [(11, 13)], Block Mode: linear, MLP: [], MLP Mode: identity, Attn: [] Heads: {}",0.8455666666666666,0.0020108041509141416,243
"Encoder: google/vit-large-patch16-224, Dataset: cifar100, Block: [(12, 14)], Block Mode: linear, MLP: [], MLP Mode: identity, Attn: [] Heads: {}",0.8517666666666667,0.0015821925715074259,246
"Encoder: google/vit-large-patch16-224, Dataset: cifar100, Block: [(13, 15)], Block Mode: linear, MLP: [], MLP Mode: identity, Attn: [] Heads: {}",0.8492999999999999,0.001682260384126019,249
"Encoder: google/vit-large-patch16-224, Dataset: cifar100, Block: [(14, 16)], Block Mode: linear, MLP: [], MLP Mode: identity, Attn: [] Heads: {}",0.8523666666666667,0.004289910643980029,252
"Encoder: google/vit-large-patch16-224, Dataset: cifar100, Block: [(15, 17)], Block Mode: linear, MLP: [], MLP Mode: identity, Attn: [] Heads: {}",0.8542333333333333,0.001501110699893039,255
"Encoder: google/vit-large-patch16-224, Dataset: cifar100, Block: [(16, 18)], Block Mode: linear, MLP: [], MLP Mode: identity, Attn: [] Heads: {}",0.8591666666666667,0.002742869543622772,258
"Encoder: google/vit-large-patch16-224, Dataset: cifar100, Block: [(17, 19)], Block Mode: linear, MLP: [], MLP Mode: identity, Attn: [] Heads: {}",0.8533,0.0009165151389910943,261
"Encoder: google/vit-large-patch16-224, Dataset: cifar100, Block: [(18, 20)], Block Mode: linear, MLP: [], MLP Mode: identity, Attn: [] Heads: {}",0.8488333333333333,0.0029838453936712325,264
"Encoder: google/vit-large-patch16-224, Dataset: cifar100, Block: [(19, 21)], Block Mode: linear, MLP: [], MLP Mode: identity, Attn: [] Heads: {}",0.8614666666666667,0.0036473734842121038,267
"Encoder: google/vit-large-patch16-224, Dataset: cifar100, Block: [(20, 22)], Block Mode: linear, MLP: [], MLP Mode: identity, Attn: [] Heads: {}",0.8612666666666667,0.0026312227829154086,270
"Encoder: google/vit-large-patch16-224, Dataset: cifar100, Block: [(21, 23)], Block Mode: linear, MLP: [], MLP Mode: identity, Attn: [] Heads: {}",0.8659666666666667,0.0016563010998406848,273
"Encoder: google/vit-base-patch16-224, Dataset: pneumoniamnist, Block: [], Block Mode: identity, MLP: [], MLP Mode: identity, Attn: [] Heads: {}",0.8263888888888888,0.012853856213158108,276
"Encoder: google/vit-base-patch16-224, Dataset: pneumoniamnist, Block: [(0, 1)], Block Mode: identity, MLP: [], MLP Mode: identity, Attn: [] Heads: {}",0.8456196581196581,0.016369181032098907,279
"Encoder: google/vit-base-patch16-224, Dataset: pneumoniamnist, Block: [(1, 2)], Block Mode: identity, MLP: [], MLP Mode: identity, Attn: [] Heads: {}",0.8386752136752137,0.00806606243084479,282
"Encoder: google/vit-base-patch16-224, Dataset: pneumoniamnist, Block: [(2, 3)], Block Mode: identity, MLP: [], MLP Mode: identity, Attn: [] Heads: {}",0.8322649572649573,0.01668001602136326,285
"Encoder: google/vit-base-patch16-224, Dataset: pneumoniamnist, Block: [(3, 4)], Block Mode: identity, MLP: [], MLP Mode: identity, Attn: [] Heads: {}",0.8349358974358975,0.00974801687547795,288
"Encoder: google/vit-base-patch16-224, Dataset: pneumoniamnist, Block: [(4, 5)], Block Mode: identity, MLP: [], MLP Mode: identity, Attn: [] Heads: {}",0.8205128205128206,0.014423076923076941,291
"Encoder: google/vit-base-patch16-224, Dataset: pneumoniamnist, Block: [(5, 6)], Block Mode: identity, MLP: [], MLP Mode: identity, Attn: [] Heads: {}",0.8311965811965812,0.016052328206534936,294
"Encoder: google/vit-base-patch16-224, Dataset: pneumoniamnist, Block: [(6, 7)], Block Mode: identity, MLP: [], MLP Mode: identity, Attn: [] Heads: {}",0.8413461538461539,0.02156029494723349,297
"Encoder: google/vit-base-patch16-224, Dataset: pneumoniamnist, Block: [(7, 8)], Block Mode: identity, MLP: [], MLP Mode: identity, Attn: [] Heads: {}",0.827991452991453,0.02245496747540993,300
"Encoder: google/vit-base-patch16-224, Dataset: pneumoniamnist, Block: [(8, 9)], Block Mode: identity, MLP: [], MLP Mode: identity, Attn: [] Heads: {}",0.8360042735042735,0.028682465296279484,303
"Encoder: google/vit-base-patch16-224, Dataset: pneumoniamnist, Block: [(9, 10)], Block Mode: identity, MLP: [], MLP Mode: identity, Attn: [] Heads: {}",0.8450854700854702,0.02960770611228853,306
"Encoder: google/vit-base-patch16-224, Dataset: pneumoniamnist, Block: [(10, 11)], Block Mode: identity, MLP: [], MLP Mode: identity, Attn: [] Heads: {}",0.8301282051282052,0.02327858821527872,309
"Encoder: google/vit-base-patch16-224, Dataset: pneumoniamnist, Block: [(0, 2)], Block Mode: identity, MLP: [], MLP Mode: identity, Attn: [] Heads: {}",0.8173076923076922,0.0016025641025640969,312
"Encoder: google/vit-base-patch16-224, Dataset: pneumoniamnist, Block: [(1, 3)], Block Mode: identity, MLP: [], MLP Mode: identity, Attn: [] Heads: {}",0.8552350427350427,0.008826234851420072,315
"Encoder: google/vit-base-patch16-224, Dataset: pneumoniamnist, Block: [(2, 4)], Block Mode: identity, MLP: [], MLP Mode: identity, Attn: [] Heads: {}",0.8653846153846154,0.014243901309800579,318
"Encoder: google/vit-base-patch16-224, Dataset: pneumoniamnist, Block: [(3, 5)], Block Mode: identity, MLP: [], MLP Mode: identity, Attn: [] Heads: {}",0.8477564102564102,0.0027757224480270373,321
"Encoder: google/vit-base-patch16-224, Dataset: pneumoniamnist, Block: [(4, 6)], Block Mode: identity, MLP: [], MLP Mode: identity, Attn: [] Heads: {}",0.8274572649572649,0.008826234851420063,324
"Encoder: google/vit-base-patch16-224, Dataset: pneumoniamnist, Block: [(5, 7)], Block Mode: identity, MLP: [], MLP Mode: identity, Attn: [] Heads: {}",0.8461538461538461,0.02518627186779122,327
"Encoder: google/vit-base-patch16-224, Dataset: pneumoniamnist, Block: [(6, 8)], Block Mode: identity, MLP: [], MLP Mode: identity, Attn: [] Heads: {}",0.8536324786324787,0.014890341735861507,330
"Encoder: google/vit-base-patch16-224, Dataset: pneumoniamnist, Block: [(7, 9)], Block Mode: identity, MLP: [], MLP Mode: identity, Attn: [] Heads: {}",0.8365384615384616,0.03156685192883366,333
"Encoder: google/vit-base-patch16-224, Dataset: pneumoniamnist, Block: [(8, 10)], Block Mode: identity, MLP: [], MLP Mode: identity, Attn: [] Heads: {}",0.8504273504273504,0.023186468391250808,336
"Encoder: google/vit-base-patch16-224, Dataset: pneumoniamnist, Block: [(9, 11)], Block Mode: identity, MLP: [], MLP Mode: identity, Attn: [] Heads: {}",0.8301282051282052,0.02419818729253444,339
"Encoder: google/vit-base-patch16-224, Dataset: pneumoniamnist, Block: [], Block Mode: linear, MLP: [], MLP Mode: identity, Attn: [] Heads: {}",0.8263888888888888,0.012853856213158108,342
"Encoder: google/vit-base-patch16-224, Dataset: pneumoniamnist, Block: [(0, 1)], Block Mode: linear, MLP: [], MLP Mode: identity, Attn: [] Heads: {}",0.8221153846153846,0.019692637383725183,345
"Encoder: google/vit-base-patch16-224, Dataset: pneumoniamnist, Block: [(1, 2)], Block Mode: linear, MLP: [], MLP Mode: identity, Attn: [] Heads: {}",0.8327991452991453,0.017869368251792448,348
"Encoder: google/vit-base-patch16-224, Dataset: pneumoniamnist, Block: [(2, 3)], Block Mode: linear, MLP: [], MLP Mode: identity, Attn: [] Heads: {}",0.8365384615384616,0.009748016875477881,351
"Encoder: google/vit-base-patch16-224, Dataset: pneumoniamnist, Block: [(3, 4)], Block Mode: linear, MLP: [], MLP Mode: identity, Attn: [] Heads: {}",0.8530982905982906,0.009659797713688665,354
"Encoder: google/vit-base-patch16-224, Dataset: pneumoniamnist, Block: [(4, 5)], Block Mode: linear, MLP: [], MLP Mode: identity, Attn: [] Heads: {}",0.8290598290598291,0.02886098858811988,357
"Encoder: google/vit-base-patch16-224, Dataset: pneumoniamnist, Block: [(5, 6)], Block Mode: linear, MLP: [], MLP Mode: identity, Attn: [] Heads: {}",0.8301282051282052,0.017845398598814188,360
"Encoder: google/vit-base-patch16-224, Dataset: pneumoniamnist, Block: [(6, 7)], Block Mode: linear, MLP: [], MLP Mode: identity, Attn: [] Heads: {}",0.8247863247863249,0.02692752812206955,363
"Encoder: google/vit-base-patch16-224, Dataset: pneumoniamnist, Block: [(7, 8)], Block Mode: linear, MLP: [], MLP Mode: identity, Attn: [] Heads: {}",0.8205128205128206,0.018481670824792944,366
"Encoder: google/vit-base-patch16-224, Dataset: pneumoniamnist, Block: [(8, 9)], Block Mode: linear, MLP: [], MLP Mode: identity, Attn: [] Heads: {}",0.8301282051282052,0.015783425964416856,369
"Encoder: google/vit-base-patch16-224, Dataset: pneumoniamnist, Block: [(9, 10)], Block Mode: linear, MLP: [], MLP Mode: identity, Attn: [] Heads: {}",0.8199786324786325,0.01683328125703925,372
"Encoder: google/vit-base-patch16-224, Dataset: pneumoniamnist, Block: [(10, 11)], Block Mode: linear, MLP: [], MLP Mode: identity, Attn: [] Heads: {}",0.8290598290598291,0.016211528745185406,375
"Encoder: google/vit-base-patch16-224, Dataset: pneumoniamnist, Block: [(0, 2)], Block Mode: linear, MLP: [], MLP Mode: identity, Attn: [] Heads: {}",0.8135683760683761,0.015564959705484493,378
"Encoder: google/vit-base-patch16-224, Dataset: pneumoniamnist, Block: [(1, 3)], Block Mode: linear, MLP: [], MLP Mode: identity, Attn: [] Heads: {}",0.8466880341880342,0.018780337426545907,381
"Encoder: google/vit-base-patch16-224, Dataset: pneumoniamnist, Block: [(2, 4)], Block Mode: linear, MLP: [], MLP Mode: identity, Attn: [] Heads: {}",0.8376068376068376,0.015399076180982407,384
"Encoder: google/vit-base-patch16-224, Dataset: pneumoniamnist, Block: [(3, 5)], Block Mode: linear, MLP: [], MLP Mode: identity, Attn: [] Heads: {}",0.8418803418803419,0.022739098989094854,387
"Encoder: google/vit-base-patch16-224, Dataset: pneumoniamnist, Block: [(4, 6)], Block Mode: linear, MLP: [], MLP Mode: identity, Attn: [] Heads: {}",0.8231837606837606,0.009112565229290633,390
"Encoder: google/vit-base-patch16-224, Dataset: pneumoniamnist, Block: [(5, 7)], Block Mode: linear, MLP: [], MLP Mode: identity, Attn: [] Heads: {}",0.8338675213675213,0.01765246970284009,393
"Encoder: google/vit-base-patch16-224, Dataset: pneumoniamnist, Block: [(6, 8)], Block Mode: linear, MLP: [], MLP Mode: identity, Attn: [] Heads: {}",0.8263888888888888,0.02908260168550467,396
"Encoder: google/vit-base-patch16-224, Dataset: pneumoniamnist, Block: [(7, 9)], Block Mode: linear, MLP: [], MLP Mode: identity, Attn: [] Heads: {}",0.8205128205128206,0.012099093646267258,399
"Encoder: google/vit-base-patch16-224, Dataset: pneumoniamnist, Block: [(8, 10)], Block Mode: linear, MLP: [], MLP Mode: identity, Attn: [] Heads: {}",0.8338675213675213,0.017725064127176313,402
"Encoder: google/vit-base-patch16-224, Dataset: pneumoniamnist, Block: [(9, 11)], Block Mode: linear, MLP: [], MLP Mode: identity, Attn: [] Heads: {}",0.8376068376068376,0.016985163563658832,405
"Encoder: facebook/deit-small-patch16-224, Dataset: dermamnist, Block: [], Block Mode: identity, MLP: [], MLP Mode: identity, Attn: [] Heads: {}",0.7245220282626766,0.0030474318835949227,408
"Encoder: facebook/deit-small-patch16-224, Dataset: dermamnist, Block: [(0, 1)], Block Mode: identity, MLP: [], MLP Mode: identity, Attn: [] Heads: {}",0.7398171238570241,0.004920581408794275,411
"Encoder: facebook/deit-small-patch16-224, Dataset: dermamnist, Block: [(1, 2)], Block Mode: identity, MLP: [], MLP Mode: identity, Attn: [] Heads: {}",0.742643391521197,0.004319328697179233,414
"Encoder: facebook/deit-small-patch16-224, Dataset: dermamnist, Block: [(2, 3)], Block Mode: identity, MLP: [], MLP Mode: identity, Attn: [] Heads: {}",0.7200332502078138,0.002015686725350273,417
"Encoder: facebook/deit-small-patch16-224, Dataset: dermamnist, Block: [(3, 4)], Block Mode: identity, MLP: [], MLP Mode: identity, Attn: [] Heads: {}",0.7211970074812967,0.003033796773216049,420
"Encoder: facebook/deit-small-patch16-224, Dataset: dermamnist, Block: [(4, 5)], Block Mode: identity, MLP: [], MLP Mode: identity, Attn: [] Heads: {}",0.71571072319202,0.0052783068549916625,423
"Encoder: facebook/deit-small-patch16-224, Dataset: dermamnist, Block: [(5, 6)], Block Mode: identity, MLP: [], MLP Mode: identity, Attn: [] Heads: {}",0.7356608478802992,0.005207135415915439,426
"Encoder: facebook/deit-small-patch16-224, Dataset: dermamnist, Block: [(6, 7)], Block Mode: identity, MLP: [], MLP Mode: identity, Attn: [] Heads: {}",0.7278470490440565,0.001439776232393064,429
"Encoder: facebook/deit-small-patch16-224, Dataset: dermamnist, Block: [(7, 8)], Block Mode: identity, MLP: [], MLP Mode: identity, Attn: [] Heads: {}",0.7263507896924356,0.005020671278650548,432
"Encoder: facebook/deit-small-patch16-224, Dataset: dermamnist, Block: [(8, 9)], Block Mode: identity, MLP: [], MLP Mode: identity, Attn: [] Heads: {}",0.7265170407315046,0.002746917978696284,435
"Encoder: facebook/deit-small-patch16-224, Dataset: dermamnist, Block: [(9, 10)], Block Mode: identity, MLP: [], MLP Mode: identity, Attn: [] Heads: {}",0.7295095594347464,0.0020156867253503237,438
"Encoder: facebook/deit-small-patch16-224, Dataset: dermamnist, Block: [(10, 11)], Block Mode: identity, MLP: [], MLP Mode: identity, Attn: [] Heads: {}",0.7248545303408146,0.0035031267673658727,441
"Encoder: facebook/deit-small-patch16-224, Dataset: dermamnist, Block: [(0, 2)], Block Mode: identity, MLP: [], MLP Mode: identity, Attn: [] Heads: {}",0.7389858686616791,0.004152949624870047,444
"Encoder: facebook/deit-small-patch16-224, Dataset: dermamnist, Block: [(1, 3)], Block Mode: identity, MLP: [], MLP Mode: identity, Attn: [] Heads: {}",0.7108894430590191,0.0037434182042220565,447
"Encoder: facebook/deit-small-patch16-224, Dataset: dermamnist, Block: [(2, 4)], Block Mode: identity, MLP: [], MLP Mode: identity, Attn: [] Heads: {}",0.7192019950124688,0.002174014435681096,450
"Encoder: facebook/deit-small-patch16-224, Dataset: dermamnist, Block: [(3, 5)], Block Mode: identity, MLP: [], MLP Mode: identity, Attn: [] Heads: {}",0.7135494596841231,0.001603266959433519,453
"Encoder: facebook/deit-small-patch16-224, Dataset: dermamnist, Block: [(4, 6)], Block Mode: identity, MLP: [], MLP Mode: identity, Attn: [] Heads: {}",0.7290108063175396,0.003206533918867113,456
"Encoder: facebook/deit-small-patch16-224, Dataset: dermamnist, Block: [(5, 7)], Block Mode: identity, MLP: [], MLP Mode: identity, Attn: [] Heads: {}",0.7278470490440565,0.0046342011187918185,459
"Encoder: facebook/deit-small-patch16-224, Dataset: dermamnist, Block: [(6, 8)], Block Mode: identity, MLP: [], MLP Mode: identity, Attn: [] Heads: {}",0.7256857855361596,0.0004987531172070125,462
"Encoder: facebook/deit-small-patch16-224, Dataset: dermamnist, Block: [(7, 9)], Block Mode: identity, MLP: [], MLP Mode: identity, Attn: [] Heads: {}",0.7281795511221945,0.0034912718204488896,465
"Encoder: facebook/deit-small-patch16-224, Dataset: dermamnist, Block: [(8, 10)], Block Mode: identity, MLP: [], MLP Mode: identity, Attn: [] Heads: {}",0.7238570241064006,0.00201568672535033,468
"Encoder: facebook/deit-small-patch16-224, Dataset: dermamnist, Block: [(9, 11)], Block Mode: identity, MLP: [], MLP Mode: identity, Attn: [] Heads: {}",0.7255195344970905,0.00430008883005072,471
"Encoder: facebook/deit-small-patch16-224, Dataset: dermamnist, Block: [], Block Mode: linear, MLP: [], MLP Mode: identity, Attn: [] Heads: {}",0.7245220282626766,0.0030474318835949227,474
"Encoder: facebook/deit-small-patch16-224, Dataset: dermamnist, Block: [(0, 1)], Block Mode: linear, MLP: [], MLP Mode: identity, Attn: [] Heads: {}",0.7371571072319202,0.004757801503326437,477
"Encoder: facebook/deit-small-patch16-224, Dataset: dermamnist, Block: [(1, 2)], Block Mode: linear, MLP: [], MLP Mode: identity, Attn: [] Heads: {}",0.7240232751454697,0.0020156867253503623,480
"Encoder: facebook/deit-small-patch16-224, Dataset: dermamnist, Block: [(2, 3)], Block Mode: linear, MLP: [], MLP Mode: identity, Attn: [] Heads: {}",0.7286783042394015,0.0034912718204488558,483
"Encoder: facebook/deit-small-patch16-224, Dataset: dermamnist, Block: [(3, 4)], Block Mode: linear, MLP: [], MLP Mode: identity, Attn: [] Heads: {}",0.7261845386533666,0.0037655034589879166,486
"Encoder: facebook/deit-small-patch16-224, Dataset: dermamnist, Block: [(4, 5)], Block Mode: linear, MLP: [], MLP Mode: identity, Attn: [] Heads: {}",0.7235245220282627,0.004634201118791794,489
"Encoder: facebook/deit-small-patch16-224, Dataset: dermamnist, Block: [(5, 6)], Block Mode: linear, MLP: [], MLP Mode: identity, Attn: [] Heads: {}",0.7248545303408146,0.0043575535900519345,492
"Encoder: facebook/deit-small-patch16-224, Dataset: dermamnist, Block: [(6, 7)], Block Mode: linear, MLP: [], MLP Mode: identity, Attn: [] Heads: {}",0.7218620116375728,0.00430008883005072,495
"Encoder: facebook/deit-small-patch16-224, Dataset: dermamnist, Block: [(7, 8)], Block Mode: linear, MLP: [], MLP Mode: identity, Attn: [] Heads: {}",0.7215295095594348,0.0032065339188672008,498
"Encoder: facebook/deit-small-patch16-224, Dataset: dermamnist, Block: [(8, 9)], Block Mode: linear, MLP: [], MLP Mode: identity, Attn: [] Heads: {}",0.7216957605985037,0.005254690151048814,501
"Encoder: facebook/deit-small-patch16-224, Dataset: dermamnist, Block: [(9, 10)], Block Mode: linear, MLP: [], MLP Mode: identity, Attn: [] Heads: {}",0.7231920199501247,0.004488778054862919,504
"Encoder: facebook/deit-small-patch16-224, Dataset: dermamnist, Block: [(10, 11)], Block Mode: linear, MLP: [], MLP Mode: identity, Attn: [] Heads: {}",0.7188694929343309,0.004634201118791804,507
"Encoder: facebook/deit-small-patch16-224, Dataset: dermamnist, Block: [(0, 2)], Block Mode: linear, MLP: [], MLP Mode: identity, Attn: [] Heads: {}",0.7379883624272652,0.0035384533090262542,510
"Encoder: facebook/deit-small-patch16-224, Dataset: dermamnist, Block: [(1, 3)], Block Mode: linear, MLP: [], MLP Mode: identity, Attn: [] Heads: {}",0.7283458021612635,0.0029224265721108414,513
"Encoder: facebook/deit-small-patch16-224, Dataset: dermamnist, Block: [(2, 4)], Block Mode: linear, MLP: [], MLP Mode: identity, Attn: [] Heads: {}",0.7328345802161264,0.0030063410340856506,516
"Encoder: facebook/deit-small-patch16-224, Dataset: dermamnist, Block: [(3, 5)], Block Mode: linear, MLP: [], MLP Mode: identity, Attn: [] Heads: {}",0.7271820448877806,0.005751901543476697,519
"Encoder: facebook/deit-small-patch16-224, Dataset: dermamnist, Block: [(4, 6)], Block Mode: linear, MLP: [], MLP Mode: identity, Attn: [] Heads: {}",0.7251870324189525,0.004261348501405223,522
"Encoder: facebook/deit-small-patch16-224, Dataset: dermamnist, Block: [(5, 7)], Block Mode: linear, MLP: [], MLP Mode: identity, Attn: [] Heads: {}",0.7256857855361596,0.005664746479601252,525
"Encoder: facebook/deit-small-patch16-224, Dataset: dermamnist, Block: [(6, 8)], Block Mode: linear, MLP: [], MLP Mode: identity, Attn: [] Heads: {}",0.7206982543640897,0.002174014435681137,528
"Encoder: facebook/deit-small-patch16-224, Dataset: dermamnist, Block: [(7, 9)], Block Mode: linear, MLP: [], MLP Mode: identity, Attn: [] Heads: {}",0.7201995012468828,0.001727731478871738,531
"Encoder: facebook/deit-small-patch16-224, Dataset: dermamnist, Block: [(8, 10)], Block Mode: linear, MLP: [], MLP Mode: identity, Attn: [] Heads: {}",0.7230257689110556,0.006155780076998718,534
"Encoder: facebook/deit-small-patch16-224, Dataset: dermamnist, Block: [(9, 11)], Block Mode: linear, MLP: [], MLP Mode: identity, Attn: [] Heads: {}",0.7155444721529509,0.003743418204221997,537
"Encoder: google/vit-large-patch16-224, Dataset: pneumoniamnist, Block: [], Block Mode: identity, MLP: [], MLP Mode: identity, Attn: [] Heads: {}",0.8327991452991452,0.033321517465279255,540
"Encoder: google/vit-large-patch16-224, Dataset: pneumoniamnist, Block: [(0, 1)], Block Mode: identity, MLP: [], MLP Mode: identity, Attn: [] Heads: {}",0.8055555555555555,0.016211528745185406,543
"Encoder: google/vit-large-patch16-224, Dataset: pneumoniamnist, Block: [(1, 2)], Block Mode: identity, MLP: [], MLP Mode: identity, Attn: [] Heads: {}",0.8162393162393163,0.03206463397106606,546
"Encoder: google/vit-large-patch16-224, Dataset: pneumoniamnist, Block: [(2, 3)], Block Mode: identity, MLP: [], MLP Mode: identity, Attn: [] Heads: {}",0.8237179487179488,0.02203161391805692,549
"Encoder: google/vit-large-patch16-224, Dataset: pneumoniamnist, Block: [(3, 4)], Block Mode: identity, MLP: [], MLP Mode: identity, Attn: [] Heads: {}",0.8386752136752137,0.0297375334609333,552
"Encoder: google/vit-large-patch16-224, Dataset: pneumoniamnist, Block: [(4, 5)], Block Mode: identity, MLP: [], MLP Mode: identity, Attn: [] Heads: {}",0.8520299145299145,0.021340795251536523,555
"Encoder: google/vit-large-patch16-224, Dataset: pneumoniamnist, Block: [(5, 6)], Block Mode: identity, MLP: [], MLP Mode: identity, Attn: [] Heads: {}",0.844017094017094,0.01668001602136326,558
"Encoder: google/vit-large-patch16-224, Dataset: pneumoniamnist, Block: [(6, 7)], Block Mode: identity, MLP: [], MLP Mode: identity, Attn: [] Heads: {}",0.8413461538461539,0.03768582056507959,561
"Encoder: google/vit-large-patch16-224, Dataset: pneumoniamnist, Block: [(7, 8)], Block Mode: identity, MLP: [], MLP Mode: identity, Attn: [] Heads: {}",0.8274572649572649,0.020037392450332328,564
"Encoder: google/vit-large-patch16-224, Dataset: pneumoniamnist, Block: [(8, 9)], Block Mode: identity, MLP: [], MLP Mode: identity, Attn: [] Heads: {}",0.8354700854700855,0.028771865404904316,567
"Encoder: google/vit-large-patch16-224, Dataset: pneumoniamnist, Block: [(9, 10)], Block Mode: identity, MLP: [], MLP Mode: identity, Attn: [] Heads: {}",0.8274572649572649,0.02222504707554991,570
"Encoder: google/vit-large-patch16-224, Dataset: pneumoniamnist, Block: [(10, 11)], Block Mode: identity, MLP: [], MLP Mode: identity, Attn: [] Heads: {}",0.8199786324786325,0.030336048855770695,573
"Encoder: google/vit-large-patch16-224, Dataset: pneumoniamnist, Block: [(11, 12)], Block Mode: identity, MLP: [], MLP Mode: identity, Attn: [] Heads: {}",0.8477564102564102,0.026478704554260123,576
"Encoder: google/vit-large-patch16-224, Dataset: pneumoniamnist, Block: [(12, 13)], Block Mode: identity, MLP: [], MLP Mode: identity, Attn: [] Heads: {}",0.8349358974358975,0.023931385453634737,579
"Encoder: google/vit-large-patch16-224, Dataset: pneumoniamnist, Block: [(13, 14)], Block Mode: identity, MLP: [], MLP Mode: identity, Attn: [] Heads: {}",0.8466880341880342,0.025456736233854412,582
"Encoder: google/vit-large-patch16-224, Dataset: pneumoniamnist, Block: [(14, 15)], Block Mode: identity, MLP: [], MLP Mode: identity, Attn: [] Heads: {}",0.8253205128205128,0.02371578299190503,585
"Encoder: google/vit-large-patch16-224, Dataset: pneumoniamnist, Block: [(15, 16)], Block Mode: identity, MLP: [], MLP Mode: identity, Attn: [] Heads: {}",0.8317307692307692,0.0266719823350853,588
"Encoder: google/vit-large-patch16-224, Dataset: pneumoniamnist, Block: [(16, 17)], Block Mode: identity, MLP: [], MLP Mode: identity, Attn: [] Heads: {}",0.8274572649572649,0.02832204303805891,591
"Encoder: google/vit-large-patch16-224, Dataset: pneumoniamnist, Block: [(17, 18)], Block Mode: identity, MLP: [], MLP Mode: identity, Attn: [] Heads: {}",0.827991452991453,0.017725064127176355,594
"Encoder: google/vit-large-patch16-224, Dataset: pneumoniamnist, Block: [(18, 19)], Block Mode: identity, MLP: [], MLP Mode: identity, Attn: [] Heads: {}",0.8258547008547009,0.017579575504171312,597
"Encoder: google/vit-large-patch16-224, Dataset: pneumoniamnist, Block: [(19, 20)], Block Mode: identity, MLP: [], MLP Mode: identity, Attn: [] Heads: {}",0.8397435897435898,0.03201119287730475,600
"Encoder: google/vit-large-patch16-224, Dataset: pneumoniamnist, Block: [(20, 21)], Block Mode: identity, MLP: [], MLP Mode: identity, Attn: [] Heads: {}",0.8322649572649573,0.021520552434277446,603
"Encoder: google/vit-large-patch16-224, Dataset: pneumoniamnist, Block: [(21, 22)], Block Mode: identity, MLP: [], MLP Mode: identity, Attn: [] Heads: {}",0.8311965811965812,0.01898435432042401,606
"Encoder: google/vit-large-patch16-224, Dataset: pneumoniamnist, Block: [(22, 23)], Block Mode: identity, MLP: [], MLP Mode: identity, Attn: [] Heads: {}",0.8360042735042735,0.032383428560315536,609
"Encoder: google/vit-large-patch16-224, Dataset: pneumoniamnist, Block: [(0, 2)], Block Mode: identity, MLP: [], MLP Mode: identity, Attn: [] Heads: {}",0.8194444444444445,0.011812683967679519,612
"Encoder: google/vit-large-patch16-224, Dataset: pneumoniamnist, Block: [(1, 3)], Block Mode: identity, MLP: [], MLP Mode: identity, Attn: [] Heads: {}",0.8167735042735043,0.03641501488708174,615
"Encoder: google/vit-large-patch16-224, Dataset: pneumoniamnist, Block: [(2, 4)], Block Mode: identity, MLP: [], MLP Mode: identity, Attn: [] Heads: {}",0.8317307692307692,0.013117552519026375,618
"Encoder: google/vit-large-patch16-224, Dataset: pneumoniamnist, Block: [(3, 5)], Block Mode: identity, MLP: [], MLP Mode: identity, Attn: [] Heads: {}",0.8547008547008547,0.020915354647918664,621
"Encoder: google/vit-large-patch16-224, Dataset: pneumoniamnist, Block: [(4, 6)], Block Mode: identity, MLP: [], MLP Mode: identity, Attn: [] Heads: {}",0.8552350427350427,0.01605232820653496,624
"Encoder: google/vit-large-patch16-224, Dataset: pneumoniamnist, Block: [(5, 7)], Block Mode: identity, MLP: [], MLP Mode: identity, Attn: [] Heads: {}",0.8504273504273504,0.01938594798250427,627
"Encoder: google/vit-large-patch16-224, Dataset: pneumoniamnist, Block: [(6, 8)], Block Mode: identity, MLP: [], MLP Mode: identity, Attn: [] Heads: {}",0.827991452991453,0.019119156162578303,630
"Encoder: google/vit-large-patch16-224, Dataset: pneumoniamnist, Block: [(7, 9)], Block Mode: identity, MLP: [], MLP Mode: identity, Attn: [] Heads: {}",0.8311965811965812,0.019119156162578303,633
"Encoder: google/vit-large-patch16-224, Dataset: pneumoniamnist, Block: [(8, 10)], Block Mode: identity, MLP: [], MLP Mode: identity, Attn: [] Heads: {}",0.8210470085470085,0.02565771358658726,636
"Encoder: google/vit-large-patch16-224, Dataset: pneumoniamnist, Block: [(9, 11)], Block Mode: identity, MLP: [], MLP Mode: identity, Attn: [] Heads: {}",0.8221153846153846,0.031280803358883225,639
"Encoder: google/vit-large-patch16-224, Dataset: pneumoniamnist, Block: [(10, 12)], Block Mode: identity, MLP: [], MLP Mode: identity, Attn: [] Heads: {}",0.8413461538461539,0.026235105038052747,642
"Encoder: google/vit-large-patch16-224, Dataset: pneumoniamnist, Block: [(11, 13)], Block Mode: identity, MLP: [], MLP Mode: identity, Attn: [] Heads: {}",0.8466880341880342,0.016052328206534898,645
"Encoder: google/vit-large-patch16-224, Dataset: pneumoniamnist, Block: [(12, 14)], Block Mode: identity, MLP: [], MLP Mode: identity, Attn: [] Heads: {}",0.8392094017094017,0.02400282258403949,648
"Encoder: google/vit-large-patch16-224, Dataset: pneumoniamnist, Block: [(13, 15)], Block Mode: identity, MLP: [], MLP Mode: identity, Attn: [] Heads: {}",0.8370726495726496,0.022682557420472375,651
"Encoder: google/vit-large-patch16-224, Dataset: pneumoniamnist, Block: [(14, 16)], Block Mode: identity, MLP: [], MLP Mode: identity, Attn: [] Heads: {}",0.826923076923077,0.026671982335085335,654
"Encoder: google/vit-large-patch16-224, Dataset: pneumoniamnist, Block: [(15, 17)], Block Mode: identity, MLP: [], MLP Mode: identity, Attn: [] Heads: {}",0.8333333333333334,0.02425119543336787,657
"Encoder: google/vit-large-patch16-224, Dataset: pneumoniamnist, Block: [(16, 18)], Block Mode: identity, MLP: [], MLP Mode: identity, Attn: [] Heads: {}",0.8258547008547009,0.02003739245033236,660
"Encoder: google/vit-large-patch16-224, Dataset: pneumoniamnist, Block: [(17, 19)], Block Mode: identity, MLP: [], MLP Mode: identity, Attn: [] Heads: {}",0.829594017094017,0.019583656816050548,663
"Encoder: google/vit-large-patch16-224, Dataset: pneumoniamnist, Block: [(18, 20)], Block Mode: identity, MLP: [], MLP Mode: identity, Attn: [] Heads: {}",0.8509615384615384,0.021199930377120136,666
"Encoder: google/vit-large-patch16-224, Dataset: pneumoniamnist, Block: [(19, 21)], Block Mode: identity, MLP: [], MLP Mode: identity, Attn: [] Heads: {}",0.8450854700854701,0.012853856213158035,669
"Encoder: google/vit-large-patch16-224, Dataset: pneumoniamnist, Block: [(20, 22)], Block Mode: identity, MLP: [], MLP Mode: identity, Attn: [] Heads: {}",0.8386752136752137,0.027493823146277296,672
"Encoder: google/vit-large-patch16-224, Dataset: pneumoniamnist, Block: [(21, 23)], Block Mode: identity, MLP: [], MLP Mode: identity, Attn: [] Heads: {}",0.8386752136752137,0.02175791864788066,675
"Encoder: google/vit-large-patch16-224, Dataset: pneumoniamnist, Block: [], Block Mode: linear, MLP: [], MLP Mode: identity, Attn: [] Heads: {}",0.8327991452991452,0.033321517465279255,678
"Encoder: google/vit-large-patch16-224, Dataset: pneumoniamnist, Block: [(0, 1)], Block Mode: linear, MLP: [], MLP Mode: identity, Attn: [] Heads: {}",0.8290598290598291,0.014541300842752377,681
"Encoder: google/vit-large-patch16-224, Dataset: pneumoniamnist, Block: [(1, 2)], Block Mode: linear, MLP: [], MLP Mode: identity, Attn: [] Heads: {}",0.8199786324786325,0.021875635928892415,684
"Encoder: google/vit-large-patch16-224, Dataset: pneumoniamnist, Block: [(2, 3)], Block Mode: linear, MLP: [], MLP Mode: identity, Attn: [] Heads: {}",0.8354700854700855,0.02545673623385438,687
"Encoder: google/vit-large-patch16-224, Dataset: pneumoniamnist, Block: [(3, 4)], Block Mode: linear, MLP: [], MLP Mode: identity, Attn: [] Heads: {}",0.8226495726495727,0.025757614212053852,690
"Encoder: google/vit-large-patch16-224, Dataset: pneumoniamnist, Block: [(4, 5)], Block Mode: linear, MLP: [], MLP Mode: identity, Attn: [] Heads: {}",0.8365384615384616,0.03514697467862389,693
"Encoder: google/vit-large-patch16-224, Dataset: pneumoniamnist, Block: [(5, 6)], Block Mode: linear, MLP: [], MLP Mode: identity, Attn: [] Heads: {}",0.8114316239316239,0.033856734780963314,696
"Encoder: google/vit-large-patch16-224, Dataset: pneumoniamnist, Block: [(6, 7)], Block Mode: linear, MLP: [], MLP Mode: identity, Attn: [] Heads: {}",0.842948717948718,0.03346252086189279,699
"Encoder: google/vit-large-patch16-224, Dataset: pneumoniamnist, Block: [(7, 8)], Block Mode: linear, MLP: [], MLP Mode: identity, Attn: [] Heads: {}",0.8285256410256411,0.02311250817605121,702
"Encoder: google/vit-large-patch16-224, Dataset: pneumoniamnist, Block: [(8, 9)], Block Mode: linear, MLP: [], MLP Mode: identity, Attn: [] Heads: {}",0.8311965811965812,0.029082601685504677,705
"Encoder: google/vit-large-patch16-224, Dataset: pneumoniamnist, Block: [(9, 10)], Block Mode: linear, MLP: [], MLP Mode: identity, Attn: [] Heads: {}",0.8333333333333334,0.026381534668516535,708
"Encoder: google/vit-large-patch16-224, Dataset: pneumoniamnist, Block: [(10, 11)], Block Mode: linear, MLP: [], MLP Mode: identity, Attn: [] Heads: {}",0.8344017094017094,0.030336048855770664,711
"Encoder: google/vit-large-patch16-224, Dataset: pneumoniamnist, Block: [(11, 12)], Block Mode: linear, MLP: [], MLP Mode: identity, Attn: [] Heads: {}",0.8392094017094017,0.028682465296279464,714
"Encoder: google/vit-large-patch16-224, Dataset: pneumoniamnist, Block: [(12, 13)], Block Mode: linear, MLP: [], MLP Mode: identity, Attn: [] Heads: {}",0.8285256410256411,0.02226353203437469,717
"Encoder: google/vit-large-patch16-224, Dataset: pneumoniamnist, Block: [(13, 14)], Block Mode: linear, MLP: [], MLP Mode: identity, Attn: [] Heads: {}",0.8354700854700855,0.02410958140255717,720
"Encoder: google/vit-large-patch16-224, Dataset: pneumoniamnist, Block: [(14, 15)], Block Mode: linear, MLP: [], MLP Mode: identity, Attn: [] Heads: {}",0.826923076923077,0.03193086353392832,723
"Encoder: google/vit-large-patch16-224, Dataset: pneumoniamnist, Block: [(15, 16)], Block Mode: linear, MLP: [], MLP Mode: identity, Attn: [] Heads: {}",0.8317307692307692,0.028170506139818804,726
"Encoder: google/vit-large-patch16-224, Dataset: pneumoniamnist, Block: [(16, 17)], Block Mode: linear, MLP: [], MLP Mode: identity, Attn: [] Heads: {}",0.8301282051282052,0.026959301027661395,729
"Encoder: google/vit-large-patch16-224, Dataset: pneumoniamnist, Block: [(17, 18)], Block Mode: linear, MLP: [], MLP Mode: identity, Attn: [] Heads: {}",0.8274572649572649,0.01857407975503603,732
"Encoder: google/vit-large-patch16-224, Dataset: pneumoniamnist, Block: [(18, 19)], Block Mode: linear, MLP: [], MLP Mode: identity, Attn: [] Heads: {}",0.8247863247863249,0.019119156162578303,735
"Encoder: google/vit-large-patch16-224, Dataset: pneumoniamnist, Block: [(19, 20)], Block Mode: linear, MLP: [], MLP Mode: identity, Attn: [] Heads: {}",0.829594017094017,0.028727200127668284,738
"Encoder: google/vit-large-patch16-224, Dataset: pneumoniamnist, Block: [(20, 21)], Block Mode: linear, MLP: [], MLP Mode: identity, Attn: [] Heads: {}",0.827991452991453,0.02463643708888932,741
"Encoder: google/vit-large-patch16-224, Dataset: pneumoniamnist, Block: [(21, 22)], Block Mode: linear, MLP: [], MLP Mode: identity, Attn: [] Heads: {}",0.8338675213675213,0.027259296628574927,744
"Encoder: google/vit-large-patch16-224, Dataset: pneumoniamnist, Block: [(22, 23)], Block Mode: linear, MLP: [], MLP Mode: identity, Attn: [] Heads: {}",0.829594017094017,0.021875635928892377,747
"Encoder: google/vit-large-patch16-224, Dataset: pneumoniamnist, Block: [(0, 2)], Block Mode: linear, MLP: [], MLP Mode: identity, Attn: [] Heads: {}",0.8205128205128206,0.01848167082479299,750
"Encoder: google/vit-large-patch16-224, Dataset: pneumoniamnist, Block: [(1, 3)], Block Mode: linear, MLP: [], MLP Mode: identity, Attn: [] Heads: {}",0.8258547008547009,0.012239785510031657,753
"Encoder: google/vit-large-patch16-224, Dataset: pneumoniamnist, Block: [(2, 4)], Block Mode: linear, MLP: [], MLP Mode: identity, Attn: [] Heads: {}",0.8327991452991453,0.021875635928892377,756
"Encoder: google/vit-large-patch16-224, Dataset: pneumoniamnist, Block: [(3, 5)], Block Mode: linear, MLP: [], MLP Mode: identity, Attn: [] Heads: {}",0.8028846153846154,0.04267156075543065,759
"Encoder: google/vit-large-patch16-224, Dataset: pneumoniamnist, Block: [(4, 6)], Block Mode: linear, MLP: [], MLP Mode: identity, Attn: [] Heads: {}",0.8536324786324787,0.013052127909049825,762
"Encoder: google/vit-large-patch16-224, Dataset: pneumoniamnist, Block: [(5, 7)], Block Mode: linear, MLP: [], MLP Mode: identity, Attn: [] Heads: {}",0.7745726495726496,0.07916623412456669,765
"Encoder: google/vit-large-patch16-224, Dataset: pneumoniamnist, Block: [(6, 8)], Block Mode: linear, MLP: [], MLP Mode: identity, Attn: [] Heads: {}",0.8392094017094017,0.022907886370076454,768
"Encoder: google/vit-large-patch16-224, Dataset: pneumoniamnist, Block: [(7, 9)], Block Mode: linear, MLP: [], MLP Mode: identity, Attn: [] Heads: {}",0.8274572649572649,0.02545673623385438,771
"Encoder: google/vit-large-patch16-224, Dataset: pneumoniamnist, Block: [(8, 10)], Block Mode: linear, MLP: [], MLP Mode: identity, Attn: [] Heads: {}",0.8344017094017094,0.024479571020063238,774
"Encoder: google/vit-large-patch16-224, Dataset: pneumoniamnist, Block: [(9, 11)], Block Mode: linear, MLP: [], MLP Mode: identity, Attn: [] Heads: {}",0.8344017094017094,0.030798152361964908,777
"Encoder: google/vit-large-patch16-224, Dataset: pneumoniamnist, Block: [(10, 12)], Block Mode: linear, MLP: [], MLP Mode: identity, Attn: [] Heads: {}",0.843482905982906,0.02800286842325035,780
"Encoder: google/vit-large-patch16-224, Dataset: pneumoniamnist, Block: [(11, 13)], Block Mode: linear, MLP: [], MLP Mode: identity, Attn: [] Heads: {}",0.8338675213675213,0.018780337426545893,783
"Encoder: google/vit-large-patch16-224, Dataset: pneumoniamnist, Block: [(12, 14)], Block Mode: linear, MLP: [], MLP Mode: identity, Attn: [] Heads: {}",0.8370726495726496,0.01728492487966181,786
"Encoder: google/vit-large-patch16-224, Dataset: pneumoniamnist, Block: [(13, 15)], Block Mode: linear, MLP: [], MLP Mode: identity, Attn: [] Heads: {}",0.8317307692307692,0.019692637383725183,789
"Encoder: google/vit-large-patch16-224, Dataset: pneumoniamnist, Block: [(14, 16)], Block Mode: linear, MLP: [], MLP Mode: identity, Attn: [] Heads: {}",0.8317307692307692,0.03156685192883366,792
"Encoder: google/vit-large-patch16-224, Dataset: pneumoniamnist, Block: [(15, 17)], Block Mode: linear, MLP: [], MLP Mode: identity, Attn: [] Heads: {}",0.8301282051282052,0.02425119543336787,795
"Encoder: google/vit-large-patch16-224, Dataset: pneumoniamnist, Block: [(16, 18)], Block Mode: linear, MLP: [], MLP Mode: identity, Attn: [] Heads: {}",0.8311965811965812,0.02595626199413747,798
"Encoder: google/vit-large-patch16-224, Dataset: pneumoniamnist, Block: [(17, 19)], Block Mode: linear, MLP: [], MLP Mode: identity, Attn: [] Heads: {}",0.826388888888889,0.02041828510001752,801
"Encoder: google/vit-large-patch16-224, Dataset: pneumoniamnist, Block: [(18, 20)], Block Mode: linear, MLP: [], MLP Mode: identity, Attn: [] Heads: {}",0.8274572649572649,0.02575761421205382,804
"Encoder: google/vit-large-patch16-224, Dataset: pneumoniamnist, Block: [(19, 21)], Block Mode: linear, MLP: [], MLP Mode: identity, Attn: [] Heads: {}",0.8333333333333334,0.03492707486811436,807
"Encoder: google/vit-large-patch16-224, Dataset: pneumoniamnist, Block: [(20, 22)], Block Mode: linear, MLP: [], MLP Mode: identity, Attn: [] Heads: {}",0.8360042735042734,0.026349065075082303,810
"Encoder: google/vit-large-patch16-224, Dataset: pneumoniamnist, Block: [(21, 23)], Block Mode: linear, MLP: [], MLP Mode: identity, Attn: [] Heads: {}",0.829594017094017,0.029780683471722982,813
"Encoder: facebook/deit-base-patch16-224, Dataset: dermamnist, Block: [], Block Mode: identity, MLP: [], MLP Mode: identity, Attn: [] Heads: {}",0.7404821280133,0.0018882488265337652,816
"Encoder: facebook/deit-base-patch16-224, Dataset: dermamnist, Block: [(0, 1)], Block Mode: identity, MLP: [], MLP Mode: identity, Attn: [] Heads: {}",0.744970906068163,0.0035031267673658727,819
"Encoder: facebook/deit-base-patch16-224, Dataset: dermamnist, Block: [(1, 2)], Block Mode: identity, MLP: [], MLP Mode: identity, Attn: [] Heads: {}",0.7443059019118868,0.003743418204221997,822
"Encoder: facebook/deit-base-patch16-224, Dataset: dermamnist, Block: [(2, 3)], Block Mode: identity, MLP: [], MLP Mode: identity, Attn: [] Heads: {}",0.7318370739817124,0.0032450908222681715,825
"Encoder: facebook/deit-base-patch16-224, Dataset: dermamnist, Block: [(3, 4)], Block Mode: identity, MLP: [], MLP Mode: identity, Attn: [] Heads: {}",0.742643391521197,0.006128780911443656,828
"Encoder: facebook/deit-base-patch16-224, Dataset: dermamnist, Block: [(4, 5)], Block Mode: identity, MLP: [], MLP Mode: identity, Attn: [] Heads: {}",0.7361596009975062,0.009937585458938289,831
"Encoder: facebook/deit-base-patch16-224, Dataset: dermamnist, Block: [(5, 6)], Block Mode: identity, MLP: [], MLP Mode: identity, Attn: [] Heads: {}",0.739650872817955,0.006710036931208801,834
"Encoder: facebook/deit-base-patch16-224, Dataset: dermamnist, Block: [(6, 7)], Block Mode: identity, MLP: [], MLP Mode: identity, Attn: [] Heads: {}",0.7371571072319202,0.007790772744046463,837
"Encoder: facebook/deit-base-patch16-224, Dataset: dermamnist, Block: [(7, 8)], Block Mode: identity, MLP: [], MLP Mode: identity, Attn: [] Heads: {}",0.7401496259351621,0.00652204330704338,840
"Encoder: facebook/deit-base-patch16-224, Dataset: dermamnist, Block: [(8, 9)], Block Mode: identity, MLP: [], MLP Mode: identity, Attn: [] Heads: {}",0.7451371571072318,0.002285573912696202,843
"Encoder: facebook/deit-base-patch16-224, Dataset: dermamnist, Block: [(9, 10)], Block Mode: identity, MLP: [], MLP Mode: identity, Attn: [] Heads: {}",0.744970906068163,0.002922426572110873,846
"Encoder: facebook/deit-base-patch16-224, Dataset: dermamnist, Block: [(10, 11)], Block Mode: identity, MLP: [], MLP Mode: identity, Attn: [] Heads: {}",0.741479634247714,0.0023570152749389775,849
"Encoder: facebook/deit-base-patch16-224, Dataset: dermamnist, Block: [(0, 2)], Block Mode: identity, MLP: [], MLP Mode: identity, Attn: [] Heads: {}",0.7443059019118868,0.003538453309026274,852
"Encoder: facebook/deit-base-patch16-224, Dataset: dermamnist, Block: [(1, 3)], Block Mode: identity, MLP: [], MLP Mode: identity, Attn: [] Heads: {}",0.7461346633416458,0.006710036931208841,855
"Encoder: facebook/deit-base-patch16-224, Dataset: dermamnist, Block: [(2, 4)], Block Mode: identity, MLP: [], MLP Mode: identity, Attn: [] Heads: {}",0.7512884455527847,0.001888248826533714,858
"Encoder: facebook/deit-base-patch16-224, Dataset: dermamnist, Block: [(3, 5)], Block Mode: identity, MLP: [], MLP Mode: identity, Attn: [] Heads: {}",0.7356608478802992,0.010378380073159481,861
"Encoder: facebook/deit-base-patch16-224, Dataset: dermamnist, Block: [(4, 6)], Block Mode: identity, MLP: [], MLP Mode: identity, Attn: [] Heads: {}",0.7231920199501247,0.0077427305218254845,864
"Encoder: facebook/deit-base-patch16-224, Dataset: dermamnist, Block: [(5, 7)], Block Mode: identity, MLP: [], MLP Mode: identity, Attn: [] Heads: {}",0.7310058187863674,0.004740341622405093,867
"Encoder: facebook/deit-base-patch16-224, Dataset: dermamnist, Block: [(6, 8)], Block Mode: identity, MLP: [], MLP Mode: identity, Attn: [] Heads: {}",0.7356608478802992,0.007447972330707284,870
"Encoder: facebook/deit-base-patch16-224, Dataset: dermamnist, Block: [(7, 9)], Block Mode: identity, MLP: [], MLP Mode: identity, Attn: [] Heads: {}",0.7436408977556109,0.009515603006652844,873
"Encoder: facebook/deit-base-patch16-224, Dataset: dermamnist, Block: [(8, 10)], Block Mode: identity, MLP: [], MLP Mode: identity, Attn: [] Heads: {}",0.7487946799667498,0.00274691797869631,876
"Encoder: facebook/deit-base-patch16-224, Dataset: dermamnist, Block: [(9, 11)], Block Mode: identity, MLP: [], MLP Mode: identity, Attn: [] Heads: {}",0.7456359102244389,0.003596559875774546,879
"Encoder: facebook/deit-base-patch16-224, Dataset: dermamnist, Block: [], Block Mode: linear, MLP: [], MLP Mode: identity, Attn: [] Heads: {}",0.7404821280133,0.0018882488265337652,882
"Encoder: facebook/deit-base-patch16-224, Dataset: dermamnist, Block: [(0, 1)], Block Mode: linear, MLP: [], MLP Mode: identity, Attn: [] Heads: {}",0.740814630091438,0.0015237159417974418,885
"Encoder: facebook/deit-base-patch16-224, Dataset: dermamnist, Block: [(1, 2)], Block Mode: linear, MLP: [], MLP Mode: identity, Attn: [] Heads: {}",0.744970906068163,0.0018882488265337825,888
"Encoder: facebook/deit-base-patch16-224, Dataset: dermamnist, Block: [(2, 3)], Block Mode: linear, MLP: [], MLP Mode: identity, Attn: [] Heads: {}",0.744139650872818,0.0017277314788716738,891
"Encoder: facebook/deit-base-patch16-224, Dataset: dermamnist, Block: [(3, 4)], Block Mode: linear, MLP: [], MLP Mode: identity, Attn: [] Heads: {}",0.7506234413965087,0.00457114782539238,894
"Encoder: facebook/deit-base-patch16-224, Dataset: dermamnist, Block: [(4, 5)], Block Mode: linear, MLP: [], MLP Mode: identity, Attn: [] Heads: {}",0.7453034081463009,0.004031373450700702,897
"Encoder: facebook/deit-base-patch16-224, Dataset: dermamnist, Block: [(5, 6)], Block Mode: linear, MLP: [], MLP Mode: identity, Attn: [] Heads: {}",0.7406483790523691,0.006249358646454643,900
"Encoder: facebook/deit-base-patch16-224, Dataset: dermamnist, Block: [(6, 7)], Block Mode: linear, MLP: [], MLP Mode: identity, Attn: [] Heads: {}",0.7499584372402328,0.004241845659907956,903
"Encoder: facebook/deit-base-patch16-224, Dataset: dermamnist, Block: [(7, 8)], Block Mode: linear, MLP: [], MLP Mode: identity, Attn: [] Heads: {}",0.742310889443059,0.00492058140879422,906
"Encoder: facebook/deit-base-patch16-224, Dataset: dermamnist, Block: [(8, 9)], Block Mode: linear, MLP: [], MLP Mode: identity, Attn: [] Heads: {}",0.7406483790523691,0.00277693983183542,909
"Encoder: facebook/deit-base-patch16-224, Dataset: dermamnist, Block: [(9, 10)], Block Mode: linear, MLP: [], MLP Mode: identity, Attn: [] Heads: {}",0.7411471321695761,0.0008638657394358369,912
"Encoder: facebook/deit-base-patch16-224, Dataset: dermamnist, Block: [(10, 11)], Block Mode: linear, MLP: [], MLP Mode: identity, Attn: [] Heads: {}",0.7376558603491272,0.006249358646454682,915
"Encoder: facebook/deit-base-patch16-224, Dataset: dermamnist, Block: [(0, 2)], Block Mode: linear, MLP: [], MLP Mode: identity, Attn: [] Heads: {}",0.7421446384039899,0.000863865739435893,918
"Encoder: facebook/deit-base-patch16-224, Dataset: dermamnist, Block: [(1, 3)], Block Mode: linear, MLP: [], MLP Mode: identity, Attn: [] Heads: {}",0.7484621778886118,0.005333005796291124,921
"Encoder: facebook/deit-base-patch16-224, Dataset: dermamnist, Block: [(2, 4)], Block Mode: linear, MLP: [], MLP Mode: identity, Attn: [] Heads: {}",0.7496259351620947,0.00575190154347668,924
"Encoder: facebook/deit-base-patch16-224, Dataset: dermamnist, Block: [(3, 5)], Block Mode: linear, MLP: [], MLP Mode: identity, Attn: [] Heads: {}",0.7514546965918537,0.005493835957392615,927
"Encoder: facebook/deit-base-patch16-224, Dataset: dermamnist, Block: [(4, 6)], Block Mode: linear, MLP: [], MLP Mode: identity, Attn: [] Heads: {}",0.744970906068163,0.006734706267840059,930
"Encoder: facebook/deit-base-patch16-224, Dataset: dermamnist, Block: [(5, 7)], Block Mode: linear, MLP: [], MLP Mode: identity, Attn: [] Heads: {}",0.7453034081463009,0.009493793207161559,933
"Encoder: facebook/deit-base-patch16-224, Dataset: dermamnist, Block: [(6, 8)], Block Mode: linear, MLP: [], MLP Mode: identity, Attn: [] Heads: {}",0.7436408977556109,0.010012398952560942,936
"Encoder: facebook/deit-base-patch16-224, Dataset: dermamnist, Block: [(7, 9)], Block Mode: linear, MLP: [], MLP Mode: identity, Attn: [] Heads: {}",0.7424771404821281,0.00664172380895706,939
"Encoder: facebook/deit-base-patch16-224, Dataset: dermamnist, Block: [(8, 10)], Block Mode: linear, MLP: [], MLP Mode: identity, Attn: [] Heads: {}",0.7404821280133,0.004792530442360625,942
"Encoder: facebook/deit-base-patch16-224, Dataset: dermamnist, Block: [(9, 11)], Block Mode: linear, MLP: [], MLP Mode: identity, Attn: [] Heads: {}",0.7353283458021612,0.005493835957392616,945
"Encoder: facebook/dinov2-base, Dataset: dermamnist, Block: [], Block Mode: identity, MLP: [], MLP Mode: identity, Attn: [] Heads: {}",0.7283458021612635,0.005780661230495,948
"Encoder: facebook/dinov2-base, Dataset: dermamnist, Block: [(0, 1)], Block Mode: identity, MLP: [], MLP Mode: identity, Attn: [] Heads: {}",0.7413133832086451,0.010127677080976246,951
"Encoder: facebook/dinov2-base, Dataset: dermamnist, Block: [(1, 2)], Block Mode: identity, MLP: [], MLP Mode: identity, Attn: [] Heads: {}",0.7321695760598503,0.01648150787217791,954
"Encoder: facebook/dinov2-base, Dataset: dermamnist, Block: [(2, 3)], Block Mode: identity, MLP: [], MLP Mode: identity, Attn: [] Heads: {}",0.7461346633416458,0.008026671790239961,957
"Encoder: facebook/dinov2-base, Dataset: dermamnist, Block: [(3, 4)], Block Mode: identity, MLP: [], MLP Mode: identity, Attn: [] Heads: {}",0.7097256857855362,0.023345695238839802,960
"Encoder: facebook/dinov2-base, Dataset: dermamnist, Block: [(4, 5)], Block Mode: identity, MLP: [], MLP Mode: identity, Attn: [] Heads: {}",0.7105569409808812,0.006916922381617514,963
"Encoder: facebook/dinov2-base, Dataset: dermamnist, Block: [(5, 6)], Block Mode: identity, MLP: [], MLP Mode: identity, Attn: [] Heads: {}",0.7326683291770574,0.0037655034589879535,966
"Encoder: facebook/dinov2-base, Dataset: dermamnist, Block: [(6, 7)], Block Mode: identity, MLP: [], MLP Mode: identity, Attn: [] Heads: {}",0.7275145469659186,0.00519118703108764,969
"Encoder: facebook/dinov2-base, Dataset: dermamnist, Block: [(7, 8)], Block Mode: identity, MLP: [], MLP Mode: identity, Attn: [] Heads: {}",0.7489609310058188,0.0037434182042219884,972
"Encoder: facebook/dinov2-base, Dataset: dermamnist, Block: [(8, 9)], Block Mode: identity, MLP: [], MLP Mode: identity, Attn: [] Heads: {}",0.746467165419784,0.010477773071713195,975
"Encoder: facebook/dinov2-base, Dataset: dermamnist, Block: [(9, 10)], Block Mode: identity, MLP: [], MLP Mode: identity, Attn: [] Heads: {}",0.7331670822942643,0.03169732038989659,978
"Encoder: facebook/dinov2-base, Dataset: dermamnist, Block: [(10, 11)], Block Mode: identity, MLP: [], MLP Mode: identity, Attn: [] Heads: {}",0.7391521197007481,0.010306223600883695,981
"Encoder: facebook/dinov2-base, Dataset: dermamnist, Block: [(0, 2)], Block Mode: identity, MLP: [], MLP Mode: identity, Attn: [] Heads: {}",0.7223607647547797,0.010885317728924886,984
"Encoder: facebook/dinov2-base, Dataset: dermamnist, Block: [(1, 3)], Block Mode: identity, MLP: [], MLP Mode: identity, Attn: [] Heads: {}",0.7142144638403991,0.03474129629380149,987
"Encoder: facebook/dinov2-base, Dataset: dermamnist, Block: [(2, 4)], Block Mode: identity, MLP: [], MLP Mode: identity, Attn: [] Heads: {}",0.7044056525353284,0.024723938746495467,990
"Encoder: facebook/dinov2-base, Dataset: dermamnist, Block: [(3, 5)], Block Mode: identity, MLP: [], MLP Mode: identity, Attn: [] Heads: {}",0.7333333333333334,0.006988478655688669,993
"Encoder: facebook/dinov2-base, Dataset: dermamnist, Block: [(4, 6)], Block Mode: identity, MLP: [], MLP Mode: identity, Attn: [] Heads: {}",0.7102244389027431,0.031147122186525683,996
"Encoder: facebook/dinov2-base, Dataset: dermamnist, Block: [(5, 7)], Block Mode: identity, MLP: [], MLP Mode: identity, Attn: [] Heads: {}",0.7188694929343309,0.01396805573485952,999
"Encoder: facebook/dinov2-base, Dataset: dermamnist, Block: [(6, 8)], Block Mode: identity, MLP: [], MLP Mode: identity, Attn: [] Heads: {}",0.7406483790523691,0.010615359927078705,1002
"Encoder: facebook/dinov2-base, Dataset: dermamnist, Block: [(7, 9)], Block Mode: identity, MLP: [], MLP Mode: identity, Attn: [] Heads: {}",0.742975893599335,0.021981002959368428,1005
"Encoder: facebook/dinov2-base, Dataset: dermamnist, Block: [(8, 10)], Block Mode: identity, MLP: [], MLP Mode: identity, Attn: [] Heads: {}",0.7356608478802992,0.031031102703844914,1008
"Encoder: facebook/dinov2-base, Dataset: dermamnist, Block: [(9, 11)], Block Mode: identity, MLP: [], MLP Mode: identity, Attn: [] Heads: {}",0.7544472152950955,0.010998985806831625,1011
"Encoder: facebook/dinov2-base, Dataset: dermamnist, Block: [], Block Mode: linear, MLP: [], MLP Mode: identity, Attn: [] Heads: {}",0.7283458021612635,0.005780661230495,1014
"Encoder: facebook/dinov2-base, Dataset: dermamnist, Block: [(0, 1)], Block Mode: linear, MLP: [], MLP Mode: identity, Attn: [] Heads: {}",0.7258520365752287,0.01034637265669265,1017
"Encoder: facebook/dinov2-base, Dataset: dermamnist, Block: [(1, 2)], Block Mode: linear, MLP: [], MLP Mode: identity, Attn: [] Heads: {}",0.7356608478802992,0.010012398952560923,1020
"Encoder: facebook/dinov2-base, Dataset: dermamnist, Block: [(2, 3)], Block Mode: linear, MLP: [], MLP Mode: identity, Attn: [] Heads: {}",0.7285120532003324,0.009228055917790818,1023
"Encoder: facebook/dinov2-base, Dataset: dermamnist, Block: [(3, 4)], Block Mode: linear, MLP: [], MLP Mode: identity, Attn: [] Heads: {}",0.7300083125519534,0.010176682256227998,1026
"Encoder: facebook/dinov2-base, Dataset: dermamnist, Block: [(4, 5)], Block Mode: linear, MLP: [], MLP Mode: identity, Attn: [] Heads: {}",0.7291770573566084,0.024193382215730534,1029
"Encoder: facebook/dinov2-base, Dataset: dermamnist, Block: [(5, 6)], Block Mode: linear, MLP: [], MLP Mode: identity, Attn: [] Heads: {}",0.7308395677472984,0.006509317356758741,1032
"Encoder: facebook/dinov2-base, Dataset: dermamnist, Block: [(6, 7)], Block Mode: linear, MLP: [], MLP Mode: identity, Attn: [] Heads: {}",0.7343308395677473,0.02081858680878773,1035
"Encoder: facebook/dinov2-base, Dataset: dermamnist, Block: [(7, 8)], Block Mode: linear, MLP: [], MLP Mode: identity, Attn: [] Heads: {}",0.7330008312551953,0.01254176506237226,1038
"Encoder: facebook/dinov2-base, Dataset: dermamnist, Block: [(8, 9)], Block Mode: linear, MLP: [], MLP Mode: identity, Attn: [] Heads: {}",0.7290108063175396,0.009803174056728549,1041
"Encoder: facebook/dinov2-base, Dataset: dermamnist, Block: [(9, 10)], Block Mode: linear, MLP: [], MLP Mode: identity, Attn: [] Heads: {}",0.7479634247714048,0.008483691319815875,1044
"Encoder: facebook/dinov2-base, Dataset: dermamnist, Block: [(10, 11)], Block Mode: linear, MLP: [], MLP Mode: identity, Attn: [] Heads: {}",0.7263507896924356,0.01978946113040601,1047
"Encoder: facebook/dinov2-base, Dataset: dermamnist, Block: [(0, 2)], Block Mode: linear, MLP: [], MLP Mode: identity, Attn: [] Heads: {}",0.7188694929343308,0.025108310514221896,1050
"Encoder: facebook/dinov2-base, Dataset: dermamnist, Block: [(1, 3)], Block Mode: linear, MLP: [], MLP Mode: identity, Attn: [] Heads: {}",0.7253532834580216,0.025359687402385162,1053
"Encoder: facebook/dinov2-base, Dataset: dermamnist, Block: [(2, 4)], Block Mode: linear, MLP: [], MLP Mode: identity, Attn: [] Heads: {}",0.7291770573566084,0.036244633015509516,1056
"Encoder: facebook/dinov2-base, Dataset: dermamnist, Block: [(3, 5)], Block Mode: linear, MLP: [], MLP Mode: identity, Attn: [] Heads: {}",0.7394846217788862,0.009904153621683426,1059
"Encoder: facebook/dinov2-base, Dataset: dermamnist, Block: [(4, 6)], Block Mode: linear, MLP: [], MLP Mode: identity, Attn: [] Heads: {}",0.7361596009975062,0.012408833221570794,1062
"Encoder: facebook/dinov2-base, Dataset: dermamnist, Block: [(5, 7)], Block Mode: linear, MLP: [], MLP Mode: identity, Attn: [] Heads: {}",0.7363258520365753,0.019726510718132906,1065
"Encoder: facebook/dinov2-base, Dataset: dermamnist, Block: [(6, 8)], Block Mode: linear, MLP: [], MLP Mode: identity, Attn: [] Heads: {}",0.7260182876142975,0.0037764976530675377,1068
"Encoder: facebook/dinov2-base, Dataset: dermamnist, Block: [(7, 9)], Block Mode: linear, MLP: [], MLP Mode: identity, Attn: [] Heads: {}",0.7311720698254364,0.010378380073159525,1071
"Encoder: facebook/dinov2-base, Dataset: dermamnist, Block: [(8, 10)], Block Mode: linear, MLP: [], MLP Mode: identity, Attn: [] Heads: {}",0.742643391521197,0.031031102703844966,1074
"Encoder: facebook/dinov2-base, Dataset: dermamnist, Block: [(9, 11)], Block Mode: linear, MLP: [], MLP Mode: identity, Attn: [] Heads: {}",0.7339983374896093,0.017915815499315837,1077
"Encoder: google/vit-large-patch16-224, Dataset: dermamnist, Block: [], Block Mode: identity, MLP: [], MLP Mode: identity, Attn: [] Heads: {}",0.7511221945137158,0.01018482686117808,1080
"Encoder: google/vit-large-patch16-224, Dataset: dermamnist, Block: [(0, 1)], Block Mode: identity, MLP: [], MLP Mode: identity, Attn: [] Heads: {}",0.7383208645054031,0.009546053014101823,1083
"Encoder: google/vit-large-patch16-224, Dataset: dermamnist, Block: [(1, 2)], Block Mode: identity, MLP: [], MLP Mode: identity, Attn: [] Heads: {}",0.7401496259351621,0.007790772744046556,1086
"Encoder: google/vit-large-patch16-224, Dataset: dermamnist, Block: [(2, 3)], Block Mode: identity, MLP: [], MLP Mode: identity, Attn: [] Heads: {}",0.7567747298420615,0.00447026755103866,1089
"Encoder: google/vit-large-patch16-224, Dataset: dermamnist, Block: [(3, 4)], Block Mode: identity, MLP: [], MLP Mode: identity, Attn: [] Heads: {}",0.7609310058187863,0.007403306426670773,1092
"Encoder: google/vit-large-patch16-224, Dataset: dermamnist, Block: [(4, 5)], Block Mode: identity, MLP: [], MLP Mode: identity, Attn: [] Heads: {}",0.7544472152950955,0.010998985806831597,1095
"Encoder: google/vit-large-patch16-224, Dataset: dermamnist, Block: [(5, 6)], Block Mode: identity, MLP: [], MLP Mode: identity, Attn: [] Heads: {}",0.7436408977556109,0.011686159116069841,1098
"Encoder: google/vit-large-patch16-224, Dataset: dermamnist, Block: [(6, 7)], Block Mode: identity, MLP: [], MLP Mode: identity, Attn: [] Heads: {}",0.7521197007481297,0.002174014435681137,1101
"Encoder: google/vit-large-patch16-224, Dataset: dermamnist, Block: [(7, 8)], Block Mode: identity, MLP: [], MLP Mode: identity, Attn: [] Heads: {}",0.7522859517871986,0.0032450908222681984,1104
"Encoder: google/vit-large-patch16-224, Dataset: dermamnist, Block: [(8, 9)], Block Mode: identity, MLP: [], MLP Mode: identity, Attn: [] Heads: {}",0.7612635078969244,0.005844853144221751,1107
"Encoder: google/vit-large-patch16-224, Dataset: dermamnist, Block: [(9, 10)], Block Mode: identity, MLP: [], MLP Mode: identity, Attn: [] Heads: {}",0.7579384871155446,0.0035031267673658792,1110
"Encoder: google/vit-large-patch16-224, Dataset: dermamnist, Block: [(10, 11)], Block Mode: identity, MLP: [], MLP Mode: identity, Attn: [] Heads: {}",0.7536159600997506,0.00604706017605089,1113
"Encoder: google/vit-large-patch16-224, Dataset: dermamnist, Block: [(11, 12)], Block Mode: identity, MLP: [], MLP Mode: identity, Attn: [] Heads: {}",0.7596009975062344,0.006522043307043399,1116
"Encoder: google/vit-large-patch16-224, Dataset: dermamnist, Block: [(12, 13)], Block Mode: identity, MLP: [], MLP Mode: identity, Attn: [] Heads: {}",0.7532834580216127,0.009803174056728554,1119
"Encoder: google/vit-large-patch16-224, Dataset: dermamnist, Block: [(13, 14)], Block Mode: identity, MLP: [], MLP Mode: identity, Attn: [] Heads: {}",0.7511221945137158,0.010473815461346663,1122
"Encoder: google/vit-large-patch16-224, Dataset: dermamnist, Block: [(14, 15)], Block Mode: identity, MLP: [], MLP Mode: identity, Attn: [] Heads: {}",0.7556109725685785,0.006128780911443642,1125
"Encoder: google/vit-large-patch16-224, Dataset: dermamnist, Block: [(15, 16)], Block Mode: identity, MLP: [], MLP Mode: identity, Attn: [] Heads: {}",0.7566084788029924,0.007790772744046587,1128
"Encoder: google/vit-large-patch16-224, Dataset: dermamnist, Block: [(16, 17)], Block Mode: identity, MLP: [], MLP Mode: identity, Attn: [] Heads: {}",0.7487946799667498,0.012361969373247735,1131
"Encoder: google/vit-large-patch16-224, Dataset: dermamnist, Block: [(17, 18)], Block Mode: identity, MLP: [], MLP Mode: identity, Attn: [] Heads: {}",0.7544472152950955,0.004634201118791795,1134
"Encoder: google/vit-large-patch16-224, Dataset: dermamnist, Block: [(18, 19)], Block Mode: identity, MLP: [], MLP Mode: identity, Attn: [] Heads: {}",0.7524522028262677,0.012382075598580466,1137
"Encoder: google/vit-large-patch16-224, Dataset: dermamnist, Block: [(19, 20)], Block Mode: identity, MLP: [], MLP Mode: identity, Attn: [] Heads: {}",0.7659185369908562,0.006916922381617514,1140
"Encoder: google/vit-large-patch16-224, Dataset: dermamnist, Block: [(20, 21)], Block Mode: identity, MLP: [], MLP Mode: identity, Attn: [] Heads: {}",0.7586034912718205,0.008330819495506273,1143
"Encoder: google/vit-large-patch16-224, Dataset: dermamnist, Block: [(21, 22)], Block Mode: identity, MLP: [], MLP Mode: identity, Attn: [] Heads: {}",0.7572734829592686,0.00942806109975586,1146
"Encoder: google/vit-large-patch16-224, Dataset: dermamnist, Block: [(22, 23)], Block Mode: identity, MLP: [], MLP Mode: identity, Attn: [] Heads: {}",0.7562759767248545,0.008814441324562968,1149
"Encoder: google/vit-large-patch16-224, Dataset: dermamnist, Block: [(0, 2)], Block Mode: identity, MLP: [], MLP Mode: identity, Attn: [] Heads: {}",0.7270157938487115,0.00773201393465235,1152
"Encoder: google/vit-large-patch16-224, Dataset: dermamnist, Block: [(1, 3)], Block Mode: identity, MLP: [], MLP Mode: identity, Attn: [] Heads: {}",0.7321695760598503,0.005207135415915439,1155
"Encoder: google/vit-large-patch16-224, Dataset: dermamnist, Block: [(2, 4)], Block Mode: identity, MLP: [], MLP Mode: identity, Attn: [] Heads: {}",0.7524522028262677,0.004062108636033479,1158
"Encoder: google/vit-large-patch16-224, Dataset: dermamnist, Block: [(3, 5)], Block Mode: identity, MLP: [], MLP Mode: identity, Attn: [] Heads: {}",0.7527847049044056,0.006641723808956949,1161
"Encoder: google/vit-large-patch16-224, Dataset: dermamnist, Block: [(4, 6)], Block Mode: identity, MLP: [], MLP Mode: identity, Attn: [] Heads: {}",0.7486284289276807,0.006522043307043361,1164
"Encoder: google/vit-large-patch16-224, Dataset: dermamnist, Block: [(5, 7)], Block Mode: identity, MLP: [], MLP Mode: identity, Attn: [] Heads: {}",0.7511221945137158,0.007193119751549061,1167
"Encoder: google/vit-large-patch16-224, Dataset: dermamnist, Block: [(6, 8)], Block Mode: identity, MLP: [], MLP Mode: identity, Attn: [] Heads: {}",0.7506234413965087,0.006128780911443603,1170
"Encoder: google/vit-large-patch16-224, Dataset: dermamnist, Block: [(7, 9)], Block Mode: identity, MLP: [], MLP Mode: identity, Attn: [] Heads: {}",0.7607647547797174,0.002922426572110862,1173
"Encoder: google/vit-large-patch16-224, Dataset: dermamnist, Block: [(8, 10)], Block Mode: identity, MLP: [], MLP Mode: identity, Attn: [] Heads: {}",0.7619285120532003,0.0010382374062175095,1176
"Encoder: google/vit-large-patch16-224, Dataset: dermamnist, Block: [(9, 11)], Block Mode: identity, MLP: [], MLP Mode: identity, Attn: [] Heads: {}",0.7614297589359934,0.004241845659907945,1179
"Encoder: google/vit-large-patch16-224, Dataset: dermamnist, Block: [(10, 12)], Block Mode: identity, MLP: [], MLP Mode: identity, Attn: [] Heads: {}",0.7584372402327514,0.005672060551698043,1182
"Encoder: google/vit-large-patch16-224, Dataset: dermamnist, Block: [(11, 13)], Block Mode: identity, MLP: [], MLP Mode: identity, Attn: [] Heads: {}",0.7579384871155445,0.0025594022141879674,1185
"Encoder: google/vit-large-patch16-224, Dataset: dermamnist, Block: [(12, 14)], Block Mode: identity, MLP: [], MLP Mode: identity, Attn: [] Heads: {}",0.7499584372402328,0.0036763664817117073,1188
"Encoder: google/vit-large-patch16-224, Dataset: dermamnist, Block: [(13, 15)], Block Mode: identity, MLP: [], MLP Mode: identity, Attn: [] Heads: {}",0.7554447215295096,0.005333005796291103,1191
"Encoder: google/vit-large-patch16-224, Dataset: dermamnist, Block: [(14, 16)], Block Mode: identity, MLP: [], MLP Mode: identity, Attn: [] Heads: {}",0.7592684954280964,0.008365583125791633,1194
"Encoder: google/vit-large-patch16-224, Dataset: dermamnist, Block: [(15, 17)], Block Mode: identity, MLP: [], MLP Mode: identity, Attn: [] Heads: {}",0.7554447215295096,0.00635461840519248,1197
"Encoder: google/vit-large-patch16-224, Dataset: dermamnist, Block: [(16, 18)], Block Mode: identity, MLP: [], MLP Mode: identity, Attn: [] Heads: {}",0.7512884455527846,0.007059309641084647,1200
"Encoder: google/vit-large-patch16-224, Dataset: dermamnist, Block: [(17, 19)], Block Mode: identity, MLP: [], MLP Mode: identity, Attn: [] Heads: {}",0.7612635078969244,0.006585304179663681,1203
"Encoder: google/vit-large-patch16-224, Dataset: dermamnist, Block: [(18, 20)], Block Mode: identity, MLP: [], MLP Mode: identity, Attn: [] Heads: {}",0.7649210307564421,0.007732013934652364,1206
"Encoder: google/vit-large-patch16-224, Dataset: dermamnist, Block: [(19, 21)], Block Mode: identity, MLP: [], MLP Mode: identity, Attn: [] Heads: {}",0.7642560266001662,0.008870704287251301,1209
"Encoder: google/vit-large-patch16-224, Dataset: dermamnist, Block: [(20, 22)], Block Mode: identity, MLP: [], MLP Mode: identity, Attn: [] Heads: {}",0.7602660016625103,0.00936186748149692,1212
"Encoder: google/vit-large-patch16-224, Dataset: dermamnist, Block: [(21, 23)], Block Mode: identity, MLP: [], MLP Mode: identity, Attn: [] Heads: {}",0.7577722360764755,0.011333151765356144,1215
"Encoder: google/vit-large-patch16-224, Dataset: dermamnist, Block: [], Block Mode: linear, MLP: [], MLP Mode: identity, Attn: [] Heads: {}",0.7511221945137158,0.01018482686117808,1218
"Encoder: google/vit-large-patch16-224, Dataset: dermamnist, Block: [(0, 1)], Block Mode: linear, MLP: [], MLP Mode: identity, Attn: [] Heads: {}",0.7582709891936825,0.009675467682095738,1221
"Encoder: google/vit-large-patch16-224, Dataset: dermamnist, Block: [(1, 2)], Block Mode: linear, MLP: [], MLP Mode: identity, Attn: [] Heads: {}",0.7569409808811306,0.005238886535856597,1224
"Encoder: google/vit-large-patch16-224, Dataset: dermamnist, Block: [(2, 3)], Block Mode: linear, MLP: [], MLP Mode: identity, Attn: [] Heads: {}",0.7600997506234414,0.006522043307043425,1227
"Encoder: google/vit-large-patch16-224, Dataset: dermamnist, Block: [(3, 4)], Block Mode: linear, MLP: [], MLP Mode: identity, Attn: [] Heads: {}",0.7615960099750624,0.012186325908100383,1230
"Encoder: google/vit-large-patch16-224, Dataset: dermamnist, Block: [(4, 5)], Block Mode: linear, MLP: [], MLP Mode: identity, Attn: [] Heads: {}",0.742975893599335,0.004920581408794233,1233
"Encoder: google/vit-large-patch16-224, Dataset: dermamnist, Block: [(5, 6)], Block Mode: linear, MLP: [], MLP Mode: identity, Attn: [] Heads: {}",0.7097256857855362,0.002493765586034896,1236
"Encoder: google/vit-large-patch16-224, Dataset: dermamnist, Block: [(6, 7)], Block Mode: linear, MLP: [], MLP Mode: identity, Attn: [] Heads: {}",0.7526184538653368,0.009237036996235468,1239
"Encoder: google/vit-large-patch16-224, Dataset: dermamnist, Block: [(7, 8)], Block Mode: linear, MLP: [], MLP Mode: identity, Attn: [] Heads: {}",0.7604322527015794,0.008982173006975921,1242
"Encoder: google/vit-large-patch16-224, Dataset: dermamnist, Block: [(8, 9)], Block Mode: linear, MLP: [], MLP Mode: identity, Attn: [] Heads: {}",0.7592684954280964,0.004995836808417841,1245
"Encoder: google/vit-large-patch16-224, Dataset: dermamnist, Block: [(9, 10)], Block Mode: linear, MLP: [], MLP Mode: identity, Attn: [] Heads: {}",0.7589359933499584,0.006808177964902164,1248
"Encoder: google/vit-large-patch16-224, Dataset: dermamnist, Block: [(10, 11)], Block Mode: linear, MLP: [], MLP Mode: identity, Attn: [] Heads: {}",0.7581047381546134,0.006856721738088563,1251
"Encoder: google/vit-large-patch16-224, Dataset: dermamnist, Block: [(11, 12)], Block Mode: linear, MLP: [], MLP Mode: identity, Attn: [] Heads: {}",0.7594347464671655,0.010394346821174084,1254
"Encoder: google/vit-large-patch16-224, Dataset: dermamnist, Block: [(12, 13)], Block Mode: linear, MLP: [], MLP Mode: identity, Attn: [] Heads: {}",0.7526184538653368,0.011503803086953384,1257
"Encoder: google/vit-large-patch16-224, Dataset: dermamnist, Block: [(13, 14)], Block Mode: linear, MLP: [], MLP Mode: identity, Attn: [] Heads: {}",0.7536159600997506,0.010378380073159514,1260
"Encoder: google/vit-large-patch16-224, Dataset: dermamnist, Block: [(14, 15)], Block Mode: linear, MLP: [], MLP Mode: identity, Attn: [] Heads: {}",0.7569409808811306,0.010394346821174138,1263
"Encoder: google/vit-large-patch16-224, Dataset: dermamnist, Block: [(15, 16)], Block Mode: linear, MLP: [], MLP Mode: identity, Attn: [] Heads: {}",0.7599334995843724,0.00860017766010145,1266
"Encoder: google/vit-large-patch16-224, Dataset: dermamnist, Block: [(16, 17)], Block Mode: linear, MLP: [], MLP Mode: identity, Attn: [] Heads: {}",0.7522859517871986,0.008016334797167854,1269
"Encoder: google/vit-large-patch16-224, Dataset: dermamnist, Block: [(17, 18)], Block Mode: linear, MLP: [], MLP Mode: identity, Attn: [] Heads: {}",0.7541147132169576,0.00907401765519217,1272
"Encoder: google/vit-large-patch16-224, Dataset: dermamnist, Block: [(18, 19)], Block Mode: linear, MLP: [], MLP Mode: identity, Attn: [] Heads: {}",0.7529509559434747,0.011376965659800852,1275
"Encoder: google/vit-large-patch16-224, Dataset: dermamnist, Block: [(19, 20)], Block Mode: linear, MLP: [], MLP Mode: identity, Attn: [] Heads: {}",0.7649210307564421,0.007634887782680005,1278
"Encoder: google/vit-large-patch16-224, Dataset: dermamnist, Block: [(20, 21)], Block Mode: linear, MLP: [], MLP Mode: identity, Attn: [] Heads: {}",0.7574397339983374,0.006808177964902173,1281
"Encoder: google/vit-large-patch16-224, Dataset: dermamnist, Block: [(21, 22)], Block Mode: linear, MLP: [], MLP Mode: identity, Attn: [] Heads: {}",0.7562759767248545,0.003676366481711681,1284
"Encoder: google/vit-large-patch16-224, Dataset: dermamnist, Block: [(22, 23)], Block Mode: linear, MLP: [], MLP Mode: identity, Attn: [] Heads: {}",0.7541147132169576,0.007347092200826052,1287
"Encoder: google/vit-large-patch16-224, Dataset: dermamnist, Block: [(0, 2)], Block Mode: linear, MLP: [], MLP Mode: identity, Attn: [] Heads: {}",0.7546134663341646,0.005061791304285389,1290
"Encoder: google/vit-large-patch16-224, Dataset: dermamnist, Block: [(1, 3)], Block Mode: linear, MLP: [], MLP Mode: identity, Attn: [] Heads: {}",0.7594347464671655,0.006236076253869011,1293
"Encoder: google/vit-large-patch16-224, Dataset: dermamnist, Block: [(2, 4)], Block Mode: linear, MLP: [], MLP Mode: identity, Attn: [] Heads: {}",0.7652535328345803,0.006275839098313183,1296
"Encoder: google/vit-large-patch16-224, Dataset: dermamnist, Block: [(3, 5)], Block Mode: linear, MLP: [], MLP Mode: identity, Attn: [] Heads: {}",0.7155444721529509,0.0022490023704852206,1299
"Encoder: google/vit-large-patch16-224, Dataset: dermamnist, Block: [(4, 6)], Block Mode: linear, MLP: [], MLP Mode: identity, Attn: [] Heads: {}",0.7293433083956775,0.012670030845059145,1302
"Encoder: google/vit-large-patch16-224, Dataset: dermamnist, Block: [(5, 7)], Block Mode: linear, MLP: [], MLP Mode: identity, Attn: [] Heads: {}",0.7047381546134663,0.010306223600883688,1305
"Encoder: google/vit-large-patch16-224, Dataset: dermamnist, Block: [(6, 8)], Block Mode: linear, MLP: [], MLP Mode: identity, Attn: [] Heads: {}",0.7566084788029924,0.00520713541591549,1308
"Encoder: google/vit-large-patch16-224, Dataset: dermamnist, Block: [(7, 9)], Block Mode: linear, MLP: [], MLP Mode: identity, Attn: [] Heads: {}",0.7672485453034081,0.00958506088472124,1311
"Encoder: google/vit-large-patch16-224, Dataset: dermamnist, Block: [(8, 10)], Block Mode: linear, MLP: [], MLP Mode: identity, Attn: [] Heads: {}",0.7685785536159601,0.004082470210410215,1314
"Encoder: google/vit-large-patch16-224, Dataset: dermamnist, Block: [(9, 11)], Block Mode: linear, MLP: [], MLP Mode: identity, Attn: [] Heads: {}",0.7642560266001662,0.005493835957392611,1317
"Encoder: google/vit-large-patch16-224, Dataset: dermamnist, Block: [(10, 12)], Block Mode: linear, MLP: [], MLP Mode: identity, Attn: [] Heads: {}",0.7635910224438902,0.004319328697179233,1320
"Encoder: google/vit-large-patch16-224, Dataset: dermamnist, Block: [(11, 13)], Block Mode: linear, MLP: [], MLP Mode: identity, Attn: [] Heads: {}",0.7581047381546134,0.008026671790239918,1323
"Encoder: google/vit-large-patch16-224, Dataset: dermamnist, Block: [(12, 14)], Block Mode: linear, MLP: [], MLP Mode: identity, Attn: [] Heads: {}",0.7562759767248545,0.00595030097029869,1326
"Encoder: google/vit-large-patch16-224, Dataset: dermamnist, Block: [(13, 15)], Block Mode: linear, MLP: [], MLP Mode: identity, Attn: [] Heads: {}",0.7576059850374065,0.00604706017605089,1329
"Encoder: google/vit-large-patch16-224, Dataset: dermamnist, Block: [(14, 16)], Block Mode: linear, MLP: [], MLP Mode: identity, Attn: [] Heads: {}",0.7635910224438902,0.007193119751549061,1332
"Encoder: google/vit-large-patch16-224, Dataset: dermamnist, Block: [(15, 17)], Block Mode: linear, MLP: [], MLP Mode: identity, Attn: [] Heads: {}",0.7594347464671655,0.006988478655688676,1335
"Encoder: google/vit-large-patch16-224, Dataset: dermamnist, Block: [(16, 18)], Block Mode: linear, MLP: [], MLP Mode: identity, Attn: [] Heads: {}",0.7552784704904406,0.010747329249472328,1338
"Encoder: google/vit-large-patch16-224, Dataset: dermamnist, Block: [(17, 19)], Block Mode: linear, MLP: [], MLP Mode: identity, Attn: [] Heads: {}",0.7576059850374065,0.009074017655192152,1341
"Encoder: google/vit-large-patch16-224, Dataset: dermamnist, Block: [(18, 20)], Block Mode: linear, MLP: [], MLP Mode: identity, Attn: [] Heads: {}",0.7640897755610973,0.006483790523690755,1344
"Encoder: google/vit-large-patch16-224, Dataset: dermamnist, Block: [(19, 21)], Block Mode: linear, MLP: [], MLP Mode: identity, Attn: [] Heads: {}",0.7644222776392352,0.003743418204221997,1347
"Encoder: google/vit-large-patch16-224, Dataset: dermamnist, Block: [(20, 22)], Block Mode: linear, MLP: [], MLP Mode: identity, Attn: [] Heads: {}",0.7581047381546134,0.009515603006652832,1350
"Encoder: google/vit-large-patch16-224, Dataset: dermamnist, Block: [(21, 23)], Block Mode: linear, MLP: [], MLP Mode: identity, Attn: [] Heads: {}",0.7552784704904406,0.007076906618052481,1353
"Encoder: microsoft/rad-dino, Dataset: imagenet-1k, Block: [], Block Mode: identity, MLP: [], MLP Mode: identity, Attn: [] Heads: {}",0.07533333333333334,0.0015821925715074445,1356
"Encoder: microsoft/rad-dino, Dataset: imagenet-1k, Block: [(0, 1)], Block Mode: identity, MLP: [], MLP Mode: identity, Attn: [] Heads: {}",0.0784,0.0011357816691600505,1359
"Encoder: microsoft/rad-dino, Dataset: imagenet-1k, Block: [(1, 2)], Block Mode: identity, MLP: [], MLP Mode: identity, Attn: [] Heads: {}",0.08053333333333333,0.0007767453465154079,1362
"Encoder: microsoft/rad-dino, Dataset: imagenet-1k, Block: [(2, 3)], Block Mode: identity, MLP: [], MLP Mode: identity, Attn: [] Heads: {}",0.077,0.0010816653826391913,1365
"Encoder: microsoft/rad-dino, Dataset: imagenet-1k, Block: [(3, 4)], Block Mode: identity, MLP: [], MLP Mode: identity, Attn: [] Heads: {}",0.07606666666666667,0.0010598742063723107,1368
"Encoder: microsoft/rad-dino, Dataset: imagenet-1k, Block: [(4, 5)], Block Mode: identity, MLP: [], MLP Mode: identity, Attn: [] Heads: {}",0.07906666666666667,0.003442867022313428,1371
"Encoder: microsoft/rad-dino, Dataset: imagenet-1k, Block: [(5, 6)], Block Mode: identity, MLP: [], MLP Mode: identity, Attn: [] Heads: {}",0.07629999999999999,0.0013527749258468737,1374
"Encoder: microsoft/rad-dino, Dataset: imagenet-1k, Block: [(6, 7)], Block Mode: identity, MLP: [], MLP Mode: identity, Attn: [] Heads: {}",0.0798,0.001417744687875783,1377
"Encoder: microsoft/rad-dino, Dataset: imagenet-1k, Block: [(7, 8)], Block Mode: identity, MLP: [], MLP Mode: identity, Attn: [] Heads: {}",0.07686666666666668,0.0013576941236277463,1380
"Encoder: microsoft/rad-dino, Dataset: imagenet-1k, Block: [(8, 9)], Block Mode: identity, MLP: [], MLP Mode: identity, Attn: [] Heads: {}",0.08033333333333333,0.0007571877794400363,1383
"Encoder: microsoft/rad-dino, Dataset: imagenet-1k, Block: [(9, 10)], Block Mode: identity, MLP: [], MLP Mode: identity, Attn: [] Heads: {}",0.07886666666666665,0.0015947831618540822,1386
"Encoder: microsoft/rad-dino, Dataset: imagenet-1k, Block: [(10, 11)], Block Mode: identity, MLP: [], MLP Mode: identity, Attn: [] Heads: {}",0.08193333333333334,0.001209683154108267,1389
"Encoder: microsoft/rad-dino, Dataset: imagenet-1k, Block: [(0, 2)], Block Mode: identity, MLP: [], MLP Mode: identity, Attn: [] Heads: {}",0.079,0.002523885892824801,1392
"Encoder: microsoft/rad-dino, Dataset: imagenet-1k, Block: [(1, 3)], Block Mode: identity, MLP: [], MLP Mode: identity, Attn: [] Heads: {}",0.07943333333333334,0.0008144527815247079,1395
"Encoder: microsoft/rad-dino, Dataset: imagenet-1k, Block: [(2, 4)], Block Mode: identity, MLP: [], MLP Mode: identity, Attn: [] Heads: {}",0.08013333333333333,0.0011846237095944595,1398
"Encoder: microsoft/rad-dino, Dataset: imagenet-1k, Block: [(3, 5)], Block Mode: identity, MLP: [], MLP Mode: identity, Attn: [] Heads: {}",0.081,0.00029999999999999645,1401
"Encoder: microsoft/rad-dino, Dataset: imagenet-1k, Block: [(4, 6)], Block Mode: identity, MLP: [], MLP Mode: identity, Attn: [] Heads: {}",0.07873333333333334,0.0018009256878986797,1404
"Encoder: microsoft/rad-dino, Dataset: imagenet-1k, Block: [(5, 7)], Block Mode: identity, MLP: [], MLP Mode: identity, Attn: [] Heads: {}",0.08333333333333333,0.0014977761292440698,1407
"Encoder: microsoft/rad-dino, Dataset: imagenet-1k, Block: [(6, 8)], Block Mode: identity, MLP: [], MLP Mode: identity, Attn: [] Heads: {}",0.08306666666666666,0.0014011899704655837,1410
"Encoder: microsoft/rad-dino, Dataset: imagenet-1k, Block: [(7, 9)], Block Mode: identity, MLP: [], MLP Mode: identity, Attn: [] Heads: {}",0.0862,0.0017435595774162717,1413
"Encoder: microsoft/rad-dino, Dataset: imagenet-1k, Block: [(8, 10)], Block Mode: identity, MLP: [], MLP Mode: identity, Attn: [] Heads: {}",0.08243333333333333,0.001871719352182194,1416
"Encoder: microsoft/rad-dino, Dataset: imagenet-1k, Block: [(9, 11)], Block Mode: identity, MLP: [], MLP Mode: identity, Attn: [] Heads: {}",0.08706666666666667,0.0009291573243177546,1419
"Encoder: microsoft/rad-dino, Dataset: imagenet-1k, Block: [], Block Mode: linear, MLP: [], MLP Mode: identity, Attn: [] Heads: {}",0.07533333333333334,0.0015821925715074445,1422
"Encoder: microsoft/rad-dino, Dataset: imagenet-1k, Block: [(0, 1)], Block Mode: linear, MLP: [], MLP Mode: identity, Attn: [] Heads: {}",0.0767,0.0026627053911388696,1425
"Encoder: microsoft/rad-dino, Dataset: imagenet-1k, Block: [(1, 2)], Block Mode: linear, MLP: [], MLP Mode: identity, Attn: [] Heads: {}",0.0783,0.002042057785666212,1428
"Encoder: microsoft/rad-dino, Dataset: imagenet-1k, Block: [(2, 3)], Block Mode: linear, MLP: [], MLP Mode: identity, Attn: [] Heads: {}",0.07893333333333334,0.0023501772982763144,1431
"Encoder: microsoft/rad-dino, Dataset: imagenet-1k, Block: [(3, 4)], Block Mode: linear, MLP: [], MLP Mode: identity, Attn: [] Heads: {}",0.07776666666666666,0.001913983629327416,1434
"Encoder: microsoft/rad-dino, Dataset: imagenet-1k, Block: [(4, 5)], Block Mode: linear, MLP: [], MLP Mode: identity, Attn: [] Heads: {}",0.08,0.0009165151389911609,1437
"Encoder: microsoft/rad-dino, Dataset: imagenet-1k, Block: [(5, 6)], Block Mode: linear, MLP: [], MLP Mode: identity, Attn: [] Heads: {}",0.0764,0.0015000000000000013,1440
"Encoder: microsoft/rad-dino, Dataset: imagenet-1k, Block: [(6, 7)], Block Mode: linear, MLP: [], MLP Mode: identity, Attn: [] Heads: {}",0.07663333333333333,0.0007234178138070197,1443
"Encoder: microsoft/rad-dino, Dataset: imagenet-1k, Block: [(7, 8)], Block Mode: linear, MLP: [], MLP Mode: identity, Attn: [] Heads: {}",0.0771,0.001252996408614168,1446
"Encoder: microsoft/rad-dino, Dataset: imagenet-1k, Block: [(8, 9)], Block Mode: linear, MLP: [], MLP Mode: identity, Attn: [] Heads: {}",0.07756666666666666,0.002417298767908786,1449
"Encoder: microsoft/rad-dino, Dataset: imagenet-1k, Block: [(9, 10)], Block Mode: linear, MLP: [], MLP Mode: identity, Attn: [] Heads: {}",0.07676666666666666,0.000862167810425174,1452
"Encoder: microsoft/rad-dino, Dataset: imagenet-1k, Block: [(10, 11)], Block Mode: linear, MLP: [], MLP Mode: identity, Attn: [] Heads: {}",0.07756666666666666,0.0006658328118479361,1455
"Encoder: microsoft/rad-dino, Dataset: imagenet-1k, Block: [(0, 2)], Block Mode: linear, MLP: [], MLP Mode: identity, Attn: [] Heads: {}",0.07793333333333334,0.0013503086067019436,1458
"Encoder: microsoft/rad-dino, Dataset: imagenet-1k, Block: [(1, 3)], Block Mode: linear, MLP: [], MLP Mode: identity, Attn: [] Heads: {}",0.08093333333333334,0.002484619353811235,1461
"Encoder: microsoft/rad-dino, Dataset: imagenet-1k, Block: [(2, 4)], Block Mode: linear, MLP: [], MLP Mode: identity, Attn: [] Heads: {}",0.0802,0.003935733730830892,1464
"Encoder: microsoft/rad-dino, Dataset: imagenet-1k, Block: [(3, 5)], Block Mode: linear, MLP: [], MLP Mode: identity, Attn: [] Heads: {}",0.07913333333333333,0.002350177298276318,1467
"Encoder: microsoft/rad-dino, Dataset: imagenet-1k, Block: [(4, 6)], Block Mode: linear, MLP: [], MLP Mode: identity, Attn: [] Heads: {}",0.07736666666666667,0.002196208854670554,1470
"Encoder: microsoft/rad-dino, Dataset: imagenet-1k, Block: [(5, 7)], Block Mode: linear, MLP: [], MLP Mode: identity, Attn: [] Heads: {}",0.07853333333333333,0.0017214335111567117,1473
"Encoder: microsoft/rad-dino, Dataset: imagenet-1k, Block: [(6, 8)], Block Mode: linear, MLP: [], MLP Mode: identity, Attn: [] Heads: {}",0.07856666666666667,0.0033381631675718487,1476
"Encoder: microsoft/rad-dino, Dataset: imagenet-1k, Block: [(7, 9)], Block Mode: linear, MLP: [], MLP Mode: identity, Attn: [] Heads: {}",0.0775,0.0016522711641858293,1479
"Encoder: microsoft/rad-dino, Dataset: imagenet-1k, Block: [(8, 10)], Block Mode: linear, MLP: [], MLP Mode: identity, Attn: [] Heads: {}",0.07853333333333333,0.0020502032419575772,1482
"Encoder: microsoft/rad-dino, Dataset: imagenet-1k, Block: [(9, 11)], Block Mode: linear, MLP: [], MLP Mode: identity, Attn: [] Heads: {}",0.07926666666666667,0.001747378989610819,1485
"Encoder: google/vit-base-patch16-224, Dataset: cifar100, Block: [], Block Mode: identity, MLP: [], MLP Mode: identity, Attn: [] Heads: {}",0.8315666666666667,0.0005033222956847256,1488
"Encoder: google/vit-base-patch16-224, Dataset: cifar100, Block: [(0, 1)], Block Mode: identity, MLP: [], MLP Mode: identity, Attn: [] Heads: {}",0.5408,0.0025357444666211618,1491
"Encoder: google/vit-base-patch16-224, Dataset: cifar100, Block: [(1, 2)], Block Mode: identity, MLP: [], MLP Mode: identity, Attn: [] Heads: {}",0.7127666666666667,0.0014468356276140615,1494
"Encoder: google/vit-base-patch16-224, Dataset: cifar100, Block: [(2, 3)], Block Mode: identity, MLP: [], MLP Mode: identity, Attn: [] Heads: {}",0.7599333333333332,0.00186100331362773,1497
"Encoder: google/vit-base-patch16-224, Dataset: cifar100, Block: [(3, 4)], Block Mode: identity, MLP: [], MLP Mode: identity, Attn: [] Heads: {}",0.7846666666666667,0.003089228598426007,1500
"Encoder: google/vit-base-patch16-224, Dataset: cifar100, Block: [(4, 5)], Block Mode: identity, MLP: [], MLP Mode: identity, Attn: [] Heads: {}",0.7769,0.0026153393661243647,1503
"Encoder: google/vit-base-patch16-224, Dataset: cifar100, Block: [(5, 6)], Block Mode: identity, MLP: [], MLP Mode: identity, Attn: [] Heads: {}",0.7953666666666667,0.003982880029994983,1506
"Encoder: google/vit-base-patch16-224, Dataset: cifar100, Block: [(6, 7)], Block Mode: identity, MLP: [], MLP Mode: identity, Attn: [] Heads: {}",0.7974,0.00017320508075686865,1509
"Encoder: google/vit-base-patch16-224, Dataset: cifar100, Block: [(7, 8)], Block Mode: identity, MLP: [], MLP Mode: identity, Attn: [] Heads: {}",0.7929,0.001248999599679651,1512
"Encoder: google/vit-base-patch16-224, Dataset: cifar100, Block: [(8, 9)], Block Mode: identity, MLP: [], MLP Mode: identity, Attn: [] Heads: {}",0.8060999999999999,0.0050089919145471975,1515
"Encoder: google/vit-base-patch16-224, Dataset: cifar100, Block: [(9, 10)], Block Mode: identity, MLP: [], MLP Mode: identity, Attn: [] Heads: {}",0.8224333333333332,0.0045544849690533785,1518
"Encoder: google/vit-base-patch16-224, Dataset: cifar100, Block: [(10, 11)], Block Mode: identity, MLP: [], MLP Mode: identity, Attn: [] Heads: {}",0.8241333333333333,0.0008020806277010578,1521
"Encoder: google/vit-base-patch16-224, Dataset: cifar100, Block: [(0, 2)], Block Mode: identity, MLP: [], MLP Mode: identity, Attn: [] Heads: {}",0.3015,0.006296030495478877,1524
"Encoder: google/vit-base-patch16-224, Dataset: cifar100, Block: [(1, 3)], Block Mode: identity, MLP: [], MLP Mode: identity, Attn: [] Heads: {}",0.5366333333333334,0.0016041612554021072,1527
"Encoder: google/vit-base-patch16-224, Dataset: cifar100, Block: [(2, 4)], Block Mode: identity, MLP: [], MLP Mode: identity, Attn: [] Heads: {}",0.6554666666666668,0.005103266927501773,1530
"Encoder: google/vit-base-patch16-224, Dataset: cifar100, Block: [(3, 5)], Block Mode: identity, MLP: [], MLP Mode: identity, Attn: [] Heads: {}",0.6672333333333333,0.0015307950004273267,1533
"Encoder: google/vit-base-patch16-224, Dataset: cifar100, Block: [(4, 6)], Block Mode: identity, MLP: [], MLP Mode: identity, Attn: [] Heads: {}",0.7098,0.0003605551275463592,1536
"Encoder: google/vit-base-patch16-224, Dataset: cifar100, Block: [(5, 7)], Block Mode: identity, MLP: [], MLP Mode: identity, Attn: [] Heads: {}",0.7403333333333334,0.001858314648635467,1539
"Encoder: google/vit-base-patch16-224, Dataset: cifar100, Block: [(6, 8)], Block Mode: identity, MLP: [], MLP Mode: identity, Attn: [] Heads: {}",0.7402666666666667,0.002967041174863123,1542
"Encoder: google/vit-base-patch16-224, Dataset: cifar100, Block: [(7, 9)], Block Mode: identity, MLP: [], MLP Mode: identity, Attn: [] Heads: {}",0.7526,0.0024248711305964324,1545
"Encoder: google/vit-base-patch16-224, Dataset: cifar100, Block: [(8, 10)], Block Mode: identity, MLP: [], MLP Mode: identity, Attn: [] Heads: {}",0.7975,0.0013228756555322806,1548
"Encoder: google/vit-base-patch16-224, Dataset: cifar100, Block: [(9, 11)], Block Mode: identity, MLP: [], MLP Mode: identity, Attn: [] Heads: {}",0.7935666666666666,0.002948445918332788,1551
"Encoder: google/vit-base-patch16-224, Dataset: cifar100, Block: [], Block Mode: linear, MLP: [], MLP Mode: identity, Attn: [] Heads: {}",0.8315666666666667,0.0005033222956847256,1554
"Encoder: google/vit-base-patch16-224, Dataset: cifar100, Block: [(0, 1)], Block Mode: linear, MLP: [], MLP Mode: identity, Attn: [] Heads: {}",0.7600333333333333,0.004600362304572708,1557
"Encoder: google/vit-base-patch16-224, Dataset: cifar100, Block: [(1, 2)], Block Mode: linear, MLP: [], MLP Mode: identity, Attn: [] Heads: {}",0.8030666666666666,0.002020725942163677,1560
"Encoder: google/vit-base-patch16-224, Dataset: cifar100, Block: [(2, 3)], Block Mode: linear, MLP: [], MLP Mode: identity, Attn: [] Heads: {}",0.8184333333333335,0.00213853532431265,1563
"Encoder: google/vit-base-patch16-224, Dataset: cifar100, Block: [(3, 4)], Block Mode: linear, MLP: [], MLP Mode: identity, Attn: [] Heads: {}",0.8159000000000001,0.0033406586176979868,1566
"Encoder: google/vit-base-patch16-224, Dataset: cifar100, Block: [(4, 5)], Block Mode: linear, MLP: [], MLP Mode: identity, Attn: [] Heads: {}",0.7912666666666667,0.004860384072615378,1569
"Encoder: google/vit-base-patch16-224, Dataset: cifar100, Block: [(5, 6)], Block Mode: linear, MLP: [], MLP Mode: identity, Attn: [] Heads: {}",0.8156666666666667,0.0024378952670968982,1572
"Encoder: google/vit-base-patch16-224, Dataset: cifar100, Block: [(6, 7)], Block Mode: linear, MLP: [], MLP Mode: identity, Attn: [] Heads: {}",0.8158666666666666,0.0038552993831002945,1575
"Encoder: google/vit-base-patch16-224, Dataset: cifar100, Block: [(7, 8)], Block Mode: linear, MLP: [], MLP Mode: identity, Attn: [] Heads: {}",0.8081333333333333,0.0016862186493255356,1578
"Encoder: google/vit-base-patch16-224, Dataset: cifar100, Block: [(8, 9)], Block Mode: linear, MLP: [], MLP Mode: identity, Attn: [] Heads: {}",0.8133666666666667,0.0035501173689518367,1581
"Encoder: google/vit-base-patch16-224, Dataset: cifar100, Block: [(9, 10)], Block Mode: linear, MLP: [], MLP Mode: identity, Attn: [] Heads: {}",0.8220666666666667,0.004239496825489201,1584
"Encoder: google/vit-base-patch16-224, Dataset: cifar100, Block: [(10, 11)], Block Mode: linear, MLP: [], MLP Mode: identity, Attn: [] Heads: {}",0.8158666666666666,0.0018175074506953692,1587
"Encoder: google/vit-base-patch16-224, Dataset: cifar100, Block: [(0, 2)], Block Mode: linear, MLP: [], MLP Mode: identity, Attn: [] Heads: {}",0.5905,0.0004999999999999727,1590
"Encoder: google/vit-base-patch16-224, Dataset: cifar100, Block: [(1, 3)], Block Mode: linear, MLP: [], MLP Mode: identity, Attn: [] Heads: {}",0.7367,0.005444263035526468,1593
"Encoder: google/vit-base-patch16-224, Dataset: cifar100, Block: [(2, 4)], Block Mode: linear, MLP: [], MLP Mode: identity, Attn: [] Heads: {}",0.7576333333333333,0.004200396806652109,1596
"Encoder: google/vit-base-patch16-224, Dataset: cifar100, Block: [(3, 5)], Block Mode: linear, MLP: [], MLP Mode: identity, Attn: [] Heads: {}",0.7192999999999999,0.008959910713840879,1599
"Encoder: google/vit-base-patch16-224, Dataset: cifar100, Block: [(4, 6)], Block Mode: linear, MLP: [], MLP Mode: identity, Attn: [] Heads: {}",0.7453666666666666,0.004572016331262735,1602
"Encoder: google/vit-base-patch16-224, Dataset: cifar100, Block: [(5, 7)], Block Mode: linear, MLP: [], MLP Mode: identity, Attn: [] Heads: {}",0.7874333333333334,0.0014011899704655837,1605
"Encoder: google/vit-base-patch16-224, Dataset: cifar100, Block: [(6, 8)], Block Mode: linear, MLP: [], MLP Mode: identity, Attn: [] Heads: {}",0.7811666666666667,0.003499047489436723,1608
"Encoder: google/vit-base-patch16-224, Dataset: cifar100, Block: [(7, 9)], Block Mode: linear, MLP: [], MLP Mode: identity, Attn: [] Heads: {}",0.7806333333333333,0.0011503622617825072,1611
"Encoder: google/vit-base-patch16-224, Dataset: cifar100, Block: [(8, 10)], Block Mode: linear, MLP: [], MLP Mode: identity, Attn: [] Heads: {}",0.7986333333333334,0.0024214320831552035,1614
"Encoder: google/vit-base-patch16-224, Dataset: cifar100, Block: [(9, 11)], Block Mode: linear, MLP: [], MLP Mode: identity, Attn: [] Heads: {}",0.7724000000000001,0.0019313207915827204,1617
"Encoder: google/vit-base-patch16-224, Dataset: dermamnist, Block: [], Block Mode: identity, MLP: [], MLP Mode: identity, Attn: [] Heads: {}",0.7443059019118868,0.008439594444885836,1620
"Encoder: google/vit-base-patch16-224, Dataset: dermamnist, Block: [(0, 1)], Block Mode: identity, MLP: [], MLP Mode: identity, Attn: [] Heads: {}",0.7384871155444722,0.01454387807151539,1623
"Encoder: google/vit-base-patch16-224, Dataset: dermamnist, Block: [(1, 2)], Block Mode: identity, MLP: [], MLP Mode: identity, Attn: [] Heads: {}",0.7499584372402328,0.003608068896793098,1626
"Encoder: google/vit-base-patch16-224, Dataset: dermamnist, Block: [(2, 3)], Block Mode: identity, MLP: [], MLP Mode: identity, Attn: [] Heads: {}",0.7501246882793017,0.0067100369312088695,1629
"Encoder: google/vit-base-patch16-224, Dataset: dermamnist, Block: [(3, 4)], Block Mode: identity, MLP: [], MLP Mode: identity, Attn: [] Heads: {}",0.7526184538653368,0.004571147825392355,1632
"Encoder: google/vit-base-patch16-224, Dataset: dermamnist, Block: [(4, 5)], Block Mode: identity, MLP: [], MLP Mode: identity, Attn: [] Heads: {}",0.742310889443059,0.009752292186907725,1635
"Encoder: google/vit-base-patch16-224, Dataset: dermamnist, Block: [(5, 6)], Block Mode: identity, MLP: [], MLP Mode: identity, Attn: [] Heads: {}",0.7506234413965087,0.004912148529574152,1638
"Encoder: google/vit-base-patch16-224, Dataset: dermamnist, Block: [(6, 7)], Block Mode: identity, MLP: [], MLP Mode: identity, Attn: [] Heads: {}",0.7557772236076475,0.005045383509723585,1641
"Encoder: google/vit-base-patch16-224, Dataset: dermamnist, Block: [(7, 8)], Block Mode: identity, MLP: [], MLP Mode: identity, Attn: [] Heads: {}",0.746467165419784,0.009268402237583588,1644
"Encoder: google/vit-base-patch16-224, Dataset: dermamnist, Block: [(8, 9)], Block Mode: identity, MLP: [], MLP Mode: identity, Attn: [] Heads: {}",0.7521197007481296,0.00685672173808853,1647
"Encoder: google/vit-base-patch16-224, Dataset: dermamnist, Block: [(9, 10)], Block Mode: identity, MLP: [], MLP Mode: identity, Attn: [] Heads: {}",0.7559434746467165,0.006033332439442772,1650
"Encoder: google/vit-base-patch16-224, Dataset: dermamnist, Block: [(10, 11)], Block Mode: identity, MLP: [], MLP Mode: identity, Attn: [] Heads: {}",0.7602660016625103,0.006734706267840088,1653
"Encoder: google/vit-base-patch16-224, Dataset: dermamnist, Block: [(0, 2)], Block Mode: identity, MLP: [], MLP Mode: identity, Attn: [] Heads: {}",0.7293433083956775,0.008230685815119921,1656
"Encoder: google/vit-base-patch16-224, Dataset: dermamnist, Block: [(1, 3)], Block Mode: identity, MLP: [], MLP Mode: identity, Attn: [] Heads: {}",0.744970906068163,0.0032065339188671734,1659
"Encoder: google/vit-base-patch16-224, Dataset: dermamnist, Block: [(2, 4)], Block Mode: identity, MLP: [], MLP Mode: identity, Attn: [] Heads: {}",0.7541147132169576,0.0031147122186526285,1662
"Encoder: google/vit-base-patch16-224, Dataset: dermamnist, Block: [(3, 5)], Block Mode: identity, MLP: [], MLP Mode: identity, Attn: [] Heads: {}",0.7537822111388196,0.005045383509723549,1665
"Encoder: google/vit-base-patch16-224, Dataset: dermamnist, Block: [(4, 6)], Block Mode: identity, MLP: [], MLP Mode: identity, Attn: [] Heads: {}",0.7519534497090606,0.008260853365788743,1668
"Encoder: google/vit-base-patch16-224, Dataset: dermamnist, Block: [(5, 7)], Block Mode: identity, MLP: [], MLP Mode: identity, Attn: [] Heads: {}",0.7497921862011637,0.0061557800769987256,1671
"Encoder: google/vit-base-patch16-224, Dataset: dermamnist, Block: [(6, 8)], Block Mode: identity, MLP: [], MLP Mode: identity, Attn: [] Heads: {}",0.7501246882793017,0.010306223600883718,1674
"Encoder: google/vit-base-patch16-224, Dataset: dermamnist, Block: [(7, 9)], Block Mode: identity, MLP: [], MLP Mode: identity, Attn: [] Heads: {}",0.7562759767248545,0.006033332439442762,1677
"Encoder: google/vit-base-patch16-224, Dataset: dermamnist, Block: [(8, 10)], Block Mode: identity, MLP: [], MLP Mode: identity, Attn: [] Heads: {}",0.7665835411471322,0.0013195767137479208,1680
"Encoder: google/vit-base-patch16-224, Dataset: dermamnist, Block: [(9, 11)], Block Mode: identity, MLP: [], MLP Mode: identity, Attn: [] Heads: {}",0.7632585203657523,0.003320861904478506,1683
"Encoder: google/vit-base-patch16-224, Dataset: dermamnist, Block: [], Block Mode: linear, MLP: [], MLP Mode: identity, Attn: [] Heads: {}",0.7443059019118868,0.008439594444885836,1686
"Encoder: google/vit-base-patch16-224, Dataset: dermamnist, Block: [(0, 1)], Block Mode: linear, MLP: [], MLP Mode: identity, Attn: [] Heads: {}",0.7433083956774729,0.010078433626751575,1689
"Encoder: google/vit-base-patch16-224, Dataset: dermamnist, Block: [(1, 2)], Block Mode: linear, MLP: [], MLP Mode: identity, Attn: [] Heads: {}",0.7526184538653368,0.0022855739126961534,1692
"Encoder: google/vit-base-patch16-224, Dataset: dermamnist, Block: [(2, 3)], Block Mode: linear, MLP: [], MLP Mode: identity, Attn: [] Heads: {}",0.7517871986699918,0.014215192992921464,1695
"Encoder: google/vit-base-patch16-224, Dataset: dermamnist, Block: [(3, 4)], Block Mode: linear, MLP: [], MLP Mode: identity, Attn: [] Heads: {}",0.7547797173732335,0.00823068581511996,1698
"Encoder: google/vit-base-patch16-224, Dataset: dermamnist, Block: [(4, 5)], Block Mode: linear, MLP: [], MLP Mode: identity, Attn: [] Heads: {}",0.7469659185369908,0.006771541763729492,1701
"Encoder: google/vit-base-patch16-224, Dataset: dermamnist, Block: [(5, 6)], Block Mode: linear, MLP: [], MLP Mode: identity, Attn: [] Heads: {}",0.7496259351620947,0.003270542904888759,1704
"Encoder: google/vit-base-patch16-224, Dataset: dermamnist, Block: [(6, 7)], Block Mode: linear, MLP: [], MLP Mode: identity, Attn: [] Heads: {}",0.7502909393183708,0.006988478655688653,1707
"Encoder: google/vit-base-patch16-224, Dataset: dermamnist, Block: [(7, 8)], Block Mode: linear, MLP: [], MLP Mode: identity, Attn: [] Heads: {}",0.7479634247714048,0.007216137793586197,1710
"Encoder: google/vit-base-patch16-224, Dataset: dermamnist, Block: [(8, 9)], Block Mode: linear, MLP: [], MLP Mode: identity, Attn: [] Heads: {}",0.7579384871155445,0.003608068896793133,1713
"Encoder: google/vit-base-patch16-224, Dataset: dermamnist, Block: [(9, 10)], Block Mode: linear, MLP: [], MLP Mode: identity, Attn: [] Heads: {}",0.7463009143807149,0.003394942287059402,1716
"Encoder: google/vit-base-patch16-224, Dataset: dermamnist, Block: [(10, 11)], Block Mode: linear, MLP: [], MLP Mode: identity, Attn: [] Heads: {}",0.7534497090606816,0.00484415703552231,1719
"Encoder: google/vit-base-patch16-224, Dataset: dermamnist, Block: [(0, 2)], Block Mode: linear, MLP: [], MLP Mode: identity, Attn: [] Heads: {}",0.7546134663341646,0.005278306854991726,1722
"Encoder: google/vit-base-patch16-224, Dataset: dermamnist, Block: [(1, 3)], Block Mode: linear, MLP: [], MLP Mode: identity, Attn: [] Heads: {}",0.7617622610141312,0.007486836408444107,1725
"Encoder: google/vit-base-patch16-224, Dataset: dermamnist, Block: [(2, 4)], Block Mode: linear, MLP: [], MLP Mode: identity, Attn: [] Heads: {}",0.7562759767248545,0.0017515633836828672,1728
"Encoder: google/vit-base-patch16-224, Dataset: dermamnist, Block: [(3, 5)], Block Mode: linear, MLP: [], MLP Mode: identity, Attn: [] Heads: {}",0.7544472152950955,0.0032065339188671335,1731
"Encoder: google/vit-base-patch16-224, Dataset: dermamnist, Block: [(4, 6)], Block Mode: linear, MLP: [], MLP Mode: identity, Attn: [] Heads: {}",0.7554447215295096,0.01077045009924887,1734
"Encoder: google/vit-base-patch16-224, Dataset: dermamnist, Block: [(5, 7)], Block Mode: linear, MLP: [], MLP Mode: identity, Attn: [] Heads: {}",0.7566084788029924,0.003990024937655878,1737
"Encoder: google/vit-base-patch16-224, Dataset: dermamnist, Block: [(6, 8)], Block Mode: linear, MLP: [], MLP Mode: identity, Attn: [] Heads: {}",0.7567747298420615,0.013236548162502446,1740
"Encoder: google/vit-base-patch16-224, Dataset: dermamnist, Block: [(7, 9)], Block Mode: linear, MLP: [], MLP Mode: identity, Attn: [] Heads: {}",0.7584372402327514,0.004498004740970464,1743
"Encoder: google/vit-base-patch16-224, Dataset: dermamnist, Block: [(8, 10)], Block Mode: linear, MLP: [], MLP Mode: identity, Attn: [] Heads: {}",0.7591022443890273,0.005278306854991726,1746
"Encoder: google/vit-base-patch16-224, Dataset: dermamnist, Block: [(9, 11)], Block Mode: linear, MLP: [], MLP Mode: identity, Attn: [] Heads: {}",0.7660847880299251,0.0013195767137478946,1749
"Encoder: microsoft/rad-dino, Dataset: dermamnist, Block: [], Block Mode: identity, MLP: [], MLP Mode: identity, Attn: [] Heads: {}",0.7009143807148795,0.0074702051333868594,1752
"Encoder: microsoft/rad-dino, Dataset: dermamnist, Block: [(0, 1)], Block Mode: identity, MLP: [], MLP Mode: identity, Attn: [] Heads: {}",0.7012468827930175,0.005394839813661784,1755
"Encoder: microsoft/rad-dino, Dataset: dermamnist, Block: [(1, 2)], Block Mode: identity, MLP: [], MLP Mode: identity, Attn: [] Heads: {}",0.7062344139650873,0.0071931197515490534,1758
"Encoder: microsoft/rad-dino, Dataset: dermamnist, Block: [(2, 3)], Block Mode: identity, MLP: [], MLP Mode: identity, Attn: [] Heads: {}",0.7040731504571903,0.01004134255730114,1761
"Encoder: microsoft/rad-dino, Dataset: dermamnist, Block: [(3, 4)], Block Mode: identity, MLP: [], MLP Mode: identity, Attn: [] Heads: {}",0.7022443890274315,0.005394839813661877,1764
"Encoder: microsoft/rad-dino, Dataset: dermamnist, Block: [(4, 5)], Block Mode: identity, MLP: [], MLP Mode: identity, Attn: [] Heads: {}",0.7054031587697422,0.013976957311377334,1767
"Encoder: microsoft/rad-dino, Dataset: dermamnist, Block: [(5, 6)], Block Mode: identity, MLP: [], MLP Mode: identity, Attn: [] Heads: {}",0.7005818786367414,0.004525571933105993,1770
"Encoder: microsoft/rad-dino, Dataset: dermamnist, Block: [(6, 7)], Block Mode: identity, MLP: [], MLP Mode: identity, Attn: [] Heads: {}",0.7050706566916043,0.004498004740970503,1773
"Encoder: microsoft/rad-dino, Dataset: dermamnist, Block: [(7, 8)], Block Mode: identity, MLP: [], MLP Mode: identity, Attn: [] Heads: {}",0.7050706566916043,0.004895239190136452,1776
"Encoder: microsoft/rad-dino, Dataset: dermamnist, Block: [(8, 9)], Block Mode: identity, MLP: [], MLP Mode: identity, Attn: [] Heads: {}",0.6970906068162925,0.003320861904478551,1779
"Encoder: microsoft/rad-dino, Dataset: dermamnist, Block: [(9, 10)], Block Mode: identity, MLP: [], MLP Mode: identity, Attn: [] Heads: {}",0.7032418952618453,0.008823843397982133,1782
"Encoder: microsoft/rad-dino, Dataset: dermamnist, Block: [(10, 11)], Block Mode: identity, MLP: [], MLP Mode: identity, Attn: [] Heads: {}",0.6957605985037407,0.006982543640897696,1785
"Encoder: microsoft/rad-dino, Dataset: dermamnist, Block: [(0, 2)], Block Mode: identity, MLP: [], MLP Mode: identity, Attn: [] Heads: {}",0.7102244389027431,0.005486284289276777,1788
"Encoder: microsoft/rad-dino, Dataset: dermamnist, Block: [(1, 3)], Block Mode: identity, MLP: [], MLP Mode: identity, Attn: [] Heads: {}",0.7112219451371571,0.007347092200826095,1791
"Encoder: microsoft/rad-dino, Dataset: dermamnist, Block: [(2, 4)], Block Mode: identity, MLP: [], MLP Mode: identity, Attn: [] Heads: {}",0.7060681629260183,0.0015237159417974418,1794
"Encoder: microsoft/rad-dino, Dataset: dermamnist, Block: [(3, 5)], Block Mode: identity, MLP: [], MLP Mode: identity, Attn: [] Heads: {}",0.711055694098088,0.008996009481940924,1797
"Encoder: microsoft/rad-dino, Dataset: dermamnist, Block: [(4, 6)], Block Mode: identity, MLP: [], MLP Mode: identity, Attn: [] Heads: {}",0.7072319201995012,0.007547504214674092,1800
"Encoder: microsoft/rad-dino, Dataset: dermamnist, Block: [(5, 7)], Block Mode: identity, MLP: [], MLP Mode: identity, Attn: [] Heads: {}",0.7110556940980882,0.002076474812435059,1803
"Encoder: microsoft/rad-dino, Dataset: dermamnist, Block: [(6, 8)], Block Mode: identity, MLP: [], MLP Mode: identity, Attn: [] Heads: {}",0.6967581047381546,0.008026671790239892,1806
"Encoder: microsoft/rad-dino, Dataset: dermamnist, Block: [(7, 9)], Block Mode: identity, MLP: [], MLP Mode: identity, Attn: [] Heads: {}",0.7002493765586034,0.0013195767137479208,1809
"Encoder: microsoft/rad-dino, Dataset: dermamnist, Block: [(8, 10)], Block Mode: identity, MLP: [], MLP Mode: identity, Attn: [] Heads: {}",0.7034081463009144,0.012260943685780417,1812
"Encoder: microsoft/rad-dino, Dataset: dermamnist, Block: [(9, 11)], Block Mode: identity, MLP: [], MLP Mode: identity, Attn: [] Heads: {}",0.6947630922693268,0.016534248832170365,1815
"Encoder: microsoft/rad-dino, Dataset: dermamnist, Block: [], Block Mode: linear, MLP: [], MLP Mode: identity, Attn: [] Heads: {}",0.7009143807148795,0.0074702051333868594,1818
"Encoder: microsoft/rad-dino, Dataset: dermamnist, Block: [(0, 1)], Block Mode: linear, MLP: [], MLP Mode: identity, Attn: [] Heads: {}",0.7055694098088113,0.004525571933105942,1821
"Encoder: microsoft/rad-dino, Dataset: dermamnist, Block: [(1, 2)], Block Mode: linear, MLP: [], MLP Mode: identity, Attn: [] Heads: {}",0.7035743973399834,0.00709445994791419,1824
"Encoder: microsoft/rad-dino, Dataset: dermamnist, Block: [(2, 3)], Block Mode: linear, MLP: [], MLP Mode: identity, Attn: [] Heads: {}",0.7047381546134663,0.00850809082754713,1827
"Encoder: microsoft/rad-dino, Dataset: dermamnist, Block: [(3, 4)], Block Mode: linear, MLP: [], MLP Mode: identity, Attn: [] Heads: {}",0.7014131338320864,0.01046589575098062,1830
"Encoder: microsoft/rad-dino, Dataset: dermamnist, Block: [(4, 5)], Block Mode: linear, MLP: [], MLP Mode: identity, Attn: [] Heads: {}",0.7027431421446385,0.006856721738088527,1833
"Encoder: microsoft/rad-dino, Dataset: dermamnist, Block: [(5, 6)], Block Mode: linear, MLP: [], MLP Mode: identity, Attn: [] Heads: {}",0.7000831255195346,0.0033949422870593804,1836
"Encoder: microsoft/rad-dino, Dataset: dermamnist, Block: [(6, 7)], Block Mode: linear, MLP: [], MLP Mode: identity, Attn: [] Heads: {}",0.7029093931837074,0.007796092493894173,1839
"Encoder: microsoft/rad-dino, Dataset: dermamnist, Block: [(7, 8)], Block Mode: linear, MLP: [], MLP Mode: identity, Attn: [] Heads: {}",0.7035743973399834,0.010724158552199622,1842
"Encoder: microsoft/rad-dino, Dataset: dermamnist, Block: [(8, 9)], Block Mode: linear, MLP: [], MLP Mode: identity, Attn: [] Heads: {}",0.7034081463009144,0.007732013934652324,1845
"Encoder: microsoft/rad-dino, Dataset: dermamnist, Block: [(9, 10)], Block Mode: linear, MLP: [], MLP Mode: identity, Attn: [] Heads: {}",0.7034081463009144,0.007922694967543704,1848
"Encoder: microsoft/rad-dino, Dataset: dermamnist, Block: [(10, 11)], Block Mode: linear, MLP: [], MLP Mode: identity, Attn: [] Heads: {}",0.7027431421446385,0.009155890149967979,1851
"Encoder: microsoft/rad-dino, Dataset: dermamnist, Block: [(0, 2)], Block Mode: linear, MLP: [], MLP Mode: identity, Attn: [] Heads: {}",0.7097256857855362,0.007380872113191372,1854
"Encoder: microsoft/rad-dino, Dataset: dermamnist, Block: [(1, 3)], Block Mode: linear, MLP: [], MLP Mode: identity, Attn: [] Heads: {}",0.7102244389027431,0.009515603006652822,1857
"Encoder: microsoft/rad-dino, Dataset: dermamnist, Block: [(2, 4)], Block Mode: linear, MLP: [], MLP Mode: identity, Attn: [] Heads: {}",0.7098919368246052,0.013761730398387283,1860
"Encoder: microsoft/rad-dino, Dataset: dermamnist, Block: [(3, 5)], Block Mode: linear, MLP: [], MLP Mode: identity, Attn: [] Heads: {}",0.7034081463009144,0.010394346821174133,1863
"Encoder: microsoft/rad-dino, Dataset: dermamnist, Block: [(4, 6)], Block Mode: linear, MLP: [], MLP Mode: identity, Attn: [] Heads: {}",0.7042394014962593,0.007678206642563982,1866
"Encoder: microsoft/rad-dino, Dataset: dermamnist, Block: [(5, 7)], Block Mode: linear, MLP: [], MLP Mode: identity, Attn: [] Heads: {}",0.6997506234413965,0.010870072178405668,1869
"Encoder: microsoft/rad-dino, Dataset: dermamnist, Block: [(6, 8)], Block Mode: linear, MLP: [], MLP Mode: identity, Attn: [] Heads: {}",0.7012468827930175,0.0072448075044059795,1872
"Encoder: microsoft/rad-dino, Dataset: dermamnist, Block: [(7, 9)], Block Mode: linear, MLP: [], MLP Mode: identity, Attn: [] Heads: {}",0.7009143807148795,0.009480683244810145,1875
"Encoder: microsoft/rad-dino, Dataset: dermamnist, Block: [(8, 10)], Block Mode: linear, MLP: [], MLP Mode: identity, Attn: [] Heads: {}",0.7020781379883624,0.007732013934652353,1878
"Encoder: microsoft/rad-dino, Dataset: dermamnist, Block: [(9, 11)], Block Mode: linear, MLP: [], MLP Mode: identity, Attn: [] Heads: {}",0.7029093931837074,0.008108893365424617,1881
"Encoder: facebook/deit-base-patch16-224, Dataset: imagenet-1k, Block: [], Block Mode: identity, MLP: [], MLP Mode: identity, Attn: [] Heads: {}",0.7761999999999999,0.002264950330581196,1884
"Encoder: facebook/deit-base-patch16-224, Dataset: imagenet-1k, Block: [(0, 1)], Block Mode: identity, MLP: [], MLP Mode: identity, Attn: [] Heads: {}",0.7677333333333333,0.001365039681962868,1887
"Encoder: facebook/deit-base-patch16-224, Dataset: imagenet-1k, Block: [(1, 2)], Block Mode: identity, MLP: [], MLP Mode: identity, Attn: [] Heads: {}",0.7674666666666666,0.0010214368964029951,1890
"Encoder: facebook/deit-base-patch16-224, Dataset: imagenet-1k, Block: [(2, 3)], Block Mode: identity, MLP: [], MLP Mode: identity, Attn: [] Heads: {}",0.7627666666666667,0.00023094010767590498,1893
"Encoder: facebook/deit-base-patch16-224, Dataset: imagenet-1k, Block: [(3, 4)], Block Mode: identity, MLP: [], MLP Mode: identity, Attn: [] Heads: {}",0.7582,0.0009165151389911761,1896
"Encoder: facebook/deit-base-patch16-224, Dataset: imagenet-1k, Block: [(4, 5)], Block Mode: identity, MLP: [], MLP Mode: identity, Attn: [] Heads: {}",0.7669333333333332,0.001171893055416491,1899
"Encoder: facebook/deit-base-patch16-224, Dataset: imagenet-1k, Block: [(5, 6)], Block Mode: identity, MLP: [], MLP Mode: identity, Attn: [] Heads: {}",0.7637999999999999,0.002893095228297919,1902
"Encoder: facebook/deit-base-patch16-224, Dataset: imagenet-1k, Block: [(6, 7)], Block Mode: identity, MLP: [], MLP Mode: identity, Attn: [] Heads: {}",0.7557999999999999,0.002426932219902301,1905
"Encoder: facebook/deit-base-patch16-224, Dataset: imagenet-1k, Block: [(7, 8)], Block Mode: identity, MLP: [], MLP Mode: identity, Attn: [] Heads: {}",0.7463000000000001,0.0010816653826391854,1908
"Encoder: facebook/deit-base-patch16-224, Dataset: imagenet-1k, Block: [(8, 9)], Block Mode: identity, MLP: [], MLP Mode: identity, Attn: [] Heads: {}",0.7392333333333333,0.0012096831541082527,1911
"Encoder: facebook/deit-base-patch16-224, Dataset: imagenet-1k, Block: [(9, 10)], Block Mode: identity, MLP: [], MLP Mode: identity, Attn: [] Heads: {}",0.7321,0.0008185352771872633,1914
"Encoder: facebook/deit-base-patch16-224, Dataset: imagenet-1k, Block: [(10, 11)], Block Mode: identity, MLP: [], MLP Mode: identity, Attn: [] Heads: {}",0.753,0.0008185352771872633,1917
"Encoder: facebook/deit-base-patch16-224, Dataset: imagenet-1k, Block: [(0, 2)], Block Mode: identity, MLP: [], MLP Mode: identity, Attn: [] Heads: {}",0.7305666666666667,0.0010692676621563842,1920
"Encoder: facebook/deit-base-patch16-224, Dataset: imagenet-1k, Block: [(1, 3)], Block Mode: identity, MLP: [], MLP Mode: identity, Attn: [] Heads: {}",0.7265666666666667,0.0014224392195567716,1923
"Encoder: facebook/deit-base-patch16-224, Dataset: imagenet-1k, Block: [(2, 4)], Block Mode: identity, MLP: [], MLP Mode: identity, Attn: [] Heads: {}",0.7134,0.002088061301782058,1926
"Encoder: facebook/deit-base-patch16-224, Dataset: imagenet-1k, Block: [(3, 5)], Block Mode: identity, MLP: [], MLP Mode: identity, Attn: [] Heads: {}",0.7178666666666667,0.0020305992547356923,1929
"Encoder: facebook/deit-base-patch16-224, Dataset: imagenet-1k, Block: [(4, 6)], Block Mode: identity, MLP: [], MLP Mode: identity, Attn: [] Heads: {}",0.7026666666666667,0.000709459888459785,1932
"Encoder: facebook/deit-base-patch16-224, Dataset: imagenet-1k, Block: [(5, 7)], Block Mode: identity, MLP: [], MLP Mode: identity, Attn: [] Heads: {}",0.7035,0.00019999999999997797,1935
"Encoder: facebook/deit-base-patch16-224, Dataset: imagenet-1k, Block: [(6, 8)], Block Mode: identity, MLP: [], MLP Mode: identity, Attn: [] Heads: {}",0.6867000000000001,0.0031575306807693922,1938
"Encoder: facebook/deit-base-patch16-224, Dataset: imagenet-1k, Block: [(7, 9)], Block Mode: identity, MLP: [], MLP Mode: identity, Attn: [] Heads: {}",0.6619333333333334,0.0015044378795195995,1941
"Encoder: facebook/deit-base-patch16-224, Dataset: imagenet-1k, Block: [(8, 10)], Block Mode: identity, MLP: [], MLP Mode: identity, Attn: [] Heads: {}",0.6246333333333334,0.002100793500878488,1944
"Encoder: facebook/deit-base-patch16-224, Dataset: imagenet-1k, Block: [(9, 11)], Block Mode: identity, MLP: [], MLP Mode: identity, Attn: [] Heads: {}",0.6126,0.0027184554438136614,1947
"Encoder: facebook/deit-base-patch16-224, Dataset: imagenet-1k, Block: [], Block Mode: linear, MLP: [], MLP Mode: identity, Attn: [] Heads: {}",0.7761999999999999,0.002264950330581196,1950
"Encoder: facebook/deit-base-patch16-224, Dataset: imagenet-1k, Block: [(0, 1)], Block Mode: linear, MLP: [], MLP Mode: identity, Attn: [] Heads: {}",0.7532,0.0015099668870541712,1953
"Encoder: facebook/deit-base-patch16-224, Dataset: imagenet-1k, Block: [(1, 2)], Block Mode: linear, MLP: [], MLP Mode: identity, Attn: [] Heads: {}",0.7680000000000001,0.0007549834435271316,1956
"Encoder: facebook/deit-base-patch16-224, Dataset: imagenet-1k, Block: [(2, 3)], Block Mode: linear, MLP: [], MLP Mode: identity, Attn: [] Heads: {}",0.7637333333333333,0.002413158373031776,1959
"Encoder: facebook/deit-base-patch16-224, Dataset: imagenet-1k, Block: [(3, 4)], Block Mode: linear, MLP: [], MLP Mode: identity, Attn: [] Heads: {}",0.7685,0.0015716233645502082,1962
"Encoder: facebook/deit-base-patch16-224, Dataset: imagenet-1k, Block: [(4, 5)], Block Mode: linear, MLP: [], MLP Mode: identity, Attn: [] Heads: {}",0.7714666666666666,0.0009865765724632206,1965
"Encoder: facebook/deit-base-patch16-224, Dataset: imagenet-1k, Block: [(5, 6)], Block Mode: linear, MLP: [], MLP Mode: identity, Attn: [] Heads: {}",0.7641333333333332,0.002311565126344741,1968
"Encoder: facebook/deit-base-patch16-224, Dataset: imagenet-1k, Block: [(6, 7)], Block Mode: linear, MLP: [], MLP Mode: identity, Attn: [] Heads: {}",0.7567666666666666,0.0009451631252504685,1971
"Encoder: facebook/deit-base-patch16-224, Dataset: imagenet-1k, Block: [(7, 8)], Block Mode: linear, MLP: [], MLP Mode: identity, Attn: [] Heads: {}",0.7363,0.0020663978319772395,1974
"Encoder: facebook/deit-base-patch16-224, Dataset: imagenet-1k, Block: [(8, 9)], Block Mode: linear, MLP: [], MLP Mode: identity, Attn: [] Heads: {}",0.7082666666666667,0.001457166199626289,1977
"Encoder: facebook/deit-base-patch16-224, Dataset: imagenet-1k, Block: [(9, 10)], Block Mode: linear, MLP: [], MLP Mode: identity, Attn: [] Heads: {}",0.7075666666666667,0.004025336424863566,1980
"Encoder: facebook/deit-base-patch16-224, Dataset: imagenet-1k, Block: [(10, 11)], Block Mode: linear, MLP: [], MLP Mode: identity, Attn: [] Heads: {}",0.7501666666666668,0.0016802777548171651,1983
"Encoder: facebook/deit-base-patch16-224, Dataset: imagenet-1k, Block: [(0, 2)], Block Mode: linear, MLP: [], MLP Mode: identity, Attn: [] Heads: {}",0.7223333333333333,0.0024214320831552074,1986
"Encoder: facebook/deit-base-patch16-224, Dataset: imagenet-1k, Block: [(1, 3)], Block Mode: linear, MLP: [], MLP Mode: identity, Attn: [] Heads: {}",0.7301333333333333,0.0013650396819629444,1989
"Encoder: facebook/deit-base-patch16-224, Dataset: imagenet-1k, Block: [(2, 4)], Block Mode: linear, MLP: [], MLP Mode: identity, Attn: [] Heads: {}",0.7324333333333334,0.0016502525059314706,1992
"Encoder: facebook/deit-base-patch16-224, Dataset: imagenet-1k, Block: [(3, 5)], Block Mode: linear, MLP: [], MLP Mode: identity, Attn: [] Heads: {}",0.7371666666666666,0.0006027713773341527,1995
"Encoder: facebook/deit-base-patch16-224, Dataset: imagenet-1k, Block: [(4, 6)], Block Mode: linear, MLP: [], MLP Mode: identity, Attn: [] Heads: {}",0.7249,0.002594224354214577,1998
"Encoder: facebook/deit-base-patch16-224, Dataset: imagenet-1k, Block: [(5, 7)], Block Mode: linear, MLP: [], MLP Mode: identity, Attn: [] Heads: {}",0.6972999999999999,0.0003605551275463823,2001
"Encoder: facebook/deit-base-patch16-224, Dataset: imagenet-1k, Block: [(6, 8)], Block Mode: linear, MLP: [], MLP Mode: identity, Attn: [] Heads: {}",0.6503,0.0014730919862656535,2004
"Encoder: facebook/deit-base-patch16-224, Dataset: imagenet-1k, Block: [(7, 9)], Block Mode: linear, MLP: [], MLP Mode: identity, Attn: [] Heads: {}",0.5544333333333333,0.0020550750189064423,2007
"Encoder: facebook/deit-base-patch16-224, Dataset: imagenet-1k, Block: [(8, 10)], Block Mode: linear, MLP: [], MLP Mode: identity, Attn: [] Heads: {}",0.5408666666666667,0.0037072002014098397,2010
"Encoder: facebook/deit-base-patch16-224, Dataset: imagenet-1k, Block: [(9, 11)], Block Mode: linear, MLP: [], MLP Mode: identity, Attn: [] Heads: {}",0.5933666666666667,0.0008082903768654614,2013
"Encoder: facebook/deit-small-patch16-224, Dataset: cifar100, Block: [], Block Mode: identity, MLP: [], MLP Mode: identity, Attn: [] Heads: {}",0.7124666666666667,0.0004163331998932585,2016
"Encoder: facebook/deit-small-patch16-224, Dataset: cifar100, Block: [(0, 1)], Block Mode: identity, MLP: [], MLP Mode: identity, Attn: [] Heads: {}",0.5702666666666666,0.0006027713773341873,2019
"Encoder: facebook/deit-small-patch16-224, Dataset: cifar100, Block: [(1, 2)], Block Mode: identity, MLP: [], MLP Mode: identity, Attn: [] Heads: {}",0.6115333333333334,0.0006110100926607234,2022
"Encoder: facebook/deit-small-patch16-224, Dataset: cifar100, Block: [(2, 3)], Block Mode: identity, MLP: [], MLP Mode: identity, Attn: [] Heads: {}",0.6781,0.0016522711641858553,2025
"Encoder: facebook/deit-small-patch16-224, Dataset: cifar100, Block: [(3, 4)], Block Mode: identity, MLP: [], MLP Mode: identity, Attn: [] Heads: {}",0.6765,0.001352774925846832,2028
"Encoder: facebook/deit-small-patch16-224, Dataset: cifar100, Block: [(4, 5)], Block Mode: identity, MLP: [], MLP Mode: identity, Attn: [] Heads: {}",0.6742333333333334,0.002328805129961122,2031
"Encoder: facebook/deit-small-patch16-224, Dataset: cifar100, Block: [(5, 6)], Block Mode: identity, MLP: [], MLP Mode: identity, Attn: [] Heads: {}",0.6741,0.0008888194417315407,2034
"Encoder: facebook/deit-small-patch16-224, Dataset: cifar100, Block: [(6, 7)], Block Mode: identity, MLP: [], MLP Mode: identity, Attn: [] Heads: {}",0.6948666666666666,0.000763762615825968,2037
"Encoder: facebook/deit-small-patch16-224, Dataset: cifar100, Block: [(7, 8)], Block Mode: identity, MLP: [], MLP Mode: identity, Attn: [] Heads: {}",0.7071666666666667,0.0008144527815246976,2040
"Encoder: facebook/deit-small-patch16-224, Dataset: cifar100, Block: [(8, 9)], Block Mode: identity, MLP: [], MLP Mode: identity, Attn: [] Heads: {}",0.7185666666666667,0.0034385074281340984,2043
"Encoder: facebook/deit-small-patch16-224, Dataset: cifar100, Block: [(9, 10)], Block Mode: identity, MLP: [], MLP Mode: identity, Attn: [] Heads: {}",0.7193333333333333,0.0011239810200059093,2046
"Encoder: facebook/deit-small-patch16-224, Dataset: cifar100, Block: [(10, 11)], Block Mode: identity, MLP: [], MLP Mode: identity, Attn: [] Heads: {}",0.7221000000000001,0.0007000000000000339,2049
"Encoder: facebook/deit-small-patch16-224, Dataset: cifar100, Block: [(0, 2)], Block Mode: identity, MLP: [], MLP Mode: identity, Attn: [] Heads: {}",0.43123333333333336,0.0008621678104251546,2052
"Encoder: facebook/deit-small-patch16-224, Dataset: cifar100, Block: [(1, 3)], Block Mode: identity, MLP: [], MLP Mode: identity, Attn: [] Heads: {}",0.5017666666666667,0.0023713568549109717,2055
"Encoder: facebook/deit-small-patch16-224, Dataset: cifar100, Block: [(2, 4)], Block Mode: identity, MLP: [], MLP Mode: identity, Attn: [] Heads: {}",0.6112000000000001,0.002696293752542527,2058
"Encoder: facebook/deit-small-patch16-224, Dataset: cifar100, Block: [(3, 5)], Block Mode: identity, MLP: [], MLP Mode: identity, Attn: [] Heads: {}",0.5920000000000001,0.0015394804318340535,2061
"Encoder: facebook/deit-small-patch16-224, Dataset: cifar100, Block: [(4, 6)], Block Mode: identity, MLP: [], MLP Mode: identity, Attn: [] Heads: {}",0.6057333333333333,0.0008962886439832619,2064
"Encoder: facebook/deit-small-patch16-224, Dataset: cifar100, Block: [(5, 7)], Block Mode: identity, MLP: [], MLP Mode: identity, Attn: [] Heads: {}",0.6467666666666667,0.0002516611478424446,2067
"Encoder: facebook/deit-small-patch16-224, Dataset: cifar100, Block: [(6, 8)], Block Mode: identity, MLP: [], MLP Mode: identity, Attn: [] Heads: {}",0.6844,0.0028618176042507805,2070
"Encoder: facebook/deit-small-patch16-224, Dataset: cifar100, Block: [(7, 9)], Block Mode: identity, MLP: [], MLP Mode: identity, Attn: [] Heads: {}",0.7107666666666667,0.0021962088546705564,2073
"Encoder: facebook/deit-small-patch16-224, Dataset: cifar100, Block: [(8, 10)], Block Mode: identity, MLP: [], MLP Mode: identity, Attn: [] Heads: {}",0.7228,0.0029461839725312467,2076
"Encoder: facebook/deit-small-patch16-224, Dataset: cifar100, Block: [(9, 11)], Block Mode: identity, MLP: [], MLP Mode: identity, Attn: [] Heads: {}",0.7249666666666666,0.0013012814197295383,2079
"Encoder: facebook/deit-small-patch16-224, Dataset: cifar100, Block: [], Block Mode: linear, MLP: [], MLP Mode: identity, Attn: [] Heads: {}",0.7124666666666667,0.0004163331998932585,2082
"Encoder: facebook/deit-small-patch16-224, Dataset: cifar100, Block: [(0, 1)], Block Mode: linear, MLP: [], MLP Mode: identity, Attn: [] Heads: {}",0.6228333333333333,0.0011547005383792607,2085
"Encoder: facebook/deit-small-patch16-224, Dataset: cifar100, Block: [(1, 2)], Block Mode: linear, MLP: [], MLP Mode: identity, Attn: [] Heads: {}",0.6435,0.0010999999999999899,2088
"Encoder: facebook/deit-small-patch16-224, Dataset: cifar100, Block: [(2, 3)], Block Mode: linear, MLP: [], MLP Mode: identity, Attn: [] Heads: {}",0.6989666666666666,0.0012096831541082468,2091
"Encoder: facebook/deit-small-patch16-224, Dataset: cifar100, Block: [(3, 4)], Block Mode: linear, MLP: [], MLP Mode: identity, Attn: [] Heads: {}",0.7018666666666666,0.004219399641339199,2094
"Encoder: facebook/deit-small-patch16-224, Dataset: cifar100, Block: [(4, 5)], Block Mode: linear, MLP: [], MLP Mode: identity, Attn: [] Heads: {}",0.6953666666666667,0.0030501366089625095,2097
"Encoder: facebook/deit-small-patch16-224, Dataset: cifar100, Block: [(5, 6)], Block Mode: linear, MLP: [], MLP Mode: identity, Attn: [] Heads: {}",0.6871999999999999,0.002351595203261,2100
"Encoder: facebook/deit-small-patch16-224, Dataset: cifar100, Block: [(6, 7)], Block Mode: linear, MLP: [], MLP Mode: identity, Attn: [] Heads: {}",0.7071666666666667,0.0027537852736430526,2103
"Encoder: facebook/deit-small-patch16-224, Dataset: cifar100, Block: [(7, 8)], Block Mode: linear, MLP: [], MLP Mode: identity, Attn: [] Heads: {}",0.7083666666666667,0.000901849950564619,2106
"Encoder: facebook/deit-small-patch16-224, Dataset: cifar100, Block: [(8, 9)], Block Mode: linear, MLP: [], MLP Mode: identity, Attn: [] Heads: {}",0.7128333333333333,0.0026388128644020043,2109
"Encoder: facebook/deit-small-patch16-224, Dataset: cifar100, Block: [(9, 10)], Block Mode: linear, MLP: [], MLP Mode: identity, Attn: [] Heads: {}",0.7193666666666667,0.0032036437588054325,2112
"Encoder: facebook/deit-small-patch16-224, Dataset: cifar100, Block: [(10, 11)], Block Mode: linear, MLP: [], MLP Mode: identity, Attn: [] Heads: {}",0.7196333333333333,0.0005507570547286167,2115
"Encoder: facebook/deit-small-patch16-224, Dataset: cifar100, Block: [(0, 2)], Block Mode: linear, MLP: [], MLP Mode: identity, Attn: [] Heads: {}",0.48786666666666667,0.0006027713773341452,2118
"Encoder: facebook/deit-small-patch16-224, Dataset: cifar100, Block: [(1, 3)], Block Mode: linear, MLP: [], MLP Mode: identity, Attn: [] Heads: {}",0.6196333333333334,0.002050203241957569,2121
"Encoder: facebook/deit-small-patch16-224, Dataset: cifar100, Block: [(2, 4)], Block Mode: linear, MLP: [], MLP Mode: identity, Attn: [] Heads: {}",0.6667666666666667,0.002569695182961091,2124
"Encoder: facebook/deit-small-patch16-224, Dataset: cifar100, Block: [(3, 5)], Block Mode: linear, MLP: [], MLP Mode: identity, Attn: [] Heads: {}",0.6641666666666667,0.0034645827069552555,2127
"Encoder: facebook/deit-small-patch16-224, Dataset: cifar100, Block: [(4, 6)], Block Mode: linear, MLP: [], MLP Mode: identity, Attn: [] Heads: {}",0.6359333333333334,0.0015821925715074768,2130
"Encoder: facebook/deit-small-patch16-224, Dataset: cifar100, Block: [(5, 7)], Block Mode: linear, MLP: [], MLP Mode: identity, Attn: [] Heads: {}",0.6627,0.004371498598878847,2133
"Encoder: facebook/deit-small-patch16-224, Dataset: cifar100, Block: [(6, 8)], Block Mode: linear, MLP: [], MLP Mode: identity, Attn: [] Heads: {}",0.6881333333333334,0.0043154760262725834,2136
"Encoder: facebook/deit-small-patch16-224, Dataset: cifar100, Block: [(7, 9)], Block Mode: linear, MLP: [], MLP Mode: identity, Attn: [] Heads: {}",0.6969666666666666,0.002804163571073123,2139
"Encoder: facebook/deit-small-patch16-224, Dataset: cifar100, Block: [(8, 10)], Block Mode: linear, MLP: [], MLP Mode: identity, Attn: [] Heads: {}",0.7129333333333333,0.0032036437588055244,2142
"Encoder: facebook/deit-small-patch16-224, Dataset: cifar100, Block: [(9, 11)], Block Mode: linear, MLP: [], MLP Mode: identity, Attn: [] Heads: {}",0.7210666666666666,0.003288363321370268,2145
"Encoder: facebook/deit-base-patch16-224, Dataset: cifar100, Block: [], Block Mode: identity, MLP: [], MLP Mode: identity, Attn: [] Heads: {}",0.7554666666666666,0.001662327685305522,2148
"Encoder: facebook/deit-base-patch16-224, Dataset: cifar100, Block: [(0, 1)], Block Mode: identity, MLP: [], MLP Mode: identity, Attn: [] Heads: {}",0.7521333333333334,0.003955165398985626,2151
"Encoder: facebook/deit-base-patch16-224, Dataset: cifar100, Block: [(1, 2)], Block Mode: identity, MLP: [], MLP Mode: identity, Attn: [] Heads: {}",0.7385999999999999,0.0022113344387496275,2154
"Encoder: facebook/deit-base-patch16-224, Dataset: cifar100, Block: [(2, 3)], Block Mode: identity, MLP: [], MLP Mode: identity, Attn: [] Heads: {}",0.7386666666666666,0.003507610772781544,2157
"Encoder: facebook/deit-base-patch16-224, Dataset: cifar100, Block: [(3, 4)], Block Mode: identity, MLP: [], MLP Mode: identity, Attn: [] Heads: {}",0.7320000000000001,0.0035930488446442544,2160
"Encoder: facebook/deit-base-patch16-224, Dataset: cifar100, Block: [(4, 5)], Block Mode: identity, MLP: [], MLP Mode: identity, Attn: [] Heads: {}",0.7383333333333333,0.002470492528491703,2163
"Encoder: facebook/deit-base-patch16-224, Dataset: cifar100, Block: [(5, 6)], Block Mode: identity, MLP: [], MLP Mode: identity, Attn: [] Heads: {}",0.7275333333333333,0.005437217425607892,2166
"Encoder: facebook/deit-base-patch16-224, Dataset: cifar100, Block: [(6, 7)], Block Mode: identity, MLP: [], MLP Mode: identity, Attn: [] Heads: {}",0.7320666666666668,0.0028041635710731143,2169
"Encoder: facebook/deit-base-patch16-224, Dataset: cifar100, Block: [(7, 8)], Block Mode: identity, MLP: [], MLP Mode: identity, Attn: [] Heads: {}",0.739,0.0016093476939431515,2172
"Encoder: facebook/deit-base-patch16-224, Dataset: cifar100, Block: [(8, 9)], Block Mode: identity, MLP: [], MLP Mode: identity, Attn: [] Heads: {}",0.7474666666666666,0.00368284310463166,2175
"Encoder: facebook/deit-base-patch16-224, Dataset: cifar100, Block: [(9, 10)], Block Mode: identity, MLP: [], MLP Mode: identity, Attn: [] Heads: {}",0.7606999999999999,0.0013114877048604123,2178
"Encoder: facebook/deit-base-patch16-224, Dataset: cifar100, Block: [(10, 11)], Block Mode: identity, MLP: [], MLP Mode: identity, Attn: [] Heads: {}",0.7625333333333333,0.004027819923151135,2181
"Encoder: facebook/deit-base-patch16-224, Dataset: cifar100, Block: [(0, 2)], Block Mode: identity, MLP: [], MLP Mode: identity, Attn: [] Heads: {}",0.7061333333333334,0.0019553345834750647,2184
"Encoder: facebook/deit-base-patch16-224, Dataset: cifar100, Block: [(1, 3)], Block Mode: identity, MLP: [], MLP Mode: identity, Attn: [] Heads: {}",0.6551,0.003451086785347473,2187
"Encoder: facebook/deit-base-patch16-224, Dataset: cifar100, Block: [(2, 4)], Block Mode: identity, MLP: [], MLP Mode: identity, Attn: [] Heads: {}",0.6635666666666666,0.003429771615331462,2190
"Encoder: facebook/deit-base-patch16-224, Dataset: cifar100, Block: [(3, 5)], Block Mode: identity, MLP: [], MLP Mode: identity, Attn: [] Heads: {}",0.6587333333333333,0.003837099599089576,2193
"Encoder: facebook/deit-base-patch16-224, Dataset: cifar100, Block: [(4, 6)], Block Mode: identity, MLP: [], MLP Mode: identity, Attn: [] Heads: {}",0.6381333333333333,0.004852147290976745,2196
"Encoder: facebook/deit-base-patch16-224, Dataset: cifar100, Block: [(5, 7)], Block Mode: identity, MLP: [], MLP Mode: identity, Attn: [] Heads: {}",0.6536333333333334,0.003385754470326144,2199
"Encoder: facebook/deit-base-patch16-224, Dataset: cifar100, Block: [(6, 8)], Block Mode: identity, MLP: [], MLP Mode: identity, Attn: [] Heads: {}",0.6803666666666667,0.0037447741364911758,2202
"Encoder: facebook/deit-base-patch16-224, Dataset: cifar100, Block: [(7, 9)], Block Mode: identity, MLP: [], MLP Mode: identity, Attn: [] Heads: {}",0.7054333333333332,0.0031895663237082013,2205
"Encoder: facebook/deit-base-patch16-224, Dataset: cifar100, Block: [(8, 10)], Block Mode: identity, MLP: [], MLP Mode: identity, Attn: [] Heads: {}",0.7326,0.00036055512754644,2208
"Encoder: facebook/deit-base-patch16-224, Dataset: cifar100, Block: [(9, 11)], Block Mode: identity, MLP: [], MLP Mode: identity, Attn: [] Heads: {}",0.7454333333333333,0.0006658328118479813,2211
"Encoder: facebook/deit-base-patch16-224, Dataset: cifar100, Block: [], Block Mode: linear, MLP: [], MLP Mode: identity, Attn: [] Heads: {}",0.7554666666666666,0.001662327685305522,2214
"Encoder: facebook/deit-base-patch16-224, Dataset: cifar100, Block: [(0, 1)], Block Mode: linear, MLP: [], MLP Mode: identity, Attn: [] Heads: {}",0.7458666666666667,0.0025813433195399017,2217
"Encoder: facebook/deit-base-patch16-224, Dataset: cifar100, Block: [(1, 2)], Block Mode: linear, MLP: [], MLP Mode: identity, Attn: [] Heads: {}",0.7463333333333333,0.002709858544893645,2220
"Encoder: facebook/deit-base-patch16-224, Dataset: cifar100, Block: [(2, 3)], Block Mode: linear, MLP: [], MLP Mode: identity, Attn: [] Heads: {}",0.7335666666666668,0.0009073771725877609,2223
"Encoder: facebook/deit-base-patch16-224, Dataset: cifar100, Block: [(3, 4)], Block Mode: linear, MLP: [], MLP Mode: identity, Attn: [] Heads: {}",0.7312666666666666,0.0022368132093077506,2226
"Encoder: facebook/deit-base-patch16-224, Dataset: cifar100, Block: [(4, 5)], Block Mode: linear, MLP: [], MLP Mode: identity, Attn: [] Heads: {}",0.7308666666666667,0.0027970222261064093,2229
"Encoder: facebook/deit-base-patch16-224, Dataset: cifar100, Block: [(5, 6)], Block Mode: linear, MLP: [], MLP Mode: identity, Attn: [] Heads: {}",0.7320000000000001,0.0018999999999999829,2232
"Encoder: facebook/deit-base-patch16-224, Dataset: cifar100, Block: [(6, 7)], Block Mode: linear, MLP: [], MLP Mode: identity, Attn: [] Heads: {}",0.7384333333333334,0.005689756878227146,2235
"Encoder: facebook/deit-base-patch16-224, Dataset: cifar100, Block: [(7, 8)], Block Mode: linear, MLP: [], MLP Mode: identity, Attn: [] Heads: {}",0.7387333333333332,0.001607275126832139,2238
"Encoder: facebook/deit-base-patch16-224, Dataset: cifar100, Block: [(8, 9)], Block Mode: linear, MLP: [], MLP Mode: identity, Attn: [] Heads: {}",0.7442333333333333,0.003253203549323802,2241
"Encoder: facebook/deit-base-patch16-224, Dataset: cifar100, Block: [(9, 10)], Block Mode: linear, MLP: [], MLP Mode: identity, Attn: [] Heads: {}",0.7521,0.0021702534414211033,2244
"Encoder: facebook/deit-base-patch16-224, Dataset: cifar100, Block: [(10, 11)], Block Mode: linear, MLP: [], MLP Mode: identity, Attn: [] Heads: {}",0.7602000000000001,0.004471017781221654,2247
"Encoder: facebook/deit-base-patch16-224, Dataset: cifar100, Block: [(0, 2)], Block Mode: linear, MLP: [], MLP Mode: identity, Attn: [] Heads: {}",0.7204666666666667,0.004880915214724917,2250
"Encoder: facebook/deit-base-patch16-224, Dataset: cifar100, Block: [(1, 3)], Block Mode: linear, MLP: [], MLP Mode: identity, Attn: [] Heads: {}",0.6862666666666667,0.001792577287966495,2253
"Encoder: facebook/deit-base-patch16-224, Dataset: cifar100, Block: [(2, 4)], Block Mode: linear, MLP: [], MLP Mode: identity, Attn: [] Heads: {}",0.6816333333333334,0.0027465129406819347,2256
"Encoder: facebook/deit-base-patch16-224, Dataset: cifar100, Block: [(3, 5)], Block Mode: linear, MLP: [], MLP Mode: identity, Attn: [] Heads: {}",0.6767,0.004288356328478318,2259
"Encoder: facebook/deit-base-patch16-224, Dataset: cifar100, Block: [(4, 6)], Block Mode: linear, MLP: [], MLP Mode: identity, Attn: [] Heads: {}",0.6741,0.0023895606290697383,2262
"Encoder: facebook/deit-base-patch16-224, Dataset: cifar100, Block: [(5, 7)], Block Mode: linear, MLP: [], MLP Mode: identity, Attn: [] Heads: {}",0.6783333333333333,0.0005773502691896423,2265
"Encoder: facebook/deit-base-patch16-224, Dataset: cifar100, Block: [(6, 8)], Block Mode: linear, MLP: [], MLP Mode: identity, Attn: [] Heads: {}",0.6875333333333332,0.0013051181300300669,2268
"Encoder: facebook/deit-base-patch16-224, Dataset: cifar100, Block: [(7, 9)], Block Mode: linear, MLP: [], MLP Mode: identity, Attn: [] Heads: {}",0.7019000000000001,0.0031749015732775,2271
"Encoder: facebook/deit-base-patch16-224, Dataset: cifar100, Block: [(8, 10)], Block Mode: linear, MLP: [], MLP Mode: identity, Attn: [] Heads: {}",0.7141333333333333,0.0028919428302326047,2274
"Encoder: facebook/deit-base-patch16-224, Dataset: cifar100, Block: [(9, 11)], Block Mode: linear, MLP: [], MLP Mode: identity, Attn: [] Heads: {}",0.7352666666666666,0.004535783651513059,2277
"Encoder: microsoft/rad-dino, Dataset: cifar100, Block: [], Block Mode: identity, MLP: [], MLP Mode: identity, Attn: [] Heads: {}",0.2903,0.0024000000000000132,2280
"Encoder: microsoft/rad-dino, Dataset: cifar100, Block: [(0, 1)], Block Mode: identity, MLP: [], MLP Mode: identity, Attn: [] Heads: {}",0.2978,0.005381449618829492,2283
"Encoder: microsoft/rad-dino, Dataset: cifar100, Block: [(1, 2)], Block Mode: identity, MLP: [], MLP Mode: identity, Attn: [] Heads: {}",0.29586666666666667,0.0020404247923737364,2286
"Encoder: microsoft/rad-dino, Dataset: cifar100, Block: [(2, 3)], Block Mode: identity, MLP: [], MLP Mode: identity, Attn: [] Heads: {}",0.2976666666666667,0.007245228314783002,2289
"Encoder: microsoft/rad-dino, Dataset: cifar100, Block: [(3, 4)], Block Mode: identity, MLP: [], MLP Mode: identity, Attn: [] Heads: {}",0.29563333333333336,0.005229085324732551,2292
"Encoder: microsoft/rad-dino, Dataset: cifar100, Block: [(4, 5)], Block Mode: identity, MLP: [], MLP Mode: identity, Attn: [] Heads: {}",0.29309999999999997,0.003004995840263317,2295
"Encoder: microsoft/rad-dino, Dataset: cifar100, Block: [(5, 6)], Block Mode: identity, MLP: [], MLP Mode: identity, Attn: [] Heads: {}",0.2989,0.0038742741255621224,2298
"Encoder: microsoft/rad-dino, Dataset: cifar100, Block: [(6, 7)], Block Mode: identity, MLP: [], MLP Mode: identity, Attn: [] Heads: {}",0.3028666666666667,0.006553116307020123,2301
"Encoder: microsoft/rad-dino, Dataset: cifar100, Block: [(7, 8)], Block Mode: identity, MLP: [], MLP Mode: identity, Attn: [] Heads: {}",0.2919333333333333,0.002956912804486013,2304
"Encoder: microsoft/rad-dino, Dataset: cifar100, Block: [(8, 9)], Block Mode: identity, MLP: [], MLP Mode: identity, Attn: [] Heads: {}",0.3045,0.0008544003745317695,2307
"Encoder: microsoft/rad-dino, Dataset: cifar100, Block: [(9, 10)], Block Mode: identity, MLP: [], MLP Mode: identity, Attn: [] Heads: {}",0.2914666666666667,0.009421429473988163,2310
"Encoder: microsoft/rad-dino, Dataset: cifar100, Block: [(10, 11)], Block Mode: identity, MLP: [], MLP Mode: identity, Attn: [] Heads: {}",0.2908,0.01312745215188387,2313
"Encoder: microsoft/rad-dino, Dataset: cifar100, Block: [(0, 2)], Block Mode: identity, MLP: [], MLP Mode: identity, Attn: [] Heads: {}",0.3116333333333334,0.007405628490096791,2316
"Encoder: microsoft/rad-dino, Dataset: cifar100, Block: [(1, 3)], Block Mode: identity, MLP: [], MLP Mode: identity, Attn: [] Heads: {}",0.31096666666666667,0.004860384072615381,2319
"Encoder: microsoft/rad-dino, Dataset: cifar100, Block: [(2, 4)], Block Mode: identity, MLP: [], MLP Mode: identity, Attn: [] Heads: {}",0.30916666666666665,0.003987898360456701,2322
"Encoder: microsoft/rad-dino, Dataset: cifar100, Block: [(3, 5)], Block Mode: identity, MLP: [], MLP Mode: identity, Attn: [] Heads: {}",0.30206666666666665,0.006957250414735186,2325
"Encoder: microsoft/rad-dino, Dataset: cifar100, Block: [(4, 6)], Block Mode: identity, MLP: [], MLP Mode: identity, Attn: [] Heads: {}",0.31196666666666667,0.005351946686331367,2328
"Encoder: microsoft/rad-dino, Dataset: cifar100, Block: [(5, 7)], Block Mode: identity, MLP: [], MLP Mode: identity, Attn: [] Heads: {}",0.32023333333333337,0.008607167555783576,2331
"Encoder: microsoft/rad-dino, Dataset: cifar100, Block: [(6, 8)], Block Mode: identity, MLP: [], MLP Mode: identity, Attn: [] Heads: {}",0.3012333333333333,0.00760087714236543,2334
"Encoder: microsoft/rad-dino, Dataset: cifar100, Block: [(7, 9)], Block Mode: identity, MLP: [], MLP Mode: identity, Attn: [] Heads: {}",0.31493333333333334,0.0030730007050655413,2337
"Encoder: microsoft/rad-dino, Dataset: cifar100, Block: [(8, 10)], Block Mode: identity, MLP: [], MLP Mode: identity, Attn: [] Heads: {}",0.31020000000000003,0.00409511904588865,2340
"Encoder: microsoft/rad-dino, Dataset: cifar100, Block: [(9, 11)], Block Mode: identity, MLP: [], MLP Mode: identity, Attn: [] Heads: {}",0.3044,0.013672234638127032,2343
"Encoder: microsoft/rad-dino, Dataset: cifar100, Block: [], Block Mode: linear, MLP: [], MLP Mode: identity, Attn: [] Heads: {}",0.2903,0.0024000000000000132,2346
"Encoder: microsoft/rad-dino, Dataset: cifar100, Block: [(0, 1)], Block Mode: linear, MLP: [], MLP Mode: identity, Attn: [] Heads: {}",0.30143333333333333,0.0034195516275285715,2349
"Encoder: microsoft/rad-dino, Dataset: cifar100, Block: [(1, 2)], Block Mode: linear, MLP: [], MLP Mode: identity, Attn: [] Heads: {}",0.29623333333333335,0.002402776172125361,2352
"Encoder: microsoft/rad-dino, Dataset: cifar100, Block: [(2, 3)], Block Mode: linear, MLP: [], MLP Mode: identity, Attn: [] Heads: {}",0.2975666666666667,0.0071164129541036155,2355
"Encoder: microsoft/rad-dino, Dataset: cifar100, Block: [(3, 4)], Block Mode: linear, MLP: [], MLP Mode: identity, Attn: [] Heads: {}",0.2951333333333333,0.005723926391327319,2358
"Encoder: microsoft/rad-dino, Dataset: cifar100, Block: [(4, 5)], Block Mode: linear, MLP: [], MLP Mode: identity, Attn: [] Heads: {}",0.2946333333333333,0.005284253337353657,2361
"Encoder: microsoft/rad-dino, Dataset: cifar100, Block: [(5, 6)], Block Mode: linear, MLP: [], MLP Mode: identity, Attn: [] Heads: {}",0.29413333333333336,0.002274496281230909,2364
"Encoder: microsoft/rad-dino, Dataset: cifar100, Block: [(6, 7)], Block Mode: linear, MLP: [], MLP Mode: identity, Attn: [] Heads: {}",0.2919333333333333,0.007526840860104169,2367
"Encoder: microsoft/rad-dino, Dataset: cifar100, Block: [(7, 8)], Block Mode: linear, MLP: [], MLP Mode: identity, Attn: [] Heads: {}",0.28986666666666666,0.004996331987902072,2370
"Encoder: microsoft/rad-dino, Dataset: cifar100, Block: [(8, 9)], Block Mode: linear, MLP: [], MLP Mode: identity, Attn: [] Heads: {}",0.291,0.0028930952282978976,2373
"Encoder: microsoft/rad-dino, Dataset: cifar100, Block: [(9, 10)], Block Mode: linear, MLP: [], MLP Mode: identity, Attn: [] Heads: {}",0.2909333333333333,0.0022810816147900924,2376
"Encoder: microsoft/rad-dino, Dataset: cifar100, Block: [(10, 11)], Block Mode: linear, MLP: [], MLP Mode: identity, Attn: [] Heads: {}",0.2881,0.004731807265728389,2379
"Encoder: microsoft/rad-dino, Dataset: cifar100, Block: [(0, 2)], Block Mode: linear, MLP: [], MLP Mode: identity, Attn: [] Heads: {}",0.30560000000000004,0.0019078784028338674,2382
"Encoder: microsoft/rad-dino, Dataset: cifar100, Block: [(1, 3)], Block Mode: linear, MLP: [], MLP Mode: identity, Attn: [] Heads: {}",0.30086666666666667,0.004209908945967053,2385
"Encoder: microsoft/rad-dino, Dataset: cifar100, Block: [(2, 4)], Block Mode: linear, MLP: [], MLP Mode: identity, Attn: [] Heads: {}",0.30036666666666667,0.006700248751601161,2388
"Encoder: microsoft/rad-dino, Dataset: cifar100, Block: [(3, 5)], Block Mode: linear, MLP: [], MLP Mode: identity, Attn: [] Heads: {}",0.2972333333333333,0.005093459858812401,2391
"Encoder: microsoft/rad-dino, Dataset: cifar100, Block: [(4, 6)], Block Mode: linear, MLP: [], MLP Mode: identity, Attn: [] Heads: {}",0.3001666666666667,0.00253245598842967,2394
"Encoder: microsoft/rad-dino, Dataset: cifar100, Block: [(5, 7)], Block Mode: linear, MLP: [], MLP Mode: identity, Attn: [] Heads: {}",0.29683333333333334,0.004118656738954239,2397
"Encoder: microsoft/rad-dino, Dataset: cifar100, Block: [(6, 8)], Block Mode: linear, MLP: [], MLP Mode: identity, Attn: [] Heads: {}",0.29173333333333334,0.008730597535869668,2400
"Encoder: microsoft/rad-dino, Dataset: cifar100, Block: [(7, 9)], Block Mode: linear, MLP: [], MLP Mode: identity, Attn: [] Heads: {}",0.2871333333333333,0.005742241142039691,2403
"Encoder: microsoft/rad-dino, Dataset: cifar100, Block: [(8, 10)], Block Mode: linear, MLP: [], MLP Mode: identity, Attn: [] Heads: {}",0.2828333333333333,0.007883104295474792,2406
"Encoder: microsoft/rad-dino, Dataset: cifar100, Block: [(9, 11)], Block Mode: linear, MLP: [], MLP Mode: identity, Attn: [] Heads: {}",0.28826666666666667,0.003655589327773768,2409
"Encoder: facebook/deit-base-patch16-224, Dataset: pneumoniamnist, Block: [], Block Mode: identity, MLP: [], MLP Mode: identity, Attn: [] Heads: {}",0.8194444444444445,0.01668001602136326,2412
"Encoder: facebook/deit-base-patch16-224, Dataset: pneumoniamnist, Block: [(0, 1)], Block Mode: identity, MLP: [], MLP Mode: identity, Attn: [] Heads: {}",0.8205128205128206,0.02371578299190503,2415
"Encoder: facebook/deit-base-patch16-224, Dataset: pneumoniamnist, Block: [(1, 2)], Block Mode: identity, MLP: [], MLP Mode: identity, Attn: [] Heads: {}",0.8402777777777778,0.024636437088889327,2418
"Encoder: facebook/deit-base-patch16-224, Dataset: pneumoniamnist, Block: [(2, 3)], Block Mode: identity, MLP: [], MLP Mode: identity, Attn: [] Heads: {}",0.8253205128205128,0.006410256410256457,2421
"Encoder: facebook/deit-base-patch16-224, Dataset: pneumoniamnist, Block: [(3, 4)], Block Mode: identity, MLP: [], MLP Mode: identity, Attn: [] Heads: {}",0.8221153846153846,0.004807692307692291,2424
"Encoder: facebook/deit-base-patch16-224, Dataset: pneumoniamnist, Block: [(4, 5)], Block Mode: identity, MLP: [], MLP Mode: identity, Attn: [] Heads: {}",0.828525641025641,0.011556254088025643,2427
"Encoder: facebook/deit-base-patch16-224, Dataset: pneumoniamnist, Block: [(5, 6)], Block Mode: identity, MLP: [], MLP Mode: identity, Attn: [] Heads: {}",0.8023504273504273,0.012953371424126253,2430
"Encoder: facebook/deit-base-patch16-224, Dataset: pneumoniamnist, Block: [(6, 7)], Block Mode: identity, MLP: [], MLP Mode: identity, Attn: [] Heads: {}",0.8135683760683761,0.006067209771154117,2433
"Encoder: facebook/deit-base-patch16-224, Dataset: pneumoniamnist, Block: [(7, 8)], Block Mode: identity, MLP: [], MLP Mode: identity, Attn: [] Heads: {}",0.8322649572649573,0.025707712426316157,2436
"Encoder: facebook/deit-base-patch16-224, Dataset: pneumoniamnist, Block: [(8, 9)], Block Mode: identity, MLP: [], MLP Mode: identity, Attn: [] Heads: {}",0.8226495726495727,0.018574079755036017,2439
"Encoder: facebook/deit-base-patch16-224, Dataset: pneumoniamnist, Block: [(9, 10)], Block Mode: identity, MLP: [], MLP Mode: identity, Attn: [] Heads: {}",0.8189102564102564,0.024198187292534482,2442
"Encoder: facebook/deit-base-patch16-224, Dataset: pneumoniamnist, Block: [(10, 11)], Block Mode: identity, MLP: [], MLP Mode: identity, Attn: [] Heads: {}",0.8221153846153846,0.018481670824792948,2445
"Encoder: facebook/deit-base-patch16-224, Dataset: pneumoniamnist, Block: [(0, 2)], Block Mode: identity, MLP: [], MLP Mode: identity, Attn: [] Heads: {}",0.8360042735042735,0.02222504707554995,2448
"Encoder: facebook/deit-base-patch16-224, Dataset: pneumoniamnist, Block: [(1, 3)], Block Mode: identity, MLP: [], MLP Mode: identity, Attn: [] Heads: {}",0.8370726495726496,0.0120281306081172,2451
"Encoder: facebook/deit-base-patch16-224, Dataset: pneumoniamnist, Block: [(2, 4)], Block Mode: identity, MLP: [], MLP Mode: identity, Attn: [] Heads: {}",0.8258547008547009,0.021757918647880667,2454
"Encoder: facebook/deit-base-patch16-224, Dataset: pneumoniamnist, Block: [(3, 5)], Block Mode: identity, MLP: [], MLP Mode: identity, Attn: [] Heads: {}",0.8055555555555557,0.020668314233069612,2457
"Encoder: facebook/deit-base-patch16-224, Dataset: pneumoniamnist, Block: [(4, 6)], Block Mode: identity, MLP: [], MLP Mode: identity, Attn: [] Heads: {}",0.8103632478632479,0.014363600063834086,2460
"Encoder: facebook/deit-base-patch16-224, Dataset: pneumoniamnist, Block: [(5, 7)], Block Mode: identity, MLP: [], MLP Mode: identity, Attn: [] Heads: {}",0.8162393162393163,0.009252408160090124,2463
"Encoder: facebook/deit-base-patch16-224, Dataset: pneumoniamnist, Block: [(6, 8)], Block Mode: identity, MLP: [], MLP Mode: identity, Attn: [] Heads: {}",0.8504273504273504,0.008223720255523823,2466
"Encoder: facebook/deit-base-patch16-224, Dataset: pneumoniamnist, Block: [(7, 9)], Block Mode: identity, MLP: [], MLP Mode: identity, Attn: [] Heads: {}",0.844551282051282,0.013970829947245699,2469
"Encoder: facebook/deit-base-patch16-224, Dataset: pneumoniamnist, Block: [(8, 10)], Block Mode: identity, MLP: [], MLP Mode: identity, Attn: [] Heads: {}",0.8231837606837606,0.016680016021363243,2472
"Encoder: facebook/deit-base-patch16-224, Dataset: pneumoniamnist, Block: [(9, 11)], Block Mode: identity, MLP: [], MLP Mode: identity, Attn: [] Heads: {}",0.8130341880341879,0.013052127909049758,2475
"Encoder: facebook/deit-base-patch16-224, Dataset: pneumoniamnist, Block: [], Block Mode: linear, MLP: [], MLP Mode: identity, Attn: [] Heads: {}",0.8194444444444445,0.01668001602136326,2478
"Encoder: facebook/deit-base-patch16-224, Dataset: pneumoniamnist, Block: [(0, 1)], Block Mode: linear, MLP: [], MLP Mode: identity, Attn: [] Heads: {}",0.8258547008547009,0.013629648314287495,2481
"Encoder: facebook/deit-base-patch16-224, Dataset: pneumoniamnist, Block: [(1, 2)], Block Mode: linear, MLP: [], MLP Mode: identity, Attn: [] Heads: {}",0.8221153846153846,0.017845398598814184,2484
"Encoder: facebook/deit-base-patch16-224, Dataset: pneumoniamnist, Block: [(2, 3)], Block Mode: linear, MLP: [], MLP Mode: identity, Attn: [] Heads: {}",0.8210470085470085,0.02091535464791869,2487
"Encoder: facebook/deit-base-patch16-224, Dataset: pneumoniamnist, Block: [(3, 4)], Block Mode: linear, MLP: [], MLP Mode: identity, Attn: [] Heads: {}",0.8311965811965812,0.01728492487966181,2490
"Encoder: facebook/deit-base-patch16-224, Dataset: pneumoniamnist, Block: [(4, 5)], Block Mode: linear, MLP: [], MLP Mode: identity, Attn: [] Heads: {}",0.8386752136752137,0.025152259331182814,2493
"Encoder: facebook/deit-base-patch16-224, Dataset: pneumoniamnist, Block: [(5, 6)], Block Mode: linear, MLP: [], MLP Mode: identity, Attn: [] Heads: {}",0.8301282051282052,0.019692637383725183,2496
"Encoder: facebook/deit-base-patch16-224, Dataset: pneumoniamnist, Block: [(6, 7)], Block Mode: linear, MLP: [], MLP Mode: identity, Attn: [] Heads: {}",0.81517094017094,0.009112565229290555,2499
"Encoder: facebook/deit-base-patch16-224, Dataset: pneumoniamnist, Block: [(7, 8)], Block Mode: linear, MLP: [], MLP Mode: identity, Attn: [] Heads: {}",0.8242521367521367,0.014541300842752371,2502
"Encoder: facebook/deit-base-patch16-224, Dataset: pneumoniamnist, Block: [(8, 9)], Block Mode: linear, MLP: [], MLP Mode: identity, Attn: [] Heads: {}",0.8301282051282052,0.013970829947245779,2505
"Encoder: facebook/deit-base-patch16-224, Dataset: pneumoniamnist, Block: [(9, 10)], Block Mode: linear, MLP: [], MLP Mode: identity, Attn: [] Heads: {}",0.8151709401709403,0.01683328125703925,2508
"Encoder: facebook/deit-base-patch16-224, Dataset: pneumoniamnist, Block: [(10, 11)], Block Mode: linear, MLP: [], MLP Mode: identity, Attn: [] Heads: {}",0.8108974358974358,0.02156029494723355,2511
"Encoder: facebook/deit-base-patch16-224, Dataset: pneumoniamnist, Block: [(0, 2)], Block Mode: linear, MLP: [], MLP Mode: identity, Attn: [] Heads: {}",0.826923076923077,0.012516425762670955,2514
"Encoder: facebook/deit-base-patch16-224, Dataset: pneumoniamnist, Block: [(1, 3)], Block Mode: linear, MLP: [], MLP Mode: identity, Attn: [] Heads: {}",0.8354700854700855,0.0075734224779689585,2517
"Encoder: facebook/deit-base-patch16-224, Dataset: pneumoniamnist, Block: [(2, 4)], Block Mode: linear, MLP: [], MLP Mode: identity, Attn: [] Heads: {}",0.8397435897435898,0.0042399860754240085,2520
"Encoder: facebook/deit-base-patch16-224, Dataset: pneumoniamnist, Block: [(3, 5)], Block Mode: linear, MLP: [], MLP Mode: identity, Attn: [] Heads: {}",0.8237179487179488,0.015287487202194668,2523
"Encoder: facebook/deit-base-patch16-224, Dataset: pneumoniamnist, Block: [(4, 6)], Block Mode: linear, MLP: [], MLP Mode: identity, Attn: [] Heads: {}",0.8274572649572649,0.01898435432042401,2526
"Encoder: facebook/deit-base-patch16-224, Dataset: pneumoniamnist, Block: [(5, 7)], Block Mode: linear, MLP: [], MLP Mode: identity, Attn: [] Heads: {}",0.8173076923076924,0.015783425964416856,2529
"Encoder: facebook/deit-base-patch16-224, Dataset: pneumoniamnist, Block: [(6, 8)], Block Mode: linear, MLP: [], MLP Mode: identity, Attn: [] Heads: {}",0.8290598290598291,0.005151522842410827,2532
"Encoder: facebook/deit-base-patch16-224, Dataset: pneumoniamnist, Block: [(7, 9)], Block Mode: linear, MLP: [], MLP Mode: identity, Attn: [] Heads: {}",0.8376068376068376,0.014890341735861458,2535
"Encoder: facebook/deit-base-patch16-224, Dataset: pneumoniamnist, Block: [(8, 10)], Block Mode: linear, MLP: [], MLP Mode: identity, Attn: [] Heads: {}",0.8210470085470085,0.018574079755036013,2538
"Encoder: facebook/deit-base-patch16-224, Dataset: pneumoniamnist, Block: [(9, 11)], Block Mode: linear, MLP: [], MLP Mode: identity, Attn: [] Heads: {}",0.8002136752136751,0.0209153546479187,2541
"Encoder: google/vit-base-patch16-224, Dataset: imagenet-1k, Block: [], Block Mode: identity, MLP: [], MLP Mode: identity, Attn: [] Heads: {}",0.7687666666666667,0.002850146195080751,2544
"Encoder: google/vit-base-patch16-224, Dataset: imagenet-1k, Block: [(0, 1)], Block Mode: identity, MLP: [], MLP Mode: identity, Attn: [] Heads: {}",0.6485666666666666,0.0017925772879665244,2547
"Encoder: google/vit-base-patch16-224, Dataset: imagenet-1k, Block: [(1, 2)], Block Mode: identity, MLP: [], MLP Mode: identity, Attn: [] Heads: {}",0.7058,0.0013228756555322806,2550
"Encoder: google/vit-base-patch16-224, Dataset: imagenet-1k, Block: [(2, 3)], Block Mode: identity, MLP: [], MLP Mode: identity, Attn: [] Heads: {}",0.7365,0.002325940669922609,2553
"Encoder: google/vit-base-patch16-224, Dataset: imagenet-1k, Block: [(3, 4)], Block Mode: identity, MLP: [], MLP Mode: identity, Attn: [] Heads: {}",0.7372666666666666,0.001050396750439244,2556
"Encoder: google/vit-base-patch16-224, Dataset: imagenet-1k, Block: [(4, 5)], Block Mode: identity, MLP: [], MLP Mode: identity, Attn: [] Heads: {}",0.7344666666666667,0.00030550504633045864,2559
"Encoder: google/vit-base-patch16-224, Dataset: imagenet-1k, Block: [(5, 6)], Block Mode: identity, MLP: [], MLP Mode: identity, Attn: [] Heads: {}",0.7339333333333333,0.0017672954855748903,2562
"Encoder: google/vit-base-patch16-224, Dataset: imagenet-1k, Block: [(6, 7)], Block Mode: identity, MLP: [], MLP Mode: identity, Attn: [] Heads: {}",0.7284666666666667,0.003156474826975982,2565
"Encoder: google/vit-base-patch16-224, Dataset: imagenet-1k, Block: [(7, 8)], Block Mode: identity, MLP: [], MLP Mode: identity, Attn: [] Heads: {}",0.7157333333333332,0.003435597958628654,2568
"Encoder: google/vit-base-patch16-224, Dataset: imagenet-1k, Block: [(8, 9)], Block Mode: identity, MLP: [], MLP Mode: identity, Attn: [] Heads: {}",0.6894666666666667,0.0005686240703077774,2571
"Encoder: google/vit-base-patch16-224, Dataset: imagenet-1k, Block: [(9, 10)], Block Mode: identity, MLP: [], MLP Mode: identity, Attn: [] Heads: {}",0.714,0.0014106735979665895,2574
"Encoder: google/vit-base-patch16-224, Dataset: imagenet-1k, Block: [(10, 11)], Block Mode: identity, MLP: [], MLP Mode: identity, Attn: [] Heads: {}",0.7054999999999999,0.0042755116652864284,2577
"Encoder: google/vit-base-patch16-224, Dataset: imagenet-1k, Block: [(0, 2)], Block Mode: identity, MLP: [], MLP Mode: identity, Attn: [] Heads: {}",0.1574,0.0013856406460551075,2580
"Encoder: google/vit-base-patch16-224, Dataset: imagenet-1k, Block: [(1, 3)], Block Mode: identity, MLP: [], MLP Mode: identity, Attn: [] Heads: {}",0.46806666666666663,0.004562163229580172,2583
"Encoder: google/vit-base-patch16-224, Dataset: imagenet-1k, Block: [(2, 4)], Block Mode: identity, MLP: [], MLP Mode: identity, Attn: [] Heads: {}",0.6231333333333334,0.0011547005383792607,2586
"Encoder: google/vit-base-patch16-224, Dataset: imagenet-1k, Block: [(3, 5)], Block Mode: identity, MLP: [], MLP Mode: identity, Attn: [] Heads: {}",0.6213000000000001,0.002783882181414976,2589
"Encoder: google/vit-base-patch16-224, Dataset: imagenet-1k, Block: [(4, 6)], Block Mode: identity, MLP: [], MLP Mode: identity, Attn: [] Heads: {}",0.6415333333333333,0.0015307950004273296,2592
"Encoder: google/vit-base-patch16-224, Dataset: imagenet-1k, Block: [(5, 7)], Block Mode: identity, MLP: [], MLP Mode: identity, Attn: [] Heads: {}",0.6516666666666667,0.002396525262402477,2595
"Encoder: google/vit-base-patch16-224, Dataset: imagenet-1k, Block: [(6, 8)], Block Mode: identity, MLP: [], MLP Mode: identity, Attn: [] Heads: {}",0.6166333333333334,0.004410593308539483,2598
"Encoder: google/vit-base-patch16-224, Dataset: imagenet-1k, Block: [(7, 9)], Block Mode: identity, MLP: [], MLP Mode: identity, Attn: [] Heads: {}",0.5578666666666666,0.0030038863715748736,2601
"Encoder: google/vit-base-patch16-224, Dataset: imagenet-1k, Block: [(8, 10)], Block Mode: identity, MLP: [], MLP Mode: identity, Attn: [] Heads: {}",0.6237666666666667,0.0038527046776691155,2604
"Encoder: google/vit-base-patch16-224, Dataset: imagenet-1k, Block: [(9, 11)], Block Mode: identity, MLP: [], MLP Mode: identity, Attn: [] Heads: {}",0.5552,0.0,2607
"Encoder: google/vit-base-patch16-224, Dataset: imagenet-1k, Block: [], Block Mode: linear, MLP: [], MLP Mode: identity, Attn: [] Heads: {}",0.7687666666666667,0.002850146195080751,2610
"Encoder: google/vit-base-patch16-224, Dataset: imagenet-1k, Block: [(0, 1)], Block Mode: linear, MLP: [], MLP Mode: identity, Attn: [] Heads: {}",0.7013666666666666,0.002809507667427426,2613
"Encoder: google/vit-base-patch16-224, Dataset: imagenet-1k, Block: [(1, 2)], Block Mode: linear, MLP: [], MLP Mode: identity, Attn: [] Heads: {}",0.7424,0.0006082762530298302,2616
"Encoder: google/vit-base-patch16-224, Dataset: imagenet-1k, Block: [(2, 3)], Block Mode: linear, MLP: [], MLP Mode: identity, Attn: [] Heads: {}",0.7523,0.0022869193252058446,2619
"Encoder: google/vit-base-patch16-224, Dataset: imagenet-1k, Block: [(3, 4)], Block Mode: linear, MLP: [], MLP Mode: identity, Attn: [] Heads: {}",0.7384333333333334,0.0011015141094572335,2622
"Encoder: google/vit-base-patch16-224, Dataset: imagenet-1k, Block: [(4, 5)], Block Mode: linear, MLP: [], MLP Mode: identity, Attn: [] Heads: {}",0.7063333333333334,0.00015275252316517785,2625
"Encoder: google/vit-base-patch16-224, Dataset: imagenet-1k, Block: [(5, 6)], Block Mode: linear, MLP: [], MLP Mode: identity, Attn: [] Heads: {}",0.7390333333333334,0.0020404247923737277,2628
"Encoder: google/vit-base-patch16-224, Dataset: imagenet-1k, Block: [(6, 7)], Block Mode: linear, MLP: [], MLP Mode: identity, Attn: [] Heads: {}",0.7368333333333333,0.0022278539748675713,2631
"Encoder: google/vit-base-patch16-224, Dataset: imagenet-1k, Block: [(7, 8)], Block Mode: linear, MLP: [], MLP Mode: identity, Attn: [] Heads: {}",0.7255333333333334,0.002059935274064052,2634
"Encoder: google/vit-base-patch16-224, Dataset: imagenet-1k, Block: [(8, 9)], Block Mode: linear, MLP: [], MLP Mode: identity, Attn: [] Heads: {}",0.7041666666666666,0.0009073771725877833,2637
"Encoder: google/vit-base-patch16-224, Dataset: imagenet-1k, Block: [(9, 10)], Block Mode: linear, MLP: [], MLP Mode: identity, Attn: [] Heads: {}",0.6838666666666667,0.0015502687938977425,2640
"Encoder: google/vit-base-patch16-224, Dataset: imagenet-1k, Block: [(10, 11)], Block Mode: linear, MLP: [], MLP Mode: identity, Attn: [] Heads: {}",0.6828666666666666,0.005277625728803921,2643
"Encoder: google/vit-base-patch16-224, Dataset: imagenet-1k, Block: [(0, 2)], Block Mode: linear, MLP: [], MLP Mode: identity, Attn: [] Heads: {}",0.4461,0.0028792360097776044,2646
"Encoder: google/vit-base-patch16-224, Dataset: imagenet-1k, Block: [(1, 3)], Block Mode: linear, MLP: [], MLP Mode: identity, Attn: [] Heads: {}",0.6801333333333334,0.004162130864513224,2649
"Encoder: google/vit-base-patch16-224, Dataset: imagenet-1k, Block: [(2, 4)], Block Mode: linear, MLP: [], MLP Mode: identity, Attn: [] Heads: {}",0.6848000000000001,0.001587450786638695,2652
"Encoder: google/vit-base-patch16-224, Dataset: imagenet-1k, Block: [(3, 5)], Block Mode: linear, MLP: [], MLP Mode: identity, Attn: [] Heads: {}",0.5915333333333334,0.0020428737928059604,2655
"Encoder: google/vit-base-patch16-224, Dataset: imagenet-1k, Block: [(4, 6)], Block Mode: linear, MLP: [], MLP Mode: identity, Attn: [] Heads: {}",0.6111333333333334,0.0038591881702416337,2658
"Encoder: google/vit-base-patch16-224, Dataset: imagenet-1k, Block: [(5, 7)], Block Mode: linear, MLP: [], MLP Mode: identity, Attn: [] Heads: {}",0.6731333333333334,0.0013650396819628395,2661
"Encoder: google/vit-base-patch16-224, Dataset: imagenet-1k, Block: [(6, 8)], Block Mode: linear, MLP: [], MLP Mode: identity, Attn: [] Heads: {}",0.6486999999999999,0.002206807649071442,2664
"Encoder: google/vit-base-patch16-224, Dataset: imagenet-1k, Block: [(7, 9)], Block Mode: linear, MLP: [], MLP Mode: identity, Attn: [] Heads: {}",0.6126666666666667,0.0012662279942148563,2667
"Encoder: google/vit-base-patch16-224, Dataset: imagenet-1k, Block: [(8, 10)], Block Mode: linear, MLP: [], MLP Mode: identity, Attn: [] Heads: {}",0.5705,0.0017320508075688787,2670
"Encoder: google/vit-base-patch16-224, Dataset: imagenet-1k, Block: [(9, 11)], Block Mode: linear, MLP: [], MLP Mode: identity, Attn: [] Heads: {}",0.5064000000000001,0.0010148891565092428,2673
"Encoder: facebook/dinov2-base, Dataset: cifar100, Block: [], Block Mode: identity, MLP: [], MLP Mode: identity, Attn: [] Heads: {}",0.8721333333333333,0.0023671361036774773,2676
"Encoder: facebook/dinov2-base, Dataset: cifar100, Block: [(0, 1)], Block Mode: identity, MLP: [], MLP Mode: identity, Attn: [] Heads: {}",0.7963333333333334,0.0012055427546683163,2679
"Encoder: facebook/dinov2-base, Dataset: cifar100, Block: [(1, 2)], Block Mode: identity, MLP: [], MLP Mode: identity, Attn: [] Heads: {}",0.6561,0.008301807032206877,2682
"Encoder: facebook/dinov2-base, Dataset: cifar100, Block: [(2, 3)], Block Mode: identity, MLP: [], MLP Mode: identity, Attn: [] Heads: {}",0.47956666666666664,0.012850810609970603,2685
"Encoder: facebook/dinov2-base, Dataset: cifar100, Block: [(3, 4)], Block Mode: identity, MLP: [], MLP Mode: identity, Attn: [] Heads: {}",0.5648,0.0015716233645501764,2688
"Encoder: facebook/dinov2-base, Dataset: cifar100, Block: [(4, 5)], Block Mode: identity, MLP: [], MLP Mode: identity, Attn: [] Heads: {}",0.47879999999999995,0.004158124577258341,2691
"Encoder: facebook/dinov2-base, Dataset: cifar100, Block: [(5, 6)], Block Mode: identity, MLP: [], MLP Mode: identity, Attn: [] Heads: {}",0.48763333333333336,0.0006027713773341823,2694
"Encoder: facebook/dinov2-base, Dataset: cifar100, Block: [(6, 7)], Block Mode: identity, MLP: [], MLP Mode: identity, Attn: [] Heads: {}",0.5923666666666666,0.0025579940057266467,2697
"Encoder: facebook/dinov2-base, Dataset: cifar100, Block: [(7, 8)], Block Mode: identity, MLP: [], MLP Mode: identity, Attn: [] Heads: {}",0.7242999999999999,0.004059556626036892,2700
"Encoder: facebook/dinov2-base, Dataset: cifar100, Block: [(8, 9)], Block Mode: identity, MLP: [], MLP Mode: identity, Attn: [] Heads: {}",0.7814,0.002651414716712572,2703
"Encoder: facebook/dinov2-base, Dataset: cifar100, Block: [(9, 10)], Block Mode: identity, MLP: [], MLP Mode: identity, Attn: [] Heads: {}",0.8082333333333334,0.004821134029804005,2706
"Encoder: facebook/dinov2-base, Dataset: cifar100, Block: [(10, 11)], Block Mode: identity, MLP: [], MLP Mode: identity, Attn: [] Heads: {}",0.8417666666666666,0.004465795935030344,2709
"Encoder: facebook/dinov2-base, Dataset: cifar100, Block: [(0, 2)], Block Mode: identity, MLP: [], MLP Mode: identity, Attn: [] Heads: {}",0.4212,0.01656834330885255,2712
"Encoder: facebook/dinov2-base, Dataset: cifar100, Block: [(1, 3)], Block Mode: identity, MLP: [], MLP Mode: identity, Attn: [] Heads: {}",0.3945,0.0018027756377319846,2715
"Encoder: facebook/dinov2-base, Dataset: cifar100, Block: [(2, 4)], Block Mode: identity, MLP: [], MLP Mode: identity, Attn: [] Heads: {}",0.2994,0.016047741274085914,2718
"Encoder: facebook/dinov2-base, Dataset: cifar100, Block: [(3, 5)], Block Mode: identity, MLP: [], MLP Mode: identity, Attn: [] Heads: {}",0.3680666666666667,0.010851881557284575,2721
"Encoder: facebook/dinov2-base, Dataset: cifar100, Block: [(4, 6)], Block Mode: identity, MLP: [], MLP Mode: identity, Attn: [] Heads: {}",0.40506666666666663,0.0026159765544311155,2724
"Encoder: facebook/dinov2-base, Dataset: cifar100, Block: [(5, 7)], Block Mode: identity, MLP: [], MLP Mode: identity, Attn: [] Heads: {}",0.43063333333333337,0.006482540654198277,2727
"Encoder: facebook/dinov2-base, Dataset: cifar100, Block: [(6, 8)], Block Mode: identity, MLP: [], MLP Mode: identity, Attn: [] Heads: {}",0.6176666666666667,0.007300228306932116,2730
"Encoder: facebook/dinov2-base, Dataset: cifar100, Block: [(7, 9)], Block Mode: identity, MLP: [], MLP Mode: identity, Attn: [] Heads: {}",0.6764333333333333,0.0023158871590242937,2733
"Encoder: facebook/dinov2-base, Dataset: cifar100, Block: [(8, 10)], Block Mode: identity, MLP: [], MLP Mode: identity, Attn: [] Heads: {}",0.7391666666666667,0.00409918691124634,2736
"Encoder: facebook/dinov2-base, Dataset: cifar100, Block: [(9, 11)], Block Mode: identity, MLP: [], MLP Mode: identity, Attn: [] Heads: {}",0.7311,0.01179109833730515,2739
"Encoder: facebook/dinov2-base, Dataset: cifar100, Block: [], Block Mode: linear, MLP: [], MLP Mode: identity, Attn: [] Heads: {}",0.8721333333333333,0.0023671361036774773,2742
"Encoder: facebook/dinov2-base, Dataset: cifar100, Block: [(0, 1)], Block Mode: linear, MLP: [], MLP Mode: identity, Attn: [] Heads: {}",0.8630666666666666,0.0008504900548115806,2745
"Encoder: facebook/dinov2-base, Dataset: cifar100, Block: [(1, 2)], Block Mode: linear, MLP: [], MLP Mode: identity, Attn: [] Heads: {}",0.8535333333333334,0.0017616280348965385,2748
"Encoder: facebook/dinov2-base, Dataset: cifar100, Block: [(2, 3)], Block Mode: linear, MLP: [], MLP Mode: identity, Attn: [] Heads: {}",0.8574333333333334,0.004331666346030484,2751
"Encoder: facebook/dinov2-base, Dataset: cifar100, Block: [(3, 4)], Block Mode: linear, MLP: [], MLP Mode: identity, Attn: [] Heads: {}",0.8494666666666667,0.000960902353693304,2754
"Encoder: facebook/dinov2-base, Dataset: cifar100, Block: [(4, 5)], Block Mode: linear, MLP: [], MLP Mode: identity, Attn: [] Heads: {}",0.8500333333333333,0.0031564748269759524,2757
"Encoder: facebook/dinov2-base, Dataset: cifar100, Block: [(5, 6)], Block Mode: linear, MLP: [], MLP Mode: identity, Attn: [] Heads: {}",0.8508333333333334,0.003652852766446197,2760
"Encoder: facebook/dinov2-base, Dataset: cifar100, Block: [(6, 7)], Block Mode: linear, MLP: [], MLP Mode: identity, Attn: [] Heads: {}",0.8492666666666667,0.002577466456296394,2763
"Encoder: facebook/dinov2-base, Dataset: cifar100, Block: [(7, 8)], Block Mode: linear, MLP: [], MLP Mode: identity, Attn: [] Heads: {}",0.7750666666666667,0.005559076661940702,2766
"Encoder: facebook/dinov2-base, Dataset: cifar100, Block: [(8, 9)], Block Mode: linear, MLP: [], MLP Mode: identity, Attn: [] Heads: {}",0.847,0.0041581245772583895,2769
"Encoder: facebook/dinov2-base, Dataset: cifar100, Block: [(9, 10)], Block Mode: linear, MLP: [], MLP Mode: identity, Attn: [] Heads: {}",0.8396333333333333,0.0018903262505010545,2772
"Encoder: facebook/dinov2-base, Dataset: cifar100, Block: [(10, 11)], Block Mode: linear, MLP: [], MLP Mode: identity, Attn: [] Heads: {}",0.8311999999999999,0.0025632011235952254,2775
"Encoder: facebook/dinov2-base, Dataset: cifar100, Block: [(0, 2)], Block Mode: linear, MLP: [], MLP Mode: identity, Attn: [] Heads: {}",0.8261333333333334,0.0021733231083604387,2778
"Encoder: facebook/dinov2-base, Dataset: cifar100, Block: [(1, 3)], Block Mode: linear, MLP: [], MLP Mode: identity, Attn: [] Heads: {}",0.8353999999999999,0.003034798181098717,2781
"Encoder: facebook/dinov2-base, Dataset: cifar100, Block: [(2, 4)], Block Mode: linear, MLP: [], MLP Mode: identity, Attn: [] Heads: {}",0.8091333333333334,0.004052571200279339,2784
"Encoder: facebook/dinov2-base, Dataset: cifar100, Block: [(3, 5)], Block Mode: linear, MLP: [], MLP Mode: identity, Attn: [] Heads: {}",0.7830666666666667,0.0012220201853215258,2787
"Encoder: facebook/dinov2-base, Dataset: cifar100, Block: [(4, 6)], Block Mode: linear, MLP: [], MLP Mode: identity, Attn: [] Heads: {}",0.8212666666666667,0.002700617213403817,2790
"Encoder: facebook/dinov2-base, Dataset: cifar100, Block: [(5, 7)], Block Mode: linear, MLP: [], MLP Mode: identity, Attn: [] Heads: {}",0.8060333333333333,0.0018770544300401283,2793
"Encoder: facebook/dinov2-base, Dataset: cifar100, Block: [(6, 8)], Block Mode: linear, MLP: [], MLP Mode: identity, Attn: [] Heads: {}",0.6122,0.009042123644365846,2796
"Encoder: facebook/dinov2-base, Dataset: cifar100, Block: [(7, 9)], Block Mode: linear, MLP: [], MLP Mode: identity, Attn: [] Heads: {}",0.7778333333333333,0.00047258156262531257,2799
"Encoder: facebook/dinov2-base, Dataset: cifar100, Block: [(8, 10)], Block Mode: linear, MLP: [], MLP Mode: identity, Attn: [] Heads: {}",0.7911999999999999,0.008407139822793445,2802
"Encoder: facebook/dinov2-base, Dataset: cifar100, Block: [(9, 11)], Block Mode: linear, MLP: [], MLP Mode: identity, Attn: [] Heads: {}",0.7205666666666667,0.00911281149444739,2805
"Encoder: facebook/deit-small-patch16-224, Dataset: pneumoniamnist, Block: [], Block Mode: identity, MLP: [], MLP Mode: identity, Attn: [] Heads: {}",0.7857905982905983,0.008826234851420004,2808
"Encoder: facebook/deit-small-patch16-224, Dataset: pneumoniamnist, Block: [(0, 1)], Block Mode: identity, MLP: [], MLP Mode: identity, Attn: [] Heads: {}",0.7975427350427351,0.016447440511047764,2811
"Encoder: facebook/deit-small-patch16-224, Dataset: pneumoniamnist, Block: [(1, 2)], Block Mode: identity, MLP: [], MLP Mode: identity, Attn: [] Heads: {}",0.8178418803418803,0.001850481632018025,2814
"Encoder: facebook/deit-small-patch16-224, Dataset: pneumoniamnist, Block: [(2, 3)], Block Mode: identity, MLP: [], MLP Mode: identity, Attn: [] Heads: {}",0.8360042735042735,0.0033360032042726367,2817
"Encoder: facebook/deit-small-patch16-224, Dataset: pneumoniamnist, Block: [(3, 4)], Block Mode: identity, MLP: [], MLP Mode: identity, Attn: [] Heads: {}",0.7831196581196581,0.011593234195625336,2820
"Encoder: facebook/deit-small-patch16-224, Dataset: pneumoniamnist, Block: [(4, 5)], Block Mode: identity, MLP: [], MLP Mode: identity, Attn: [] Heads: {}",0.781517094017094,0.006672006408545273,2823
"Encoder: facebook/deit-small-patch16-224, Dataset: pneumoniamnist, Block: [(5, 6)], Block Mode: identity, MLP: [], MLP Mode: identity, Attn: [] Heads: {}",0.8146367521367521,0.0009252408160090123,2826
"Encoder: facebook/deit-small-patch16-224, Dataset: pneumoniamnist, Block: [(6, 7)], Block Mode: identity, MLP: [], MLP Mode: identity, Attn: [] Heads: {}",0.798076923076923,0.013878612240135297,2829
"Encoder: facebook/deit-small-patch16-224, Dataset: pneumoniamnist, Block: [(7, 8)], Block Mode: identity, MLP: [], MLP Mode: identity, Attn: [] Heads: {}",0.7938034188034188,0.004895914204012693,2832
"Encoder: facebook/deit-small-patch16-224, Dataset: pneumoniamnist, Block: [(8, 9)], Block Mode: identity, MLP: [], MLP Mode: identity, Attn: [] Heads: {}",0.7996794871794872,0.01545456852723227,2835
"Encoder: facebook/deit-small-patch16-224, Dataset: pneumoniamnist, Block: [(9, 10)], Block Mode: identity, MLP: [], MLP Mode: identity, Attn: [] Heads: {}",0.7948717948717948,0.009748016875477992,2838
"Encoder: facebook/deit-small-patch16-224, Dataset: pneumoniamnist, Block: [(10, 11)], Block Mode: identity, MLP: [], MLP Mode: identity, Attn: [] Heads: {}",0.7847222222222223,0.01765246970284004,2841
"Encoder: facebook/deit-small-patch16-224, Dataset: pneumoniamnist, Block: [(0, 2)], Block Mode: identity, MLP: [], MLP Mode: identity, Attn: [] Heads: {}",0.8231837606837606,0.0009252408160090123,2844
"Encoder: facebook/deit-small-patch16-224, Dataset: pneumoniamnist, Block: [(1, 3)], Block Mode: identity, MLP: [], MLP Mode: identity, Attn: [] Heads: {}",0.8365384615384616,0.01889395211947372,2847
"Encoder: facebook/deit-small-patch16-224, Dataset: pneumoniamnist, Block: [(2, 4)], Block Mode: identity, MLP: [], MLP Mode: identity, Attn: [] Heads: {}",0.8002136752136751,0.005151522842410799,2850
"Encoder: facebook/deit-small-patch16-224, Dataset: pneumoniamnist, Block: [(3, 5)], Block Mode: identity, MLP: [], MLP Mode: identity, Attn: [] Heads: {}",0.8141025641025642,0.004807692307692291,2853
"Encoder: facebook/deit-small-patch16-224, Dataset: pneumoniamnist, Block: [(4, 6)], Block Mode: identity, MLP: [], MLP Mode: identity, Attn: [] Heads: {}",0.8130341880341879,0.007573422477968897,2856
"Encoder: facebook/deit-small-patch16-224, Dataset: pneumoniamnist, Block: [(5, 7)], Block Mode: identity, MLP: [], MLP Mode: identity, Attn: [] Heads: {}",0.8167735042735043,0.006476685712063087,2859
"Encoder: facebook/deit-small-patch16-224, Dataset: pneumoniamnist, Block: [(6, 8)], Block Mode: identity, MLP: [], MLP Mode: identity, Attn: [] Heads: {}",0.797008547008547,0.009112565229290657,2862
"Encoder: facebook/deit-small-patch16-224, Dataset: pneumoniamnist, Block: [(7, 9)], Block Mode: identity, MLP: [], MLP Mode: identity, Attn: [] Heads: {}",0.7991452991452991,0.013439899172445709,2865
"Encoder: facebook/deit-small-patch16-224, Dataset: pneumoniamnist, Block: [(8, 10)], Block Mode: identity, MLP: [], MLP Mode: identity, Attn: [] Heads: {}",0.7948717948717948,0.0144230769230769,2868
"Encoder: facebook/deit-small-patch16-224, Dataset: pneumoniamnist, Block: [(9, 11)], Block Mode: identity, MLP: [], MLP Mode: identity, Attn: [] Heads: {}",0.7745726495726496,0.01871183748732581,2871
"Encoder: facebook/deit-small-patch16-224, Dataset: pneumoniamnist, Block: [], Block Mode: linear, MLP: [], MLP Mode: identity, Attn: [] Heads: {}",0.7857905982905983,0.008826234851420004,2874
"Encoder: facebook/deit-small-patch16-224, Dataset: pneumoniamnist, Block: [(0, 1)], Block Mode: linear, MLP: [], MLP Mode: identity, Attn: [] Heads: {}",0.8130341880341879,0.0033360032042726367,2877
"Encoder: facebook/deit-small-patch16-224, Dataset: pneumoniamnist, Block: [(1, 2)], Block Mode: linear, MLP: [], MLP Mode: identity, Attn: [] Heads: {}",0.8034188034188033,0.007226361783370075,2880
"Encoder: facebook/deit-small-patch16-224, Dataset: pneumoniamnist, Block: [(2, 3)], Block Mode: linear, MLP: [], MLP Mode: identity, Attn: [] Heads: {}",0.8087606837606837,0.010908428342234112,2883
"Encoder: facebook/deit-small-patch16-224, Dataset: pneumoniamnist, Block: [(3, 4)], Block Mode: linear, MLP: [], MLP Mode: identity, Attn: [] Heads: {}",0.7986111111111112,0.006067209771154225,2886
"Encoder: facebook/deit-small-patch16-224, Dataset: pneumoniamnist, Block: [(4, 5)], Block Mode: linear, MLP: [], MLP Mode: identity, Attn: [] Heads: {}",0.796474358974359,0.00892269929940715,2889
"Encoder: facebook/deit-small-patch16-224, Dataset: pneumoniamnist, Block: [(5, 6)], Block Mode: linear, MLP: [], MLP Mode: identity, Attn: [] Heads: {}",0.8007478632478632,0.0074019265280721785,2892
"Encoder: facebook/deit-small-patch16-224, Dataset: pneumoniamnist, Block: [(6, 7)], Block Mode: linear, MLP: [], MLP Mode: identity, Attn: [] Heads: {}",0.8060897435897436,0.008479972150848043,2895
"Encoder: facebook/deit-small-patch16-224, Dataset: pneumoniamnist, Block: [(7, 8)], Block Mode: linear, MLP: [], MLP Mode: identity, Attn: [] Heads: {}",0.7932692307692307,0.0042399860754240085,2898
"Encoder: facebook/deit-small-patch16-224, Dataset: pneumoniamnist, Block: [(8, 9)], Block Mode: linear, MLP: [], MLP Mode: identity, Attn: [] Heads: {}",0.8018162393162394,0.009112565229290657,2901
"Encoder: facebook/deit-small-patch16-224, Dataset: pneumoniamnist, Block: [(9, 10)], Block Mode: linear, MLP: [], MLP Mode: identity, Attn: [] Heads: {}",0.7799145299145298,0.01713569971404424,2904
"Encoder: facebook/deit-small-patch16-224, Dataset: pneumoniamnist, Block: [(10, 11)], Block Mode: linear, MLP: [], MLP Mode: identity, Attn: [] Heads: {}",0.7879273504273504,0.014890341735861484,2907
"Encoder: facebook/deit-small-patch16-224, Dataset: pneumoniamnist, Block: [(0, 2)], Block Mode: linear, MLP: [], MLP Mode: identity, Attn: [] Heads: {}",0.8189102564102564,0.0069854149736228496,2910
"Encoder: facebook/deit-small-patch16-224, Dataset: pneumoniamnist, Block: [(1, 3)], Block Mode: linear, MLP: [], MLP Mode: identity, Attn: [] Heads: {}",0.8007478632478633,0.0037009632640360736,2913
"Encoder: facebook/deit-small-patch16-224, Dataset: pneumoniamnist, Block: [(2, 4)], Block Mode: linear, MLP: [], MLP Mode: identity, Attn: [] Heads: {}",0.8018162393162394,0.006067209771154138,2916
"Encoder: facebook/deit-small-patch16-224, Dataset: pneumoniamnist, Block: [(3, 5)], Block Mode: linear, MLP: [], MLP Mode: identity, Attn: [] Heads: {}",0.7841880341880342,0.008826234851420004,2919
"Encoder: facebook/deit-small-patch16-224, Dataset: pneumoniamnist, Block: [(4, 6)], Block Mode: linear, MLP: [], MLP Mode: identity, Attn: [] Heads: {}",0.80982905982906,0.0033360032042726367,2922
"Encoder: facebook/deit-small-patch16-224, Dataset: pneumoniamnist, Block: [(5, 7)], Block Mode: linear, MLP: [], MLP Mode: identity, Attn: [] Heads: {}",0.8130341880341879,0.008826234851420004,2925
"Encoder: facebook/deit-small-patch16-224, Dataset: pneumoniamnist, Block: [(6, 8)], Block Mode: linear, MLP: [], MLP Mode: identity, Attn: [] Heads: {}",0.8060897435897436,0.005551444896054075,2928
"Encoder: facebook/deit-small-patch16-224, Dataset: pneumoniamnist, Block: [(7, 9)], Block Mode: linear, MLP: [], MLP Mode: identity, Attn: [] Heads: {}",0.7927350427350427,0.011369549494547437,2931
"Encoder: facebook/deit-small-patch16-224, Dataset: pneumoniamnist, Block: [(8, 10)], Block Mode: linear, MLP: [], MLP Mode: identity, Attn: [] Heads: {}",0.798076923076923,0.014687742612037924,2934
"Encoder: facebook/deit-small-patch16-224, Dataset: pneumoniamnist, Block: [(9, 11)], Block Mode: linear, MLP: [], MLP Mode: identity, Attn: [] Heads: {}",0.7686965811965812,0.01454130084275239,2937
"Encoder: facebook/dinov2-base, Dataset: pneumoniamnist, Block: [], Block Mode: identity, MLP: [], MLP Mode: identity, Attn: [] Heads: {}",0.8771367521367521,0.016985163563658857,2940
"Encoder: facebook/dinov2-base, Dataset: pneumoniamnist, Block: [(0, 1)], Block Mode: identity, MLP: [], MLP Mode: identity, Attn: [] Heads: {}",0.8333333333333334,0.014423076923076886,2943
"Encoder: facebook/dinov2-base, Dataset: pneumoniamnist, Block: [(1, 2)], Block Mode: identity, MLP: [], MLP Mode: identity, Attn: [] Heads: {}",0.8311965811965812,0.016680016021363243,2946
"Encoder: facebook/dinov2-base, Dataset: pneumoniamnist, Block: [(2, 3)], Block Mode: identity, MLP: [], MLP Mode: identity, Attn: [] Heads: {}",0.8568376068376068,0.03482889596731419,2949
"Encoder: facebook/dinov2-base, Dataset: pneumoniamnist, Block: [(3, 4)], Block Mode: identity, MLP: [], MLP Mode: identity, Attn: [] Heads: {}",0.8696581196581197,0.02590674284825245,2952
"Encoder: facebook/dinov2-base, Dataset: pneumoniamnist, Block: [(4, 5)], Block Mode: identity, MLP: [], MLP Mode: identity, Attn: [] Heads: {}",0.7873931623931624,0.04893290689916605,2955
"Encoder: facebook/dinov2-base, Dataset: pneumoniamnist, Block: [(5, 6)], Block Mode: identity, MLP: [], MLP Mode: identity, Attn: [] Heads: {}",0.8477564102564102,0.012719958226272103,2958
"Encoder: facebook/dinov2-base, Dataset: pneumoniamnist, Block: [(6, 7)], Block Mode: identity, MLP: [], MLP Mode: identity, Attn: [] Heads: {}",0.8723290598290597,0.013344012817090573,2961
"Encoder: facebook/dinov2-base, Dataset: pneumoniamnist, Block: [(7, 8)], Block Mode: identity, MLP: [], MLP Mode: identity, Attn: [] Heads: {}",0.861111111111111,0.007905260997301674,2964
"Encoder: facebook/dinov2-base, Dataset: pneumoniamnist, Block: [(8, 9)], Block Mode: identity, MLP: [], MLP Mode: identity, Attn: [] Heads: {}",0.8530982905982906,0.0082237202555239,2967
"Encoder: facebook/dinov2-base, Dataset: pneumoniamnist, Block: [(9, 10)], Block Mode: identity, MLP: [], MLP Mode: identity, Attn: [] Heads: {}",0.8867521367521367,0.009112565229290616,2970
"Encoder: facebook/dinov2-base, Dataset: pneumoniamnist, Block: [(10, 11)], Block Mode: identity, MLP: [], MLP Mode: identity, Attn: [] Heads: {}",0.8669871794871794,0.040888944942862424,2973
"Encoder: facebook/dinov2-base, Dataset: pneumoniamnist, Block: [(0, 2)], Block Mode: identity, MLP: [], MLP Mode: identity, Attn: [] Heads: {}",0.8221153846153846,0.036963341649585896,2976
"Encoder: facebook/dinov2-base, Dataset: pneumoniamnist, Block: [(1, 3)], Block Mode: identity, MLP: [], MLP Mode: identity, Attn: [] Heads: {}",0.826388888888889,0.023352022429908536,2979
"Encoder: facebook/dinov2-base, Dataset: pneumoniamnist, Block: [(2, 4)], Block Mode: identity, MLP: [], MLP Mode: identity, Attn: [] Heads: {}",0.8680555555555557,0.027117607150634746,2982
"Encoder: facebook/dinov2-base, Dataset: pneumoniamnist, Block: [(3, 5)], Block Mode: identity, MLP: [], MLP Mode: identity, Attn: [] Heads: {}",0.8402777777777778,0.03336003204272647,2985
"Encoder: facebook/dinov2-base, Dataset: pneumoniamnist, Block: [(4, 6)], Block Mode: identity, MLP: [], MLP Mode: identity, Attn: [] Heads: {}",0.859508547008547,0.016132124861689672,2988
"Encoder: facebook/dinov2-base, Dataset: pneumoniamnist, Block: [(5, 7)], Block Mode: identity, MLP: [], MLP Mode: identity, Attn: [] Heads: {}",0.859508547008547,0.040868003100288805,2991
"Encoder: facebook/dinov2-base, Dataset: pneumoniamnist, Block: [(6, 8)], Block Mode: identity, MLP: [], MLP Mode: identity, Attn: [] Heads: {}",0.8920940170940171,0.02318646839125078,2994
"Encoder: facebook/dinov2-base, Dataset: pneumoniamnist, Block: [(7, 9)], Block Mode: identity, MLP: [], MLP Mode: identity, Attn: [] Heads: {}",0.8648504273504273,0.02489568418318601,2997
"Encoder: facebook/dinov2-base, Dataset: pneumoniamnist, Block: [(8, 10)], Block Mode: identity, MLP: [], MLP Mode: identity, Attn: [] Heads: {}",0.8669871794871794,0.020016019225635902,3000
"Encoder: facebook/dinov2-base, Dataset: pneumoniamnist, Block: [(9, 11)], Block Mode: identity, MLP: [], MLP Mode: identity, Attn: [] Heads: {}",0.8541666666666666,0.0032051282051281937,3003
"Encoder: facebook/dinov2-base, Dataset: pneumoniamnist, Block: [], Block Mode: linear, MLP: [], MLP Mode: identity, Attn: [] Heads: {}",0.8771367521367521,0.016985163563658857,3006
"Encoder: facebook/dinov2-base, Dataset: pneumoniamnist, Block: [(0, 1)], Block Mode: linear, MLP: [], MLP Mode: identity, Attn: [] Heads: {}",0.8707264957264957,0.016052328206534985,3009
"Encoder: facebook/dinov2-base, Dataset: pneumoniamnist, Block: [(1, 2)], Block Mode: linear, MLP: [], MLP Mode: identity, Attn: [] Heads: {}",0.8755341880341879,0.004033031215422395,3012
"Encoder: facebook/dinov2-base, Dataset: pneumoniamnist, Block: [(2, 3)], Block Mode: linear, MLP: [], MLP Mode: identity, Attn: [] Heads: {}",0.8782051282051282,0.011217948717948678,3015
"Encoder: facebook/dinov2-base, Dataset: pneumoniamnist, Block: [(3, 4)], Block Mode: linear, MLP: [], MLP Mode: identity, Attn: [] Heads: {}",0.8728632478632479,0.006476685712063087,3018
"Encoder: facebook/dinov2-base, Dataset: pneumoniamnist, Block: [(4, 5)], Block Mode: linear, MLP: [], MLP Mode: identity, Attn: [] Heads: {}",0.8963675213675214,0.005151522842410748,3021
"Encoder: facebook/dinov2-base, Dataset: pneumoniamnist, Block: [(5, 6)], Block Mode: linear, MLP: [], MLP Mode: identity, Attn: [] Heads: {}",0.8600427350427351,0.010177648976099216,3024
"Encoder: facebook/dinov2-base, Dataset: pneumoniamnist, Block: [(6, 7)], Block Mode: linear, MLP: [], MLP Mode: identity, Attn: [] Heads: {}",0.8888888888888888,0.03210465641306993,3027
"Encoder: facebook/dinov2-base, Dataset: pneumoniamnist, Block: [(7, 8)], Block Mode: linear, MLP: [], MLP Mode: identity, Attn: [] Heads: {}",0.8589743589743589,0.032881866231864114,3030
"Encoder: facebook/dinov2-base, Dataset: pneumoniamnist, Block: [(8, 9)], Block Mode: linear, MLP: [], MLP Mode: identity, Attn: [] Heads: {}",0.8621794871794872,0.030909137054464624,3033
"Encoder: facebook/dinov2-base, Dataset: pneumoniamnist, Block: [(9, 10)], Block Mode: linear, MLP: [], MLP Mode: identity, Attn: [] Heads: {}",0.8733974358974358,0.03492707486811435,3036
"Encoder: facebook/dinov2-base, Dataset: pneumoniamnist, Block: [(10, 11)], Block Mode: linear, MLP: [], MLP Mode: identity, Attn: [] Heads: {}",0.8771367521367521,0.04348631835242376,3039
"Encoder: facebook/dinov2-base, Dataset: pneumoniamnist, Block: [(0, 2)], Block Mode: linear, MLP: [], MLP Mode: identity, Attn: [] Heads: {}",0.87767094017094,0.01067039762576822,3042
"Encoder: facebook/dinov2-base, Dataset: pneumoniamnist, Block: [(1, 3)], Block Mode: linear, MLP: [], MLP Mode: identity, Attn: [] Heads: {}",0.8733974358974358,0.0064102564102563875,3045
"Encoder: facebook/dinov2-base, Dataset: pneumoniamnist, Block: [(2, 4)], Block Mode: linear, MLP: [], MLP Mode: identity, Attn: [] Heads: {}",0.8584401709401709,0.013816791833736691,3048
"Encoder: facebook/dinov2-base, Dataset: pneumoniamnist, Block: [(3, 5)], Block Mode: linear, MLP: [], MLP Mode: identity, Attn: [] Heads: {}",0.8664529914529915,0.017135699714044286,3051
"Encoder: facebook/dinov2-base, Dataset: pneumoniamnist, Block: [(4, 6)], Block Mode: linear, MLP: [], MLP Mode: identity, Attn: [] Heads: {}",0.8766025641025642,0.0016025641025640969,3054
"Encoder: facebook/dinov2-base, Dataset: pneumoniamnist, Block: [(5, 7)], Block Mode: linear, MLP: [], MLP Mode: identity, Attn: [] Heads: {}",0.8712606837606837,0.010177648976099136,3057
"Encoder: facebook/dinov2-base, Dataset: pneumoniamnist, Block: [(6, 8)], Block Mode: linear, MLP: [], MLP Mode: identity, Attn: [] Heads: {}",0.8611111111111112,0.012853856213158118,3060
"Encoder: facebook/dinov2-base, Dataset: pneumoniamnist, Block: [(7, 9)], Block Mode: linear, MLP: [], MLP Mode: identity, Attn: [] Heads: {}",0.8926282051282052,0.04166666666666665,3063
"Encoder: facebook/dinov2-base, Dataset: pneumoniamnist, Block: [(8, 10)], Block Mode: linear, MLP: [], MLP Mode: identity, Attn: [] Heads: {}",0.8552350427350427,0.012028130608117225,3066
"Encoder: facebook/dinov2-base, Dataset: pneumoniamnist, Block: [(9, 11)], Block Mode: linear, MLP: [], MLP Mode: identity, Attn: [] Heads: {}",0.8717948717948718,0.01805998023971899,3069
"Encoder: microsoft/rad-dino, Dataset: pneumoniamnist, Block: [], Block Mode: identity, MLP: [], MLP Mode: identity, Attn: [] Heads: {}",0.8878205128205128,0.008479972150848043,3072
"Encoder: microsoft/rad-dino, Dataset: pneumoniamnist, Block: [(0, 1)], Block Mode: identity, MLP: [], MLP Mode: identity, Attn: [] Heads: {}",0.8942307692307692,0.0073438713060190305,3075
"Encoder: microsoft/rad-dino, Dataset: pneumoniamnist, Block: [(1, 2)], Block Mode: identity, MLP: [], MLP Mode: identity, Attn: [] Heads: {}",0.8819444444444443,0.0009252408160090124,3078
"Encoder: microsoft/rad-dino, Dataset: pneumoniamnist, Block: [(2, 3)], Block Mode: identity, MLP: [], MLP Mode: identity, Attn: [] Heads: {}",0.8835470085470085,0.009791828408025291,3081
"Encoder: microsoft/rad-dino, Dataset: pneumoniamnist, Block: [(3, 4)], Block Mode: identity, MLP: [], MLP Mode: identity, Attn: [] Heads: {}",0.8824786324786325,0.01362964831428745,3084
"Encoder: microsoft/rad-dino, Dataset: pneumoniamnist, Block: [(4, 5)], Block Mode: identity, MLP: [], MLP Mode: identity, Attn: [] Heads: {}",0.8867521367521367,0.0033360032042726367,3087
"Encoder: microsoft/rad-dino, Dataset: pneumoniamnist, Block: [(5, 6)], Block Mode: identity, MLP: [], MLP Mode: identity, Attn: [] Heads: {}",0.8803418803418803,0.018574079755036048,3090
"Encoder: microsoft/rad-dino, Dataset: pneumoniamnist, Block: [(6, 7)], Block Mode: identity, MLP: [], MLP Mode: identity, Attn: [] Heads: {}",0.8862179487179488,0.008327167344081184,3093
"Encoder: microsoft/rad-dino, Dataset: pneumoniamnist, Block: [(7, 8)], Block Mode: identity, MLP: [], MLP Mode: identity, Attn: [] Heads: {}",0.87232905982906,0.011369549494547375,3096
"Encoder: microsoft/rad-dino, Dataset: pneumoniamnist, Block: [(8, 9)], Block Mode: identity, MLP: [], MLP Mode: identity, Attn: [] Heads: {}",0.8883547008547009,0.009390168713273014,3099
"Encoder: microsoft/rad-dino, Dataset: pneumoniamnist, Block: [(9, 10)], Block Mode: identity, MLP: [], MLP Mode: identity, Attn: [] Heads: {}",0.8840811965811967,0.007226361783370075,3102
"Encoder: microsoft/rad-dino, Dataset: pneumoniamnist, Block: [(10, 11)], Block Mode: identity, MLP: [], MLP Mode: identity, Attn: [] Heads: {}",0.8846153846153846,0.011217948717948786,3105
"Encoder: microsoft/rad-dino, Dataset: pneumoniamnist, Block: [(0, 2)], Block Mode: identity, MLP: [], MLP Mode: identity, Attn: [] Heads: {}",0.8995726495726496,0.008223720255523804,3108
"Encoder: microsoft/rad-dino, Dataset: pneumoniamnist, Block: [(1, 3)], Block Mode: identity, MLP: [], MLP Mode: identity, Attn: [] Heads: {}",0.9001068376068376,0.006476685712063087,3111
"Encoder: microsoft/rad-dino, Dataset: pneumoniamnist, Block: [(2, 4)], Block Mode: identity, MLP: [], MLP Mode: identity, Attn: [] Heads: {}",0.8787393162393163,0.0056280201671221695,3114
"Encoder: microsoft/rad-dino, Dataset: pneumoniamnist, Block: [(3, 5)], Block Mode: identity, MLP: [], MLP Mode: identity, Attn: [] Heads: {}",0.8969017094017094,0.0033360032042726367,3117
"Encoder: microsoft/rad-dino, Dataset: pneumoniamnist, Block: [(4, 6)], Block Mode: identity, MLP: [], MLP Mode: identity, Attn: [] Heads: {}",0.8728632478632479,0.01843529265677077,3120
"Encoder: microsoft/rad-dino, Dataset: pneumoniamnist, Block: [(5, 7)], Block Mode: identity, MLP: [], MLP Mode: identity, Attn: [] Heads: {}",0.8856837606837606,0.011256040334244367,3123
"Encoder: microsoft/rad-dino, Dataset: pneumoniamnist, Block: [(6, 8)], Block Mode: identity, MLP: [], MLP Mode: identity, Attn: [] Heads: {}",0.8648504273504273,0.0121344195423083,3126
"Encoder: microsoft/rad-dino, Dataset: pneumoniamnist, Block: [(7, 9)], Block Mode: identity, MLP: [], MLP Mode: identity, Attn: [] Heads: {}",0.8744658119658121,0.01067039762576822,3129
"Encoder: microsoft/rad-dino, Dataset: pneumoniamnist, Block: [(8, 10)], Block Mode: identity, MLP: [], MLP Mode: identity, Attn: [] Heads: {}",0.87232905982906,0.004033031215422395,3132
"Encoder: microsoft/rad-dino, Dataset: pneumoniamnist, Block: [(9, 11)], Block Mode: identity, MLP: [], MLP Mode: identity, Attn: [] Heads: {}",0.8803418803418803,0.006476685712063087,3135
"Encoder: microsoft/rad-dino, Dataset: pneumoniamnist, Block: [], Block Mode: linear, MLP: [], MLP Mode: identity, Attn: [] Heads: {}",0.8878205128205128,0.008479972150848043,3138
"Encoder: microsoft/rad-dino, Dataset: pneumoniamnist, Block: [(0, 1)], Block Mode: linear, MLP: [], MLP Mode: identity, Attn: [] Heads: {}",0.8915598290598291,0.012953371424126201,3141
"Encoder: microsoft/rad-dino, Dataset: pneumoniamnist, Block: [(1, 2)], Block Mode: linear, MLP: [], MLP Mode: identity, Attn: [] Heads: {}",0.8830128205128206,0.011556254088025594,3144
"Encoder: microsoft/rad-dino, Dataset: pneumoniamnist, Block: [(2, 3)], Block Mode: linear, MLP: [], MLP Mode: identity, Attn: [] Heads: {}",0.8862179487179488,0.010008009612817937,3147
"Encoder: microsoft/rad-dino, Dataset: pneumoniamnist, Block: [(3, 4)], Block Mode: linear, MLP: [], MLP Mode: identity, Attn: [] Heads: {}",0.8856837606837606,0.006476685712063087,3150
"Encoder: microsoft/rad-dino, Dataset: pneumoniamnist, Block: [(4, 5)], Block Mode: linear, MLP: [], MLP Mode: identity, Attn: [] Heads: {}",0.8840811965811967,0.008826234851420083,3153
"Encoder: microsoft/rad-dino, Dataset: pneumoniamnist, Block: [(5, 6)], Block Mode: linear, MLP: [], MLP Mode: identity, Attn: [] Heads: {}",0.8814102564102564,0.011217948717948678,3156
"Encoder: microsoft/rad-dino, Dataset: pneumoniamnist, Block: [(6, 7)], Block Mode: linear, MLP: [], MLP Mode: identity, Attn: [] Heads: {}",0.8744658119658121,0.0056280201671221695,3159
"Encoder: microsoft/rad-dino, Dataset: pneumoniamnist, Block: [(7, 8)], Block Mode: linear, MLP: [], MLP Mode: identity, Attn: [] Heads: {}",0.8712606837606837,0.014001434211625164,3162
"Encoder: microsoft/rad-dino, Dataset: pneumoniamnist, Block: [(8, 9)], Block Mode: linear, MLP: [], MLP Mode: identity, Attn: [] Heads: {}",0.8803418803418803,0.006672006408545273,3165
"Encoder: microsoft/rad-dino, Dataset: pneumoniamnist, Block: [(9, 10)], Block Mode: linear, MLP: [], MLP Mode: identity, Attn: [] Heads: {}",0.8835470085470085,0.0072263617833700855,3168
"Encoder: microsoft/rad-dino, Dataset: pneumoniamnist, Block: [(10, 11)], Block Mode: linear, MLP: [], MLP Mode: identity, Attn: [] Heads: {}",0.8824786324786325,0.009659797713688629,3171
"Encoder: microsoft/rad-dino, Dataset: pneumoniamnist, Block: [(0, 2)], Block Mode: linear, MLP: [], MLP Mode: identity, Attn: [] Heads: {}",0.8846153846153846,0.01545456852723227,3174
"Encoder: microsoft/rad-dino, Dataset: pneumoniamnist, Block: [(1, 3)], Block Mode: linear, MLP: [], MLP Mode: identity, Attn: [] Heads: {}",0.8787393162393163,0.006476685712063087,3177
"Encoder: microsoft/rad-dino, Dataset: pneumoniamnist, Block: [(2, 4)], Block Mode: linear, MLP: [], MLP Mode: identity, Attn: [] Heads: {}",0.8728632478632479,0.006672006408545273,3180
"Encoder: microsoft/rad-dino, Dataset: pneumoniamnist, Block: [(3, 5)], Block Mode: linear, MLP: [], MLP Mode: identity, Attn: [] Heads: {}",0.8814102564102564,0.002775722448027037,3183
"Encoder: microsoft/rad-dino, Dataset: pneumoniamnist, Block: [(4, 6)], Block Mode: linear, MLP: [], MLP Mode: identity, Attn: [] Heads: {}",0.8771367521367521,0.0009252408160090123,3186
"Encoder: microsoft/rad-dino, Dataset: pneumoniamnist, Block: [(5, 7)], Block Mode: linear, MLP: [], MLP Mode: identity, Attn: [] Heads: {}",0.8760683760683761,0.007401926528072099,3189
"Encoder: microsoft/rad-dino, Dataset: pneumoniamnist, Block: [(6, 8)], Block Mode: linear, MLP: [], MLP Mode: identity, Attn: [] Heads: {}",0.8659188034188036,0.001850481632018025,3192
"Encoder: microsoft/rad-dino, Dataset: pneumoniamnist, Block: [(7, 9)], Block Mode: linear, MLP: [], MLP Mode: identity, Attn: [] Heads: {}",0.8685897435897436,0.0064102564102563875,3195
"Encoder: microsoft/rad-dino, Dataset: pneumoniamnist, Block: [(8, 10)], Block Mode: linear, MLP: [], MLP Mode: identity, Attn: [] Heads: {}",0.8851495726495727,0.008066062430844817,3198
"Encoder: microsoft/rad-dino, Dataset: pneumoniamnist, Block: [(9, 11)], Block Mode: linear, MLP: [], MLP Mode: identity, Attn: [] Heads: {}",0.8782051282051282,0.008922699299407054,3201
