model,dataset,approx_layer_str,translator_linear,accuracy_mean_linear,accuracy_std_linear,skip_distance,skip_count,first_skip,translator_identity,accuracy_mean_identity,accuracy_std_identity
facebook/deit-base-patch16-224,pneumoniamnist,[],linear,0.8194444444444445,0.01668001602136326,0,0,-1,identity,0.8194444444444445,0.01668001602136326
facebook/deit-base-patch16-224,imagenet-1k,[],linear,0.7761999999999999,0.002264950330581196,0,0,-1,identity,0.7761999999999999,0.002264950330581196
facebook/deit-base-patch16-224,cifar100,[],linear,0.7554666666666666,0.001662327685305522,0,0,-1,identity,0.7554666666666666,0.001662327685305522
facebook/deit-base-patch16-224,dermamnist,[],linear,0.7404821280133,0.0018882488265337652,0,0,-1,identity,0.7404821280133,0.0018882488265337652
facebook/deit-small-patch16-224,pneumoniamnist,[],linear,0.7857905982905983,0.008826234851420004,0,0,-1,identity,0.7857905982905983,0.008826234851420004
facebook/deit-small-patch16-224,imagenet-1k,[],linear,0.7374333333333333,0.0013650396819628716,0,0,-1,identity,0.7374333333333333,0.0013650396819628716
facebook/deit-small-patch16-224,dermamnist,[],linear,0.7245220282626766,0.0030474318835949227,0,0,-1,identity,0.7245220282626766,0.0030474318835949227
facebook/deit-small-patch16-224,cifar100,[],linear,0.7124666666666667,0.0004163331998932585,0,0,-1,identity,0.7124666666666667,0.0004163331998932585
facebook/dinov2-base,pneumoniamnist,[],linear,0.8771367521367521,0.016985163563658857,0,0,-1,identity,0.8771367521367521,0.016985163563658857
facebook/dinov2-base,cifar100,[],linear,0.8721333333333333,0.0023671361036774773,0,0,-1,identity,0.8721333333333333,0.0023671361036774773
facebook/dinov2-base,imagenet-1k,[],linear,0.74306,0.0034997142740515017,0,0,-1,identity,0.74306,0.0034997142740515017
facebook/dinov2-base,dermamnist,[],linear,0.7283458021612635,0.005780661230495,0,0,-1,identity,0.7283458021612635,0.005780661230495
google/vit-base-patch16-224,cifar100,[],linear,0.8315666666666667,0.0005033222956847256,0,0,-1,identity,0.8315666666666667,0.0005033222956847256
google/vit-base-patch16-224,pneumoniamnist,[],linear,0.8263888888888888,0.012853856213158108,0,0,-1,identity,0.8263888888888888,0.012853856213158108
google/vit-base-patch16-224,imagenet-1k,[],linear,0.7687666666666667,0.002850146195080751,0,0,-1,identity,0.7687666666666667,0.002850146195080751
google/vit-base-patch16-224,dermamnist,[],linear,0.7443059019118868,0.008439594444885836,0,0,-1,identity,0.7443059019118868,0.008439594444885836
google/vit-large-patch16-224,cifar100,[],linear,0.8637333333333334,0.002514623895005656,0,0,-1,identity,0.8637333333333334,0.002514623895005656
google/vit-large-patch16-224,pneumoniamnist,[],linear,0.8327991452991452,0.033321517465279255,0,0,-1,identity,0.8327991452991452,0.033321517465279255
google/vit-large-patch16-224,imagenet-1k,[],linear,0.7845666666666666,0.0015947831618541258,0,0,-1,identity,0.7845666666666666,0.0015947831618541258
google/vit-large-patch16-224,dermamnist,[],linear,0.7511221945137158,0.01018482686117808,0,0,-1,identity,0.7511221945137158,0.01018482686117808
microsoft/rad-dino,pneumoniamnist,[],linear,0.8878205128205128,0.008479972150848043,0,0,-1,identity,0.8878205128205128,0.008479972150848043
microsoft/rad-dino,dermamnist,[],linear,0.7009143807148795,0.0074702051333868594,0,0,-1,identity,0.7009143807148795,0.0074702051333868594
microsoft/rad-dino,cifar100,[],linear,0.2903,0.0024000000000000132,0,0,-1,identity,0.2903,0.0024000000000000132
microsoft/rad-dino,imagenet-1k,[],linear,0.07533333333333334,0.0015821925715074445,0,0,-1,identity,0.07533333333333334,0.0015821925715074445
facebook/deit-base-patch16-224,pneumoniamnist,"[(0, 1)]",linear,0.8258547008547009,0.013629648314287495,1,1,0,identity,0.8205128205128206,0.02371578299190503
facebook/deit-base-patch16-224,imagenet-1k,"[(0, 1)]",linear,0.7532,0.0015099668870541712,1,1,0,identity,0.7677333333333333,0.001365039681962868
facebook/deit-base-patch16-224,cifar100,"[(0, 1)]",linear,0.7458666666666667,0.0025813433195399017,1,1,0,identity,0.7521333333333334,0.003955165398985626
facebook/deit-base-patch16-224,dermamnist,"[(0, 1)]",linear,0.740814630091438,0.0015237159417974418,1,1,0,identity,0.744970906068163,0.0035031267673658727
facebook/deit-small-patch16-224,pneumoniamnist,"[(0, 1)]",linear,0.8130341880341879,0.0033360032042726367,1,1,0,identity,0.7975427350427351,0.016447440511047764
facebook/deit-small-patch16-224,dermamnist,"[(0, 1)]",linear,0.7371571072319202,0.004757801503326437,1,1,0,identity,0.7398171238570241,0.004920581408794275
facebook/deit-small-patch16-224,imagenet-1k,"[(0, 1)]",linear,0.6250333333333333,0.003234707611722196,1,1,0,identity,0.6401666666666667,0.0019008769905844462
facebook/deit-small-patch16-224,cifar100,"[(0, 1)]",linear,0.6228333333333333,0.0011547005383792607,1,1,0,identity,0.5702666666666666,0.0006027713773341873
facebook/dinov2-base,pneumoniamnist,"[(0, 1)]",linear,0.8707264957264957,0.016052328206534985,1,1,0,identity,0.8333333333333334,0.014423076923076886
facebook/dinov2-base,cifar100,"[(0, 1)]",linear,0.8630666666666666,0.0008504900548115806,1,1,0,identity,0.7963333333333334,0.0012055427546683163
facebook/dinov2-base,imagenet-1k,"[(0, 1)]",linear,0.7379800000000001,0.0036615570458481037,1,1,0,identity,0.6542600000000001,0.0036459566645806545
facebook/dinov2-base,dermamnist,"[(0, 1)]",linear,0.7258520365752287,0.01034637265669265,1,1,0,identity,0.7413133832086451,0.010127677080976246
google/vit-base-patch16-224,pneumoniamnist,"[(0, 1)]",linear,0.8221153846153846,0.019692637383725183,1,1,0,identity,0.8456196581196581,0.016369181032098907
google/vit-base-patch16-224,cifar100,"[(0, 1)]",linear,0.7600333333333333,0.004600362304572708,1,1,0,identity,0.5408,0.0025357444666211618
google/vit-base-patch16-224,dermamnist,"[(0, 1)]",linear,0.7433083956774729,0.010078433626751575,1,1,0,identity,0.7384871155444722,0.01454387807151539
google/vit-base-patch16-224,imagenet-1k,"[(0, 1)]",linear,0.7013666666666666,0.002809507667427426,1,1,0,identity,0.6485666666666666,0.0017925772879665244
google/vit-large-patch16-224,cifar100,"[(0, 1)]",linear,0.8399333333333333,0.001266227994214836,1,1,0,identity,0.7745000000000001,0.0036097091295560413
google/vit-large-patch16-224,pneumoniamnist,"[(0, 1)]",linear,0.8290598290598291,0.014541300842752377,1,1,0,identity,0.8055555555555555,0.016211528745185406
google/vit-large-patch16-224,imagenet-1k,"[(0, 1)]",linear,0.7659333333333334,0.0016258331197676569,1,1,0,identity,0.7620999999999999,0.003604164258187999
google/vit-large-patch16-224,dermamnist,"[(0, 1)]",linear,0.7582709891936825,0.009675467682095738,1,1,0,identity,0.7383208645054031,0.009546053014101823
microsoft/rad-dino,pneumoniamnist,"[(0, 1)]",linear,0.8915598290598291,0.012953371424126201,1,1,0,identity,0.8942307692307692,0.0073438713060190305
microsoft/rad-dino,dermamnist,"[(0, 1)]",linear,0.7055694098088113,0.004525571933105942,1,1,0,identity,0.7012468827930175,0.005394839813661784
microsoft/rad-dino,cifar100,"[(0, 1)]",linear,0.30143333333333333,0.0034195516275285715,1,1,0,identity,0.2978,0.005381449618829492
microsoft/rad-dino,imagenet-1k,"[(0, 1)]",linear,0.0767,0.0026627053911388696,1,1,0,identity,0.0784,0.0011357816691600505
facebook/deit-base-patch16-224,pneumoniamnist,"[(1, 2)]",linear,0.8221153846153846,0.017845398598814184,1,1,1,identity,0.8402777777777778,0.024636437088889327
facebook/deit-base-patch16-224,imagenet-1k,"[(1, 2)]",linear,0.7680000000000001,0.0007549834435271316,1,1,1,identity,0.7674666666666666,0.0010214368964029951
facebook/deit-base-patch16-224,cifar100,"[(1, 2)]",linear,0.7463333333333333,0.002709858544893645,1,1,1,identity,0.7385999999999999,0.0022113344387496275
facebook/deit-base-patch16-224,dermamnist,"[(1, 2)]",linear,0.744970906068163,0.0018882488265337825,1,1,1,identity,0.7443059019118868,0.003743418204221997
facebook/deit-small-patch16-224,pneumoniamnist,"[(1, 2)]",linear,0.8034188034188033,0.007226361783370075,1,1,1,identity,0.8178418803418803,0.001850481632018025
facebook/deit-small-patch16-224,dermamnist,"[(1, 2)]",linear,0.7240232751454697,0.0020156867253503623,1,1,1,identity,0.742643391521197,0.004319328697179233
facebook/deit-small-patch16-224,imagenet-1k,"[(1, 2)]",linear,0.7047666666666667,0.002098412098071566,1,1,1,identity,0.6879666666666666,0.0026350205565295005
facebook/deit-small-patch16-224,cifar100,"[(1, 2)]",linear,0.6435,0.0010999999999999899,1,1,1,identity,0.6115333333333334,0.0006110100926607234
facebook/dinov2-base,pneumoniamnist,"[(1, 2)]",linear,0.8755341880341879,0.004033031215422395,1,1,1,identity,0.8311965811965812,0.016680016021363243
facebook/dinov2-base,cifar100,"[(1, 2)]",linear,0.8535333333333334,0.0017616280348965385,1,1,1,identity,0.6561,0.008301807032206877
facebook/dinov2-base,dermamnist,"[(1, 2)]",linear,0.7356608478802992,0.010012398952560923,1,1,1,identity,0.7321695760598503,0.01648150787217791
facebook/dinov2-base,imagenet-1k,"[(1, 2)]",linear,0.72404,0.0027190071717448474,1,1,1,identity,0.5778800000000001,0.0032213351269310903
google/vit-base-patch16-224,pneumoniamnist,"[(1, 2)]",linear,0.8327991452991453,0.017869368251792448,1,1,1,identity,0.8386752136752137,0.00806606243084479
google/vit-base-patch16-224,cifar100,"[(1, 2)]",linear,0.8030666666666666,0.002020725942163677,1,1,1,identity,0.7127666666666667,0.0014468356276140615
google/vit-base-patch16-224,dermamnist,"[(1, 2)]",linear,0.7526184538653368,0.0022855739126961534,1,1,1,identity,0.7499584372402328,0.003608068896793098
google/vit-base-patch16-224,imagenet-1k,"[(1, 2)]",linear,0.7424,0.0006082762530298302,1,1,1,identity,0.7058,0.0013228756555322806
google/vit-large-patch16-224,cifar100,"[(1, 2)]",linear,0.8535,0.0014730919862656214,1,1,1,identity,0.7910333333333334,0.0011590225767142566
google/vit-large-patch16-224,pneumoniamnist,"[(1, 2)]",linear,0.8199786324786325,0.021875635928892415,1,1,1,identity,0.8162393162393163,0.03206463397106606
google/vit-large-patch16-224,imagenet-1k,"[(1, 2)]",linear,0.7741333333333333,0.000971253485622226,1,1,1,identity,0.7665333333333333,0.0033020195840323865
google/vit-large-patch16-224,dermamnist,"[(1, 2)]",linear,0.7569409808811306,0.005238886535856597,1,1,1,identity,0.7401496259351621,0.007790772744046556
microsoft/rad-dino,pneumoniamnist,"[(1, 2)]",linear,0.8830128205128206,0.011556254088025594,1,1,1,identity,0.8819444444444443,0.0009252408160090124
microsoft/rad-dino,dermamnist,"[(1, 2)]",linear,0.7035743973399834,0.00709445994791419,1,1,1,identity,0.7062344139650873,0.0071931197515490534
microsoft/rad-dino,cifar100,"[(1, 2)]",linear,0.29623333333333335,0.002402776172125361,1,1,1,identity,0.29586666666666667,0.0020404247923737364
microsoft/rad-dino,imagenet-1k,"[(1, 2)]",linear,0.0783,0.002042057785666212,1,1,1,identity,0.08053333333333333,0.0007767453465154079
facebook/deit-base-patch16-224,pneumoniamnist,"[(2, 3)]",linear,0.8210470085470085,0.02091535464791869,1,1,2,identity,0.8253205128205128,0.006410256410256457
facebook/deit-base-patch16-224,imagenet-1k,"[(2, 3)]",linear,0.7637333333333333,0.002413158373031776,1,1,2,identity,0.7627666666666667,0.00023094010767590498
facebook/deit-base-patch16-224,dermamnist,"[(2, 3)]",linear,0.744139650872818,0.0017277314788716738,1,1,2,identity,0.7318370739817124,0.0032450908222681715
facebook/deit-base-patch16-224,cifar100,"[(2, 3)]",linear,0.7335666666666668,0.0009073771725877609,1,1,2,identity,0.7386666666666666,0.003507610772781544
facebook/deit-small-patch16-224,pneumoniamnist,"[(2, 3)]",linear,0.8087606837606837,0.010908428342234112,1,1,2,identity,0.8360042735042735,0.0033360032042726367
facebook/deit-small-patch16-224,imagenet-1k,"[(2, 3)]",linear,0.7312,0.0015620499351812708,1,1,2,identity,0.7051,0.00036055512754638614
facebook/deit-small-patch16-224,dermamnist,"[(2, 3)]",linear,0.7286783042394015,0.0034912718204488558,1,1,2,identity,0.7200332502078138,0.002015686725350273
facebook/deit-small-patch16-224,cifar100,"[(2, 3)]",linear,0.6989666666666666,0.0012096831541082468,1,1,2,identity,0.6781,0.0016522711641858553
facebook/dinov2-base,pneumoniamnist,"[(2, 3)]",linear,0.8782051282051282,0.011217948717948678,1,1,2,identity,0.8568376068376068,0.03482889596731419
facebook/dinov2-base,cifar100,"[(2, 3)]",linear,0.8574333333333334,0.004331666346030484,1,1,2,identity,0.47956666666666664,0.012850810609970603
facebook/dinov2-base,imagenet-1k,"[(2, 3)]",linear,0.73332,0.004564756291413608,1,1,2,identity,0.49196,0.002990484910512024
facebook/dinov2-base,dermamnist,"[(2, 3)]",linear,0.7285120532003324,0.009228055917790818,1,1,2,identity,0.7461346633416458,0.008026671790239961
google/vit-base-patch16-224,pneumoniamnist,"[(2, 3)]",linear,0.8365384615384616,0.009748016875477881,1,1,2,identity,0.8322649572649573,0.01668001602136326
google/vit-base-patch16-224,cifar100,"[(2, 3)]",linear,0.8184333333333335,0.00213853532431265,1,1,2,identity,0.7599333333333332,0.00186100331362773
google/vit-base-patch16-224,imagenet-1k,"[(2, 3)]",linear,0.7523,0.0022869193252058446,1,1,2,identity,0.7365,0.002325940669922609
google/vit-base-patch16-224,dermamnist,"[(2, 3)]",linear,0.7517871986699918,0.014215192992921464,1,1,2,identity,0.7501246882793017,0.0067100369312088695
google/vit-large-patch16-224,cifar100,"[(2, 3)]",linear,0.8581666666666666,0.0009865765724632206,1,1,2,identity,0.8267333333333333,0.0025166114784236004
google/vit-large-patch16-224,pneumoniamnist,"[(2, 3)]",linear,0.8354700854700855,0.02545673623385438,1,1,2,identity,0.8237179487179488,0.02203161391805692
google/vit-large-patch16-224,imagenet-1k,"[(2, 3)]",linear,0.7805666666666666,0.0023459184413216964,1,1,2,identity,0.7707666666666667,0.001761628034896444
google/vit-large-patch16-224,dermamnist,"[(2, 3)]",linear,0.7600997506234414,0.006522043307043425,1,1,2,identity,0.7567747298420615,0.00447026755103866
microsoft/rad-dino,pneumoniamnist,"[(2, 3)]",linear,0.8862179487179488,0.010008009612817937,1,1,2,identity,0.8835470085470085,0.009791828408025291
microsoft/rad-dino,dermamnist,"[(2, 3)]",linear,0.7047381546134663,0.00850809082754713,1,1,2,identity,0.7040731504571903,0.01004134255730114
microsoft/rad-dino,cifar100,"[(2, 3)]",linear,0.2975666666666667,0.0071164129541036155,1,1,2,identity,0.2976666666666667,0.007245228314783002
microsoft/rad-dino,imagenet-1k,"[(2, 3)]",linear,0.07893333333333334,0.0023501772982763144,1,1,2,identity,0.077,0.0010816653826391913
facebook/deit-base-patch16-224,pneumoniamnist,"[(3, 4)]",linear,0.8311965811965812,0.01728492487966181,1,1,3,identity,0.8221153846153846,0.004807692307692291
facebook/deit-base-patch16-224,imagenet-1k,"[(3, 4)]",linear,0.7685,0.0015716233645502082,1,1,3,identity,0.7582,0.0009165151389911761
facebook/deit-base-patch16-224,dermamnist,"[(3, 4)]",linear,0.7506234413965087,0.00457114782539238,1,1,3,identity,0.742643391521197,0.006128780911443656
facebook/deit-base-patch16-224,cifar100,"[(3, 4)]",linear,0.7312666666666666,0.0022368132093077506,1,1,3,identity,0.7320000000000001,0.0035930488446442544
facebook/deit-small-patch16-224,pneumoniamnist,"[(3, 4)]",linear,0.7986111111111112,0.006067209771154225,1,1,3,identity,0.7831196581196581,0.011593234195625336
facebook/deit-small-patch16-224,imagenet-1k,"[(3, 4)]",linear,0.7272,0.0011532562594671464,1,1,3,identity,0.7074666666666666,0.0002886751345947811
facebook/deit-small-patch16-224,dermamnist,"[(3, 4)]",linear,0.7261845386533666,0.0037655034589879166,1,1,3,identity,0.7211970074812967,0.003033796773216049
facebook/deit-small-patch16-224,cifar100,"[(3, 4)]",linear,0.7018666666666666,0.004219399641339199,1,1,3,identity,0.6765,0.001352774925846832
facebook/dinov2-base,pneumoniamnist,"[(3, 4)]",linear,0.8728632478632479,0.006476685712063087,1,1,3,identity,0.8696581196581197,0.02590674284825245
facebook/dinov2-base,cifar100,"[(3, 4)]",linear,0.8494666666666667,0.000960902353693304,1,1,3,identity,0.5648,0.0015716233645501764
facebook/dinov2-base,dermamnist,"[(3, 4)]",linear,0.7300083125519534,0.010176682256227998,1,1,3,identity,0.7097256857855362,0.023345695238839802
facebook/dinov2-base,imagenet-1k,"[(3, 4)]",linear,0.72942,0.0021087911228948237,1,1,3,identity,0.63266,0.00294414673547363
google/vit-base-patch16-224,pneumoniamnist,"[(3, 4)]",linear,0.8530982905982906,0.009659797713688665,1,1,3,identity,0.8349358974358975,0.00974801687547795
google/vit-base-patch16-224,cifar100,"[(3, 4)]",linear,0.8159000000000001,0.0033406586176979868,1,1,3,identity,0.7846666666666667,0.003089228598426007
google/vit-base-patch16-224,dermamnist,"[(3, 4)]",linear,0.7547797173732335,0.00823068581511996,1,1,3,identity,0.7526184538653368,0.004571147825392355
google/vit-base-patch16-224,imagenet-1k,"[(3, 4)]",linear,0.7384333333333334,0.0011015141094572335,1,1,3,identity,0.7372666666666666,0.001050396750439244
google/vit-large-patch16-224,cifar100,"[(3, 4)]",linear,0.8604666666666666,0.002386070689089789,1,1,3,identity,0.8446666666666666,0.0012503332889007104
google/vit-large-patch16-224,pneumoniamnist,"[(3, 4)]",linear,0.8226495726495727,0.025757614212053852,1,1,3,identity,0.8386752136752137,0.0297375334609333
google/vit-large-patch16-224,imagenet-1k,"[(3, 4)]",linear,0.7818333333333333,0.001625833119767604,1,1,3,identity,0.7724666666666667,0.0014977761292440342
google/vit-large-patch16-224,dermamnist,"[(3, 4)]",linear,0.7615960099750624,0.012186325908100383,1,1,3,identity,0.7609310058187863,0.007403306426670773
microsoft/rad-dino,pneumoniamnist,"[(3, 4)]",linear,0.8856837606837606,0.006476685712063087,1,1,3,identity,0.8824786324786325,0.01362964831428745
microsoft/rad-dino,dermamnist,"[(3, 4)]",linear,0.7014131338320864,0.01046589575098062,1,1,3,identity,0.7022443890274315,0.005394839813661877
microsoft/rad-dino,cifar100,"[(3, 4)]",linear,0.2951333333333333,0.005723926391327319,1,1,3,identity,0.29563333333333336,0.005229085324732551
microsoft/rad-dino,imagenet-1k,"[(3, 4)]",linear,0.07776666666666666,0.001913983629327416,1,1,3,identity,0.07606666666666667,0.0010598742063723107
facebook/deit-base-patch16-224,pneumoniamnist,"[(4, 5)]",linear,0.8386752136752137,0.025152259331182814,1,1,4,identity,0.828525641025641,0.011556254088025643
facebook/deit-base-patch16-224,imagenet-1k,"[(4, 5)]",linear,0.7714666666666666,0.0009865765724632206,1,1,4,identity,0.7669333333333332,0.001171893055416491
facebook/deit-base-patch16-224,dermamnist,"[(4, 5)]",linear,0.7453034081463009,0.004031373450700702,1,1,4,identity,0.7361596009975062,0.009937585458938289
facebook/deit-base-patch16-224,cifar100,"[(4, 5)]",linear,0.7308666666666667,0.0027970222261064093,1,1,4,identity,0.7383333333333333,0.002470492528491703
facebook/deit-small-patch16-224,pneumoniamnist,"[(4, 5)]",linear,0.796474358974359,0.00892269929940715,1,1,4,identity,0.781517094017094,0.006672006408545273
facebook/deit-small-patch16-224,dermamnist,"[(4, 5)]",linear,0.7235245220282627,0.004634201118791794,1,1,4,identity,0.71571072319202,0.0052783068549916625
facebook/deit-small-patch16-224,imagenet-1k,"[(4, 5)]",linear,0.7195999999999999,0.0012489995996796776,1,1,4,identity,0.7094999999999999,0.0011532562594670488
facebook/deit-small-patch16-224,cifar100,"[(4, 5)]",linear,0.6953666666666667,0.0030501366089625095,1,1,4,identity,0.6742333333333334,0.002328805129961122
facebook/dinov2-base,pneumoniamnist,"[(4, 5)]",linear,0.8963675213675214,0.005151522842410748,1,1,4,identity,0.7873931623931624,0.04893290689916605
facebook/dinov2-base,cifar100,"[(4, 5)]",linear,0.8500333333333333,0.0031564748269759524,1,1,4,identity,0.47879999999999995,0.004158124577258341
facebook/dinov2-base,imagenet-1k,"[(4, 5)]",linear,0.73034,0.00572957240987492,1,1,4,identity,0.53822,0.0010134100848126716
facebook/dinov2-base,dermamnist,"[(4, 5)]",linear,0.7291770573566084,0.024193382215730534,1,1,4,identity,0.7105569409808812,0.006916922381617514
google/vit-base-patch16-224,pneumoniamnist,"[(4, 5)]",linear,0.8290598290598291,0.02886098858811988,1,1,4,identity,0.8205128205128206,0.014423076923076941
google/vit-base-patch16-224,cifar100,"[(4, 5)]",linear,0.7912666666666667,0.004860384072615378,1,1,4,identity,0.7769,0.0026153393661243647
google/vit-base-patch16-224,dermamnist,"[(4, 5)]",linear,0.7469659185369908,0.006771541763729492,1,1,4,identity,0.742310889443059,0.009752292186907725
google/vit-base-patch16-224,imagenet-1k,"[(4, 5)]",linear,0.7063333333333334,0.00015275252316517785,1,1,4,identity,0.7344666666666667,0.00030550504633045864
google/vit-large-patch16-224,pneumoniamnist,"[(4, 5)]",linear,0.8365384615384616,0.03514697467862389,1,1,4,identity,0.8520299145299145,0.021340795251536523
google/vit-large-patch16-224,dermamnist,"[(4, 5)]",linear,0.742975893599335,0.004920581408794233,1,1,4,identity,0.7544472152950955,0.010998985806831597
google/vit-large-patch16-224,cifar100,"[(4, 5)]",linear,0.5249666666666667,0.0025579940057266215,1,1,4,identity,0.8368666666666668,0.002193931022920514
google/vit-large-patch16-224,imagenet-1k,"[(4, 5)]",linear,0.2192333333333333,0.0017953644012660194,1,1,4,identity,0.7703666666666668,0.0012583057392118093
microsoft/rad-dino,pneumoniamnist,"[(4, 5)]",linear,0.8840811965811967,0.008826234851420083,1,1,4,identity,0.8867521367521367,0.0033360032042726367
microsoft/rad-dino,dermamnist,"[(4, 5)]",linear,0.7027431421446385,0.006856721738088527,1,1,4,identity,0.7054031587697422,0.013976957311377334
microsoft/rad-dino,cifar100,"[(4, 5)]",linear,0.2946333333333333,0.005284253337353657,1,1,4,identity,0.29309999999999997,0.003004995840263317
microsoft/rad-dino,imagenet-1k,"[(4, 5)]",linear,0.08,0.0009165151389911609,1,1,4,identity,0.07906666666666667,0.003442867022313428
facebook/deit-base-patch16-224,pneumoniamnist,"[(5, 6)]",linear,0.8301282051282052,0.019692637383725183,1,1,5,identity,0.8023504273504273,0.012953371424126253
facebook/deit-base-patch16-224,imagenet-1k,"[(5, 6)]",linear,0.7641333333333332,0.002311565126344741,1,1,5,identity,0.7637999999999999,0.002893095228297919
facebook/deit-base-patch16-224,dermamnist,"[(5, 6)]",linear,0.7406483790523691,0.006249358646454643,1,1,5,identity,0.739650872817955,0.006710036931208801
facebook/deit-base-patch16-224,cifar100,"[(5, 6)]",linear,0.7320000000000001,0.0018999999999999829,1,1,5,identity,0.7275333333333333,0.005437217425607892
facebook/deit-small-patch16-224,pneumoniamnist,"[(5, 6)]",linear,0.8007478632478632,0.0074019265280721785,1,1,5,identity,0.8146367521367521,0.0009252408160090123
facebook/deit-small-patch16-224,dermamnist,"[(5, 6)]",linear,0.7248545303408146,0.0043575535900519345,1,1,5,identity,0.7356608478802992,0.005207135415915439
facebook/deit-small-patch16-224,imagenet-1k,"[(5, 6)]",linear,0.7064666666666666,0.0025423086620891037,1,1,5,identity,0.7059333333333333,0.0030435724623102656
facebook/deit-small-patch16-224,cifar100,"[(5, 6)]",linear,0.6871999999999999,0.002351595203261,1,1,5,identity,0.6741,0.0008888194417315407
facebook/dinov2-base,pneumoniamnist,"[(5, 6)]",linear,0.8600427350427351,0.010177648976099216,1,1,5,identity,0.8477564102564102,0.012719958226272103
facebook/dinov2-base,cifar100,"[(5, 6)]",linear,0.8508333333333334,0.003652852766446197,1,1,5,identity,0.48763333333333336,0.0006027713773341823
facebook/dinov2-base,imagenet-1k,"[(5, 6)]",linear,0.73136,0.004193208795183002,1,1,5,identity,0.29396,0.0011148990985734878
facebook/dinov2-base,dermamnist,"[(5, 6)]",linear,0.7308395677472984,0.006509317356758741,1,1,5,identity,0.7326683291770574,0.0037655034589879535
google/vit-base-patch16-224,pneumoniamnist,"[(5, 6)]",linear,0.8301282051282052,0.017845398598814188,1,1,5,identity,0.8311965811965812,0.016052328206534936
google/vit-base-patch16-224,cifar100,"[(5, 6)]",linear,0.8156666666666667,0.0024378952670968982,1,1,5,identity,0.7953666666666667,0.003982880029994983
google/vit-base-patch16-224,dermamnist,"[(5, 6)]",linear,0.7496259351620947,0.003270542904888759,1,1,5,identity,0.7506234413965087,0.004912148529574152
google/vit-base-patch16-224,imagenet-1k,"[(5, 6)]",linear,0.7390333333333334,0.0020404247923737277,1,1,5,identity,0.7339333333333333,0.0017672954855748903
google/vit-large-patch16-224,pneumoniamnist,"[(5, 6)]",linear,0.8114316239316239,0.033856734780963314,1,1,5,identity,0.844017094017094,0.01668001602136326
google/vit-large-patch16-224,dermamnist,"[(5, 6)]",linear,0.7097256857855362,0.002493765586034896,1,1,5,identity,0.7436408977556109,0.011686159116069841
google/vit-large-patch16-224,cifar100,"[(5, 6)]",linear,0.5248666666666667,0.009421429473988142,1,1,5,identity,0.8375333333333334,0.0027153882472555355
google/vit-large-patch16-224,imagenet-1k,"[(5, 6)]",linear,0.16003333333333333,0.0036226141573914923,1,1,5,identity,0.7766333333333333,0.0038656607887053007
microsoft/rad-dino,pneumoniamnist,"[(5, 6)]",linear,0.8814102564102564,0.011217948717948678,1,1,5,identity,0.8803418803418803,0.018574079755036048
microsoft/rad-dino,dermamnist,"[(5, 6)]",linear,0.7000831255195346,0.0033949422870593804,1,1,5,identity,0.7005818786367414,0.004525571933105993
microsoft/rad-dino,cifar100,"[(5, 6)]",linear,0.29413333333333336,0.002274496281230909,1,1,5,identity,0.2989,0.0038742741255621224
microsoft/rad-dino,imagenet-1k,"[(5, 6)]",linear,0.0764,0.0015000000000000013,1,1,5,identity,0.07629999999999999,0.0013527749258468737
facebook/deit-base-patch16-224,pneumoniamnist,"[(6, 7)]",linear,0.81517094017094,0.009112565229290555,1,1,6,identity,0.8135683760683761,0.006067209771154117
facebook/deit-base-patch16-224,imagenet-1k,"[(6, 7)]",linear,0.7567666666666666,0.0009451631252504685,1,1,6,identity,0.7557999999999999,0.002426932219902301
facebook/deit-base-patch16-224,dermamnist,"[(6, 7)]",linear,0.7499584372402328,0.004241845659907956,1,1,6,identity,0.7371571072319202,0.007790772744046463
facebook/deit-base-patch16-224,cifar100,"[(6, 7)]",linear,0.7384333333333334,0.005689756878227146,1,1,6,identity,0.7320666666666668,0.0028041635710731143
facebook/deit-small-patch16-224,pneumoniamnist,"[(6, 7)]",linear,0.8060897435897436,0.008479972150848043,1,1,6,identity,0.798076923076923,0.013878612240135297
facebook/deit-small-patch16-224,dermamnist,"[(6, 7)]",linear,0.7218620116375728,0.00430008883005072,1,1,6,identity,0.7278470490440565,0.001439776232393064
facebook/deit-small-patch16-224,cifar100,"[(6, 7)]",linear,0.7071666666666667,0.0027537852736430526,1,1,6,identity,0.6948666666666666,0.000763762615825968
facebook/deit-small-patch16-224,imagenet-1k,"[(6, 7)]",linear,0.7031000000000001,0.0012529964086141418,1,1,6,identity,0.7025666666666667,0.0004163331998932585
facebook/dinov2-base,pneumoniamnist,"[(6, 7)]",linear,0.8888888888888888,0.03210465641306993,1,1,6,identity,0.8723290598290597,0.013344012817090573
facebook/dinov2-base,cifar100,"[(6, 7)]",linear,0.8492666666666667,0.002577466456296394,1,1,6,identity,0.5923666666666666,0.0025579940057266467
facebook/dinov2-base,dermamnist,"[(6, 7)]",linear,0.7343308395677473,0.02081858680878773,1,1,6,identity,0.7275145469659186,0.00519118703108764
facebook/dinov2-base,imagenet-1k,"[(6, 7)]",linear,0.7267,0.003772929895982689,1,1,6,identity,0.32555999999999996,0.00457744470201446
google/vit-base-patch16-224,pneumoniamnist,"[(6, 7)]",linear,0.8247863247863249,0.02692752812206955,1,1,6,identity,0.8413461538461539,0.02156029494723349
google/vit-base-patch16-224,cifar100,"[(6, 7)]",linear,0.8158666666666666,0.0038552993831002945,1,1,6,identity,0.7974,0.00017320508075686865
google/vit-base-patch16-224,dermamnist,"[(6, 7)]",linear,0.7502909393183708,0.006988478655688653,1,1,6,identity,0.7557772236076475,0.005045383509723585
google/vit-base-patch16-224,imagenet-1k,"[(6, 7)]",linear,0.7368333333333333,0.0022278539748675713,1,1,6,identity,0.7284666666666667,0.003156474826975982
google/vit-large-patch16-224,cifar100,"[(6, 7)]",linear,0.8567,0.001743559577416281,1,1,6,identity,0.8392666666666666,0.000723417813807004
google/vit-large-patch16-224,pneumoniamnist,"[(6, 7)]",linear,0.842948717948718,0.03346252086189279,1,1,6,identity,0.8413461538461539,0.03768582056507959
google/vit-large-patch16-224,imagenet-1k,"[(6, 7)]",linear,0.7756666666666666,0.000642910050732908,1,1,6,identity,0.7772333333333333,0.0020404247923737117
google/vit-large-patch16-224,dermamnist,"[(6, 7)]",linear,0.7526184538653368,0.009237036996235468,1,1,6,identity,0.7521197007481297,0.002174014435681137
microsoft/rad-dino,pneumoniamnist,"[(6, 7)]",linear,0.8744658119658121,0.0056280201671221695,1,1,6,identity,0.8862179487179488,0.008327167344081184
microsoft/rad-dino,dermamnist,"[(6, 7)]",linear,0.7029093931837074,0.007796092493894173,1,1,6,identity,0.7050706566916043,0.004498004740970503
microsoft/rad-dino,cifar100,"[(6, 7)]",linear,0.2919333333333333,0.007526840860104169,1,1,6,identity,0.3028666666666667,0.006553116307020123
microsoft/rad-dino,imagenet-1k,"[(6, 7)]",linear,0.07663333333333333,0.0007234178138070197,1,1,6,identity,0.0798,0.001417744687875783
facebook/deit-base-patch16-224,pneumoniamnist,"[(7, 8)]",linear,0.8242521367521367,0.014541300842752371,1,1,7,identity,0.8322649572649573,0.025707712426316157
facebook/deit-base-patch16-224,dermamnist,"[(7, 8)]",linear,0.742310889443059,0.00492058140879422,1,1,7,identity,0.7401496259351621,0.00652204330704338
facebook/deit-base-patch16-224,cifar100,"[(7, 8)]",linear,0.7387333333333332,0.001607275126832139,1,1,7,identity,0.739,0.0016093476939431515
facebook/deit-base-patch16-224,imagenet-1k,"[(7, 8)]",linear,0.7363,0.0020663978319772395,1,1,7,identity,0.7463000000000001,0.0010816653826391854
facebook/deit-small-patch16-224,pneumoniamnist,"[(7, 8)]",linear,0.7932692307692307,0.0042399860754240085,1,1,7,identity,0.7938034188034188,0.004895914204012693
facebook/deit-small-patch16-224,dermamnist,"[(7, 8)]",linear,0.7215295095594348,0.0032065339188672008,1,1,7,identity,0.7263507896924356,0.005020671278650548
facebook/deit-small-patch16-224,cifar100,"[(7, 8)]",linear,0.7083666666666667,0.000901849950564619,1,1,7,identity,0.7071666666666667,0.0008144527815246976
facebook/deit-small-patch16-224,imagenet-1k,"[(7, 8)]",linear,0.6922,0.001058300524425851,1,1,7,identity,0.6993333333333333,0.0004618802153516738
facebook/dinov2-base,pneumoniamnist,"[(7, 8)]",linear,0.8589743589743589,0.032881866231864114,1,1,7,identity,0.861111111111111,0.007905260997301674
facebook/dinov2-base,cifar100,"[(7, 8)]",linear,0.7750666666666667,0.005559076661940702,1,1,7,identity,0.7242999999999999,0.004059556626036892
facebook/dinov2-base,dermamnist,"[(7, 8)]",linear,0.7330008312551953,0.01254176506237226,1,1,7,identity,0.7489609310058188,0.0037434182042219884
facebook/dinov2-base,imagenet-1k,"[(7, 8)]",linear,0.55664,0.00440204497932493,1,1,7,identity,0.5015799999999999,0.0031570555902612884
google/vit-base-patch16-224,pneumoniamnist,"[(7, 8)]",linear,0.8205128205128206,0.018481670824792944,1,1,7,identity,0.827991452991453,0.02245496747540993
google/vit-base-patch16-224,cifar100,"[(7, 8)]",linear,0.8081333333333333,0.0016862186493255356,1,1,7,identity,0.7929,0.001248999599679651
google/vit-base-patch16-224,dermamnist,"[(7, 8)]",linear,0.7479634247714048,0.007216137793586197,1,1,7,identity,0.746467165419784,0.009268402237583588
google/vit-base-patch16-224,imagenet-1k,"[(7, 8)]",linear,0.7255333333333334,0.002059935274064052,1,1,7,identity,0.7157333333333332,0.003435597958628654
google/vit-large-patch16-224,cifar100,"[(7, 8)]",linear,0.8613666666666667,0.0013503086067019445,1,1,7,identity,0.8494666666666667,0.0014977761292440878
google/vit-large-patch16-224,pneumoniamnist,"[(7, 8)]",linear,0.8285256410256411,0.02311250817605121,1,1,7,identity,0.8274572649572649,0.020037392450332328
google/vit-large-patch16-224,imagenet-1k,"[(7, 8)]",linear,0.7813333333333333,0.002914332399252567,1,1,7,identity,0.775,0.0034394767043839404
google/vit-large-patch16-224,dermamnist,"[(7, 8)]",linear,0.7604322527015794,0.008982173006975921,1,1,7,identity,0.7522859517871986,0.0032450908222681984
microsoft/rad-dino,pneumoniamnist,"[(7, 8)]",linear,0.8712606837606837,0.014001434211625164,1,1,7,identity,0.87232905982906,0.011369549494547375
microsoft/rad-dino,dermamnist,"[(7, 8)]",linear,0.7035743973399834,0.010724158552199622,1,1,7,identity,0.7050706566916043,0.004895239190136452
microsoft/rad-dino,cifar100,"[(7, 8)]",linear,0.28986666666666666,0.004996331987902072,1,1,7,identity,0.2919333333333333,0.002956912804486013
microsoft/rad-dino,imagenet-1k,"[(7, 8)]",linear,0.0771,0.001252996408614168,1,1,7,identity,0.07686666666666668,0.0013576941236277463
facebook/deit-base-patch16-224,pneumoniamnist,"[(8, 9)]",linear,0.8301282051282052,0.013970829947245779,1,1,8,identity,0.8226495726495727,0.018574079755036017
facebook/deit-base-patch16-224,cifar100,"[(8, 9)]",linear,0.7442333333333333,0.003253203549323802,1,1,8,identity,0.7474666666666666,0.00368284310463166
facebook/deit-base-patch16-224,dermamnist,"[(8, 9)]",linear,0.7406483790523691,0.00277693983183542,1,1,8,identity,0.7451371571072318,0.002285573912696202
facebook/deit-base-patch16-224,imagenet-1k,"[(8, 9)]",linear,0.7082666666666667,0.001457166199626289,1,1,8,identity,0.7392333333333333,0.0012096831541082527
facebook/deit-small-patch16-224,pneumoniamnist,"[(8, 9)]",linear,0.8018162393162394,0.009112565229290657,1,1,8,identity,0.7996794871794872,0.01545456852723227
facebook/deit-small-patch16-224,dermamnist,"[(8, 9)]",linear,0.7216957605985037,0.005254690151048814,1,1,8,identity,0.7265170407315046,0.002746917978696284
facebook/deit-small-patch16-224,cifar100,"[(8, 9)]",linear,0.7128333333333333,0.0026388128644020043,1,1,8,identity,0.7185666666666667,0.0034385074281340984
facebook/deit-small-patch16-224,imagenet-1k,"[(8, 9)]",linear,0.7018666666666666,0.0015143755588800626,1,1,8,identity,0.7119666666666666,0.0004725815626253243
facebook/dinov2-base,pneumoniamnist,"[(8, 9)]",linear,0.8621794871794872,0.030909137054464624,1,1,8,identity,0.8530982905982906,0.0082237202555239
facebook/dinov2-base,cifar100,"[(8, 9)]",linear,0.847,0.0041581245772583895,1,1,8,identity,0.7814,0.002651414716712572
facebook/dinov2-base,dermamnist,"[(8, 9)]",linear,0.7290108063175396,0.009803174056728549,1,1,8,identity,0.746467165419784,0.010477773071713195
facebook/dinov2-base,imagenet-1k,"[(8, 9)]",linear,0.69172,0.0037439284181191375,1,1,8,identity,0.53964,0.0035288808424201626
google/vit-base-patch16-224,pneumoniamnist,"[(8, 9)]",linear,0.8301282051282052,0.015783425964416856,1,1,8,identity,0.8360042735042735,0.028682465296279484
google/vit-base-patch16-224,cifar100,"[(8, 9)]",linear,0.8133666666666667,0.0035501173689518367,1,1,8,identity,0.8060999999999999,0.0050089919145471975
google/vit-base-patch16-224,dermamnist,"[(8, 9)]",linear,0.7579384871155445,0.003608068896793133,1,1,8,identity,0.7521197007481296,0.00685672173808853
google/vit-base-patch16-224,imagenet-1k,"[(8, 9)]",linear,0.7041666666666666,0.0009073771725877833,1,1,8,identity,0.6894666666666667,0.0005686240703077774
google/vit-large-patch16-224,cifar100,"[(8, 9)]",linear,0.8638666666666666,0.0011718930554164445,1,1,8,identity,0.848,0.003351119216023173
google/vit-large-patch16-224,pneumoniamnist,"[(8, 9)]",linear,0.8311965811965812,0.029082601685504677,1,1,8,identity,0.8354700854700855,0.028771865404904316
google/vit-large-patch16-224,imagenet-1k,"[(8, 9)]",linear,0.7743333333333333,0.0014153915830374562,1,1,8,identity,0.7765666666666666,0.0033291640592396535
google/vit-large-patch16-224,dermamnist,"[(8, 9)]",linear,0.7592684954280964,0.004995836808417841,1,1,8,identity,0.7612635078969244,0.005844853144221751
microsoft/rad-dino,pneumoniamnist,"[(8, 9)]",linear,0.8803418803418803,0.006672006408545273,1,1,8,identity,0.8883547008547009,0.009390168713273014
microsoft/rad-dino,dermamnist,"[(8, 9)]",linear,0.7034081463009144,0.007732013934652324,1,1,8,identity,0.6970906068162925,0.003320861904478551
microsoft/rad-dino,cifar100,"[(8, 9)]",linear,0.291,0.0028930952282978976,1,1,8,identity,0.3045,0.0008544003745317695
microsoft/rad-dino,imagenet-1k,"[(8, 9)]",linear,0.07756666666666666,0.002417298767908786,1,1,8,identity,0.08033333333333333,0.0007571877794400363
facebook/deit-base-patch16-224,pneumoniamnist,"[(9, 10)]",linear,0.8151709401709403,0.01683328125703925,1,1,9,identity,0.8189102564102564,0.024198187292534482
facebook/deit-base-patch16-224,cifar100,"[(9, 10)]",linear,0.7521,0.0021702534414211033,1,1,9,identity,0.7606999999999999,0.0013114877048604123
facebook/deit-base-patch16-224,dermamnist,"[(9, 10)]",linear,0.7411471321695761,0.0008638657394358369,1,1,9,identity,0.744970906068163,0.002922426572110873
facebook/deit-base-patch16-224,imagenet-1k,"[(9, 10)]",linear,0.7075666666666667,0.004025336424863566,1,1,9,identity,0.7321,0.0008185352771872633
facebook/deit-small-patch16-224,pneumoniamnist,"[(9, 10)]",linear,0.7799145299145298,0.01713569971404424,1,1,9,identity,0.7948717948717948,0.009748016875477992
facebook/deit-small-patch16-224,dermamnist,"[(9, 10)]",linear,0.7231920199501247,0.004488778054862919,1,1,9,identity,0.7295095594347464,0.0020156867253503237
facebook/deit-small-patch16-224,cifar100,"[(9, 10)]",linear,0.7193666666666667,0.0032036437588054325,1,1,9,identity,0.7193333333333333,0.0011239810200059093
facebook/deit-small-patch16-224,imagenet-1k,"[(9, 10)]",linear,0.7183333333333333,0.0005131601439447085,1,1,9,identity,0.7175666666666668,0.002665207934352079
facebook/dinov2-base,pneumoniamnist,"[(9, 10)]",linear,0.8733974358974358,0.03492707486811435,1,1,9,identity,0.8867521367521367,0.009112565229290616
facebook/dinov2-base,cifar100,"[(9, 10)]",linear,0.8396333333333333,0.0018903262505010545,1,1,9,identity,0.8082333333333334,0.004821134029804005
facebook/dinov2-base,dermamnist,"[(9, 10)]",linear,0.7479634247714048,0.008483691319815875,1,1,9,identity,0.7331670822942643,0.03169732038989659
facebook/dinov2-base,imagenet-1k,"[(9, 10)]",linear,0.65614,0.0023870483866063486,1,1,9,identity,0.6060399999999999,0.0021605554841290027
google/vit-base-patch16-224,cifar100,"[(9, 10)]",linear,0.8220666666666667,0.004239496825489201,1,1,9,identity,0.8224333333333332,0.0045544849690533785
google/vit-base-patch16-224,pneumoniamnist,"[(9, 10)]",linear,0.8199786324786325,0.01683328125703925,1,1,9,identity,0.8450854700854702,0.02960770611228853
google/vit-base-patch16-224,dermamnist,"[(9, 10)]",linear,0.7463009143807149,0.003394942287059402,1,1,9,identity,0.7559434746467165,0.006033332439442772
google/vit-base-patch16-224,imagenet-1k,"[(9, 10)]",linear,0.6838666666666667,0.0015502687938977425,1,1,9,identity,0.714,0.0014106735979665895
google/vit-large-patch16-224,cifar100,"[(9, 10)]",linear,0.8592,0.0025514701644346275,1,1,9,identity,0.8448666666666668,0.0010969655114602432
google/vit-large-patch16-224,pneumoniamnist,"[(9, 10)]",linear,0.8333333333333334,0.026381534668516535,1,1,9,identity,0.8274572649572649,0.02222504707554991
google/vit-large-patch16-224,imagenet-1k,"[(9, 10)]",linear,0.7768,0.0028213471959332172,1,1,9,identity,0.7752,0.002455605831561756
google/vit-large-patch16-224,dermamnist,"[(9, 10)]",linear,0.7589359933499584,0.006808177964902164,1,1,9,identity,0.7579384871155446,0.0035031267673658792
microsoft/rad-dino,pneumoniamnist,"[(9, 10)]",linear,0.8835470085470085,0.0072263617833700855,1,1,9,identity,0.8840811965811967,0.007226361783370075
microsoft/rad-dino,dermamnist,"[(9, 10)]",linear,0.7034081463009144,0.007922694967543704,1,1,9,identity,0.7032418952618453,0.008823843397982133
microsoft/rad-dino,cifar100,"[(9, 10)]",linear,0.2909333333333333,0.0022810816147900924,1,1,9,identity,0.2914666666666667,0.009421429473988163
microsoft/rad-dino,imagenet-1k,"[(9, 10)]",linear,0.07676666666666666,0.000862167810425174,1,1,9,identity,0.07886666666666665,0.0015947831618540822
facebook/deit-base-patch16-224,pneumoniamnist,"[(10, 11)]",linear,0.8108974358974358,0.02156029494723355,1,1,10,identity,0.8221153846153846,0.018481670824792948
facebook/deit-base-patch16-224,cifar100,"[(10, 11)]",linear,0.7602000000000001,0.004471017781221654,1,1,10,identity,0.7625333333333333,0.004027819923151135
facebook/deit-base-patch16-224,imagenet-1k,"[(10, 11)]",linear,0.7501666666666668,0.0016802777548171651,1,1,10,identity,0.753,0.0008185352771872633
facebook/deit-base-patch16-224,dermamnist,"[(10, 11)]",linear,0.7376558603491272,0.006249358646454682,1,1,10,identity,0.741479634247714,0.0023570152749389775
facebook/deit-small-patch16-224,pneumoniamnist,"[(10, 11)]",linear,0.7879273504273504,0.014890341735861484,1,1,10,identity,0.7847222222222223,0.01765246970284004
facebook/deit-small-patch16-224,imagenet-1k,"[(10, 11)]",linear,0.7356333333333334,0.002454248017893331,1,1,10,identity,0.7354666666666666,0.002050203241957617
facebook/deit-small-patch16-224,cifar100,"[(10, 11)]",linear,0.7196333333333333,0.0005507570547286167,1,1,10,identity,0.7221000000000001,0.0007000000000000339
facebook/deit-small-patch16-224,dermamnist,"[(10, 11)]",linear,0.7188694929343309,0.004634201118791804,1,1,10,identity,0.7248545303408146,0.0035031267673658727
facebook/dinov2-base,pneumoniamnist,"[(10, 11)]",linear,0.8771367521367521,0.04348631835242376,1,1,10,identity,0.8669871794871794,0.040888944942862424
facebook/dinov2-base,cifar100,"[(10, 11)]",linear,0.8311999999999999,0.0025632011235952254,1,1,10,identity,0.8417666666666666,0.004465795935030344
facebook/dinov2-base,dermamnist,"[(10, 11)]",linear,0.7263507896924356,0.01978946113040601,1,1,10,identity,0.7391521197007481,0.010306223600883695
facebook/dinov2-base,imagenet-1k,"[(10, 11)]",linear,0.6401600000000001,0.0051810230649940135,1,1,10,identity,0.64042,0.004083136049655924
google/vit-base-patch16-224,pneumoniamnist,"[(10, 11)]",linear,0.8290598290598291,0.016211528745185406,1,1,10,identity,0.8301282051282052,0.02327858821527872
google/vit-base-patch16-224,cifar100,"[(10, 11)]",linear,0.8158666666666666,0.0018175074506953692,1,1,10,identity,0.8241333333333333,0.0008020806277010578
google/vit-base-patch16-224,dermamnist,"[(10, 11)]",linear,0.7534497090606816,0.00484415703552231,1,1,10,identity,0.7602660016625103,0.006734706267840088
google/vit-base-patch16-224,imagenet-1k,"[(10, 11)]",linear,0.6828666666666666,0.005277625728803921,1,1,10,identity,0.7054999999999999,0.0042755116652864284
google/vit-large-patch16-224,cifar100,"[(10, 11)]",linear,0.8627666666666668,0.0003055050463303557,1,1,10,identity,0.8516666666666666,0.001404753833713753
google/vit-large-patch16-224,pneumoniamnist,"[(10, 11)]",linear,0.8344017094017094,0.030336048855770664,1,1,10,identity,0.8199786324786325,0.030336048855770695
google/vit-large-patch16-224,imagenet-1k,"[(10, 11)]",linear,0.7760666666666666,0.0021385353243127386,1,1,10,identity,0.7753,0.0031432467291003467
google/vit-large-patch16-224,dermamnist,"[(10, 11)]",linear,0.7581047381546134,0.006856721738088563,1,1,10,identity,0.7536159600997506,0.00604706017605089
microsoft/rad-dino,pneumoniamnist,"[(10, 11)]",linear,0.8824786324786325,0.009659797713688629,1,1,10,identity,0.8846153846153846,0.011217948717948786
microsoft/rad-dino,dermamnist,"[(10, 11)]",linear,0.7027431421446385,0.009155890149967979,1,1,10,identity,0.6957605985037407,0.006982543640897696
microsoft/rad-dino,cifar100,"[(10, 11)]",linear,0.2881,0.004731807265728389,1,1,10,identity,0.2908,0.01312745215188387
microsoft/rad-dino,imagenet-1k,"[(10, 11)]",linear,0.07756666666666666,0.0006658328118479361,1,1,10,identity,0.08193333333333334,0.001209683154108267
google/vit-large-patch16-224,cifar100,"[(11, 12)]",linear,0.8603333333333333,0.0019347695814575622,1,1,11,identity,0.8546,0.002893095228297919
google/vit-large-patch16-224,pneumoniamnist,"[(11, 12)]",linear,0.8392094017094017,0.028682465296279464,1,1,11,identity,0.8477564102564102,0.026478704554260123
google/vit-large-patch16-224,imagenet-1k,"[(11, 12)]",linear,0.7747999999999999,0.0032969683043669027,1,1,11,identity,0.7743333333333333,0.0015307950004273577
google/vit-large-patch16-224,dermamnist,"[(11, 12)]",linear,0.7594347464671655,0.010394346821174084,1,1,11,identity,0.7596009975062344,0.006522043307043399
google/vit-large-patch16-224,cifar100,"[(12, 13)]",linear,0.856,0.0028827070610798916,1,1,12,identity,0.8513999999999999,0.0024062418831031773
google/vit-large-patch16-224,pneumoniamnist,"[(12, 13)]",linear,0.8285256410256411,0.02226353203437469,1,1,12,identity,0.8349358974358975,0.023931385453634737
google/vit-large-patch16-224,imagenet-1k,"[(12, 13)]",linear,0.7775333333333333,0.0017616280348964745,1,1,12,identity,0.7741333333333333,0.0013051181300300797
google/vit-large-patch16-224,dermamnist,"[(12, 13)]",linear,0.7526184538653368,0.011503803086953384,1,1,12,identity,0.7532834580216127,0.009803174056728554
google/vit-large-patch16-224,cifar100,"[(13, 14)]",linear,0.8605333333333333,0.004091861841916654,1,1,13,identity,0.8576666666666667,0.0030138568866708505
google/vit-large-patch16-224,pneumoniamnist,"[(13, 14)]",linear,0.8354700854700855,0.02410958140255717,1,1,13,identity,0.8466880341880342,0.025456736233854412
google/vit-large-patch16-224,imagenet-1k,"[(13, 14)]",linear,0.7797999999999999,0.0016093476939430776,1,1,13,identity,0.7763666666666666,0.0005033222956847347
google/vit-large-patch16-224,dermamnist,"[(13, 14)]",linear,0.7536159600997506,0.010378380073159514,1,1,13,identity,0.7511221945137158,0.010473815461346663
google/vit-large-patch16-224,cifar100,"[(14, 15)]",linear,0.8563999999999999,0.002325940669922647,1,1,14,identity,0.8544333333333333,0.002437895267096877
google/vit-large-patch16-224,pneumoniamnist,"[(14, 15)]",linear,0.826923076923077,0.03193086353392832,1,1,14,identity,0.8253205128205128,0.02371578299190503
google/vit-large-patch16-224,imagenet-1k,"[(14, 15)]",linear,0.7806666666666667,0.001955334583475015,1,1,14,identity,0.7790333333333334,0.0018009256878986726
google/vit-large-patch16-224,dermamnist,"[(14, 15)]",linear,0.7569409808811306,0.010394346821174138,1,1,14,identity,0.7556109725685785,0.006128780911443642
google/vit-large-patch16-224,cifar100,"[(15, 16)]",linear,0.8589666666666668,0.0033545988334424477,1,1,15,identity,0.8578666666666667,0.0021501937897159956
google/vit-large-patch16-224,pneumoniamnist,"[(15, 16)]",linear,0.8317307692307692,0.028170506139818804,1,1,15,identity,0.8317307692307692,0.0266719823350853
google/vit-large-patch16-224,imagenet-1k,"[(15, 16)]",linear,0.781,0.000888819441731539,1,1,15,identity,0.7777,0.0012489995996796711
google/vit-large-patch16-224,dermamnist,"[(15, 16)]",linear,0.7599334995843724,0.00860017766010145,1,1,15,identity,0.7566084788029924,0.007790772744046587
google/vit-large-patch16-224,cifar100,"[(16, 17)]",linear,0.8623333333333334,0.0017214335111566806,1,1,16,identity,0.8616333333333334,0.0008504900548115555
google/vit-large-patch16-224,pneumoniamnist,"[(16, 17)]",linear,0.8301282051282052,0.026959301027661395,1,1,16,identity,0.8274572649572649,0.02832204303805891
google/vit-large-patch16-224,imagenet-1k,"[(16, 17)]",linear,0.7786,0.0007211102550927454,1,1,16,identity,0.7783666666666665,0.0016196707484342245
google/vit-large-patch16-224,dermamnist,"[(16, 17)]",linear,0.7522859517871986,0.008016334797167854,1,1,16,identity,0.7487946799667498,0.012361969373247735
google/vit-large-patch16-224,cifar100,"[(17, 18)]",linear,0.8607333333333335,0.004373023362998802,1,1,17,identity,0.8604333333333333,0.0028867513459481233
google/vit-large-patch16-224,pneumoniamnist,"[(17, 18)]",linear,0.8274572649572649,0.01857407975503603,1,1,17,identity,0.827991452991453,0.017725064127176355
google/vit-large-patch16-224,imagenet-1k,"[(17, 18)]",linear,0.7779000000000001,0.00173493515728978,1,1,17,identity,0.7758333333333333,0.003401960219246154
google/vit-large-patch16-224,dermamnist,"[(17, 18)]",linear,0.7541147132169576,0.00907401765519217,1,1,17,identity,0.7544472152950955,0.004634201118791795
google/vit-large-patch16-224,cifar100,"[(18, 19)]",linear,0.8606333333333334,0.0009073771725877008,1,1,18,identity,0.8586333333333332,0.0008962886439832314
google/vit-large-patch16-224,pneumoniamnist,"[(18, 19)]",linear,0.8247863247863249,0.019119156162578303,1,1,18,identity,0.8258547008547009,0.017579575504171312
google/vit-large-patch16-224,imagenet-1k,"[(18, 19)]",linear,0.7711333333333333,0.001692138686199613,1,1,18,identity,0.7743666666666668,0.0018717193521821578
google/vit-large-patch16-224,dermamnist,"[(18, 19)]",linear,0.7529509559434747,0.011376965659800852,1,1,18,identity,0.7524522028262677,0.012382075598580466
google/vit-large-patch16-224,cifar100,"[(19, 20)]",linear,0.8609666666666667,0.00179536440126599,1,1,19,identity,0.8574666666666667,0.0037541088600803432
google/vit-large-patch16-224,pneumoniamnist,"[(19, 20)]",linear,0.829594017094017,0.028727200127668284,1,1,19,identity,0.8397435897435898,0.03201119287730475
google/vit-large-patch16-224,imagenet-1k,"[(19, 20)]",linear,0.7727333333333334,0.0004618802153517138,1,1,19,identity,0.7708333333333334,0.0005686240703076969
google/vit-large-patch16-224,dermamnist,"[(19, 20)]",linear,0.7649210307564421,0.007634887782680005,1,1,19,identity,0.7659185369908562,0.006916922381617514
google/vit-large-patch16-224,cifar100,"[(20, 21)]",linear,0.8643333333333333,0.0035444792753425783,1,1,20,identity,0.8647333333333332,0.0013576941236278135
google/vit-large-patch16-224,pneumoniamnist,"[(20, 21)]",linear,0.827991452991453,0.02463643708888932,1,1,20,identity,0.8322649572649573,0.021520552434277446
google/vit-large-patch16-224,imagenet-1k,"[(20, 21)]",linear,0.7730333333333332,0.002916047553338806,1,1,20,identity,0.7717,0.003064310689208959
google/vit-large-patch16-224,dermamnist,"[(20, 21)]",linear,0.7574397339983374,0.006808177964902173,1,1,20,identity,0.7586034912718205,0.008330819495506273
google/vit-large-patch16-224,cifar100,"[(21, 22)]",linear,0.8655333333333334,0.0018610033136277795,1,1,21,identity,0.8655333333333334,0.0008504900548115811
google/vit-large-patch16-224,pneumoniamnist,"[(21, 22)]",linear,0.8338675213675213,0.027259296628574927,1,1,21,identity,0.8311965811965812,0.01898435432042401
google/vit-large-patch16-224,imagenet-1k,"[(21, 22)]",linear,0.7702666666666667,0.0010969655114602963,1,1,21,identity,0.7716333333333333,0.004735328218121028
google/vit-large-patch16-224,dermamnist,"[(21, 22)]",linear,0.7562759767248545,0.003676366481711681,1,1,21,identity,0.7572734829592686,0.00942806109975586
google/vit-large-patch16-224,cifar100,"[(22, 23)]",linear,0.8651666666666666,0.0017039170558842637,1,1,22,identity,0.8678666666666667,0.0017039170558842622
google/vit-large-patch16-224,pneumoniamnist,"[(22, 23)]",linear,0.829594017094017,0.021875635928892377,1,1,22,identity,0.8360042735042735,0.032383428560315536
google/vit-large-patch16-224,imagenet-1k,"[(22, 23)]",linear,0.7836333333333333,0.0035218366420567138,1,1,22,identity,0.7846333333333333,0.0019218047073865903
google/vit-large-patch16-224,dermamnist,"[(22, 23)]",linear,0.7541147132169576,0.007347092200826052,1,1,22,identity,0.7562759767248545,0.008814441324562968
facebook/deit-base-patch16-224,pneumoniamnist,"[(0, 2)]",linear,0.826923076923077,0.012516425762670955,1,2,0,identity,0.8360042735042735,0.02222504707554995
facebook/deit-base-patch16-224,dermamnist,"[(0, 2)]",linear,0.7421446384039899,0.000863865739435893,1,2,0,identity,0.7443059019118868,0.003538453309026274
facebook/deit-base-patch16-224,imagenet-1k,"[(0, 2)]",linear,0.7223333333333333,0.0024214320831552074,1,2,0,identity,0.7305666666666667,0.0010692676621563842
facebook/deit-base-patch16-224,cifar100,"[(0, 2)]",linear,0.7204666666666667,0.004880915214724917,1,2,0,identity,0.7061333333333334,0.0019553345834750647
facebook/deit-small-patch16-224,pneumoniamnist,"[(0, 2)]",linear,0.8189102564102564,0.0069854149736228496,1,2,0,identity,0.8231837606837606,0.0009252408160090123
facebook/deit-small-patch16-224,dermamnist,"[(0, 2)]",linear,0.7379883624272652,0.0035384533090262542,1,2,0,identity,0.7389858686616791,0.004152949624870047
facebook/deit-small-patch16-224,cifar100,"[(0, 2)]",linear,0.48786666666666667,0.0006027713773341452,1,2,0,identity,0.43123333333333336,0.0008621678104251546
facebook/deit-small-patch16-224,imagenet-1k,"[(0, 2)]",linear,0.4119333333333333,0.0016041612554021625,1,2,0,identity,0.38220000000000004,0.0031432467291003558
facebook/dinov2-base,pneumoniamnist,"[(0, 2)]",linear,0.87767094017094,0.01067039762576822,1,2,0,identity,0.8221153846153846,0.036963341649585896
facebook/dinov2-base,cifar100,"[(0, 2)]",linear,0.8261333333333334,0.0021733231083604387,1,2,0,identity,0.4212,0.01656834330885255
facebook/dinov2-base,dermamnist,"[(0, 2)]",linear,0.7188694929343308,0.025108310514221896,1,2,0,identity,0.7223607647547797,0.010885317728924886
facebook/dinov2-base,imagenet-1k,"[(0, 2)]",linear,0.6914,0.0028044607324759995,1,2,0,identity,0.12922,0.0029346209295239493
google/vit-base-patch16-224,pneumoniamnist,"[(0, 2)]",linear,0.8135683760683761,0.015564959705484493,1,2,0,identity,0.8173076923076922,0.0016025641025640969
google/vit-base-patch16-224,dermamnist,"[(0, 2)]",linear,0.7546134663341646,0.005278306854991726,1,2,0,identity,0.7293433083956775,0.008230685815119921
google/vit-base-patch16-224,cifar100,"[(0, 2)]",linear,0.5905,0.0004999999999999727,1,2,0,identity,0.3015,0.006296030495478877
google/vit-base-patch16-224,imagenet-1k,"[(0, 2)]",linear,0.4461,0.0028792360097776044,1,2,0,identity,0.1574,0.0013856406460551075
google/vit-large-patch16-224,pneumoniamnist,"[(0, 2)]",linear,0.8205128205128206,0.01848167082479299,1,2,0,identity,0.8194444444444445,0.011812683967679519
google/vit-large-patch16-224,cifar100,"[(0, 2)]",linear,0.7844000000000001,0.0023643180835074113,1,2,0,identity,0.4737,0.00492747399790194
google/vit-large-patch16-224,dermamnist,"[(0, 2)]",linear,0.7546134663341646,0.005061791304285389,1,2,0,identity,0.7270157938487115,0.00773201393465235
google/vit-large-patch16-224,imagenet-1k,"[(0, 2)]",linear,0.7165333333333334,0.004461315202194656,1,2,0,identity,0.6351,0.004853864439804612
microsoft/rad-dino,pneumoniamnist,"[(0, 2)]",linear,0.8846153846153846,0.01545456852723227,1,2,0,identity,0.8995726495726496,0.008223720255523804
microsoft/rad-dino,dermamnist,"[(0, 2)]",linear,0.7097256857855362,0.007380872113191372,1,2,0,identity,0.7102244389027431,0.005486284289276777
microsoft/rad-dino,cifar100,"[(0, 2)]",linear,0.30560000000000004,0.0019078784028338674,1,2,0,identity,0.3116333333333334,0.007405628490096791
microsoft/rad-dino,imagenet-1k,"[(0, 2)]",linear,0.07793333333333334,0.0013503086067019436,1,2,0,identity,0.079,0.002523885892824801
facebook/deit-base-patch16-224,pneumoniamnist,"[(1, 3)]",linear,0.8354700854700855,0.0075734224779689585,1,2,1,identity,0.8370726495726496,0.0120281306081172
facebook/deit-base-patch16-224,dermamnist,"[(1, 3)]",linear,0.7484621778886118,0.005333005796291124,1,2,1,identity,0.7461346633416458,0.006710036931208841
facebook/deit-base-patch16-224,imagenet-1k,"[(1, 3)]",linear,0.7301333333333333,0.0013650396819629444,1,2,1,identity,0.7265666666666667,0.0014224392195567716
facebook/deit-base-patch16-224,cifar100,"[(1, 3)]",linear,0.6862666666666667,0.001792577287966495,1,2,1,identity,0.6551,0.003451086785347473
facebook/deit-small-patch16-224,pneumoniamnist,"[(1, 3)]",linear,0.8007478632478633,0.0037009632640360736,1,2,1,identity,0.8365384615384616,0.01889395211947372
facebook/deit-small-patch16-224,dermamnist,"[(1, 3)]",linear,0.7283458021612635,0.0029224265721108414,1,2,1,identity,0.7108894430590191,0.0037434182042220565
facebook/deit-small-patch16-224,imagenet-1k,"[(1, 3)]",linear,0.6576666666666667,0.004042688874169454,1,2,1,identity,0.5545333333333333,0.000737111479583245
facebook/deit-small-patch16-224,cifar100,"[(1, 3)]",linear,0.6196333333333334,0.002050203241957569,1,2,1,identity,0.5017666666666667,0.0023713568549109717
facebook/dinov2-base,pneumoniamnist,"[(1, 3)]",linear,0.8733974358974358,0.0064102564102563875,1,2,1,identity,0.826388888888889,0.023352022429908536
facebook/dinov2-base,cifar100,"[(1, 3)]",linear,0.8353999999999999,0.003034798181098717,1,2,1,identity,0.3945,0.0018027756377319846
facebook/dinov2-base,dermamnist,"[(1, 3)]",linear,0.7253532834580216,0.025359687402385162,1,2,1,identity,0.7142144638403991,0.03474129629380149
facebook/dinov2-base,imagenet-1k,"[(1, 3)]",linear,0.70004,0.003577429244583332,1,2,1,identity,0.29174,0.0026463181970428204
google/vit-base-patch16-224,pneumoniamnist,"[(1, 3)]",linear,0.8466880341880342,0.018780337426545907,1,2,1,identity,0.8552350427350427,0.008826234851420072
google/vit-base-patch16-224,dermamnist,"[(1, 3)]",linear,0.7617622610141312,0.007486836408444107,1,2,1,identity,0.744970906068163,0.0032065339188671734
google/vit-base-patch16-224,cifar100,"[(1, 3)]",linear,0.7367,0.005444263035526468,1,2,1,identity,0.5366333333333334,0.0016041612554021072
google/vit-base-patch16-224,imagenet-1k,"[(1, 3)]",linear,0.6801333333333334,0.004162130864513224,1,2,1,identity,0.46806666666666663,0.004562163229580172
google/vit-large-patch16-224,pneumoniamnist,"[(1, 3)]",linear,0.8258547008547009,0.012239785510031657,1,2,1,identity,0.8167735042735043,0.03641501488708174
google/vit-large-patch16-224,cifar100,"[(1, 3)]",linear,0.8208000000000001,0.004687216658103174,1,2,1,identity,0.6260666666666667,0.0018339392937971846
google/vit-large-patch16-224,dermamnist,"[(1, 3)]",linear,0.7594347464671655,0.006236076253869011,1,2,1,identity,0.7321695760598503,0.005207135415915439
google/vit-large-patch16-224,imagenet-1k,"[(1, 3)]",linear,0.7539000000000001,0.0019974984355437897,1,2,1,identity,0.7079,0.0010816653826391776
microsoft/rad-dino,pneumoniamnist,"[(1, 3)]",linear,0.8787393162393163,0.006476685712063087,1,2,1,identity,0.9001068376068376,0.006476685712063087
microsoft/rad-dino,dermamnist,"[(1, 3)]",linear,0.7102244389027431,0.009515603006652822,1,2,1,identity,0.7112219451371571,0.007347092200826095
microsoft/rad-dino,cifar100,"[(1, 3)]",linear,0.30086666666666667,0.004209908945967053,1,2,1,identity,0.31096666666666667,0.004860384072615381
microsoft/rad-dino,imagenet-1k,"[(1, 3)]",linear,0.08093333333333334,0.002484619353811235,1,2,1,identity,0.07943333333333334,0.0008144527815247079
facebook/deit-base-patch16-224,pneumoniamnist,"[(2, 4)]",linear,0.8397435897435898,0.0042399860754240085,1,2,2,identity,0.8258547008547009,0.021757918647880667
facebook/deit-base-patch16-224,dermamnist,"[(2, 4)]",linear,0.7496259351620947,0.00575190154347668,1,2,2,identity,0.7512884455527847,0.001888248826533714
facebook/deit-base-patch16-224,imagenet-1k,"[(2, 4)]",linear,0.7324333333333334,0.0016502525059314706,1,2,2,identity,0.7134,0.002088061301782058
facebook/deit-base-patch16-224,cifar100,"[(2, 4)]",linear,0.6816333333333334,0.0027465129406819347,1,2,2,identity,0.6635666666666666,0.003429771615331462
facebook/deit-small-patch16-224,pneumoniamnist,"[(2, 4)]",linear,0.8018162393162394,0.006067209771154138,1,2,2,identity,0.8002136752136751,0.005151522842410799
facebook/deit-small-patch16-224,dermamnist,"[(2, 4)]",linear,0.7328345802161264,0.0030063410340856506,1,2,2,identity,0.7192019950124688,0.002174014435681096
facebook/deit-small-patch16-224,imagenet-1k,"[(2, 4)]",linear,0.6956333333333333,0.000650640709864809,1,2,2,identity,0.6323,0.0017058722109232454
facebook/deit-small-patch16-224,cifar100,"[(2, 4)]",linear,0.6667666666666667,0.002569695182961091,1,2,2,identity,0.6112000000000001,0.002696293752542527
facebook/dinov2-base,pneumoniamnist,"[(2, 4)]",linear,0.8584401709401709,0.013816791833736691,1,2,2,identity,0.8680555555555557,0.027117607150634746
facebook/dinov2-base,cifar100,"[(2, 4)]",linear,0.8091333333333334,0.004052571200279339,1,2,2,identity,0.2994,0.016047741274085914
facebook/dinov2-base,dermamnist,"[(2, 4)]",linear,0.7291770573566084,0.036244633015509516,1,2,2,identity,0.7044056525353284,0.024723938746495467
facebook/dinov2-base,imagenet-1k,"[(2, 4)]",linear,0.68658,0.002068090907092846,1,2,2,identity,0.09664,0.004084482831399831
google/vit-base-patch16-224,pneumoniamnist,"[(2, 4)]",linear,0.8376068376068376,0.015399076180982407,1,2,2,identity,0.8653846153846154,0.014243901309800579
google/vit-base-patch16-224,cifar100,"[(2, 4)]",linear,0.7576333333333333,0.004200396806652109,1,2,2,identity,0.6554666666666668,0.005103266927501773
google/vit-base-patch16-224,dermamnist,"[(2, 4)]",linear,0.7562759767248545,0.0017515633836828672,1,2,2,identity,0.7541147132169576,0.0031147122186526285
google/vit-base-patch16-224,imagenet-1k,"[(2, 4)]",linear,0.6848000000000001,0.001587450786638695,1,2,2,identity,0.6231333333333334,0.0011547005383792607
google/vit-large-patch16-224,cifar100,"[(2, 4)]",linear,0.8453666666666667,0.0020108041509141533,1,2,2,identity,0.7398333333333333,0.0026764404221527997
google/vit-large-patch16-224,pneumoniamnist,"[(2, 4)]",linear,0.8327991452991453,0.021875635928892377,1,2,2,identity,0.8317307692307692,0.013117552519026375
google/vit-large-patch16-224,dermamnist,"[(2, 4)]",linear,0.7652535328345803,0.006275839098313183,1,2,2,identity,0.7524522028262677,0.004062108636033479
google/vit-large-patch16-224,imagenet-1k,"[(2, 4)]",linear,0.7644666666666667,0.0018556220879621776,1,2,2,identity,0.7308333333333333,0.0016072751268321722
microsoft/rad-dino,pneumoniamnist,"[(2, 4)]",linear,0.8728632478632479,0.006672006408545273,1,2,2,identity,0.8787393162393163,0.0056280201671221695
microsoft/rad-dino,dermamnist,"[(2, 4)]",linear,0.7098919368246052,0.013761730398387283,1,2,2,identity,0.7060681629260183,0.0015237159417974418
microsoft/rad-dino,cifar100,"[(2, 4)]",linear,0.30036666666666667,0.006700248751601161,1,2,2,identity,0.30916666666666665,0.003987898360456701
microsoft/rad-dino,imagenet-1k,"[(2, 4)]",linear,0.0802,0.003935733730830892,1,2,2,identity,0.08013333333333333,0.0011846237095944595
facebook/deit-base-patch16-224,pneumoniamnist,"[(3, 5)]",linear,0.8237179487179488,0.015287487202194668,1,2,3,identity,0.8055555555555557,0.020668314233069612
facebook/deit-base-patch16-224,dermamnist,"[(3, 5)]",linear,0.7514546965918537,0.005493835957392615,1,2,3,identity,0.7356608478802992,0.010378380073159481
facebook/deit-base-patch16-224,imagenet-1k,"[(3, 5)]",linear,0.7371666666666666,0.0006027713773341527,1,2,3,identity,0.7178666666666667,0.0020305992547356923
facebook/deit-base-patch16-224,cifar100,"[(3, 5)]",linear,0.6767,0.004288356328478318,1,2,3,identity,0.6587333333333333,0.003837099599089576
facebook/deit-small-patch16-224,pneumoniamnist,"[(3, 5)]",linear,0.7841880341880342,0.008826234851420004,1,2,3,identity,0.8141025641025642,0.004807692307692291
facebook/deit-small-patch16-224,dermamnist,"[(3, 5)]",linear,0.7271820448877806,0.005751901543476697,1,2,3,identity,0.7135494596841231,0.001603266959433519
facebook/deit-small-patch16-224,imagenet-1k,"[(3, 5)]",linear,0.6828333333333334,0.0010969655114602803,1,2,3,identity,0.6389333333333332,0.001069267662156325
facebook/deit-small-patch16-224,cifar100,"[(3, 5)]",linear,0.6641666666666667,0.0034645827069552555,1,2,3,identity,0.5920000000000001,0.0015394804318340535
facebook/dinov2-base,pneumoniamnist,"[(3, 5)]",linear,0.8664529914529915,0.017135699714044286,1,2,3,identity,0.8402777777777778,0.03336003204272647
facebook/dinov2-base,cifar100,"[(3, 5)]",linear,0.7830666666666667,0.0012220201853215258,1,2,3,identity,0.3680666666666667,0.010851881557284575
facebook/dinov2-base,dermamnist,"[(3, 5)]",linear,0.7394846217788862,0.009904153621683426,1,2,3,identity,0.7333333333333334,0.006988478655688669
facebook/dinov2-base,imagenet-1k,"[(3, 5)]",linear,0.6832800000000001,0.0033417061510551673,1,2,3,identity,0.18646000000000001,0.004689136381040763
google/vit-base-patch16-224,pneumoniamnist,"[(3, 5)]",linear,0.8418803418803419,0.022739098989094854,1,2,3,identity,0.8477564102564102,0.0027757224480270373
google/vit-base-patch16-224,dermamnist,"[(3, 5)]",linear,0.7544472152950955,0.0032065339188671335,1,2,3,identity,0.7537822111388196,0.005045383509723549
google/vit-base-patch16-224,cifar100,"[(3, 5)]",linear,0.7192999999999999,0.008959910713840879,1,2,3,identity,0.6672333333333333,0.0015307950004273267
google/vit-base-patch16-224,imagenet-1k,"[(3, 5)]",linear,0.5915333333333334,0.0020428737928059604,1,2,3,identity,0.6213000000000001,0.002783882181414976
google/vit-large-patch16-224,pneumoniamnist,"[(3, 5)]",linear,0.8028846153846154,0.04267156075543065,1,2,3,identity,0.8547008547008547,0.020915354647918664
google/vit-large-patch16-224,dermamnist,"[(3, 5)]",linear,0.7155444721529509,0.0022490023704852206,1,2,3,identity,0.7527847049044056,0.006641723808956949
google/vit-large-patch16-224,cifar100,"[(3, 5)]",linear,0.4769333333333334,0.013451517882132604,1,2,3,identity,0.7771666666666667,0.0035104605585782197
google/vit-large-patch16-224,imagenet-1k,"[(3, 5)]",linear,0.25393333333333334,0.0031214312956292095,1,2,3,identity,0.7375333333333334,0.0025579940057266454
microsoft/rad-dino,pneumoniamnist,"[(3, 5)]",linear,0.8814102564102564,0.002775722448027037,1,2,3,identity,0.8969017094017094,0.0033360032042726367
microsoft/rad-dino,dermamnist,"[(3, 5)]",linear,0.7034081463009144,0.010394346821174133,1,2,3,identity,0.711055694098088,0.008996009481940924
microsoft/rad-dino,cifar100,"[(3, 5)]",linear,0.2972333333333333,0.005093459858812401,1,2,3,identity,0.30206666666666665,0.006957250414735186
microsoft/rad-dino,imagenet-1k,"[(3, 5)]",linear,0.07913333333333333,0.002350177298276318,1,2,3,identity,0.081,0.00029999999999999645
facebook/deit-base-patch16-224,pneumoniamnist,"[(4, 6)]",linear,0.8274572649572649,0.01898435432042401,1,2,4,identity,0.8103632478632479,0.014363600063834086
facebook/deit-base-patch16-224,dermamnist,"[(4, 6)]",linear,0.744970906068163,0.006734706267840059,1,2,4,identity,0.7231920199501247,0.0077427305218254845
facebook/deit-base-patch16-224,imagenet-1k,"[(4, 6)]",linear,0.7249,0.002594224354214577,1,2,4,identity,0.7026666666666667,0.000709459888459785
facebook/deit-base-patch16-224,cifar100,"[(4, 6)]",linear,0.6741,0.0023895606290697383,1,2,4,identity,0.6381333333333333,0.004852147290976745
facebook/deit-small-patch16-224,pneumoniamnist,"[(4, 6)]",linear,0.80982905982906,0.0033360032042726367,1,2,4,identity,0.8130341880341879,0.007573422477968897
facebook/deit-small-patch16-224,dermamnist,"[(4, 6)]",linear,0.7251870324189525,0.004261348501405223,1,2,4,identity,0.7290108063175396,0.003206533918867113
facebook/deit-small-patch16-224,imagenet-1k,"[(4, 6)]",linear,0.6408333333333333,0.001858314648635594,1,2,4,identity,0.6232000000000001,0.0008888194417315968
facebook/deit-small-patch16-224,cifar100,"[(4, 6)]",linear,0.6359333333333334,0.0015821925715074768,1,2,4,identity,0.6057333333333333,0.0008962886439832619
facebook/dinov2-base,pneumoniamnist,"[(4, 6)]",linear,0.8766025641025642,0.0016025641025640969,1,2,4,identity,0.859508547008547,0.016132124861689672
facebook/dinov2-base,cifar100,"[(4, 6)]",linear,0.8212666666666667,0.002700617213403817,1,2,4,identity,0.40506666666666663,0.0026159765544311155
facebook/dinov2-base,dermamnist,"[(4, 6)]",linear,0.7361596009975062,0.012408833221570794,1,2,4,identity,0.7102244389027431,0.031147122186525683
facebook/dinov2-base,imagenet-1k,"[(4, 6)]",linear,0.7007,0.0038366652186501374,1,2,4,identity,0.12854000000000002,0.0022645087767549006
google/vit-base-patch16-224,pneumoniamnist,"[(4, 6)]",linear,0.8231837606837606,0.009112565229290633,1,2,4,identity,0.8274572649572649,0.008826234851420063
google/vit-base-patch16-224,dermamnist,"[(4, 6)]",linear,0.7554447215295096,0.01077045009924887,1,2,4,identity,0.7519534497090606,0.008260853365788743
google/vit-base-patch16-224,cifar100,"[(4, 6)]",linear,0.7453666666666666,0.004572016331262735,1,2,4,identity,0.7098,0.0003605551275463592
google/vit-base-patch16-224,imagenet-1k,"[(4, 6)]",linear,0.6111333333333334,0.0038591881702416337,1,2,4,identity,0.6415333333333333,0.0015307950004273296
google/vit-large-patch16-224,pneumoniamnist,"[(4, 6)]",linear,0.8536324786324787,0.013052127909049825,1,2,4,identity,0.8552350427350427,0.01605232820653496
google/vit-large-patch16-224,dermamnist,"[(4, 6)]",linear,0.7293433083956775,0.012670030845059145,1,2,4,identity,0.7486284289276807,0.006522043307043361
google/vit-large-patch16-224,cifar100,"[(4, 6)]",linear,0.5718,0.011505216208311778,1,2,4,identity,0.7785666666666667,0.002668957349478172
google/vit-large-patch16-224,imagenet-1k,"[(4, 6)]",linear,0.30896666666666667,0.004382160806421097,1,2,4,identity,0.7435999999999999,0.0026229754097208055
microsoft/rad-dino,pneumoniamnist,"[(4, 6)]",linear,0.8771367521367521,0.0009252408160090123,1,2,4,identity,0.8728632478632479,0.01843529265677077
microsoft/rad-dino,dermamnist,"[(4, 6)]",linear,0.7042394014962593,0.007678206642563982,1,2,4,identity,0.7072319201995012,0.007547504214674092
microsoft/rad-dino,cifar100,"[(4, 6)]",linear,0.3001666666666667,0.00253245598842967,1,2,4,identity,0.31196666666666667,0.005351946686331367
microsoft/rad-dino,imagenet-1k,"[(4, 6)]",linear,0.07736666666666667,0.002196208854670554,1,2,4,identity,0.07873333333333334,0.0018009256878986797
facebook/deit-base-patch16-224,pneumoniamnist,"[(5, 7)]",linear,0.8173076923076924,0.015783425964416856,1,2,5,identity,0.8162393162393163,0.009252408160090124
facebook/deit-base-patch16-224,dermamnist,"[(5, 7)]",linear,0.7453034081463009,0.009493793207161559,1,2,5,identity,0.7310058187863674,0.004740341622405093
facebook/deit-base-patch16-224,imagenet-1k,"[(5, 7)]",linear,0.6972999999999999,0.0003605551275463823,1,2,5,identity,0.7035,0.00019999999999997797
facebook/deit-base-patch16-224,cifar100,"[(5, 7)]",linear,0.6783333333333333,0.0005773502691896423,1,2,5,identity,0.6536333333333334,0.003385754470326144
facebook/deit-small-patch16-224,pneumoniamnist,"[(5, 7)]",linear,0.8130341880341879,0.008826234851420004,1,2,5,identity,0.8167735042735043,0.006476685712063087
facebook/deit-small-patch16-224,dermamnist,"[(5, 7)]",linear,0.7256857855361596,0.005664746479601252,1,2,5,identity,0.7278470490440565,0.0046342011187918185
facebook/deit-small-patch16-224,cifar100,"[(5, 7)]",linear,0.6627,0.004371498598878847,1,2,5,identity,0.6467666666666667,0.0002516611478424446
facebook/deit-small-patch16-224,imagenet-1k,"[(5, 7)]",linear,0.6255333333333333,0.0007505553499464616,1,2,5,identity,0.6314333333333333,0.0019218047073865355
facebook/dinov2-base,pneumoniamnist,"[(5, 7)]",linear,0.8712606837606837,0.010177648976099136,1,2,5,identity,0.859508547008547,0.040868003100288805
facebook/dinov2-base,cifar100,"[(5, 7)]",linear,0.8060333333333333,0.0018770544300401283,1,2,5,identity,0.43063333333333337,0.006482540654198277
facebook/dinov2-base,dermamnist,"[(5, 7)]",linear,0.7363258520365753,0.019726510718132906,1,2,5,identity,0.7188694929343309,0.01396805573485952
facebook/dinov2-base,imagenet-1k,"[(5, 7)]",linear,0.6397,0.0038085430285084,1,2,5,identity,0.1571,0.004504997225304362
google/vit-base-patch16-224,pneumoniamnist,"[(5, 7)]",linear,0.8338675213675213,0.01765246970284009,1,2,5,identity,0.8461538461538461,0.02518627186779122
google/vit-base-patch16-224,cifar100,"[(5, 7)]",linear,0.7874333333333334,0.0014011899704655837,1,2,5,identity,0.7403333333333334,0.001858314648635467
google/vit-base-patch16-224,dermamnist,"[(5, 7)]",linear,0.7566084788029924,0.003990024937655878,1,2,5,identity,0.7497921862011637,0.0061557800769987256
google/vit-base-patch16-224,imagenet-1k,"[(5, 7)]",linear,0.6731333333333334,0.0013650396819628395,1,2,5,identity,0.6516666666666667,0.002396525262402477
google/vit-large-patch16-224,pneumoniamnist,"[(5, 7)]",linear,0.7745726495726496,0.07916623412456669,1,2,5,identity,0.8504273504273504,0.01938594798250427
google/vit-large-patch16-224,dermamnist,"[(5, 7)]",linear,0.7047381546134663,0.010306223600883688,1,2,5,identity,0.7511221945137158,0.007193119751549061
google/vit-large-patch16-224,cifar100,"[(5, 7)]",linear,0.42596666666666666,0.001422439219556781,1,2,5,identity,0.7975,0.003477067730142742
google/vit-large-patch16-224,imagenet-1k,"[(5, 7)]",linear,0.07733333333333332,0.0035641735835019723,1,2,5,identity,0.7511333333333333,0.00126622799421483
microsoft/rad-dino,pneumoniamnist,"[(5, 7)]",linear,0.8760683760683761,0.007401926528072099,1,2,5,identity,0.8856837606837606,0.011256040334244367
microsoft/rad-dino,dermamnist,"[(5, 7)]",linear,0.6997506234413965,0.010870072178405668,1,2,5,identity,0.7110556940980882,0.002076474812435059
microsoft/rad-dino,cifar100,"[(5, 7)]",linear,0.29683333333333334,0.004118656738954239,1,2,5,identity,0.32023333333333337,0.008607167555783576
microsoft/rad-dino,imagenet-1k,"[(5, 7)]",linear,0.07853333333333333,0.0017214335111567117,1,2,5,identity,0.08333333333333333,0.0014977761292440698
facebook/deit-base-patch16-224,pneumoniamnist,"[(6, 8)]",linear,0.8290598290598291,0.005151522842410827,1,2,6,identity,0.8504273504273504,0.008223720255523823
facebook/deit-base-patch16-224,dermamnist,"[(6, 8)]",linear,0.7436408977556109,0.010012398952560942,1,2,6,identity,0.7356608478802992,0.007447972330707284
facebook/deit-base-patch16-224,cifar100,"[(6, 8)]",linear,0.6875333333333332,0.0013051181300300669,1,2,6,identity,0.6803666666666667,0.0037447741364911758
facebook/deit-base-patch16-224,imagenet-1k,"[(6, 8)]",linear,0.6503,0.0014730919862656535,1,2,6,identity,0.6867000000000001,0.0031575306807693922
facebook/deit-small-patch16-224,pneumoniamnist,"[(6, 8)]",linear,0.8060897435897436,0.005551444896054075,1,2,6,identity,0.797008547008547,0.009112565229290657
facebook/deit-small-patch16-224,dermamnist,"[(6, 8)]",linear,0.7206982543640897,0.002174014435681137,1,2,6,identity,0.7256857855361596,0.0004987531172070125
facebook/deit-small-patch16-224,cifar100,"[(6, 8)]",linear,0.6881333333333334,0.0043154760262725834,1,2,6,identity,0.6844,0.0028618176042507805
facebook/deit-small-patch16-224,imagenet-1k,"[(6, 8)]",linear,0.6048999999999999,0.0020420577856662078,1,2,6,identity,0.6201,0.0016822603841260444
facebook/dinov2-base,pneumoniamnist,"[(6, 8)]",linear,0.8611111111111112,0.012853856213158118,1,2,6,identity,0.8920940170940171,0.02318646839125078
facebook/dinov2-base,dermamnist,"[(6, 8)]",linear,0.7260182876142975,0.0037764976530675377,1,2,6,identity,0.7406483790523691,0.010615359927078705
facebook/dinov2-base,cifar100,"[(6, 8)]",linear,0.6122,0.009042123644365846,1,2,6,identity,0.6176666666666667,0.007300228306932116
facebook/dinov2-base,imagenet-1k,"[(6, 8)]",linear,0.31182,0.004085584413520316,1,2,6,identity,0.26734,0.006122336155423036
google/vit-base-patch16-224,pneumoniamnist,"[(6, 8)]",linear,0.8263888888888888,0.02908260168550467,1,2,6,identity,0.8536324786324787,0.014890341735861507
google/vit-base-patch16-224,cifar100,"[(6, 8)]",linear,0.7811666666666667,0.003499047489436723,1,2,6,identity,0.7402666666666667,0.002967041174863123
google/vit-base-patch16-224,dermamnist,"[(6, 8)]",linear,0.7567747298420615,0.013236548162502446,1,2,6,identity,0.7501246882793017,0.010306223600883718
google/vit-base-patch16-224,imagenet-1k,"[(6, 8)]",linear,0.6486999999999999,0.002206807649071442,1,2,6,identity,0.6166333333333334,0.004410593308539483
google/vit-large-patch16-224,cifar100,"[(6, 8)]",linear,0.8527333333333335,0.002571640202931485,1,2,6,identity,0.8190333333333334,0.0013203534880225625
google/vit-large-patch16-224,pneumoniamnist,"[(6, 8)]",linear,0.8392094017094017,0.022907886370076454,1,2,6,identity,0.827991452991453,0.019119156162578303
google/vit-large-patch16-224,imagenet-1k,"[(6, 8)]",linear,0.7710666666666667,0.0012662279942148088,1,2,6,identity,0.7504333333333334,0.002793444707405791
google/vit-large-patch16-224,dermamnist,"[(6, 8)]",linear,0.7566084788029924,0.00520713541591549,1,2,6,identity,0.7506234413965087,0.006128780911443603
microsoft/rad-dino,pneumoniamnist,"[(6, 8)]",linear,0.8659188034188036,0.001850481632018025,1,2,6,identity,0.8648504273504273,0.0121344195423083
microsoft/rad-dino,dermamnist,"[(6, 8)]",linear,0.7012468827930175,0.0072448075044059795,1,2,6,identity,0.6967581047381546,0.008026671790239892
microsoft/rad-dino,cifar100,"[(6, 8)]",linear,0.29173333333333334,0.008730597535869668,1,2,6,identity,0.3012333333333333,0.00760087714236543
microsoft/rad-dino,imagenet-1k,"[(6, 8)]",linear,0.07856666666666667,0.0033381631675718487,1,2,6,identity,0.08306666666666666,0.0014011899704655837
facebook/deit-base-patch16-224,pneumoniamnist,"[(7, 9)]",linear,0.8376068376068376,0.014890341735861458,1,2,7,identity,0.844551282051282,0.013970829947245699
facebook/deit-base-patch16-224,dermamnist,"[(7, 9)]",linear,0.7424771404821281,0.00664172380895706,1,2,7,identity,0.7436408977556109,0.009515603006652844
facebook/deit-base-patch16-224,cifar100,"[(7, 9)]",linear,0.7019000000000001,0.0031749015732775,1,2,7,identity,0.7054333333333332,0.0031895663237082013
facebook/deit-base-patch16-224,imagenet-1k,"[(7, 9)]",linear,0.5544333333333333,0.0020550750189064423,1,2,7,identity,0.6619333333333334,0.0015044378795195995
facebook/deit-small-patch16-224,pneumoniamnist,"[(7, 9)]",linear,0.7927350427350427,0.011369549494547437,1,2,7,identity,0.7991452991452991,0.013439899172445709
facebook/deit-small-patch16-224,dermamnist,"[(7, 9)]",linear,0.7201995012468828,0.001727731478871738,1,2,7,identity,0.7281795511221945,0.0034912718204488896
facebook/deit-small-patch16-224,cifar100,"[(7, 9)]",linear,0.6969666666666666,0.002804163571073123,1,2,7,identity,0.7107666666666667,0.0021962088546705564
facebook/deit-small-patch16-224,imagenet-1k,"[(7, 9)]",linear,0.6045666666666667,0.0015947831618541072,1,2,7,identity,0.6481666666666667,0.0005507570547286604
facebook/dinov2-base,pneumoniamnist,"[(7, 9)]",linear,0.8926282051282052,0.04166666666666665,1,2,7,identity,0.8648504273504273,0.02489568418318601
facebook/dinov2-base,cifar100,"[(7, 9)]",linear,0.7778333333333333,0.00047258156262531257,1,2,7,identity,0.6764333333333333,0.0023158871590242937
facebook/dinov2-base,dermamnist,"[(7, 9)]",linear,0.7311720698254364,0.010378380073159525,1,2,7,identity,0.742975893599335,0.021981002959368428
facebook/dinov2-base,imagenet-1k,"[(7, 9)]",linear,0.51774,0.0017067512999848016,1,2,7,identity,0.35354,0.010113505821425122
google/vit-base-patch16-224,pneumoniamnist,"[(7, 9)]",linear,0.8205128205128206,0.012099093646267258,1,2,7,identity,0.8365384615384616,0.03156685192883366
google/vit-base-patch16-224,cifar100,"[(7, 9)]",linear,0.7806333333333333,0.0011503622617825072,1,2,7,identity,0.7526,0.0024248711305964324
google/vit-base-patch16-224,dermamnist,"[(7, 9)]",linear,0.7584372402327514,0.004498004740970464,1,2,7,identity,0.7562759767248545,0.006033332439442762
google/vit-base-patch16-224,imagenet-1k,"[(7, 9)]",linear,0.6126666666666667,0.0012662279942148563,1,2,7,identity,0.5578666666666666,0.0030038863715748736
google/vit-large-patch16-224,cifar100,"[(7, 9)]",linear,0.8577,0.0007000000000000378,1,2,7,identity,0.8253666666666666,0.002294195574342656
google/vit-large-patch16-224,pneumoniamnist,"[(7, 9)]",linear,0.8274572649572649,0.02545673623385438,1,2,7,identity,0.8311965811965812,0.019119156162578303
google/vit-large-patch16-224,dermamnist,"[(7, 9)]",linear,0.7672485453034081,0.00958506088472124,1,2,7,identity,0.7607647547797174,0.002922426572110862
google/vit-large-patch16-224,imagenet-1k,"[(7, 9)]",linear,0.7658999999999999,0.0031796226191169027,1,2,7,identity,0.7503000000000001,0.0002645751311065086
microsoft/rad-dino,pneumoniamnist,"[(7, 9)]",linear,0.8685897435897436,0.0064102564102563875,1,2,7,identity,0.8744658119658121,0.01067039762576822
microsoft/rad-dino,dermamnist,"[(7, 9)]",linear,0.7009143807148795,0.009480683244810145,1,2,7,identity,0.7002493765586034,0.0013195767137479208
microsoft/rad-dino,cifar100,"[(7, 9)]",linear,0.2871333333333333,0.005742241142039691,1,2,7,identity,0.31493333333333334,0.0030730007050655413
microsoft/rad-dino,imagenet-1k,"[(7, 9)]",linear,0.0775,0.0016522711641858293,1,2,7,identity,0.0862,0.0017435595774162717
facebook/deit-base-patch16-224,pneumoniamnist,"[(8, 10)]",linear,0.8210470085470085,0.018574079755036013,1,2,8,identity,0.8231837606837606,0.016680016021363243
facebook/deit-base-patch16-224,dermamnist,"[(8, 10)]",linear,0.7404821280133,0.004792530442360625,1,2,8,identity,0.7487946799667498,0.00274691797869631
facebook/deit-base-patch16-224,cifar100,"[(8, 10)]",linear,0.7141333333333333,0.0028919428302326047,1,2,8,identity,0.7326,0.00036055512754644
facebook/deit-base-patch16-224,imagenet-1k,"[(8, 10)]",linear,0.5408666666666667,0.0037072002014098397,1,2,8,identity,0.6246333333333334,0.002100793500878488
facebook/deit-small-patch16-224,pneumoniamnist,"[(8, 10)]",linear,0.798076923076923,0.014687742612037924,1,2,8,identity,0.7948717948717948,0.0144230769230769
facebook/deit-small-patch16-224,dermamnist,"[(8, 10)]",linear,0.7230257689110556,0.006155780076998718,1,2,8,identity,0.7238570241064006,0.00201568672535033
facebook/deit-small-patch16-224,cifar100,"[(8, 10)]",linear,0.7129333333333333,0.0032036437588055244,1,2,8,identity,0.7228,0.0029461839725312467
facebook/deit-small-patch16-224,imagenet-1k,"[(8, 10)]",linear,0.6633333333333333,0.0009073771725877823,1,2,8,identity,0.6745666666666666,0.0016653327995728871
facebook/dinov2-base,pneumoniamnist,"[(8, 10)]",linear,0.8552350427350427,0.012028130608117225,1,2,8,identity,0.8669871794871794,0.020016019225635902
facebook/dinov2-base,cifar100,"[(8, 10)]",linear,0.7911999999999999,0.008407139822793445,1,2,8,identity,0.7391666666666667,0.00409918691124634
facebook/dinov2-base,dermamnist,"[(8, 10)]",linear,0.742643391521197,0.031031102703844966,1,2,8,identity,0.7356608478802992,0.031031102703844914
facebook/dinov2-base,imagenet-1k,"[(8, 10)]",linear,0.58296,0.0015805062480104294,1,2,8,identity,0.47668,0.0038114301777679247
google/vit-base-patch16-224,pneumoniamnist,"[(8, 10)]",linear,0.8338675213675213,0.017725064127176313,1,2,8,identity,0.8504273504273504,0.023186468391250808
google/vit-base-patch16-224,cifar100,"[(8, 10)]",linear,0.7986333333333334,0.0024214320831552035,1,2,8,identity,0.7975,0.0013228756555322806
google/vit-base-patch16-224,dermamnist,"[(8, 10)]",linear,0.7591022443890273,0.005278306854991726,1,2,8,identity,0.7665835411471322,0.0013195767137479208
google/vit-base-patch16-224,imagenet-1k,"[(8, 10)]",linear,0.5705,0.0017320508075688787,1,2,8,identity,0.6237666666666667,0.0038527046776691155
google/vit-large-patch16-224,cifar100,"[(8, 10)]",linear,0.8574333333333334,0.0015044378795195958,1,2,8,identity,0.8231999999999999,0.0032186953878862146
google/vit-large-patch16-224,pneumoniamnist,"[(8, 10)]",linear,0.8344017094017094,0.024479571020063238,1,2,8,identity,0.8210470085470085,0.02565771358658726
google/vit-large-patch16-224,dermamnist,"[(8, 10)]",linear,0.7685785536159601,0.004082470210410215,1,2,8,identity,0.7619285120532003,0.0010382374062175095
google/vit-large-patch16-224,imagenet-1k,"[(8, 10)]",linear,0.7629333333333334,0.0012858201014657182,1,2,8,identity,0.7580666666666667,0.002510644007686732
microsoft/rad-dino,pneumoniamnist,"[(8, 10)]",linear,0.8851495726495727,0.008066062430844817,1,2,8,identity,0.87232905982906,0.004033031215422395
microsoft/rad-dino,dermamnist,"[(8, 10)]",linear,0.7020781379883624,0.007732013934652353,1,2,8,identity,0.7034081463009144,0.012260943685780417
microsoft/rad-dino,cifar100,"[(8, 10)]",linear,0.2828333333333333,0.007883104295474792,1,2,8,identity,0.31020000000000003,0.00409511904588865
microsoft/rad-dino,imagenet-1k,"[(8, 10)]",linear,0.07853333333333333,0.0020502032419575772,1,2,8,identity,0.08243333333333333,0.001871719352182194
facebook/deit-base-patch16-224,pneumoniamnist,"[(9, 11)]",linear,0.8002136752136751,0.0209153546479187,1,2,9,identity,0.8130341880341879,0.013052127909049758
facebook/deit-base-patch16-224,dermamnist,"[(9, 11)]",linear,0.7353283458021612,0.005493835957392616,1,2,9,identity,0.7456359102244389,0.003596559875774546
facebook/deit-base-patch16-224,cifar100,"[(9, 11)]",linear,0.7352666666666666,0.004535783651513059,1,2,9,identity,0.7454333333333333,0.0006658328118479813
facebook/deit-base-patch16-224,imagenet-1k,"[(9, 11)]",linear,0.5933666666666667,0.0008082903768654614,1,2,9,identity,0.6126,0.0027184554438136614
facebook/deit-small-patch16-224,pneumoniamnist,"[(9, 11)]",linear,0.7686965811965812,0.01454130084275239,1,2,9,identity,0.7745726495726496,0.01871183748732581
facebook/deit-small-patch16-224,cifar100,"[(9, 11)]",linear,0.7210666666666666,0.003288363321370268,1,2,9,identity,0.7249666666666666,0.0013012814197295383
facebook/deit-small-patch16-224,dermamnist,"[(9, 11)]",linear,0.7155444721529509,0.003743418204221997,1,2,9,identity,0.7255195344970905,0.00430008883005072
facebook/deit-small-patch16-224,imagenet-1k,"[(9, 11)]",linear,0.6984333333333334,0.002421432083155239,1,2,9,identity,0.6971666666666666,0.0011718930554164445
facebook/dinov2-base,pneumoniamnist,"[(9, 11)]",linear,0.8717948717948718,0.01805998023971899,1,2,9,identity,0.8541666666666666,0.0032051282051281937
facebook/dinov2-base,dermamnist,"[(9, 11)]",linear,0.7339983374896093,0.017915815499315837,1,2,9,identity,0.7544472152950955,0.010998985806831625
facebook/dinov2-base,cifar100,"[(9, 11)]",linear,0.7205666666666667,0.00911281149444739,1,2,9,identity,0.7311,0.01179109833730515
facebook/dinov2-base,imagenet-1k,"[(9, 11)]",linear,0.4608,0.006262188115986305,1,2,9,identity,0.46618000000000004,0.00452625673156084
google/vit-base-patch16-224,pneumoniamnist,"[(9, 11)]",linear,0.8376068376068376,0.016985163563658832,1,2,9,identity,0.8301282051282052,0.02419818729253444
google/vit-base-patch16-224,cifar100,"[(9, 11)]",linear,0.7724000000000001,0.0019313207915827204,1,2,9,identity,0.7935666666666666,0.002948445918332788
google/vit-base-patch16-224,dermamnist,"[(9, 11)]",linear,0.7660847880299251,0.0013195767137478946,1,2,9,identity,0.7632585203657523,0.003320861904478506
google/vit-base-patch16-224,imagenet-1k,"[(9, 11)]",linear,0.5064000000000001,0.0010148891565092428,1,2,9,identity,0.5552,0.0
google/vit-large-patch16-224,cifar100,"[(9, 11)]",linear,0.8516666666666667,0.0003055050463303557,1,2,9,identity,0.8245,0.004821825380496418
google/vit-large-patch16-224,pneumoniamnist,"[(9, 11)]",linear,0.8344017094017094,0.030798152361964908,1,2,9,identity,0.8221153846153846,0.031280803358883225
google/vit-large-patch16-224,dermamnist,"[(9, 11)]",linear,0.7642560266001662,0.005493835957392611,1,2,9,identity,0.7614297589359934,0.004241845659907945
google/vit-large-patch16-224,imagenet-1k,"[(9, 11)]",linear,0.7571333333333333,0.003722006627255445,1,2,9,identity,0.7531666666666667,0.0034078341117685577
microsoft/rad-dino,pneumoniamnist,"[(9, 11)]",linear,0.8782051282051282,0.008922699299407054,1,2,9,identity,0.8803418803418803,0.006476685712063087
microsoft/rad-dino,dermamnist,"[(9, 11)]",linear,0.7029093931837074,0.008108893365424617,1,2,9,identity,0.6947630922693268,0.016534248832170365
microsoft/rad-dino,cifar100,"[(9, 11)]",linear,0.28826666666666667,0.003655589327773768,1,2,9,identity,0.3044,0.013672234638127032
microsoft/rad-dino,imagenet-1k,"[(9, 11)]",linear,0.07926666666666667,0.001747378989610819,1,2,9,identity,0.08706666666666667,0.0009291573243177546
google/vit-large-patch16-224,cifar100,"[(10, 12)]",linear,0.8505333333333334,0.0022007574453658547,1,2,10,identity,0.8337,0.0021656407827707535
google/vit-large-patch16-224,pneumoniamnist,"[(10, 12)]",linear,0.843482905982906,0.02800286842325035,1,2,10,identity,0.8413461538461539,0.026235105038052747
google/vit-large-patch16-224,dermamnist,"[(10, 12)]",linear,0.7635910224438902,0.004319328697179233,1,2,10,identity,0.7584372402327514,0.005672060551698043
google/vit-large-patch16-224,imagenet-1k,"[(10, 12)]",linear,0.7585333333333333,0.0007094598884597556,1,2,10,identity,0.7550666666666667,0.0021221058723195577
google/vit-large-patch16-224,cifar100,"[(11, 13)]",linear,0.8455666666666666,0.0020108041509141416,1,2,11,identity,0.8342666666666667,0.0027024680078279136
google/vit-large-patch16-224,pneumoniamnist,"[(11, 13)]",linear,0.8338675213675213,0.018780337426545893,1,2,11,identity,0.8466880341880342,0.016052328206534898
google/vit-large-patch16-224,imagenet-1k,"[(11, 13)]",linear,0.7622666666666666,0.0012055427546683194,1,2,11,identity,0.7514666666666666,0.004508140784551091
google/vit-large-patch16-224,dermamnist,"[(11, 13)]",linear,0.7581047381546134,0.008026671790239918,1,2,11,identity,0.7579384871155445,0.0025594022141879674
google/vit-large-patch16-224,cifar100,"[(12, 14)]",linear,0.8517666666666667,0.0015821925715074259,1,2,12,identity,0.8419666666666666,0.0021548395145192007
google/vit-large-patch16-224,pneumoniamnist,"[(12, 14)]",linear,0.8370726495726496,0.01728492487966181,1,2,12,identity,0.8392094017094017,0.02400282258403949
google/vit-large-patch16-224,imagenet-1k,"[(12, 14)]",linear,0.7656333333333333,0.003137408697210704,1,2,12,identity,0.7595999999999999,0.0010440306508910516
google/vit-large-patch16-224,dermamnist,"[(12, 14)]",linear,0.7562759767248545,0.00595030097029869,1,2,12,identity,0.7499584372402328,0.0036763664817117073
google/vit-large-patch16-224,cifar100,"[(13, 15)]",linear,0.8492999999999999,0.001682260384126019,1,2,13,identity,0.8445999999999999,0.004194043395102143
google/vit-large-patch16-224,pneumoniamnist,"[(13, 15)]",linear,0.8317307692307692,0.019692637383725183,1,2,13,identity,0.8370726495726496,0.022682557420472375
google/vit-large-patch16-224,imagenet-1k,"[(13, 15)]",linear,0.7687333333333334,0.0031879983270593415,1,2,13,identity,0.7661666666666666,0.002809507667427446
google/vit-large-patch16-224,dermamnist,"[(13, 15)]",linear,0.7576059850374065,0.00604706017605089,1,2,13,identity,0.7554447215295096,0.005333005796291103
google/vit-large-patch16-224,cifar100,"[(14, 16)]",linear,0.8523666666666667,0.004289910643980029,1,2,14,identity,0.8481666666666667,0.004874764951598499
google/vit-large-patch16-224,pneumoniamnist,"[(14, 16)]",linear,0.8317307692307692,0.03156685192883366,1,2,14,identity,0.826923076923077,0.026671982335085335
google/vit-large-patch16-224,imagenet-1k,"[(14, 16)]",linear,0.7722333333333333,0.0006429100507328764,1,2,14,identity,0.7663666666666668,0.0017925772879664628
google/vit-large-patch16-224,dermamnist,"[(14, 16)]",linear,0.7635910224438902,0.007193119751549061,1,2,14,identity,0.7592684954280964,0.008365583125791633
google/vit-large-patch16-224,cifar100,"[(15, 17)]",linear,0.8542333333333333,0.001501110699893039,1,2,15,identity,0.8527666666666667,0.001662327685305531
google/vit-large-patch16-224,pneumoniamnist,"[(15, 17)]",linear,0.8301282051282052,0.02425119543336787,1,2,15,identity,0.8333333333333334,0.02425119543336787
google/vit-large-patch16-224,imagenet-1k,"[(15, 17)]",linear,0.7670333333333333,0.0017214335111567182,1,2,15,identity,0.7660666666666667,0.0015947831618540887
google/vit-large-patch16-224,dermamnist,"[(15, 17)]",linear,0.7594347464671655,0.006988478655688676,1,2,15,identity,0.7554447215295096,0.00635461840519248
google/vit-large-patch16-224,cifar100,"[(16, 18)]",linear,0.8591666666666667,0.002742869543622772,1,2,16,identity,0.8590666666666666,0.0014468356276140244
google/vit-large-patch16-224,pneumoniamnist,"[(16, 18)]",linear,0.8311965811965812,0.02595626199413747,1,2,16,identity,0.8258547008547009,0.02003739245033236
google/vit-large-patch16-224,imagenet-1k,"[(16, 18)]",linear,0.7645333333333334,0.003231614663497656,1,2,16,identity,0.7648666666666667,0.002764657905299152
google/vit-large-patch16-224,dermamnist,"[(16, 18)]",linear,0.7552784704904406,0.010747329249472328,1,2,16,identity,0.7512884455527846,0.007059309641084647
google/vit-large-patch16-224,cifar100,"[(17, 19)]",linear,0.8533,0.0009165151389910943,1,2,17,identity,0.8555333333333334,0.0022898325994127294
google/vit-large-patch16-224,pneumoniamnist,"[(17, 19)]",linear,0.826388888888889,0.02041828510001752,1,2,17,identity,0.829594017094017,0.019583656816050548
google/vit-large-patch16-224,dermamnist,"[(17, 19)]",linear,0.7576059850374065,0.009074017655192152,1,2,17,identity,0.7612635078969244,0.006585304179663681
google/vit-large-patch16-224,imagenet-1k,"[(17, 19)]",linear,0.7461000000000001,0.0005291502622129385,1,2,17,identity,0.7572,0.00017320508075686865
google/vit-large-patch16-224,cifar100,"[(18, 20)]",linear,0.8488333333333333,0.0029838453936712325,1,2,18,identity,0.8512,0.0023579652245103444
google/vit-large-patch16-224,pneumoniamnist,"[(18, 20)]",linear,0.8274572649572649,0.02575761421205382,1,2,18,identity,0.8509615384615384,0.021199930377120136
google/vit-large-patch16-224,dermamnist,"[(18, 20)]",linear,0.7640897755610973,0.006483790523690755,1,2,18,identity,0.7649210307564421,0.007732013934652364
google/vit-large-patch16-224,imagenet-1k,"[(18, 20)]",linear,0.7333666666666666,0.0026727015047201255,1,2,18,identity,0.7462,0.0037363083384539205
google/vit-large-patch16-224,cifar100,"[(19, 21)]",linear,0.8614666666666667,0.0036473734842121038,1,2,19,identity,0.8606666666666666,0.002853652630109922
google/vit-large-patch16-224,pneumoniamnist,"[(19, 21)]",linear,0.8333333333333334,0.03492707486811436,1,2,19,identity,0.8450854700854701,0.012853856213158035
google/vit-large-patch16-224,dermamnist,"[(19, 21)]",linear,0.7644222776392352,0.003743418204221997,1,2,19,identity,0.7642560266001662,0.008870704287251301
google/vit-large-patch16-224,imagenet-1k,"[(19, 21)]",linear,0.7453,0.005267826876426345,1,2,19,identity,0.7480333333333333,0.00100166528008778
google/vit-large-patch16-224,cifar100,"[(20, 22)]",linear,0.8612666666666667,0.0026312227829154086,1,2,20,identity,0.8645999999999999,0.0010816653826392316
google/vit-large-patch16-224,pneumoniamnist,"[(20, 22)]",linear,0.8360042735042734,0.026349065075082303,1,2,20,identity,0.8386752136752137,0.027493823146277296
google/vit-large-patch16-224,dermamnist,"[(20, 22)]",linear,0.7581047381546134,0.009515603006652832,1,2,20,identity,0.7602660016625103,0.00936186748149692
google/vit-large-patch16-224,imagenet-1k,"[(20, 22)]",linear,0.7486333333333333,0.0032331615074618686,1,2,20,identity,0.7543666666666667,0.002458319208998949
google/vit-large-patch16-224,cifar100,"[(21, 23)]",linear,0.8659666666666667,0.0016563010998406848,1,2,21,identity,0.8677999999999999,0.0006557438524302083
google/vit-large-patch16-224,pneumoniamnist,"[(21, 23)]",linear,0.829594017094017,0.029780683471722982,1,2,21,identity,0.8386752136752137,0.02175791864788066
google/vit-large-patch16-224,imagenet-1k,"[(21, 23)]",linear,0.7669666666666667,0.0013796134724383304,1,2,21,identity,0.7657666666666666,0.002631222782915466
google/vit-large-patch16-224,dermamnist,"[(21, 23)]",linear,0.7552784704904406,0.007076906618052481,1,2,21,identity,0.7577722360764755,0.011333151765356144
facebook/deit-small-patch16-224,imagenet-1k,"[(0, 1), (2, 3)]",linear,0.5834333333333334,0.0027061657993059677,2,2,0,identity,0.5456333333333333,0.0013796134724383831
facebook/dinov2-base,imagenet-1k,"[(0, 1), (2, 3)]",linear,0.7112,0.002077257807784047,2,2,0,identity,0.12956,0.00274645225700357
google/vit-large-patch16-224,imagenet-1k,"[(0, 1), (2, 3)]",linear,0.755,0.00017320508075686865,2,2,0,identity,0.7282333333333333,0.0010503967504392432
facebook/deit-small-patch16-224,imagenet-1k,"[(1, 2), (3, 4)]",linear,0.6635333333333334,0.00148436293854745,2,2,1,identity,0.6188666666666667,0.0008144527815247203
facebook/dinov2-base,imagenet-1k,"[(1, 2), (3, 4)]",linear,0.6798,0.004291270208225064,2,2,1,identity,0.15760000000000002,0.0031360803561133557
google/vit-large-patch16-224,imagenet-1k,"[(1, 2), (3, 4)]",linear,0.7684333333333333,0.0029022979401387393,2,2,1,identity,0.7458333333333332,0.0018175074506954182
facebook/deit-small-patch16-224,imagenet-1k,"[(2, 3), (4, 5)]",linear,0.6975333333333333,0.0014640127503998453,2,2,2,identity,0.6618,0.0009165151389911822
facebook/dinov2-base,imagenet-1k,"[(2, 3), (4, 5)]",linear,0.6953199999999999,0.0042346192272741615,2,2,2,identity,0.12652000000000002,0.004497999555357911
google/vit-large-patch16-224,imagenet-1k,"[(2, 3), (4, 5)]",linear,0.17323333333333335,0.0009073771725877647,2,2,2,identity,0.7374333333333333,0.0020599352740640433
facebook/deit-small-patch16-224,imagenet-1k,"[(3, 4), (5, 6)]",linear,0.6770666666666667,0.0026006409466385796,2,2,3,identity,0.6558,0.0018330302779823431
facebook/dinov2-base,imagenet-1k,"[(3, 4), (5, 6)]",linear,0.70306,0.0020305171754998676,2,2,3,identity,0.13540000000000002,0.0033369147426927127
google/vit-large-patch16-224,imagenet-1k,"[(3, 4), (5, 6)]",linear,0.1641,0.0007549834435270768,2,2,3,identity,0.7494999999999999,0.003143246729100388
facebook/deit-small-patch16-224,imagenet-1k,"[(4, 5), (6, 7)]",linear,0.6643666666666667,0.0007094598884597902,2,2,4,identity,0.6621666666666667,0.0021361959960016627
facebook/dinov2-base,imagenet-1k,"[(4, 5), (6, 7)]",linear,0.68104,0.003002165884823823,2,2,4,identity,0.00528,0.0014549914089093446
google/vit-large-patch16-224,imagenet-1k,"[(4, 5), (6, 7)]",linear,0.21216666666666664,0.0032715949219506413,2,2,4,identity,0.7481,0.00353694783676552
facebook/deit-small-patch16-224,imagenet-1k,"[(5, 6), (7, 8)]",linear,0.6304333333333333,0.0006658328118479458,2,2,5,identity,0.6485666666666666,0.00040414518843277363
facebook/dinov2-base,imagenet-1k,"[(5, 6), (7, 8)]",linear,0.5204799999999999,0.003698918760935389,2,2,5,identity,0.20385999999999999,0.004648978382397565
google/vit-large-patch16-224,imagenet-1k,"[(5, 6), (7, 8)]",linear,0.1472,0.004132795663954356,2,2,5,identity,0.7513333333333333,0.003113411847689532
facebook/deit-small-patch16-224,imagenet-1k,"[(6, 7), (8, 9)]",linear,0.6347666666666667,0.001563116545025765,2,2,6,identity,0.668,9.999999999998899e-05
facebook/dinov2-base,imagenet-1k,"[(6, 7), (8, 9)]",linear,0.6347,0.002507987240796878,2,2,6,identity,0.20864,0.005519329669443565
google/vit-large-patch16-224,imagenet-1k,"[(6, 7), (8, 9)]",linear,0.7644333333333333,0.003225419869309003,2,2,6,identity,0.7578999999999999,0.002762245463386651
facebook/deit-small-patch16-224,imagenet-1k,"[(7, 8), (9, 10)]",linear,0.6604333333333333,0.0009712534856222022,2,2,7,identity,0.6701333333333334,0.001078579312490868
facebook/dinov2-base,imagenet-1k,"[(7, 8), (9, 10)]",linear,0.49616000000000005,0.007330620710417352,2,2,7,identity,0.41533999999999993,0.004109501186275542
google/vit-large-patch16-224,imagenet-1k,"[(7, 8), (9, 10)]",linear,0.7638333333333334,0.0028290163190291475,2,2,7,identity,0.7491333333333333,0.0037112441759244875
facebook/deit-small-patch16-224,imagenet-1k,"[(8, 9), (10, 11)]",linear,0.6796666666666668,0.0004618802153517218,2,2,8,identity,0.7021999999999999,0.0024331050121192688
facebook/dinov2-base,imagenet-1k,"[(8, 9), (10, 11)]",linear,0.55726,0.006739287796199293,2,2,8,identity,0.51002,0.005934391291446784
google/vit-large-patch16-224,imagenet-1k,"[(8, 9), (10, 11)]",linear,0.7611666666666667,0.002672701504720132,2,2,8,identity,0.7567666666666666,0.0008736894948053952
google/vit-large-patch16-224,imagenet-1k,"[(9, 10), (11, 12)]",linear,0.7618666666666667,0.0013316656236958897,2,2,9,identity,0.7506333333333334,0.0020428737928059383
google/vit-large-patch16-224,imagenet-1k,"[(10, 11), (12, 13)]",linear,0.7639999999999999,0.0016643316977093306,2,2,10,identity,0.7562333333333333,0.000945163125250492
google/vit-large-patch16-224,imagenet-1k,"[(11, 12), (13, 14)]",linear,0.7684000000000001,0.0008888194417315968,2,2,11,identity,0.7609,0.0012165525060596652
google/vit-large-patch16-224,imagenet-1k,"[(12, 13), (14, 15)]",linear,0.7669666666666667,0.00551845388975328,2,2,12,identity,0.7640333333333333,0.002565800719723421
google/vit-large-patch16-224,imagenet-1k,"[(13, 14), (15, 16)]",linear,0.7686999999999999,0.005692978130996153,2,2,13,identity,0.7665333333333333,0.0011060440015358754
google/vit-large-patch16-224,imagenet-1k,"[(14, 15), (16, 17)]",linear,0.7706666666666667,0.001331665623695939,2,2,14,identity,0.7672,0.0021656407827707535
google/vit-large-patch16-224,imagenet-1k,"[(15, 16), (17, 18)]",linear,0.7660666666666667,0.0023028967265887514,2,2,15,identity,0.765,0.0009643650760993216
google/vit-large-patch16-224,imagenet-1k,"[(16, 17), (18, 19)]",linear,0.7593,0.0022869193252058385,2,2,16,identity,0.7638666666666666,0.0016502525059315526
google/vit-large-patch16-224,imagenet-1k,"[(17, 18), (19, 20)]",linear,0.7533333333333334,0.0022810816147900807,2,2,17,identity,0.7529666666666666,0.0015011106998930126
google/vit-large-patch16-224,imagenet-1k,"[(18, 19), (20, 21)]",linear,0.7527333333333334,0.0007505553499464438,2,2,18,identity,0.7540666666666667,0.004015387071420812
google/vit-large-patch16-224,imagenet-1k,"[(19, 20), (21, 22)]",linear,0.7507999999999999,0.004968903299521934,2,2,19,identity,0.7518666666666666,0.001569500982265767
google/vit-large-patch16-224,imagenet-1k,"[(20, 21), (22, 23)]",linear,0.7648333333333334,0.003089228598426007,2,2,20,identity,0.7680666666666666,0.0037447741364911758
facebook/deit-small-patch16-224,imagenet-1k,"[(0, 1), (3, 4)]",linear,0.5925666666666666,0.0005773502691895862,3,2,0,identity,0.5905333333333332,0.0004932882862316529
facebook/dinov2-base,imagenet-1k,"[(0, 1), (3, 4)]",linear,0.71516,0.0027826246602802723,3,2,0,identity,0.30892,0.005040535685817546
google/vit-large-patch16-224,imagenet-1k,"[(0, 1), (3, 4)]",linear,0.7600333333333333,0.000850490054811549,3,2,0,identity,0.75,0.0014525839046333727
facebook/deit-small-patch16-224,imagenet-1k,"[(1, 2), (4, 5)]",linear,0.6553333333333333,0.0019295940851208149,3,2,1,identity,0.6345666666666667,0.0022590558499810524
facebook/dinov2-base,imagenet-1k,"[(1, 2), (4, 5)]",linear,0.6888799999999999,0.005525124432987897,3,2,1,identity,0.20012,0.004631630382489515
google/vit-large-patch16-224,imagenet-1k,"[(1, 2), (4, 5)]",linear,0.20133333333333334,0.0019399312702601944,3,2,1,identity,0.7399333333333334,0.0024006943440040697
facebook/deit-small-patch16-224,imagenet-1k,"[(2, 3), (5, 6)]",linear,0.6876333333333333,5.7735026918956215e-05,3,2,2,identity,0.6598333333333334,0.0009291573243177915
facebook/dinov2-base,imagenet-1k,"[(2, 3), (5, 6)]",linear,0.7093200000000001,0.0031854356060042697,3,2,2,identity,0.11000000000000001,0.0022416511771459887
google/vit-large-patch16-224,imagenet-1k,"[(2, 3), (5, 6)]",linear,0.1801,0.0052306787322487945,3,2,2,identity,0.7516666666666666,0.0011718930554164445
facebook/deit-small-patch16-224,imagenet-1k,"[(3, 4), (6, 7)]",linear,0.6876666666666665,0.0023501772982762728,3,2,3,identity,0.6687333333333333,0.0020033305601755637
facebook/dinov2-base,imagenet-1k,"[(3, 4), (6, 7)]",linear,0.68814,0.0014010710188994745,3,2,3,identity,0.16033999999999998,0.0030549959083442314
google/vit-large-patch16-224,imagenet-1k,"[(3, 4), (6, 7)]",linear,0.7708666666666666,0.0038423083339749115,3,2,3,identity,0.7580666666666667,0.002793444707405757
facebook/deit-small-patch16-224,imagenet-1k,"[(4, 5), (7, 8)]",linear,0.6662333333333333,0.0021501937897160156,3,2,4,identity,0.6649333333333334,0.00181750745069542
facebook/dinov2-base,imagenet-1k,"[(4, 5), (7, 8)]",linear,0.5425599999999999,0.0023586012804202314,3,2,4,identity,0.21038,0.0034766363053963484
google/vit-large-patch16-224,imagenet-1k,"[(4, 5), (7, 8)]",linear,0.21603333333333333,0.0022941955743426244,3,2,4,identity,0.7516333333333334,0.0034990474894366747
facebook/deit-small-patch16-224,imagenet-1k,"[(5, 6), (8, 9)]",linear,0.6539333333333334,0.002138535324312683,3,2,5,identity,0.6739333333333333,0.0009865765724632778
facebook/dinov2-base,imagenet-1k,"[(5, 6), (8, 9)]",linear,0.6530199999999999,0.0008983317872590522,3,2,5,identity,0.20998,0.004756784628296718
google/vit-large-patch16-224,imagenet-1k,"[(5, 6), (8, 9)]",linear,0.21673333333333333,0.0036004629331980735,3,2,5,identity,0.7586,0.0004999999999999727
facebook/deit-small-patch16-224,imagenet-1k,"[(6, 7), (9, 10)]",linear,0.6777000000000001,0.0008185352771872311,3,2,6,identity,0.6786,0.002690724809414716
facebook/dinov2-base,imagenet-1k,"[(6, 7), (9, 10)]",linear,0.62236,0.005108130773580465,3,2,6,identity,0.26938,0.002652734438273086
google/vit-large-patch16-224,imagenet-1k,"[(6, 7), (9, 10)]",linear,0.766,0.0017521415467935519,3,2,6,identity,0.7563333333333334,0.0024006943440040944
facebook/deit-small-patch16-224,imagenet-1k,"[(7, 8), (10, 11)]",linear,0.6843,0.0021656407827707535,3,2,7,identity,0.6970666666666666,0.0005033222956846979
facebook/dinov2-base,imagenet-1k,"[(7, 8), (10, 11)]",linear,0.45506,0.007952861120376735,3,2,7,identity,0.38289999999999996,0.0032611347718240493
google/vit-large-patch16-224,imagenet-1k,"[(7, 8), (10, 11)]",linear,0.7679333333333332,0.0019008769905844462,3,2,7,identity,0.7586666666666666,0.0012423096769056147
google/vit-large-patch16-224,imagenet-1k,"[(8, 9), (11, 12)]",linear,0.7639999999999999,0.0036373066958946183,3,2,8,identity,0.7549333333333333,0.0008386497083606279
google/vit-large-patch16-224,imagenet-1k,"[(9, 10), (12, 13)]",linear,0.7639333333333332,0.0030435724623102275,3,2,9,identity,0.7575666666666666,0.001616580753730931
google/vit-large-patch16-224,imagenet-1k,"[(10, 11), (13, 14)]",linear,0.7684666666666667,0.00203059925473576,3,2,10,identity,0.7666333333333334,0.0024684678108765033
google/vit-large-patch16-224,imagenet-1k,"[(11, 12), (14, 15)]",linear,0.7675666666666666,0.0007371114795831389,3,2,11,identity,0.7634333333333334,0.0003785938897199875
google/vit-large-patch16-224,imagenet-1k,"[(12, 13), (15, 16)]",linear,0.7693,0.002426932219902345,3,2,12,identity,0.7643666666666666,0.0026576932353703175
google/vit-large-patch16-224,imagenet-1k,"[(13, 14), (16, 17)]",linear,0.7725666666666666,0.0004509249752822521,3,2,13,identity,0.7684333333333333,0.0010066445913694032
google/vit-large-patch16-224,imagenet-1k,"[(14, 15), (17, 18)]",linear,0.7694666666666666,0.0012503332889007553,3,2,14,identity,0.7645333333333334,0.0023180451534285736
google/vit-large-patch16-224,imagenet-1k,"[(15, 16), (18, 19)]",linear,0.7587666666666667,0.0016502525059315686,3,2,15,identity,0.7604666666666667,0.0020550750189064185
google/vit-large-patch16-224,imagenet-1k,"[(16, 17), (19, 20)]",linear,0.7583333333333333,0.001401189970465619,3,2,16,identity,0.7583333333333334,0.0025696951829611227
google/vit-large-patch16-224,imagenet-1k,"[(17, 18), (20, 21)]",linear,0.7599666666666667,0.0014224392195568447,3,2,17,identity,0.7564333333333334,0.0019087517736294504
google/vit-large-patch16-224,imagenet-1k,"[(18, 19), (21, 22)]",linear,0.7536999999999999,0.0038974350539810374,3,2,18,identity,0.7566333333333333,0.0027061657993059634
google/vit-large-patch16-224,imagenet-1k,"[(19, 20), (22, 23)]",linear,0.7635000000000001,0.00034641016151376136,3,2,19,identity,0.7632333333333333,0.0030615900008546496
facebook/deit-small-patch16-224,imagenet-1k,"[(0, 1), (4, 5)]",linear,0.5828,0.0002645751311064299,4,2,0,identity,0.5961,0.0010440306508910516
facebook/dinov2-base,imagenet-1k,"[(0, 1), (4, 5)]",linear,0.716,0.0032365104665364347,4,2,0,identity,0.34249999999999997,0.003912160528403721
google/vit-large-patch16-224,imagenet-1k,"[(0, 1), (4, 5)]",linear,0.2349,0.002066397831977182,4,2,0,identity,0.7413,0.0038223029707233507
facebook/deit-small-patch16-224,imagenet-1k,"[(1, 2), (5, 6)]",linear,0.6438,9.999999999998899e-05,4,2,1,identity,0.639,0.0008888194417315578
facebook/dinov2-base,imagenet-1k,"[(1, 2), (5, 6)]",linear,0.69466,0.002262299714891876,4,2,1,identity,0.11742,0.002082546518087893
google/vit-large-patch16-224,imagenet-1k,"[(1, 2), (5, 6)]",linear,0.20483333333333334,0.003225419869309016,4,2,1,identity,0.7520000000000001,0.0019287301521985368
facebook/deit-small-patch16-224,imagenet-1k,"[(2, 3), (6, 7)]",linear,0.6912666666666666,0.0011718930554164445,4,2,2,identity,0.6742333333333334,0.0009291573243177886
facebook/dinov2-base,imagenet-1k,"[(2, 3), (6, 7)]",linear,0.70324,0.0017300289014927082,4,2,2,identity,0.10640000000000001,0.005346026561849456
google/vit-large-patch16-224,imagenet-1k,"[(2, 3), (6, 7)]",linear,0.7700999999999999,0.0021931712199461622,4,2,2,identity,0.7572333333333333,0.0019087517736293665
facebook/deit-small-patch16-224,imagenet-1k,"[(3, 4), (7, 8)]",linear,0.6812333333333332,0.0019425069712443838,4,2,3,identity,0.669,0.0017320508075688787
facebook/dinov2-base,imagenet-1k,"[(3, 4), (7, 8)]",linear,0.5426,0.0027230497608380522,4,2,3,identity,0.21067999999999998,0.0056636560630038265
google/vit-large-patch16-224,imagenet-1k,"[(3, 4), (7, 8)]",linear,0.7763,0.002389560629069701,4,2,3,identity,0.7624,0.0013000000000000372
facebook/deit-small-patch16-224,imagenet-1k,"[(4, 5), (8, 9)]",linear,0.6810666666666667,0.0010066445913694327,4,2,4,identity,0.6816666666666666,0.00015275252316517785
facebook/dinov2-base,imagenet-1k,"[(4, 5), (8, 9)]",linear,0.661,0.005067050424063296,4,2,4,identity,0.2455,0.005407402333838305
google/vit-large-patch16-224,imagenet-1k,"[(4, 5), (8, 9)]",linear,0.2164,0.003064310689208911,4,2,4,identity,0.7557666666666667,0.001700980109623172
facebook/deit-small-patch16-224,imagenet-1k,"[(5, 6), (9, 10)]",linear,0.6860666666666667,0.0009451631252504959,4,2,5,identity,0.6871666666666667,0.0014468356276140623
facebook/dinov2-base,imagenet-1k,"[(5, 6), (9, 10)]",linear,0.63294,0.0038357528596092228,4,2,5,identity,0.25834,0.004700850986789502
google/vit-large-patch16-224,imagenet-1k,"[(5, 6), (9, 10)]",linear,0.16443333333333332,0.0026312227829154503,4,2,5,identity,0.7649666666666667,0.0027790885796126355
facebook/deit-small-patch16-224,imagenet-1k,"[(6, 7), (10, 11)]",linear,0.6970666666666667,0.001913983629327411,4,2,6,identity,0.6980333333333334,0.0009609023536933036
facebook/dinov2-base,imagenet-1k,"[(6, 7), (10, 11)]",linear,0.60264,0.0028780201528133486,4,2,6,identity,0.28300000000000003,0.0038091993909481806
google/vit-large-patch16-224,imagenet-1k,"[(6, 7), (10, 11)]",linear,0.7678666666666668,0.0016772994167212239,4,2,6,identity,0.7585000000000001,0.0017521415467934727
google/vit-large-patch16-224,imagenet-1k,"[(7, 8), (11, 12)]",linear,0.7690333333333333,0.0014364307617609885,4,2,7,identity,0.7591333333333333,0.0009073771725877272
google/vit-large-patch16-224,imagenet-1k,"[(8, 9), (12, 13)]",linear,0.7652333333333333,0.0014502873278538406,4,2,8,identity,0.7619333333333334,0.0007505553499465418
google/vit-large-patch16-224,imagenet-1k,"[(9, 10), (13, 14)]",linear,0.7663333333333333,0.0029501412395567727,4,2,9,identity,0.7628333333333334,0.0026025628394590874
google/vit-large-patch16-224,imagenet-1k,"[(10, 11), (14, 15)]",linear,0.7663666666666668,0.00011547005383791243,4,2,10,identity,0.7667,0.0020518284528683473
google/vit-large-patch16-224,imagenet-1k,"[(11, 12), (15, 16)]",linear,0.7685000000000001,0.001539480431834049,4,2,11,identity,0.7606,0.0019078784028339285
google/vit-large-patch16-224,imagenet-1k,"[(12, 13), (16, 17)]",linear,0.7697333333333334,0.0019553345834749797,4,2,12,identity,0.7651,0.002685144316419529
google/vit-large-patch16-224,imagenet-1k,"[(13, 14), (17, 18)]",linear,0.7645,0.0018248287590894702,4,2,13,identity,0.7642333333333333,0.0017897858344878513
google/vit-large-patch16-224,imagenet-1k,"[(14, 15), (18, 19)]",linear,0.7620333333333335,0.0031085902485424306,4,2,14,identity,0.7614333333333333,0.0024110855093367523
google/vit-large-patch16-224,imagenet-1k,"[(15, 16), (19, 20)]",linear,0.7617333333333334,0.0010263202878893448,4,2,15,identity,0.7624333333333334,0.00040414518843275764
google/vit-large-patch16-224,imagenet-1k,"[(16, 17), (20, 21)]",linear,0.7652666666666667,0.0024419937209856643,4,2,16,identity,0.7605333333333334,0.00015275252316523236
google/vit-large-patch16-224,imagenet-1k,"[(17, 18), (21, 22)]",linear,0.7579333333333333,0.004104063027456202,4,2,17,identity,0.7602666666666668,0.0018876793513023973
google/vit-large-patch16-224,imagenet-1k,"[(18, 19), (22, 23)]",linear,0.7653,0.004085339643163079,4,2,18,identity,0.7709666666666667,0.0004932882862316501
facebook/deit-small-patch16-224,imagenet-1k,"[(0, 1), (5, 6)]",linear,0.5726666666666667,0.0011503622617824783,5,2,0,identity,0.5908666666666667,0.00015275252316517785
facebook/dinov2-base,imagenet-1k,"[(0, 1), (5, 6)]",linear,0.72008,0.005023644095673939,5,2,0,identity,0.16899999999999998,0.00543415126767741
google/vit-large-patch16-224,imagenet-1k,"[(0, 1), (5, 6)]",linear,0.18306666666666668,0.0016502525059315409,5,2,0,identity,0.7522666666666668,0.0018770544300401283
facebook/deit-small-patch16-224,imagenet-1k,"[(1, 2), (6, 7)]",linear,0.6557333333333334,0.0023007245235649692,5,2,1,identity,0.6432666666666668,0.0014502873278538389
facebook/dinov2-base,imagenet-1k,"[(1, 2), (6, 7)]",linear,0.6906399999999999,0.00296276897513125,5,2,1,identity,0.09834000000000001,0.0019552493447128378
google/vit-large-patch16-224,imagenet-1k,"[(1, 2), (6, 7)]",linear,0.7634,0.0032969683043669027,5,2,1,identity,0.7540666666666667,0.0009073771725877619
facebook/deit-small-patch16-224,imagenet-1k,"[(2, 3), (7, 8)]",linear,0.6849666666666666,0.001365039681962868,5,2,2,identity,0.6662333333333333,0.0010066445913694364
facebook/dinov2-base,imagenet-1k,"[(2, 3), (7, 8)]",linear,0.54646,0.0029013789824840156,5,2,2,identity,0.17229999999999998,0.004650268809434573
google/vit-large-patch16-224,imagenet-1k,"[(2, 3), (7, 8)]",linear,0.7720666666666668,0.001709775813764273,5,2,2,identity,0.7606,0.0029816103031751104
facebook/deit-small-patch16-224,imagenet-1k,"[(3, 4), (8, 9)]",linear,0.6925333333333333,0.001357694123627779,5,2,3,identity,0.6814666666666667,0.000986576572463242
facebook/dinov2-base,imagenet-1k,"[(3, 4), (8, 9)]",linear,0.6665,0.004565084884205309,5,2,3,identity,0.32511999999999996,0.004873089369178451
google/vit-large-patch16-224,imagenet-1k,"[(3, 4), (8, 9)]",linear,0.7714666666666666,0.0026652079343520694,5,2,3,identity,0.7673666666666668,0.003478984526170483
facebook/deit-small-patch16-224,imagenet-1k,"[(4, 5), (9, 10)]",linear,0.7020333333333332,0.00100166528008778,5,2,4,identity,0.6876333333333333,0.002761038451983854
facebook/dinov2-base,imagenet-1k,"[(4, 5), (9, 10)]",linear,0.63236,0.0026735743864721878,5,2,4,identity,0.34409999999999996,0.0036159369463529037
google/vit-large-patch16-224,imagenet-1k,"[(4, 5), (9, 10)]",linear,0.2147,0.0012288205727444487,5,2,4,identity,0.7561666666666667,0.0012583057392117633
facebook/deit-small-patch16-224,imagenet-1k,"[(5, 6), (10, 11)]",linear,0.7026333333333333,0.002223360819420333,5,2,5,identity,0.7016,0.0005291502622129385
facebook/dinov2-base,imagenet-1k,"[(5, 6), (10, 11)]",linear,0.61548,0.0029295050776539096,5,2,5,identity,0.27324000000000004,0.007056415520645015
google/vit-large-patch16-224,imagenet-1k,"[(5, 6), (10, 11)]",linear,0.18663333333333332,0.004994330118577792,5,2,5,identity,0.7647333333333334,0.0050579969684978205
google/vit-large-patch16-224,imagenet-1k,"[(6, 7), (11, 12)]",linear,0.7688,0.0031796226191169027,5,2,6,identity,0.7568,0.001802775637732031
google/vit-large-patch16-224,imagenet-1k,"[(7, 8), (12, 13)]",linear,0.7716,0.0023643180835074113,5,2,7,identity,0.7635000000000001,0.0032419130154894326
google/vit-large-patch16-224,imagenet-1k,"[(8, 9), (13, 14)]",linear,0.7712333333333333,0.0034933269720044003,5,2,8,identity,0.7636,0.0005291502622129386
google/vit-large-patch16-224,imagenet-1k,"[(9, 10), (14, 15)]",linear,0.7688666666666667,0.000585946527708246,5,2,9,identity,0.7654333333333333,0.0040377386410382216
google/vit-large-patch16-224,imagenet-1k,"[(10, 11), (15, 16)]",linear,0.7665000000000001,0.003517101079013784,5,2,10,identity,0.7637999999999999,0.0033778691508109587
google/vit-large-patch16-224,imagenet-1k,"[(11, 12), (16, 17)]",linear,0.7674,0.0021999999999999797,5,2,11,identity,0.7657666666666666,0.0015275252316519117
google/vit-large-patch16-224,imagenet-1k,"[(12, 13), (17, 18)]",linear,0.7690333333333333,0.0041428653530296705,5,2,12,identity,0.7632333333333333,0.0031785741037976523
google/vit-large-patch16-224,imagenet-1k,"[(13, 14), (18, 19)]",linear,0.7609,0.0023579652245103327,5,2,13,identity,0.7627999999999999,0.003274141108748962
google/vit-large-patch16-224,imagenet-1k,"[(14, 15), (19, 20)]",linear,0.7645,0.0019697715603592394,5,2,14,identity,0.7581666666666665,0.0032715949219506817
google/vit-large-patch16-224,imagenet-1k,"[(15, 16), (20, 21)]",linear,0.7617333333333334,5.7735026918956215e-05,5,2,15,identity,0.7633666666666666,0.0034239353576452536
google/vit-large-patch16-224,imagenet-1k,"[(16, 17), (21, 22)]",linear,0.7644333333333333,0.0015143755588800393,5,2,16,identity,0.7661333333333333,0.005262445565830941
google/vit-large-patch16-224,imagenet-1k,"[(17, 18), (22, 23)]",linear,0.7707999999999999,0.0014422205101855946,5,2,17,identity,0.7733333333333333,0.0011015141094572083
facebook/deit-small-patch16-224,imagenet-1k,"[(0, 1), (6, 7)]",linear,0.5794,0.002523885892824811,6,2,0,identity,0.5970666666666666,0.0017009801096230198
facebook/dinov2-base,imagenet-1k,"[(0, 1), (6, 7)]",linear,0.7157199999999999,0.002441720704749005,6,2,0,identity,0.24752000000000002,0.0031228192390850827
google/vit-large-patch16-224,imagenet-1k,"[(0, 1), (6, 7)]",linear,0.7620333333333332,0.0023459184413216986,6,2,0,identity,0.7519333333333332,0.0011015141094571832
facebook/deit-small-patch16-224,imagenet-1k,"[(1, 2), (7, 8)]",linear,0.6489666666666666,0.0016921386861995528,6,2,1,identity,0.6438333333333333,0.002107921567168354
facebook/dinov2-base,imagenet-1k,"[(1, 2), (7, 8)]",linear,0.5281,0.003661283927804569,6,2,1,identity,0.16818,0.004537289940041303
google/vit-large-patch16-224,imagenet-1k,"[(1, 2), (7, 8)]",linear,0.7692,0.0017349351572897738,6,2,1,identity,0.7537333333333334,0.0011930353445449118
facebook/deit-small-patch16-224,imagenet-1k,"[(2, 3), (8, 9)]",linear,0.6956333333333333,0.0009865765724632778,6,2,2,identity,0.6817333333333333,0.0007023769168567996
facebook/dinov2-base,imagenet-1k,"[(2, 3), (8, 9)]",linear,0.66962,0.0020079840636817855,6,2,2,identity,0.24811999999999998,0.004866929216662188
google/vit-large-patch16-224,imagenet-1k,"[(2, 3), (8, 9)]",linear,0.7676333333333334,0.001665332799572916,6,2,2,identity,0.7601333333333334,0.0019218047073866179
facebook/deit-small-patch16-224,imagenet-1k,"[(3, 4), (9, 10)]",linear,0.7074333333333334,0.0005859465277081654,6,2,3,identity,0.6886333333333333,0.0034004901607464244
facebook/dinov2-base,imagenet-1k,"[(3, 4), (9, 10)]",linear,0.64308,0.0014601369798755287,6,2,3,identity,0.43068,0.003634831495406619
google/vit-large-patch16-224,imagenet-1k,"[(3, 4), (9, 10)]",linear,0.7712333333333333,0.0018147543451755136,6,2,3,identity,0.7611666666666667,0.0017039170558842789
facebook/deit-small-patch16-224,imagenet-1k,"[(4, 5), (10, 11)]",linear,0.7165,0.0007549834435271058,6,2,4,identity,0.7068,0.00131148770486037
facebook/dinov2-base,imagenet-1k,"[(4, 5), (10, 11)]",linear,0.61786,0.002119669785603409,6,2,4,identity,0.39371999999999996,0.004378584246077736
google/vit-large-patch16-224,imagenet-1k,"[(4, 5), (10, 11)]",linear,0.2142666666666667,0.002040424792373721,6,2,4,identity,0.7617666666666666,0.0020984120980716238
google/vit-large-patch16-224,imagenet-1k,"[(5, 6), (11, 12)]",linear,0.15843333333333334,0.003464582706955257,6,2,5,identity,0.7643666666666666,0.0016165807537309343
google/vit-large-patch16-224,imagenet-1k,"[(6, 7), (12, 13)]",linear,0.7694000000000001,0.0033511192160231994,6,2,6,identity,0.7681333333333334,0.0027153882472555424
google/vit-large-patch16-224,imagenet-1k,"[(7, 8), (13, 14)]",linear,0.7772666666666667,0.0009018499505645904,6,2,7,identity,0.767,0.002233830790368906
google/vit-large-patch16-224,imagenet-1k,"[(8, 9), (14, 15)]",linear,0.7716666666666666,0.004027819923151184,6,2,8,identity,0.7669333333333332,0.00265392790658174
google/vit-large-patch16-224,imagenet-1k,"[(9, 10), (15, 16)]",linear,0.7670333333333333,0.001709775813764323,6,2,9,identity,0.7666666666666666,0.0026652079343520963
google/vit-large-patch16-224,imagenet-1k,"[(10, 11), (16, 17)]",linear,0.7676333333333334,0.003906831623366093,6,2,10,identity,0.7691666666666667,0.0022143471573657187
google/vit-large-patch16-224,imagenet-1k,"[(11, 12), (17, 18)]",linear,0.766,0.0022271057451320104,6,2,11,identity,0.7587999999999999,0.0006244997998397755
google/vit-large-patch16-224,imagenet-1k,"[(12, 13), (18, 19)]",linear,0.7618333333333333,0.0035921210076128307,6,2,12,identity,0.7585000000000001,0.0037643060449437916
google/vit-large-patch16-224,imagenet-1k,"[(13, 14), (19, 20)]",linear,0.7619333333333334,0.0015307950004272955,6,2,13,identity,0.7578999999999999,0.00019999999999997797
google/vit-large-patch16-224,imagenet-1k,"[(14, 15), (20, 21)]",linear,0.7637666666666667,0.003113411847689532,6,2,14,identity,0.7625666666666667,0.002867635495200394
google/vit-large-patch16-224,imagenet-1k,"[(15, 16), (21, 22)]",linear,0.7656333333333333,0.003347138081007925,6,2,15,identity,0.7658,0.004059556626036869
google/vit-large-patch16-224,imagenet-1k,"[(16, 17), (22, 23)]",linear,0.7756333333333334,0.002030599254735708,6,2,16,identity,0.7769666666666666,0.0026274195198584564
facebook/deit-small-patch16-224,imagenet-1k,"[(0, 1), (7, 8)]",linear,0.5751666666666667,0.0022810816147901306,7,2,0,identity,0.5884666666666667,0.000513160143944659
facebook/dinov2-base,imagenet-1k,"[(0, 1), (7, 8)]",linear,0.5530999999999999,0.003123299537348278,7,2,0,identity,0.24272,0.005348551205700489
google/vit-large-patch16-224,imagenet-1k,"[(0, 1), (7, 8)]",linear,0.7651,0.001493318452306844,7,2,0,identity,0.7459000000000001,0.001646207763315427
facebook/deit-small-patch16-224,imagenet-1k,"[(1, 2), (8, 9)]",linear,0.6646,0.0005196152422706861,7,2,1,identity,0.6585333333333333,0.0023459184413217957
facebook/dinov2-base,imagenet-1k,"[(1, 2), (8, 9)]",linear,0.65808,0.005242804592963597,7,2,1,identity,0.30332,0.0056464147917063105
google/vit-large-patch16-224,imagenet-1k,"[(1, 2), (8, 9)]",linear,0.7675000000000001,0.0010816653826392854,7,2,1,identity,0.7556666666666666,0.0013279056191361292
facebook/deit-small-patch16-224,imagenet-1k,"[(2, 3), (9, 10)]",linear,0.7122333333333333,0.002409010862020604,7,2,2,identity,0.6870333333333334,0.002059935274064052
facebook/dinov2-base,imagenet-1k,"[(2, 3), (9, 10)]",linear,0.6429199999999999,0.005124158467494945,7,2,2,identity,0.34118,0.004548846007505638
google/vit-large-patch16-224,imagenet-1k,"[(2, 3), (9, 10)]",linear,0.7704,0.004150903516103439,7,2,2,identity,0.7585000000000001,0.0025999999999999613
facebook/deit-small-patch16-224,imagenet-1k,"[(3, 4), (10, 11)]",linear,0.7255666666666666,0.0028023799409311856,7,2,3,identity,0.7028666666666666,0.0017559422921420852
facebook/dinov2-base,imagenet-1k,"[(3, 4), (10, 11)]",linear,0.62318,0.003090631003533081,7,2,3,identity,0.49278000000000005,0.004929705873579071
google/vit-large-patch16-224,imagenet-1k,"[(3, 4), (10, 11)]",linear,0.7724666666666667,0.0017039170558842789,7,2,3,identity,0.7633,0.0009539392014169221
google/vit-large-patch16-224,imagenet-1k,"[(4, 5), (11, 12)]",linear,0.21066666666666667,0.0011239810200058277,7,2,4,identity,0.7581333333333333,0.005701169470672982
google/vit-large-patch16-224,imagenet-1k,"[(5, 6), (12, 13)]",linear,0.16983333333333336,0.0027501515109777763,7,2,5,identity,0.7644666666666667,0.0012055427546683224
google/vit-large-patch16-224,imagenet-1k,"[(6, 7), (13, 14)]",linear,0.7715666666666667,0.0042003968066521725,7,2,6,identity,0.7672666666666667,0.002212088003071585
google/vit-large-patch16-224,imagenet-1k,"[(7, 8), (14, 15)]",linear,0.7724000000000001,0.003803945320321962,7,2,7,identity,0.7630333333333333,0.002853652630109943
google/vit-large-patch16-224,imagenet-1k,"[(8, 9), (15, 16)]",linear,0.7702666666666667,0.0026083200212653223,7,2,8,identity,0.7679333333333332,0.0028041635710730453
google/vit-large-patch16-224,imagenet-1k,"[(9, 10), (16, 17)]",linear,0.7679333333333332,0.0015885003409925312,7,2,9,identity,0.7658,0.0003605551275463669
google/vit-large-patch16-224,imagenet-1k,"[(10, 11), (17, 18)]",linear,0.7656999999999999,0.004687216658103178,7,2,10,identity,0.7642000000000001,0.006489992295835166
google/vit-large-patch16-224,imagenet-1k,"[(11, 12), (18, 19)]",linear,0.7596333333333334,0.0018770544300400886,7,2,11,identity,0.7578999999999999,0.0023388031127052904
google/vit-large-patch16-224,imagenet-1k,"[(12, 13), (19, 20)]",linear,0.7641333333333332,0.0013868429375142775,7,2,12,identity,0.7557333333333333,0.002764657905299247
google/vit-large-patch16-224,imagenet-1k,"[(13, 14), (20, 21)]",linear,0.7639333333333335,0.0029501412395567684,7,2,13,identity,0.7612333333333333,0.0015307950004273614
google/vit-large-patch16-224,imagenet-1k,"[(14, 15), (21, 22)]",linear,0.7634333333333334,0.0015567059238447826,7,2,14,identity,0.7633666666666666,0.0041645327869201726
google/vit-large-patch16-224,imagenet-1k,"[(15, 16), (22, 23)]",linear,0.7752666666666667,0.002993882651897564,7,2,15,identity,0.7736333333333333,0.002950141239556766
facebook/deit-small-patch16-224,imagenet-1k,"[(0, 1), (8, 9)]",linear,0.5897333333333333,0.002500666577801523,8,2,0,identity,0.6053333333333334,0.0015307950004272814
facebook/dinov2-base,imagenet-1k,"[(0, 1), (8, 9)]",linear,0.68104,0.0021789905919943507,8,2,0,identity,0.38058000000000003,0.007585973899243265
google/vit-large-patch16-224,imagenet-1k,"[(0, 1), (8, 9)]",linear,0.7593666666666667,0.0027537852736430526,8,2,0,identity,0.7502666666666666,0.0005859465277082183
facebook/deit-small-patch16-224,imagenet-1k,"[(1, 2), (9, 10)]",linear,0.6847666666666666,0.0013012814197295825,8,2,1,identity,0.6672333333333333,0.0011590225767142068
facebook/dinov2-base,imagenet-1k,"[(1, 2), (9, 10)]",linear,0.63098,0.004998699830956026,8,2,1,identity,0.38239999999999996,0.005622721760855676
google/vit-large-patch16-224,imagenet-1k,"[(1, 2), (9, 10)]",linear,0.7665333333333333,0.004572016331262729,8,2,1,identity,0.7602666666666668,0.0013796134724382836
facebook/deit-small-patch16-224,imagenet-1k,"[(2, 3), (10, 11)]",linear,0.7258333333333334,0.0012503332889007102,8,2,2,identity,0.7028,0.0014177446878757586
facebook/dinov2-base,imagenet-1k,"[(2, 3), (10, 11)]",linear,0.6250199999999999,0.0027707399733644584,8,2,2,identity,0.38784,0.005804997846683491
google/vit-large-patch16-224,imagenet-1k,"[(2, 3), (10, 11)]",linear,0.7687333333333334,0.0017925772879665244,8,2,2,identity,0.7618,0.002749545416973501
google/vit-large-patch16-224,imagenet-1k,"[(3, 4), (11, 12)]",linear,0.7743666666666668,0.0025929391302792495,8,2,3,identity,0.7639,0.002364318083507389
google/vit-large-patch16-224,imagenet-1k,"[(4, 5), (12, 13)]",linear,0.22336666666666669,0.0010969655114602876,8,2,4,identity,0.7610666666666667,0.0010969655114602744
google/vit-large-patch16-224,imagenet-1k,"[(5, 6), (13, 14)]",linear,0.17179999999999998,0.0040037482438335156,8,2,5,identity,0.7693666666666666,0.0009291573243177886
google/vit-large-patch16-224,imagenet-1k,"[(6, 7), (14, 15)]",linear,0.7750666666666667,0.001800925687898641,8,2,6,identity,0.7662,0.0019287301521985684
google/vit-large-patch16-224,imagenet-1k,"[(7, 8), (15, 16)]",linear,0.7721666666666667,0.0028219378684395838,8,2,7,identity,0.7680666666666666,0.000550757054728621
google/vit-large-patch16-224,imagenet-1k,"[(8, 9), (16, 17)]",linear,0.7708,0.00036055512754638614,8,2,8,identity,0.7697666666666666,0.0022368132093076843
google/vit-large-patch16-224,imagenet-1k,"[(9, 10), (17, 18)]",linear,0.7663666666666668,0.0015011106998930157,8,2,9,identity,0.7643333333333334,0.0009712534856222326
google/vit-large-patch16-224,imagenet-1k,"[(10, 11), (18, 19)]",linear,0.7594333333333334,0.0030664855018951932,8,2,10,identity,0.7601999999999999,0.0013747727084866793
google/vit-large-patch16-224,imagenet-1k,"[(11, 12), (19, 20)]",linear,0.7620666666666667,0.002730079363925763,8,2,11,identity,0.7568666666666667,0.003200520790954714
google/vit-large-patch16-224,imagenet-1k,"[(12, 13), (20, 21)]",linear,0.7639333333333335,0.0022546248764114206,8,2,12,identity,0.7609333333333334,0.0034559128075420517
google/vit-large-patch16-224,imagenet-1k,"[(13, 14), (21, 22)]",linear,0.7623666666666667,0.002929732638541186,8,2,13,identity,0.7649666666666667,0.0006658328118479758
google/vit-large-patch16-224,imagenet-1k,"[(14, 15), (22, 23)]",linear,0.7722666666666665,0.0013316656236958403,8,2,14,identity,0.7745666666666667,0.0019425069712443838
facebook/deit-small-patch16-224,imagenet-1k,"[(0, 1), (9, 10)]",linear,0.6068666666666667,0.000986576572463229,9,2,0,identity,0.6151666666666666,0.0005859465277082183
facebook/dinov2-base,imagenet-1k,"[(0, 1), (9, 10)]",linear,0.64628,0.005686563109647129,9,2,0,identity,0.45728,0.0030898220013457016
google/vit-large-patch16-224,imagenet-1k,"[(0, 1), (9, 10)]",linear,0.7570666666666667,0.0038397048497681484,9,2,0,identity,0.7490333333333333,0.0006110100926608264
facebook/deit-small-patch16-224,imagenet-1k,"[(1, 2), (10, 11)]",linear,0.6986333333333333,0.0027790885796126156,9,2,1,identity,0.6837,0.0018520259177452314
facebook/dinov2-base,imagenet-1k,"[(1, 2), (10, 11)]",linear,0.6110800000000001,0.003946137351892399,9,2,1,identity,0.42842,0.005915826231389843
google/vit-large-patch16-224,imagenet-1k,"[(1, 2), (10, 11)]",linear,0.7659333333333334,0.0016772994167211918,9,2,1,identity,0.7576666666666667,0.004965212315030756
google/vit-large-patch16-224,imagenet-1k,"[(2, 3), (11, 12)]",linear,0.7694000000000001,0.002264950330581185,9,2,2,identity,0.7596333333333334,0.0016165807537309091
google/vit-large-patch16-224,imagenet-1k,"[(3, 4), (12, 13)]",linear,0.7758333333333334,0.0011372481406154752,9,2,3,identity,0.7646000000000001,0.0038626415831655974
google/vit-large-patch16-224,imagenet-1k,"[(4, 5), (13, 14)]",linear,0.21563333333333334,0.0032331615074619024,9,2,4,identity,0.7625000000000001,0.0018999999999999486
google/vit-large-patch16-224,imagenet-1k,"[(5, 6), (14, 15)]",linear,0.17003333333333334,0.0049399730093729576,9,2,5,identity,0.7703666666666668,0.0013576941236277404
google/vit-large-patch16-224,imagenet-1k,"[(6, 7), (15, 16)]",linear,0.7723666666666666,0.003580968211717784,9,2,6,identity,0.7679,0.004327817001676481
google/vit-large-patch16-224,imagenet-1k,"[(7, 8), (16, 17)]",linear,0.7742666666666667,0.003557152419187768,9,2,7,identity,0.7660999999999999,0.002389560629069713
google/vit-large-patch16-224,imagenet-1k,"[(8, 9), (17, 18)]",linear,0.7658666666666667,0.004188476254359552,9,2,8,identity,0.7648333333333334,0.0010214368964029693
google/vit-large-patch16-224,imagenet-1k,"[(9, 10), (18, 19)]",linear,0.7594333333333334,0.0017156145643277023,9,2,9,identity,0.7612333333333333,0.0019087517736293665
google/vit-large-patch16-224,imagenet-1k,"[(10, 11), (19, 20)]",linear,0.7623000000000001,9.999999999998899e-05,9,2,10,identity,0.7568,0.0032924155266308873
google/vit-large-patch16-224,imagenet-1k,"[(11, 12), (20, 21)]",linear,0.7615999999999999,0.0014525839046334288,9,2,11,identity,0.7614666666666666,0.0016772994167211861
google/vit-large-patch16-224,imagenet-1k,"[(12, 13), (21, 22)]",linear,0.7648666666666667,0.0005507570547286293,9,2,12,identity,0.7605666666666666,0.003728717384481348
google/vit-large-patch16-224,imagenet-1k,"[(13, 14), (22, 23)]",linear,0.7755333333333333,0.002532455988429692,9,2,13,identity,0.7749333333333333,0.0031342197327777397
facebook/deit-small-patch16-224,imagenet-1k,"[(0, 1), (10, 11)]",linear,0.6176666666666667,0.000986576572463275,10,2,0,identity,0.6391,0.0012999999999999956
facebook/dinov2-base,imagenet-1k,"[(0, 1), (10, 11)]",linear,0.6268,0.00455357002801098,10,2,0,identity,0.48362,0.005547702227048604
google/vit-large-patch16-224,imagenet-1k,"[(0, 1), (10, 11)]",linear,0.7584666666666666,0.002122105872319612,10,2,0,identity,0.7515000000000001,0.000818535277187182
google/vit-large-patch16-224,imagenet-1k,"[(1, 2), (11, 12)]",linear,0.7671333333333333,0.004750087718488327,10,2,1,identity,0.7566333333333333,0.0029484459183328243
google/vit-large-patch16-224,imagenet-1k,"[(2, 3), (12, 13)]",linear,0.7710666666666667,0.002081665999466139,10,2,2,identity,0.7618,0.004386342439892254
google/vit-large-patch16-224,imagenet-1k,"[(3, 4), (13, 14)]",linear,0.7733,0.003143246729100298,10,2,3,identity,0.7684666666666667,0.002761038451983832
google/vit-large-patch16-224,imagenet-1k,"[(4, 5), (14, 15)]",linear,0.2182666666666667,0.0014571661996262866,10,2,4,identity,0.7618333333333333,0.0008504900548115838
google/vit-large-patch16-224,imagenet-1k,"[(5, 6), (15, 16)]",linear,0.1644,0.004956813492557491,10,2,5,identity,0.7699333333333334,0.0015373136743467028
google/vit-large-patch16-224,imagenet-1k,"[(6, 7), (16, 17)]",linear,0.7734,0.0002999999999999947,10,2,6,identity,0.7683333333333332,0.0020132891827388654
google/vit-large-patch16-224,imagenet-1k,"[(7, 8), (17, 18)]",linear,0.7704,0.0010999999999999899,10,2,7,identity,0.7652000000000001,0.0013453624047074313
google/vit-large-patch16-224,imagenet-1k,"[(8, 9), (18, 19)]",linear,0.7628666666666666,0.002025668613898401,10,2,8,identity,0.7625666666666667,0.003332166462428467
google/vit-large-patch16-224,imagenet-1k,"[(9, 10), (19, 20)]",linear,0.7632333333333333,0.003250128202599579,10,2,9,identity,0.7587333333333334,0.0012662279942148313
google/vit-large-patch16-224,imagenet-1k,"[(10, 11), (20, 21)]",linear,0.7661000000000001,0.001493318452306833,10,2,10,identity,0.7620333333333335,0.001305118130030096
google/vit-large-patch16-224,imagenet-1k,"[(11, 12), (21, 22)]",linear,0.761,0.0029512709126747485,10,2,11,identity,0.7620333333333335,0.0002886751345947811
google/vit-large-patch16-224,imagenet-1k,"[(12, 13), (22, 23)]",linear,0.7745333333333333,0.0010692676621563237,10,2,12,identity,0.7714333333333334,0.0029838453936713123
google/vit-large-patch16-224,imagenet-1k,"[(0, 1), (11, 12)]",linear,0.7564333333333333,0.002200757445365883,11,2,0,identity,0.7496666666666667,0.001965536398374108
google/vit-large-patch16-224,imagenet-1k,"[(1, 2), (12, 13)]",linear,0.7693666666666666,0.0024110855093366743,11,2,1,identity,0.7581000000000001,0.0037403208418529716
google/vit-large-patch16-224,imagenet-1k,"[(2, 3), (13, 14)]",linear,0.7736000000000001,0.004471017781221663,11,2,2,identity,0.7637333333333333,0.0046490142324296345
google/vit-large-patch16-224,imagenet-1k,"[(3, 4), (14, 15)]",linear,0.778,0.0012124355652982375,11,2,3,identity,0.7658333333333335,0.0011015141094571814
google/vit-large-patch16-224,imagenet-1k,"[(4, 5), (15, 16)]",linear,0.21193333333333333,0.00025166114784236555,11,2,4,identity,0.7639333333333332,0.006404165311212163
google/vit-large-patch16-224,imagenet-1k,"[(5, 6), (16, 17)]",linear,0.17173333333333332,0.005352880844305556,11,2,5,identity,0.7696666666666667,0.002003330560175615
google/vit-large-patch16-224,imagenet-1k,"[(6, 7), (17, 18)]",linear,0.7699333333333334,0.0015885003409925312,11,2,6,identity,0.7654666666666667,0.0030435724623103177
google/vit-large-patch16-224,imagenet-1k,"[(7, 8), (18, 19)]",linear,0.7651333333333333,0.0015631165450258012,11,2,7,identity,0.7625333333333333,0.0029535289626704863
google/vit-large-patch16-224,imagenet-1k,"[(8, 9), (19, 20)]",linear,0.7623333333333333,0.004142865353029672,11,2,8,identity,0.7597333333333333,0.002928025500799712
google/vit-large-patch16-224,imagenet-1k,"[(9, 10), (20, 21)]",linear,0.7609333333333334,0.002136195996001649,11,2,9,identity,0.7597999999999999,0.0013228756555323069
google/vit-large-patch16-224,imagenet-1k,"[(10, 11), (21, 22)]",linear,0.7617666666666668,0.002557994005726653,11,2,10,identity,0.7650666666666667,0.0007767453465154246
google/vit-large-patch16-224,imagenet-1k,"[(11, 12), (22, 23)]",linear,0.7742333333333334,0.0009712534856222326,11,2,11,identity,0.7698333333333333,0.0009018499505645925
google/vit-large-patch16-224,imagenet-1k,"[(0, 1), (12, 13)]",linear,0.7608333333333334,0.00040414518843269356,12,2,0,identity,0.7514,0.004912229636326074
google/vit-large-patch16-224,imagenet-1k,"[(1, 2), (13, 14)]",linear,0.7677333333333333,0.003924708057083161,12,2,1,identity,0.7608,0.0005567764362830156
google/vit-large-patch16-224,imagenet-1k,"[(2, 3), (14, 15)]",linear,0.773,0.002193171219946065,12,2,2,identity,0.7637999999999999,0.0016370705543744674
google/vit-large-patch16-224,imagenet-1k,"[(3, 4), (15, 16)]",linear,0.7756333333333334,0.0017039170558842468,12,2,3,identity,0.7662666666666667,0.003650114153466141
google/vit-large-patch16-224,imagenet-1k,"[(4, 5), (16, 17)]",linear,0.20843333333333333,0.0013576941236277517,12,2,4,identity,0.7648333333333334,0.00240069434400414
google/vit-large-patch16-224,imagenet-1k,"[(5, 6), (17, 18)]",linear,0.1612,0.004799999999999999,12,2,5,identity,0.7668333333333334,0.0014571661996262903
google/vit-large-patch16-224,imagenet-1k,"[(6, 7), (18, 19)]",linear,0.7640333333333333,0.00011547005383791243,12,2,6,identity,0.7608666666666667,0.0006506407098647145
google/vit-large-patch16-224,imagenet-1k,"[(7, 8), (19, 20)]",linear,0.7674,0.001752141546793552,12,2,7,identity,0.7574,0.0029206163733020763
google/vit-large-patch16-224,imagenet-1k,"[(8, 9), (20, 21)]",linear,0.7652666666666667,0.0013613718571108685,12,2,8,identity,0.7623333333333333,0.002000833159794524
google/vit-large-patch16-224,imagenet-1k,"[(9, 10), (21, 22)]",linear,0.7628666666666666,0.004086971168644739,12,2,9,identity,0.7632666666666666,0.002730079363925763
google/vit-large-patch16-224,imagenet-1k,"[(10, 11), (22, 23)]",linear,0.7712333333333333,0.0038501082235871615,12,2,10,identity,0.7742666666666667,0.0008326663997864681
google/vit-large-patch16-224,imagenet-1k,"[(0, 1), (13, 14)]",linear,0.7592,0.0012165525060596218,13,2,0,identity,0.7494333333333333,0.002700617213403874
google/vit-large-patch16-224,imagenet-1k,"[(1, 2), (14, 15)]",linear,0.7687333333333334,0.001858314648635589,13,2,1,identity,0.7603,0.004972926703662504
google/vit-large-patch16-224,imagenet-1k,"[(2, 3), (15, 16)]",linear,0.7700333333333332,0.004324735059322467,13,2,2,identity,0.7608,0.003421987726453751
google/vit-large-patch16-224,imagenet-1k,"[(3, 4), (16, 17)]",linear,0.7738666666666667,0.003888873015840659,13,2,3,identity,0.7655333333333333,0.0014502873278537851
google/vit-large-patch16-224,imagenet-1k,"[(4, 5), (17, 18)]",linear,0.20753333333333335,0.0005686240703077289,13,2,4,identity,0.7606666666666667,0.0025106440076867673
google/vit-large-patch16-224,imagenet-1k,"[(5, 6), (18, 19)]",linear,0.15893333333333334,0.0032883633213702714,13,2,5,identity,0.7627666666666667,0.0017897858344877785
google/vit-large-patch16-224,imagenet-1k,"[(6, 7), (19, 20)]",linear,0.7639333333333332,0.0022722969289539455,13,2,6,identity,0.7606333333333333,0.00023094010767590498
google/vit-large-patch16-224,imagenet-1k,"[(7, 8), (20, 21)]",linear,0.7687333333333334,0.0017785762095938128,13,2,7,identity,0.7604666666666667,0.005118919156749169
google/vit-large-patch16-224,imagenet-1k,"[(8, 9), (21, 22)]",linear,0.7642666666666665,0.003696394639825835,13,2,8,identity,0.7639333333333335,0.00011547005383791243
google/vit-large-patch16-224,imagenet-1k,"[(9, 10), (22, 23)]",linear,0.7728333333333334,0.001101514109457236,13,2,9,identity,0.7718333333333334,0.0011590225767142673
