seed,dataset,fit_dataset,model,optimizer,lr,classifier,translator,translator_method,translator_rank,batch_size,num_epochs,approx_layer,mlp_linearize,attn_linearize,head_dict,mlp_mode,attn_mode,num_layers,original_accuracy,accuracy,delta_acc,num_samples,majority_class_rate,params_saved,params_saved_pct
1,imagenet-1k,imagenet-1k,facebook/dinov2-base,Adam,0.01,Linear,identity,,,256,5,[],[],[],{},identity,identity,0,0.7463,0.7463,0.0,250,0.0019,0,0.0
2,imagenet-1k,imagenet-1k,facebook/dinov2-base,Adam,0.01,Linear,identity,,,256,5,[],[],[],{},identity,identity,0,0.7375,0.7375,0.0,250,0.0019,0,0.0
3,imagenet-1k,imagenet-1k,facebook/dinov2-base,Adam,0.01,Linear,identity,,,256,5,[],[],[],{},identity,identity,0,0.7445,0.7445,0.0,250,0.0019,0,0.0
4,imagenet-1k,imagenet-1k,facebook/dinov2-base,Adam,0.01,Linear,identity,,,256,5,[],[],[],{},identity,identity,0,0.7451,0.7451,0.0,250,0.0019,0,0.0
5,imagenet-1k,imagenet-1k,facebook/dinov2-base,Adam,0.01,Linear,identity,,,256,5,[],[],[],{},identity,identity,0,0.7419,0.7419,0.0,250,0.0019,0,0.0
1,imagenet-1k,imagenet-1k,facebook/dinov2-base,Adam,0.01,Linear,identity,,,256,5,"[(0, 1)]",[],[],{},identity,identity,1,0.7463,0.6509,0.0953999999999999,250,0.0019,7089408,8.333333333333334
2,imagenet-1k,imagenet-1k,facebook/dinov2-base,Adam,0.01,Linear,identity,,,256,5,"[(0, 1)]",[],[],{},identity,identity,1,0.7375,0.6536,0.0839,250,0.0019,7089408,8.333333333333334
3,imagenet-1k,imagenet-1k,facebook/dinov2-base,Adam,0.01,Linear,identity,,,256,5,"[(0, 1)]",[],[],{},identity,identity,1,0.7445,0.6579,0.0866,250,0.0019,7089408,8.333333333333334
4,imagenet-1k,imagenet-1k,facebook/dinov2-base,Adam,0.01,Linear,identity,,,256,5,"[(0, 1)]",[],[],{},identity,identity,1,0.7451,0.6582,0.0868999999999999,250,0.0019,7089408,8.333333333333334
5,imagenet-1k,imagenet-1k,facebook/dinov2-base,Adam,0.01,Linear,identity,,,256,5,"[(0, 1)]",[],[],{},identity,identity,1,0.7419,0.6507,0.0912,250,0.0019,7089408,8.333333333333334
1,imagenet-1k,imagenet-1k,facebook/dinov2-base,Adam,0.01,Linear,identity,,,256,5,"[(1, 2)]",[],[],{},identity,identity,1,0.7463,0.5832,0.1630999999999999,250,0.0019,7089408,8.333333333333334
2,imagenet-1k,imagenet-1k,facebook/dinov2-base,Adam,0.01,Linear,identity,,,256,5,"[(1, 2)]",[],[],{},identity,identity,1,0.7375,0.5757,0.1618,250,0.0019,7089408,8.333333333333334
3,imagenet-1k,imagenet-1k,facebook/dinov2-base,Adam,0.01,Linear,identity,,,256,5,"[(1, 2)]",[],[],{},identity,identity,1,0.7445,0.5775,0.167,250,0.0019,7089408,8.333333333333334
4,imagenet-1k,imagenet-1k,facebook/dinov2-base,Adam,0.01,Linear,identity,,,256,5,"[(1, 2)]",[],[],{},identity,identity,1,0.7451,0.578,0.1671,250,0.0019,7089408,8.333333333333334
5,imagenet-1k,imagenet-1k,facebook/dinov2-base,Adam,0.01,Linear,identity,,,256,5,"[(1, 2)]",[],[],{},identity,identity,1,0.7419,0.575,0.1669,250,0.0019,7089408,8.333333333333334
1,imagenet-1k,imagenet-1k,facebook/dinov2-base,Adam,0.01,Linear,identity,,,256,5,"[(2, 3)]",[],[],{},identity,identity,1,0.7463,0.4909,0.2553999999999999,250,0.0019,7089408,8.333333333333334
2,imagenet-1k,imagenet-1k,facebook/dinov2-base,Adam,0.01,Linear,identity,,,256,5,"[(2, 3)]",[],[],{},identity,identity,1,0.7375,0.4886,0.2489,250,0.0019,7089408,8.333333333333334
3,imagenet-1k,imagenet-1k,facebook/dinov2-base,Adam,0.01,Linear,identity,,,256,5,"[(2, 3)]",[],[],{},identity,identity,1,0.7445,0.4906,0.2539,250,0.0019,7089408,8.333333333333334
4,imagenet-1k,imagenet-1k,facebook/dinov2-base,Adam,0.01,Linear,identity,,,256,5,"[(2, 3)]",[],[],{},identity,identity,1,0.7451,0.4964,0.2486999999999999,250,0.0019,7089408,8.333333333333334
5,imagenet-1k,imagenet-1k,facebook/dinov2-base,Adam,0.01,Linear,identity,,,256,5,"[(2, 3)]",[],[],{},identity,identity,1,0.7419,0.4933,0.2486,250,0.0019,7089408,8.333333333333334
1,imagenet-1k,imagenet-1k,facebook/dinov2-base,Adam,0.01,Linear,identity,,,256,5,"[(3, 4)]",[],[],{},identity,identity,1,0.7463,0.6287,0.1175999999999999,250,0.0019,7089408,8.333333333333334
2,imagenet-1k,imagenet-1k,facebook/dinov2-base,Adam,0.01,Linear,identity,,,256,5,"[(3, 4)]",[],[],{},identity,identity,1,0.7375,0.6324,0.1051,250,0.0019,7089408,8.333333333333334
3,imagenet-1k,imagenet-1k,facebook/dinov2-base,Adam,0.01,Linear,identity,,,256,5,"[(3, 4)]",[],[],{},identity,identity,1,0.7445,0.6324,0.1121,250,0.0019,7089408,8.333333333333334
4,imagenet-1k,imagenet-1k,facebook/dinov2-base,Adam,0.01,Linear,identity,,,256,5,"[(3, 4)]",[],[],{},identity,identity,1,0.7451,0.637,0.1080999999999999,250,0.0019,7089408,8.333333333333334
5,imagenet-1k,imagenet-1k,facebook/dinov2-base,Adam,0.01,Linear,identity,,,256,5,"[(3, 4)]",[],[],{},identity,identity,1,0.7419,0.6328,0.1090999999999999,250,0.0019,7089408,8.333333333333334
1,imagenet-1k,imagenet-1k,facebook/dinov2-base,Adam,0.01,Linear,identity,,,256,5,"[(4, 5)]",[],[],{},identity,identity,1,0.7463,0.5378,0.2085,250,0.0019,7089408,8.333333333333334
2,imagenet-1k,imagenet-1k,facebook/dinov2-base,Adam,0.01,Linear,identity,,,256,5,"[(4, 5)]",[],[],{},identity,identity,1,0.7375,0.5391,0.1984,250,0.0019,7089408,8.333333333333334
3,imagenet-1k,imagenet-1k,facebook/dinov2-base,Adam,0.01,Linear,identity,,,256,5,"[(4, 5)]",[],[],{},identity,identity,1,0.7445,0.5395,0.205,250,0.0019,7089408,8.333333333333334
4,imagenet-1k,imagenet-1k,facebook/dinov2-base,Adam,0.01,Linear,identity,,,256,5,"[(4, 5)]",[],[],{},identity,identity,1,0.7451,0.5374,0.2077,250,0.0019,7089408,8.333333333333334
5,imagenet-1k,imagenet-1k,facebook/dinov2-base,Adam,0.01,Linear,identity,,,256,5,"[(4, 5)]",[],[],{},identity,identity,1,0.7419,0.5373,0.2046,250,0.0019,7089408,8.333333333333334
1,imagenet-1k,imagenet-1k,facebook/dinov2-base,Adam,0.01,Linear,identity,,,256,5,"[(5, 6)]",[],[],{},identity,identity,1,0.7463,0.2928,0.4534999999999999,250,0.0019,7089408,8.333333333333334
2,imagenet-1k,imagenet-1k,facebook/dinov2-base,Adam,0.01,Linear,identity,,,256,5,"[(5, 6)]",[],[],{},identity,identity,1,0.7375,0.2936,0.4439,250,0.0019,7089408,8.333333333333334
3,imagenet-1k,imagenet-1k,facebook/dinov2-base,Adam,0.01,Linear,identity,,,256,5,"[(5, 6)]",[],[],{},identity,identity,1,0.7445,0.2932,0.4513,250,0.0019,7089408,8.333333333333334
4,imagenet-1k,imagenet-1k,facebook/dinov2-base,Adam,0.01,Linear,identity,,,256,5,"[(5, 6)]",[],[],{},identity,identity,1,0.7451,0.2947,0.4503999999999999,250,0.0019,7089408,8.333333333333334
5,imagenet-1k,imagenet-1k,facebook/dinov2-base,Adam,0.01,Linear,identity,,,256,5,"[(5, 6)]",[],[],{},identity,identity,1,0.7419,0.2955,0.4464,250,0.0019,7089408,8.333333333333334
1,imagenet-1k,imagenet-1k,facebook/dinov2-base,Adam,0.01,Linear,identity,,,256,5,"[(6, 7)]",[],[],{},identity,identity,1,0.7463,0.3201,0.4261999999999999,250,0.0019,7089408,8.333333333333334
2,imagenet-1k,imagenet-1k,facebook/dinov2-base,Adam,0.01,Linear,identity,,,256,5,"[(6, 7)]",[],[],{},identity,identity,1,0.7375,0.3218,0.4157,250,0.0019,7089408,8.333333333333334
3,imagenet-1k,imagenet-1k,facebook/dinov2-base,Adam,0.01,Linear,identity,,,256,5,"[(6, 7)]",[],[],{},identity,identity,1,0.7445,0.331,0.4135,250,0.0019,7089408,8.333333333333334
4,imagenet-1k,imagenet-1k,facebook/dinov2-base,Adam,0.01,Linear,identity,,,256,5,"[(6, 7)]",[],[],{},identity,identity,1,0.7451,0.3287,0.4164,250,0.0019,7089408,8.333333333333334
5,imagenet-1k,imagenet-1k,facebook/dinov2-base,Adam,0.01,Linear,identity,,,256,5,"[(6, 7)]",[],[],{},identity,identity,1,0.7419,0.3262,0.4157,250,0.0019,7089408,8.333333333333334
1,imagenet-1k,imagenet-1k,facebook/dinov2-base,Adam,0.01,Linear,identity,,,256,5,"[(7, 8)]",[],[],{},identity,identity,1,0.7463,0.504,0.2422999999999999,250,0.0019,7089408,8.333333333333334
2,imagenet-1k,imagenet-1k,facebook/dinov2-base,Adam,0.01,Linear,identity,,,256,5,"[(7, 8)]",[],[],{},identity,identity,1,0.7375,0.5043,0.2332,250,0.0019,7089408,8.333333333333334
3,imagenet-1k,imagenet-1k,facebook/dinov2-base,Adam,0.01,Linear,identity,,,256,5,"[(7, 8)]",[],[],{},identity,identity,1,0.7445,0.5033,0.2412,250,0.0019,7089408,8.333333333333334
4,imagenet-1k,imagenet-1k,facebook/dinov2-base,Adam,0.01,Linear,identity,,,256,5,"[(7, 8)]",[],[],{},identity,identity,1,0.7451,0.4979,0.2471999999999999,250,0.0019,7089408,8.333333333333334
5,imagenet-1k,imagenet-1k,facebook/dinov2-base,Adam,0.01,Linear,identity,,,256,5,"[(7, 8)]",[],[],{},identity,identity,1,0.7419,0.4984,0.2435,250,0.0019,7089408,8.333333333333334
1,imagenet-1k,imagenet-1k,facebook/dinov2-base,Adam,0.01,Linear,identity,,,256,5,"[(8, 9)]",[],[],{},identity,identity,1,0.7463,0.5374,0.2088999999999999,250,0.0019,7089408,8.333333333333334
2,imagenet-1k,imagenet-1k,facebook/dinov2-base,Adam,0.01,Linear,identity,,,256,5,"[(8, 9)]",[],[],{},identity,identity,1,0.7375,0.5439,0.1936,250,0.0019,7089408,8.333333333333334
3,imagenet-1k,imagenet-1k,facebook/dinov2-base,Adam,0.01,Linear,identity,,,256,5,"[(8, 9)]",[],[],{},identity,identity,1,0.7445,0.5392,0.2053,250,0.0019,7089408,8.333333333333334
4,imagenet-1k,imagenet-1k,facebook/dinov2-base,Adam,0.01,Linear,identity,,,256,5,"[(8, 9)]",[],[],{},identity,identity,1,0.7451,0.5424,0.2027,250,0.0019,7089408,8.333333333333334
5,imagenet-1k,imagenet-1k,facebook/dinov2-base,Adam,0.01,Linear,identity,,,256,5,"[(8, 9)]",[],[],{},identity,identity,1,0.7419,0.5353,0.2066,250,0.0019,7089408,8.333333333333334
1,imagenet-1k,imagenet-1k,facebook/dinov2-base,Adam,0.01,Linear,identity,,,256,5,"[(9, 10)]",[],[],{},identity,identity,1,0.7463,0.6076,0.1386999999999999,250,0.0019,7089408,8.333333333333334
2,imagenet-1k,imagenet-1k,facebook/dinov2-base,Adam,0.01,Linear,identity,,,256,5,"[(9, 10)]",[],[],{},identity,identity,1,0.7375,0.6051,0.1324,250,0.0019,7089408,8.333333333333334
3,imagenet-1k,imagenet-1k,facebook/dinov2-base,Adam,0.01,Linear,identity,,,256,5,"[(9, 10)]",[],[],{},identity,identity,1,0.7445,0.6069,0.1376,250,0.0019,7089408,8.333333333333334
4,imagenet-1k,imagenet-1k,facebook/dinov2-base,Adam,0.01,Linear,identity,,,256,5,"[(9, 10)]",[],[],{},identity,identity,1,0.7451,0.6027,0.1423999999999999,250,0.0019,7089408,8.333333333333334
5,imagenet-1k,imagenet-1k,facebook/dinov2-base,Adam,0.01,Linear,identity,,,256,5,"[(9, 10)]",[],[],{},identity,identity,1,0.7419,0.6079,0.134,250,0.0019,7089408,8.333333333333334
1,imagenet-1k,imagenet-1k,facebook/dinov2-base,Adam,0.01,Linear,identity,,,256,5,"[(10, 11)]",[],[],{},identity,identity,1,0.7463,0.6429,0.1033999999999999,250,0.0019,7089408,8.333333333333334
2,imagenet-1k,imagenet-1k,facebook/dinov2-base,Adam,0.01,Linear,identity,,,256,5,"[(10, 11)]",[],[],{},identity,identity,1,0.7375,0.6359,0.1016,250,0.0019,7089408,8.333333333333334
3,imagenet-1k,imagenet-1k,facebook/dinov2-base,Adam,0.01,Linear,identity,,,256,5,"[(10, 11)]",[],[],{},identity,identity,1,0.7445,0.6411,0.1034,250,0.0019,7089408,8.333333333333334
4,imagenet-1k,imagenet-1k,facebook/dinov2-base,Adam,0.01,Linear,identity,,,256,5,"[(10, 11)]",[],[],{},identity,identity,1,0.7451,0.6367,0.1083999999999999,250,0.0019,7089408,8.333333333333334
5,imagenet-1k,imagenet-1k,facebook/dinov2-base,Adam,0.01,Linear,identity,,,256,5,"[(10, 11)]",[],[],{},identity,identity,1,0.7419,0.6455,0.0964,250,0.0019,7089408,8.333333333333334
1,imagenet-1k,imagenet-1k,facebook/dinov2-base,Adam,0.01,Linear,identity,,,256,5,"[(0, 2)]",[],[],{},identity,identity,2,0.7463,0.1288,0.6174999999999999,250,0.0019,14178816,16.666666666666668
2,imagenet-1k,imagenet-1k,facebook/dinov2-base,Adam,0.01,Linear,identity,,,256,5,"[(0, 2)]",[],[],{},identity,identity,2,0.7375,0.1296,0.6079000000000001,250,0.0019,14178816,16.666666666666668
3,imagenet-1k,imagenet-1k,facebook/dinov2-base,Adam,0.01,Linear,identity,,,256,5,"[(0, 2)]",[],[],{},identity,identity,2,0.7445,0.1267,0.6178,250,0.0019,14178816,16.666666666666668
4,imagenet-1k,imagenet-1k,facebook/dinov2-base,Adam,0.01,Linear,identity,,,256,5,"[(0, 2)]",[],[],{},identity,identity,2,0.7451,0.134,0.6111,250,0.0019,14178816,16.666666666666668
5,imagenet-1k,imagenet-1k,facebook/dinov2-base,Adam,0.01,Linear,identity,,,256,5,"[(0, 2)]",[],[],{},identity,identity,2,0.7419,0.127,0.6149,250,0.0019,14178816,16.666666666666668
1,imagenet-1k,imagenet-1k,facebook/dinov2-base,Adam,0.01,Linear,identity,,,256,5,"[(1, 3)]",[],[],{},identity,identity,2,0.7463,0.2935,0.4528,250,0.0019,14178816,16.666666666666668
2,imagenet-1k,imagenet-1k,facebook/dinov2-base,Adam,0.01,Linear,identity,,,256,5,"[(1, 3)]",[],[],{},identity,identity,2,0.7375,0.2902,0.4473,250,0.0019,14178816,16.666666666666668
3,imagenet-1k,imagenet-1k,facebook/dinov2-base,Adam,0.01,Linear,identity,,,256,5,"[(1, 3)]",[],[],{},identity,identity,2,0.7445,0.2954,0.4491,250,0.0019,14178816,16.666666666666668
4,imagenet-1k,imagenet-1k,facebook/dinov2-base,Adam,0.01,Linear,identity,,,256,5,"[(1, 3)]",[],[],{},identity,identity,2,0.7451,0.2907,0.4543999999999999,250,0.0019,14178816,16.666666666666668
5,imagenet-1k,imagenet-1k,facebook/dinov2-base,Adam,0.01,Linear,identity,,,256,5,"[(1, 3)]",[],[],{},identity,identity,2,0.7419,0.2889,0.453,250,0.0019,14178816,16.666666666666668
1,imagenet-1k,imagenet-1k,facebook/dinov2-base,Adam,0.01,Linear,identity,,,256,5,"[(2, 4)]",[],[],{},identity,identity,2,0.7463,0.0942,0.6520999999999999,250,0.0019,14178816,16.666666666666668
2,imagenet-1k,imagenet-1k,facebook/dinov2-base,Adam,0.01,Linear,identity,,,256,5,"[(2, 4)]",[],[],{},identity,identity,2,0.7375,0.0961,0.6414000000000001,250,0.0019,14178816,16.666666666666668
3,imagenet-1k,imagenet-1k,facebook/dinov2-base,Adam,0.01,Linear,identity,,,256,5,"[(2, 4)]",[],[],{},identity,identity,2,0.7445,0.0925,0.652,250,0.0019,14178816,16.666666666666668
4,imagenet-1k,imagenet-1k,facebook/dinov2-base,Adam,0.01,Linear,identity,,,256,5,"[(2, 4)]",[],[],{},identity,identity,2,0.7451,0.1032,0.6419,250,0.0019,14178816,16.666666666666668
5,imagenet-1k,imagenet-1k,facebook/dinov2-base,Adam,0.01,Linear,identity,,,256,5,"[(2, 4)]",[],[],{},identity,identity,2,0.7419,0.0972,0.6447,250,0.0019,14178816,16.666666666666668
1,imagenet-1k,imagenet-1k,facebook/dinov2-base,Adam,0.01,Linear,identity,,,256,5,"[(3, 5)]",[],[],{},identity,identity,2,0.7463,0.1789,0.5673999999999999,250,0.0019,14178816,16.666666666666668
2,imagenet-1k,imagenet-1k,facebook/dinov2-base,Adam,0.01,Linear,identity,,,256,5,"[(3, 5)]",[],[],{},identity,identity,2,0.7375,0.1902,0.5473,250,0.0019,14178816,16.666666666666668
3,imagenet-1k,imagenet-1k,facebook/dinov2-base,Adam,0.01,Linear,identity,,,256,5,"[(3, 5)]",[],[],{},identity,identity,2,0.7445,0.1872,0.5573,250,0.0019,14178816,16.666666666666668
4,imagenet-1k,imagenet-1k,facebook/dinov2-base,Adam,0.01,Linear,identity,,,256,5,"[(3, 5)]",[],[],{},identity,identity,2,0.7451,0.1856,0.5595,250,0.0019,14178816,16.666666666666668
5,imagenet-1k,imagenet-1k,facebook/dinov2-base,Adam,0.01,Linear,identity,,,256,5,"[(3, 5)]",[],[],{},identity,identity,2,0.7419,0.1904,0.5515,250,0.0019,14178816,16.666666666666668
1,imagenet-1k,imagenet-1k,facebook/dinov2-base,Adam,0.01,Linear,identity,,,256,5,"[(4, 6)]",[],[],{},identity,identity,2,0.7463,0.1321,0.6142,250,0.0019,14178816,16.666666666666668
2,imagenet-1k,imagenet-1k,facebook/dinov2-base,Adam,0.01,Linear,identity,,,256,5,"[(4, 6)]",[],[],{},identity,identity,2,0.7375,0.129,0.6085,250,0.0019,14178816,16.666666666666668
3,imagenet-1k,imagenet-1k,facebook/dinov2-base,Adam,0.01,Linear,identity,,,256,5,"[(4, 6)]",[],[],{},identity,identity,2,0.7445,0.1284,0.6161000000000001,250,0.0019,14178816,16.666666666666668
4,imagenet-1k,imagenet-1k,facebook/dinov2-base,Adam,0.01,Linear,identity,,,256,5,"[(4, 6)]",[],[],{},identity,identity,2,0.7451,0.1268,0.6183,250,0.0019,14178816,16.666666666666668
5,imagenet-1k,imagenet-1k,facebook/dinov2-base,Adam,0.01,Linear,identity,,,256,5,"[(4, 6)]",[],[],{},identity,identity,2,0.7419,0.1264,0.6154999999999999,250,0.0019,14178816,16.666666666666668
1,imagenet-1k,imagenet-1k,facebook/dinov2-base,Adam,0.01,Linear,identity,,,256,5,"[(5, 7)]",[],[],{},identity,identity,2,0.7463,0.1611,0.5851999999999999,250,0.0019,14178816,16.666666666666668
2,imagenet-1k,imagenet-1k,facebook/dinov2-base,Adam,0.01,Linear,identity,,,256,5,"[(5, 7)]",[],[],{},identity,identity,2,0.7375,0.1511,0.5864,250,0.0019,14178816,16.666666666666668
3,imagenet-1k,imagenet-1k,facebook/dinov2-base,Adam,0.01,Linear,identity,,,256,5,"[(5, 7)]",[],[],{},identity,identity,2,0.7445,0.1589,0.5856,250,0.0019,14178816,16.666666666666668
4,imagenet-1k,imagenet-1k,facebook/dinov2-base,Adam,0.01,Linear,identity,,,256,5,"[(5, 7)]",[],[],{},identity,identity,2,0.7451,0.1608,0.5843,250,0.0019,14178816,16.666666666666668
5,imagenet-1k,imagenet-1k,facebook/dinov2-base,Adam,0.01,Linear,identity,,,256,5,"[(5, 7)]",[],[],{},identity,identity,2,0.7419,0.1536,0.5883,250,0.0019,14178816,16.666666666666668
1,imagenet-1k,imagenet-1k,facebook/dinov2-base,Adam,0.01,Linear,identity,,,256,5,"[(6, 8)]",[],[],{},identity,identity,2,0.7463,0.2613,0.485,250,0.0019,14178816,16.666666666666668
2,imagenet-1k,imagenet-1k,facebook/dinov2-base,Adam,0.01,Linear,identity,,,256,5,"[(6, 8)]",[],[],{},identity,identity,2,0.7375,0.2648,0.4727,250,0.0019,14178816,16.666666666666668
3,imagenet-1k,imagenet-1k,facebook/dinov2-base,Adam,0.01,Linear,identity,,,256,5,"[(6, 8)]",[],[],{},identity,identity,2,0.7445,0.2743,0.4702,250,0.0019,14178816,16.666666666666668
4,imagenet-1k,imagenet-1k,facebook/dinov2-base,Adam,0.01,Linear,identity,,,256,5,"[(6, 8)]",[],[],{},identity,identity,2,0.7451,0.2735,0.4715999999999999,250,0.0019,14178816,16.666666666666668
5,imagenet-1k,imagenet-1k,facebook/dinov2-base,Adam,0.01,Linear,identity,,,256,5,"[(6, 8)]",[],[],{},identity,identity,2,0.7419,0.2628,0.4791,250,0.0019,14178816,16.666666666666668
1,imagenet-1k,imagenet-1k,facebook/dinov2-base,Adam,0.01,Linear,identity,,,256,5,"[(7, 9)]",[],[],{},identity,identity,2,0.7463,0.3548,0.3914999999999999,250,0.0019,14178816,16.666666666666668
2,imagenet-1k,imagenet-1k,facebook/dinov2-base,Adam,0.01,Linear,identity,,,256,5,"[(7, 9)]",[],[],{},identity,identity,2,0.7375,0.3496,0.3879,250,0.0019,14178816,16.666666666666668
3,imagenet-1k,imagenet-1k,facebook/dinov2-base,Adam,0.01,Linear,identity,,,256,5,"[(7, 9)]",[],[],{},identity,identity,2,0.7445,0.3385,0.406,250,0.0019,14178816,16.666666666666668
4,imagenet-1k,imagenet-1k,facebook/dinov2-base,Adam,0.01,Linear,identity,,,256,5,"[(7, 9)]",[],[],{},identity,identity,2,0.7451,0.3645,0.3806,250,0.0019,14178816,16.666666666666668
5,imagenet-1k,imagenet-1k,facebook/dinov2-base,Adam,0.01,Linear,identity,,,256,5,"[(7, 9)]",[],[],{},identity,identity,2,0.7419,0.3603,0.3816,250,0.0019,14178816,16.666666666666668
1,imagenet-1k,imagenet-1k,facebook/dinov2-base,Adam,0.01,Linear,identity,,,256,5,"[(8, 10)]",[],[],{},identity,identity,2,0.7463,0.4752,0.2710999999999999,250,0.0019,14178816,16.666666666666668
2,imagenet-1k,imagenet-1k,facebook/dinov2-base,Adam,0.01,Linear,identity,,,256,5,"[(8, 10)]",[],[],{},identity,identity,2,0.7375,0.4718,0.2657,250,0.0019,14178816,16.666666666666668
3,imagenet-1k,imagenet-1k,facebook/dinov2-base,Adam,0.01,Linear,identity,,,256,5,"[(8, 10)]",[],[],{},identity,identity,2,0.7445,0.4789,0.2656,250,0.0019,14178816,16.666666666666668
4,imagenet-1k,imagenet-1k,facebook/dinov2-base,Adam,0.01,Linear,identity,,,256,5,"[(8, 10)]",[],[],{},identity,identity,2,0.7451,0.4757,0.2694,250,0.0019,14178816,16.666666666666668
5,imagenet-1k,imagenet-1k,facebook/dinov2-base,Adam,0.01,Linear,identity,,,256,5,"[(8, 10)]",[],[],{},identity,identity,2,0.7419,0.4818,0.2601,250,0.0019,14178816,16.666666666666668
1,imagenet-1k,imagenet-1k,facebook/dinov2-base,Adam,0.01,Linear,identity,,,256,5,"[(9, 11)]",[],[],{},identity,identity,2,0.7463,0.4586,0.2876999999999999,250,0.0019,14178816,16.666666666666668
2,imagenet-1k,imagenet-1k,facebook/dinov2-base,Adam,0.01,Linear,identity,,,256,5,"[(9, 11)]",[],[],{},identity,identity,2,0.7375,0.4705,0.267,250,0.0019,14178816,16.666666666666668
3,imagenet-1k,imagenet-1k,facebook/dinov2-base,Adam,0.01,Linear,identity,,,256,5,"[(9, 11)]",[],[],{},identity,identity,2,0.7445,0.4675,0.277,250,0.0019,14178816,16.666666666666668
4,imagenet-1k,imagenet-1k,facebook/dinov2-base,Adam,0.01,Linear,identity,,,256,5,"[(9, 11)]",[],[],{},identity,identity,2,0.7451,0.4682,0.2769,250,0.0019,14178816,16.666666666666668
5,imagenet-1k,imagenet-1k,facebook/dinov2-base,Adam,0.01,Linear,identity,,,256,5,"[(9, 11)]",[],[],{},identity,identity,2,0.7419,0.4661,0.2758,250,0.0019,14178816,16.666666666666668
1,imagenet-1k,imagenet-1k,facebook/dinov2-base,Adam,0.01,Linear,identity,,,256,5,"[(0, 1), (2, 3)]",[],[],{},identity,identity,2,0.7463,0.1264,0.6198999999999999,250,0.0019,14178816,16.666666666666668
2,imagenet-1k,imagenet-1k,facebook/dinov2-base,Adam,0.01,Linear,identity,,,256,5,"[(0, 1), (2, 3)]",[],[],{},identity,identity,2,0.7375,0.1328,0.6047,250,0.0019,14178816,16.666666666666668
3,imagenet-1k,imagenet-1k,facebook/dinov2-base,Adam,0.01,Linear,identity,,,256,5,"[(0, 1), (2, 3)]",[],[],{},identity,identity,2,0.7445,0.1317,0.6128,250,0.0019,14178816,16.666666666666668
4,imagenet-1k,imagenet-1k,facebook/dinov2-base,Adam,0.01,Linear,identity,,,256,5,"[(0, 1), (2, 3)]",[],[],{},identity,identity,2,0.7451,0.1296,0.6154999999999999,250,0.0019,14178816,16.666666666666668
5,imagenet-1k,imagenet-1k,facebook/dinov2-base,Adam,0.01,Linear,identity,,,256,5,"[(0, 1), (2, 3)]",[],[],{},identity,identity,2,0.7419,0.1273,0.6146,250,0.0019,14178816,16.666666666666668
1,imagenet-1k,imagenet-1k,facebook/dinov2-base,Adam,0.01,Linear,identity,,,256,5,"[(1, 2), (3, 4)]",[],[],{},identity,identity,2,0.7463,0.1541,0.5922,250,0.0019,14178816,16.666666666666668
2,imagenet-1k,imagenet-1k,facebook/dinov2-base,Adam,0.01,Linear,identity,,,256,5,"[(1, 2), (3, 4)]",[],[],{},identity,identity,2,0.7375,0.1617,0.5758000000000001,250,0.0019,14178816,16.666666666666668
3,imagenet-1k,imagenet-1k,facebook/dinov2-base,Adam,0.01,Linear,identity,,,256,5,"[(1, 2), (3, 4)]",[],[],{},identity,identity,2,0.7445,0.16,0.5845,250,0.0019,14178816,16.666666666666668
4,imagenet-1k,imagenet-1k,facebook/dinov2-base,Adam,0.01,Linear,identity,,,256,5,"[(1, 2), (3, 4)]",[],[],{},identity,identity,2,0.7451,0.1562,0.5889,250,0.0019,14178816,16.666666666666668
5,imagenet-1k,imagenet-1k,facebook/dinov2-base,Adam,0.01,Linear,identity,,,256,5,"[(1, 2), (3, 4)]",[],[],{},identity,identity,2,0.7419,0.156,0.5859,250,0.0019,14178816,16.666666666666668
1,imagenet-1k,imagenet-1k,facebook/dinov2-base,Adam,0.01,Linear,identity,,,256,5,"[(2, 3), (4, 5)]",[],[],{},identity,identity,2,0.7463,0.1217,0.6245999999999999,250,0.0019,14178816,16.666666666666668
2,imagenet-1k,imagenet-1k,facebook/dinov2-base,Adam,0.01,Linear,identity,,,256,5,"[(2, 3), (4, 5)]",[],[],{},identity,identity,2,0.7375,0.1324,0.6051000000000001,250,0.0019,14178816,16.666666666666668
3,imagenet-1k,imagenet-1k,facebook/dinov2-base,Adam,0.01,Linear,identity,,,256,5,"[(2, 3), (4, 5)]",[],[],{},identity,identity,2,0.7445,0.1223,0.6222000000000001,250,0.0019,14178816,16.666666666666668
4,imagenet-1k,imagenet-1k,facebook/dinov2-base,Adam,0.01,Linear,identity,,,256,5,"[(2, 3), (4, 5)]",[],[],{},identity,identity,2,0.7451,0.1285,0.6166,250,0.0019,14178816,16.666666666666668
5,imagenet-1k,imagenet-1k,facebook/dinov2-base,Adam,0.01,Linear,identity,,,256,5,"[(2, 3), (4, 5)]",[],[],{},identity,identity,2,0.7419,0.1277,0.6142,250,0.0019,14178816,16.666666666666668
1,imagenet-1k,imagenet-1k,facebook/dinov2-base,Adam,0.01,Linear,identity,,,256,5,"[(3, 4), (5, 6)]",[],[],{},identity,identity,2,0.7463,0.1296,0.6167,250,0.0019,14178816,16.666666666666668
2,imagenet-1k,imagenet-1k,facebook/dinov2-base,Adam,0.01,Linear,identity,,,256,5,"[(3, 4), (5, 6)]",[],[],{},identity,identity,2,0.7375,0.1365,0.601,250,0.0019,14178816,16.666666666666668
3,imagenet-1k,imagenet-1k,facebook/dinov2-base,Adam,0.01,Linear,identity,,,256,5,"[(3, 4), (5, 6)]",[],[],{},identity,identity,2,0.7445,0.1365,0.6080000000000001,250,0.0019,14178816,16.666666666666668
4,imagenet-1k,imagenet-1k,facebook/dinov2-base,Adam,0.01,Linear,identity,,,256,5,"[(3, 4), (5, 6)]",[],[],{},identity,identity,2,0.7451,0.1382,0.6069,250,0.0019,14178816,16.666666666666668
5,imagenet-1k,imagenet-1k,facebook/dinov2-base,Adam,0.01,Linear,identity,,,256,5,"[(3, 4), (5, 6)]",[],[],{},identity,identity,2,0.7419,0.1362,0.6057,250,0.0019,14178816,16.666666666666668
1,imagenet-1k,imagenet-1k,facebook/dinov2-base,Adam,0.01,Linear,identity,,,256,5,"[(4, 5), (6, 7)]",[],[],{},identity,identity,2,0.7463,0.0055,0.7408,250,0.0019,14178816,16.666666666666668
2,imagenet-1k,imagenet-1k,facebook/dinov2-base,Adam,0.01,Linear,identity,,,256,5,"[(4, 5), (6, 7)]",[],[],{},identity,identity,2,0.7375,0.0032,0.7343000000000001,250,0.0019,14178816,16.666666666666668
3,imagenet-1k,imagenet-1k,facebook/dinov2-base,Adam,0.01,Linear,identity,,,256,5,"[(4, 5), (6, 7)]",[],[],{},identity,identity,2,0.7445,0.0052,0.7393000000000001,250,0.0019,14178816,16.666666666666668
4,imagenet-1k,imagenet-1k,facebook/dinov2-base,Adam,0.01,Linear,identity,,,256,5,"[(4, 5), (6, 7)]",[],[],{},identity,identity,2,0.7451,0.0052,0.7399,250,0.0019,14178816,16.666666666666668
5,imagenet-1k,imagenet-1k,facebook/dinov2-base,Adam,0.01,Linear,identity,,,256,5,"[(4, 5), (6, 7)]",[],[],{},identity,identity,2,0.7419,0.0073,0.7346,250,0.0019,14178816,16.666666666666668
1,imagenet-1k,imagenet-1k,facebook/dinov2-base,Adam,0.01,Linear,identity,,,256,5,"[(5, 6), (7, 8)]",[],[],{},identity,identity,2,0.7463,0.2047,0.5416,250,0.0019,14178816,16.666666666666668
2,imagenet-1k,imagenet-1k,facebook/dinov2-base,Adam,0.01,Linear,identity,,,256,5,"[(5, 6), (7, 8)]",[],[],{},identity,identity,2,0.7375,0.2031,0.5344,250,0.0019,14178816,16.666666666666668
3,imagenet-1k,imagenet-1k,facebook/dinov2-base,Adam,0.01,Linear,identity,,,256,5,"[(5, 6), (7, 8)]",[],[],{},identity,identity,2,0.7445,0.1965,0.548,250,0.0019,14178816,16.666666666666668
4,imagenet-1k,imagenet-1k,facebook/dinov2-base,Adam,0.01,Linear,identity,,,256,5,"[(5, 6), (7, 8)]",[],[],{},identity,identity,2,0.7451,0.206,0.5391,250,0.0019,14178816,16.666666666666668
5,imagenet-1k,imagenet-1k,facebook/dinov2-base,Adam,0.01,Linear,identity,,,256,5,"[(5, 6), (7, 8)]",[],[],{},identity,identity,2,0.7419,0.209,0.5329,250,0.0019,14178816,16.666666666666668
1,imagenet-1k,imagenet-1k,facebook/dinov2-base,Adam,0.01,Linear,identity,,,256,5,"[(6, 7), (8, 9)]",[],[],{},identity,identity,2,0.7463,0.207,0.5393,250,0.0019,14178816,16.666666666666668
2,imagenet-1k,imagenet-1k,facebook/dinov2-base,Adam,0.01,Linear,identity,,,256,5,"[(6, 7), (8, 9)]",[],[],{},identity,identity,2,0.7375,0.2076,0.5299,250,0.0019,14178816,16.666666666666668
3,imagenet-1k,imagenet-1k,facebook/dinov2-base,Adam,0.01,Linear,identity,,,256,5,"[(6, 7), (8, 9)]",[],[],{},identity,identity,2,0.7445,0.2047,0.5398000000000001,250,0.0019,14178816,16.666666666666668
4,imagenet-1k,imagenet-1k,facebook/dinov2-base,Adam,0.01,Linear,identity,,,256,5,"[(6, 7), (8, 9)]",[],[],{},identity,identity,2,0.7451,0.2056,0.5395,250,0.0019,14178816,16.666666666666668
5,imagenet-1k,imagenet-1k,facebook/dinov2-base,Adam,0.01,Linear,identity,,,256,5,"[(6, 7), (8, 9)]",[],[],{},identity,identity,2,0.7419,0.2183,0.5236000000000001,250,0.0019,14178816,16.666666666666668
1,imagenet-1k,imagenet-1k,facebook/dinov2-base,Adam,0.01,Linear,identity,,,256,5,"[(7, 8), (9, 10)]",[],[],{},identity,identity,2,0.7463,0.4082,0.3380999999999999,250,0.0019,14178816,16.666666666666668
2,imagenet-1k,imagenet-1k,facebook/dinov2-base,Adam,0.01,Linear,identity,,,256,5,"[(7, 8), (9, 10)]",[],[],{},identity,identity,2,0.7375,0.4168,0.3207,250,0.0019,14178816,16.666666666666668
3,imagenet-1k,imagenet-1k,facebook/dinov2-base,Adam,0.01,Linear,identity,,,256,5,"[(7, 8), (9, 10)]",[],[],{},identity,identity,2,0.7445,0.4164,0.3281,250,0.0019,14178816,16.666666666666668
4,imagenet-1k,imagenet-1k,facebook/dinov2-base,Adam,0.01,Linear,identity,,,256,5,"[(7, 8), (9, 10)]",[],[],{},identity,identity,2,0.7451,0.4165,0.3286,250,0.0019,14178816,16.666666666666668
5,imagenet-1k,imagenet-1k,facebook/dinov2-base,Adam,0.01,Linear,identity,,,256,5,"[(7, 8), (9, 10)]",[],[],{},identity,identity,2,0.7419,0.4188,0.3231,250,0.0019,14178816,16.666666666666668
1,imagenet-1k,imagenet-1k,facebook/dinov2-base,Adam,0.01,Linear,identity,,,256,5,"[(8, 9), (10, 11)]",[],[],{},identity,identity,2,0.7463,0.5026,0.2436999999999999,250,0.0019,14178816,16.666666666666668
2,imagenet-1k,imagenet-1k,facebook/dinov2-base,Adam,0.01,Linear,identity,,,256,5,"[(8, 9), (10, 11)]",[],[],{},identity,identity,2,0.7375,0.5185,0.219,250,0.0019,14178816,16.666666666666668
3,imagenet-1k,imagenet-1k,facebook/dinov2-base,Adam,0.01,Linear,identity,,,256,5,"[(8, 9), (10, 11)]",[],[],{},identity,identity,2,0.7445,0.5071,0.2374,250,0.0019,14178816,16.666666666666668
4,imagenet-1k,imagenet-1k,facebook/dinov2-base,Adam,0.01,Linear,identity,,,256,5,"[(8, 9), (10, 11)]",[],[],{},identity,identity,2,0.7451,0.5123,0.2328,250,0.0019,14178816,16.666666666666668
5,imagenet-1k,imagenet-1k,facebook/dinov2-base,Adam,0.01,Linear,identity,,,256,5,"[(8, 9), (10, 11)]",[],[],{},identity,identity,2,0.7419,0.5096,0.2322999999999999,250,0.0019,14178816,16.666666666666668
1,imagenet-1k,imagenet-1k,facebook/dinov2-base,Adam,0.01,Linear,identity,,,256,5,"[(0, 1), (3, 4)]",[],[],{},identity,identity,2,0.7463,0.3061,0.4402,250,0.0019,14178816,16.666666666666668
2,imagenet-1k,imagenet-1k,facebook/dinov2-base,Adam,0.01,Linear,identity,,,256,5,"[(0, 1), (3, 4)]",[],[],{},identity,identity,2,0.7375,0.3118,0.4257,250,0.0019,14178816,16.666666666666668
3,imagenet-1k,imagenet-1k,facebook/dinov2-base,Adam,0.01,Linear,identity,,,256,5,"[(0, 1), (3, 4)]",[],[],{},identity,identity,2,0.7445,0.3016,0.4429,250,0.0019,14178816,16.666666666666668
4,imagenet-1k,imagenet-1k,facebook/dinov2-base,Adam,0.01,Linear,identity,,,256,5,"[(0, 1), (3, 4)]",[],[],{},identity,identity,2,0.7451,0.3109,0.4342,250,0.0019,14178816,16.666666666666668
5,imagenet-1k,imagenet-1k,facebook/dinov2-base,Adam,0.01,Linear,identity,,,256,5,"[(0, 1), (3, 4)]",[],[],{},identity,identity,2,0.7419,0.3142,0.4277,250,0.0019,14178816,16.666666666666668
1,imagenet-1k,imagenet-1k,facebook/dinov2-base,Adam,0.01,Linear,identity,,,256,5,"[(1, 2), (4, 5)]",[],[],{},identity,identity,2,0.7463,0.1987,0.5476,250,0.0019,14178816,16.666666666666668
2,imagenet-1k,imagenet-1k,facebook/dinov2-base,Adam,0.01,Linear,identity,,,256,5,"[(1, 2), (4, 5)]",[],[],{},identity,identity,2,0.7375,0.202,0.5355000000000001,250,0.0019,14178816,16.666666666666668
3,imagenet-1k,imagenet-1k,facebook/dinov2-base,Adam,0.01,Linear,identity,,,256,5,"[(1, 2), (4, 5)]",[],[],{},identity,identity,2,0.7445,0.2029,0.5416000000000001,250,0.0019,14178816,16.666666666666668
4,imagenet-1k,imagenet-1k,facebook/dinov2-base,Adam,0.01,Linear,identity,,,256,5,"[(1, 2), (4, 5)]",[],[],{},identity,identity,2,0.7451,0.2043,0.5408,250,0.0019,14178816,16.666666666666668
5,imagenet-1k,imagenet-1k,facebook/dinov2-base,Adam,0.01,Linear,identity,,,256,5,"[(1, 2), (4, 5)]",[],[],{},identity,identity,2,0.7419,0.1927,0.5492,250,0.0019,14178816,16.666666666666668
1,imagenet-1k,imagenet-1k,facebook/dinov2-base,Adam,0.01,Linear,identity,,,256,5,"[(2, 3), (5, 6)]",[],[],{},identity,identity,2,0.7463,0.1091,0.6372,250,0.0019,14178816,16.666666666666668
2,imagenet-1k,imagenet-1k,facebook/dinov2-base,Adam,0.01,Linear,identity,,,256,5,"[(2, 3), (5, 6)]",[],[],{},identity,identity,2,0.7375,0.1122,0.6253000000000001,250,0.0019,14178816,16.666666666666668
3,imagenet-1k,imagenet-1k,facebook/dinov2-base,Adam,0.01,Linear,identity,,,256,5,"[(2, 3), (5, 6)]",[],[],{},identity,identity,2,0.7445,0.1074,0.6371,250,0.0019,14178816,16.666666666666668
4,imagenet-1k,imagenet-1k,facebook/dinov2-base,Adam,0.01,Linear,identity,,,256,5,"[(2, 3), (5, 6)]",[],[],{},identity,identity,2,0.7451,0.1088,0.6363,250,0.0019,14178816,16.666666666666668
5,imagenet-1k,imagenet-1k,facebook/dinov2-base,Adam,0.01,Linear,identity,,,256,5,"[(2, 3), (5, 6)]",[],[],{},identity,identity,2,0.7419,0.1125,0.6294,250,0.0019,14178816,16.666666666666668
1,imagenet-1k,imagenet-1k,facebook/dinov2-base,Adam,0.01,Linear,identity,,,256,5,"[(3, 4), (6, 7)]",[],[],{},identity,identity,2,0.7463,0.1571,0.5892,250,0.0019,14178816,16.666666666666668
2,imagenet-1k,imagenet-1k,facebook/dinov2-base,Adam,0.01,Linear,identity,,,256,5,"[(3, 4), (6, 7)]",[],[],{},identity,identity,2,0.7375,0.1595,0.5780000000000001,250,0.0019,14178816,16.666666666666668
3,imagenet-1k,imagenet-1k,facebook/dinov2-base,Adam,0.01,Linear,identity,,,256,5,"[(3, 4), (6, 7)]",[],[],{},identity,identity,2,0.7445,0.1634,0.5811000000000001,250,0.0019,14178816,16.666666666666668
4,imagenet-1k,imagenet-1k,facebook/dinov2-base,Adam,0.01,Linear,identity,,,256,5,"[(3, 4), (6, 7)]",[],[],{},identity,identity,2,0.7451,0.158,0.5871,250,0.0019,14178816,16.666666666666668
5,imagenet-1k,imagenet-1k,facebook/dinov2-base,Adam,0.01,Linear,identity,,,256,5,"[(3, 4), (6, 7)]",[],[],{},identity,identity,2,0.7419,0.1637,0.5782,250,0.0019,14178816,16.666666666666668
1,imagenet-1k,imagenet-1k,facebook/dinov2-base,Adam,0.01,Linear,identity,,,256,5,"[(4, 5), (7, 8)]",[],[],{},identity,identity,2,0.7463,0.2068,0.5395,250,0.0019,14178816,16.666666666666668
2,imagenet-1k,imagenet-1k,facebook/dinov2-base,Adam,0.01,Linear,identity,,,256,5,"[(4, 5), (7, 8)]",[],[],{},identity,identity,2,0.7375,0.2147,0.5228,250,0.0019,14178816,16.666666666666668
3,imagenet-1k,imagenet-1k,facebook/dinov2-base,Adam,0.01,Linear,identity,,,256,5,"[(4, 5), (7, 8)]",[],[],{},identity,identity,2,0.7445,0.2068,0.5377000000000001,250,0.0019,14178816,16.666666666666668
4,imagenet-1k,imagenet-1k,facebook/dinov2-base,Adam,0.01,Linear,identity,,,256,5,"[(4, 5), (7, 8)]",[],[],{},identity,identity,2,0.7451,0.2119,0.5332,250,0.0019,14178816,16.666666666666668
5,imagenet-1k,imagenet-1k,facebook/dinov2-base,Adam,0.01,Linear,identity,,,256,5,"[(4, 5), (7, 8)]",[],[],{},identity,identity,2,0.7419,0.2117,0.5302,250,0.0019,14178816,16.666666666666668
1,imagenet-1k,imagenet-1k,facebook/dinov2-base,Adam,0.01,Linear,identity,,,256,5,"[(5, 6), (8, 9)]",[],[],{},identity,identity,2,0.7463,0.2041,0.5422,250,0.0019,14178816,16.666666666666668
2,imagenet-1k,imagenet-1k,facebook/dinov2-base,Adam,0.01,Linear,identity,,,256,5,"[(5, 6), (8, 9)]",[],[],{},identity,identity,2,0.7375,0.2087,0.5288,250,0.0019,14178816,16.666666666666668
3,imagenet-1k,imagenet-1k,facebook/dinov2-base,Adam,0.01,Linear,identity,,,256,5,"[(5, 6), (8, 9)]",[],[],{},identity,identity,2,0.7445,0.216,0.5285000000000001,250,0.0019,14178816,16.666666666666668
4,imagenet-1k,imagenet-1k,facebook/dinov2-base,Adam,0.01,Linear,identity,,,256,5,"[(5, 6), (8, 9)]",[],[],{},identity,identity,2,0.7451,0.2076,0.5375,250,0.0019,14178816,16.666666666666668
5,imagenet-1k,imagenet-1k,facebook/dinov2-base,Adam,0.01,Linear,identity,,,256,5,"[(5, 6), (8, 9)]",[],[],{},identity,identity,2,0.7419,0.2135,0.5284,250,0.0019,14178816,16.666666666666668
1,imagenet-1k,imagenet-1k,facebook/dinov2-base,Adam,0.01,Linear,identity,,,256,5,"[(6, 7), (9, 10)]",[],[],{},identity,identity,2,0.7463,0.2685,0.4777999999999999,250,0.0019,14178816,16.666666666666668
2,imagenet-1k,imagenet-1k,facebook/dinov2-base,Adam,0.01,Linear,identity,,,256,5,"[(6, 7), (9, 10)]",[],[],{},identity,identity,2,0.7375,0.2741,0.4634,250,0.0019,14178816,16.666666666666668
3,imagenet-1k,imagenet-1k,facebook/dinov2-base,Adam,0.01,Linear,identity,,,256,5,"[(6, 7), (9, 10)]",[],[],{},identity,identity,2,0.7445,0.2678,0.4767,250,0.0019,14178816,16.666666666666668
4,imagenet-1k,imagenet-1k,facebook/dinov2-base,Adam,0.01,Linear,identity,,,256,5,"[(6, 7), (9, 10)]",[],[],{},identity,identity,2,0.7451,0.2684,0.4766999999999999,250,0.0019,14178816,16.666666666666668
5,imagenet-1k,imagenet-1k,facebook/dinov2-base,Adam,0.01,Linear,identity,,,256,5,"[(6, 7), (9, 10)]",[],[],{},identity,identity,2,0.7419,0.2681,0.4738,250,0.0019,14178816,16.666666666666668
1,imagenet-1k,imagenet-1k,facebook/dinov2-base,Adam,0.01,Linear,identity,,,256,5,"[(7, 8), (10, 11)]",[],[],{},identity,identity,2,0.7463,0.3802,0.3661,250,0.0019,14178816,16.666666666666668
2,imagenet-1k,imagenet-1k,facebook/dinov2-base,Adam,0.01,Linear,identity,,,256,5,"[(7, 8), (10, 11)]",[],[],{},identity,identity,2,0.7375,0.3789,0.3586,250,0.0019,14178816,16.666666666666668
3,imagenet-1k,imagenet-1k,facebook/dinov2-base,Adam,0.01,Linear,identity,,,256,5,"[(7, 8), (10, 11)]",[],[],{},identity,identity,2,0.7445,0.3838,0.3607000000000001,250,0.0019,14178816,16.666666666666668
4,imagenet-1k,imagenet-1k,facebook/dinov2-base,Adam,0.01,Linear,identity,,,256,5,"[(7, 8), (10, 11)]",[],[],{},identity,identity,2,0.7451,0.3849,0.3601999999999999,250,0.0019,14178816,16.666666666666668
5,imagenet-1k,imagenet-1k,facebook/dinov2-base,Adam,0.01,Linear,identity,,,256,5,"[(7, 8), (10, 11)]",[],[],{},identity,identity,2,0.7419,0.3867,0.3552,250,0.0019,14178816,16.666666666666668
1,imagenet-1k,imagenet-1k,facebook/dinov2-base,Adam,0.01,Linear,identity,,,256,5,"[(0, 1), (4, 5)]",[],[],{},identity,identity,2,0.7463,0.3417,0.4045999999999999,250,0.0019,14178816,16.666666666666668
2,imagenet-1k,imagenet-1k,facebook/dinov2-base,Adam,0.01,Linear,identity,,,256,5,"[(0, 1), (4, 5)]",[],[],{},identity,identity,2,0.7375,0.3414,0.3961,250,0.0019,14178816,16.666666666666668
3,imagenet-1k,imagenet-1k,facebook/dinov2-base,Adam,0.01,Linear,identity,,,256,5,"[(0, 1), (4, 5)]",[],[],{},identity,identity,2,0.7445,0.3393,0.4052,250,0.0019,14178816,16.666666666666668
4,imagenet-1k,imagenet-1k,facebook/dinov2-base,Adam,0.01,Linear,identity,,,256,5,"[(0, 1), (4, 5)]",[],[],{},identity,identity,2,0.7451,0.3408,0.4043,250,0.0019,14178816,16.666666666666668
5,imagenet-1k,imagenet-1k,facebook/dinov2-base,Adam,0.01,Linear,identity,,,256,5,"[(0, 1), (4, 5)]",[],[],{},identity,identity,2,0.7419,0.3493,0.3926,250,0.0019,14178816,16.666666666666668
1,imagenet-1k,imagenet-1k,facebook/dinov2-base,Adam,0.01,Linear,identity,,,256,5,"[(1, 2), (5, 6)]",[],[],{},identity,identity,2,0.7463,0.1146,0.6316999999999999,250,0.0019,14178816,16.666666666666668
2,imagenet-1k,imagenet-1k,facebook/dinov2-base,Adam,0.01,Linear,identity,,,256,5,"[(1, 2), (5, 6)]",[],[],{},identity,identity,2,0.7375,0.1191,0.6184000000000001,250,0.0019,14178816,16.666666666666668
3,imagenet-1k,imagenet-1k,facebook/dinov2-base,Adam,0.01,Linear,identity,,,256,5,"[(1, 2), (5, 6)]",[],[],{},identity,identity,2,0.7445,0.1161,0.6284000000000001,250,0.0019,14178816,16.666666666666668
4,imagenet-1k,imagenet-1k,facebook/dinov2-base,Adam,0.01,Linear,identity,,,256,5,"[(1, 2), (5, 6)]",[],[],{},identity,identity,2,0.7451,0.1196,0.6255,250,0.0019,14178816,16.666666666666668
5,imagenet-1k,imagenet-1k,facebook/dinov2-base,Adam,0.01,Linear,identity,,,256,5,"[(1, 2), (5, 6)]",[],[],{},identity,identity,2,0.7419,0.1177,0.6242,250,0.0019,14178816,16.666666666666668
1,imagenet-1k,imagenet-1k,facebook/dinov2-base,Adam,0.01,Linear,identity,,,256,5,"[(2, 3), (6, 7)]",[],[],{},identity,identity,2,0.7463,0.1146,0.6316999999999999,250,0.0019,14178816,16.666666666666668
2,imagenet-1k,imagenet-1k,facebook/dinov2-base,Adam,0.01,Linear,identity,,,256,5,"[(2, 3), (6, 7)]",[],[],{},identity,identity,2,0.7375,0.1089,0.6286,250,0.0019,14178816,16.666666666666668
3,imagenet-1k,imagenet-1k,facebook/dinov2-base,Adam,0.01,Linear,identity,,,256,5,"[(2, 3), (6, 7)]",[],[],{},identity,identity,2,0.7445,0.1015,0.643,250,0.0019,14178816,16.666666666666668
4,imagenet-1k,imagenet-1k,facebook/dinov2-base,Adam,0.01,Linear,identity,,,256,5,"[(2, 3), (6, 7)]",[],[],{},identity,identity,2,0.7451,0.1035,0.6416,250,0.0019,14178816,16.666666666666668
5,imagenet-1k,imagenet-1k,facebook/dinov2-base,Adam,0.01,Linear,identity,,,256,5,"[(2, 3), (6, 7)]",[],[],{},identity,identity,2,0.7419,0.1035,0.6384,250,0.0019,14178816,16.666666666666668
1,imagenet-1k,imagenet-1k,facebook/dinov2-base,Adam,0.01,Linear,identity,,,256,5,"[(3, 4), (7, 8)]",[],[],{},identity,identity,2,0.7463,0.2022,0.5441,250,0.0019,14178816,16.666666666666668
2,imagenet-1k,imagenet-1k,facebook/dinov2-base,Adam,0.01,Linear,identity,,,256,5,"[(3, 4), (7, 8)]",[],[],{},identity,identity,2,0.7375,0.2178,0.5197,250,0.0019,14178816,16.666666666666668
3,imagenet-1k,imagenet-1k,facebook/dinov2-base,Adam,0.01,Linear,identity,,,256,5,"[(3, 4), (7, 8)]",[],[],{},identity,identity,2,0.7445,0.2119,0.5326000000000001,250,0.0019,14178816,16.666666666666668
4,imagenet-1k,imagenet-1k,facebook/dinov2-base,Adam,0.01,Linear,identity,,,256,5,"[(3, 4), (7, 8)]",[],[],{},identity,identity,2,0.7451,0.2093,0.5357999999999999,250,0.0019,14178816,16.666666666666668
5,imagenet-1k,imagenet-1k,facebook/dinov2-base,Adam,0.01,Linear,identity,,,256,5,"[(3, 4), (7, 8)]",[],[],{},identity,identity,2,0.7419,0.2122,0.5297000000000001,250,0.0019,14178816,16.666666666666668
1,imagenet-1k,imagenet-1k,facebook/dinov2-base,Adam,0.01,Linear,identity,,,256,5,"[(4, 5), (8, 9)]",[],[],{},identity,identity,2,0.7463,0.2469,0.4993999999999999,250,0.0019,14178816,16.666666666666668
2,imagenet-1k,imagenet-1k,facebook/dinov2-base,Adam,0.01,Linear,identity,,,256,5,"[(4, 5), (8, 9)]",[],[],{},identity,identity,2,0.7375,0.2487,0.4888,250,0.0019,14178816,16.666666666666668
3,imagenet-1k,imagenet-1k,facebook/dinov2-base,Adam,0.01,Linear,identity,,,256,5,"[(4, 5), (8, 9)]",[],[],{},identity,identity,2,0.7445,0.2381,0.5064000000000001,250,0.0019,14178816,16.666666666666668
4,imagenet-1k,imagenet-1k,facebook/dinov2-base,Adam,0.01,Linear,identity,,,256,5,"[(4, 5), (8, 9)]",[],[],{},identity,identity,2,0.7451,0.2517,0.4934,250,0.0019,14178816,16.666666666666668
5,imagenet-1k,imagenet-1k,facebook/dinov2-base,Adam,0.01,Linear,identity,,,256,5,"[(4, 5), (8, 9)]",[],[],{},identity,identity,2,0.7419,0.2421,0.4998,250,0.0019,14178816,16.666666666666668
1,imagenet-1k,imagenet-1k,facebook/dinov2-base,Adam,0.01,Linear,identity,,,256,5,"[(5, 6), (9, 10)]",[],[],{},identity,identity,2,0.7463,0.2618,0.4845,250,0.0019,14178816,16.666666666666668
2,imagenet-1k,imagenet-1k,facebook/dinov2-base,Adam,0.01,Linear,identity,,,256,5,"[(5, 6), (9, 10)]",[],[],{},identity,identity,2,0.7375,0.2596,0.4779,250,0.0019,14178816,16.666666666666668
3,imagenet-1k,imagenet-1k,facebook/dinov2-base,Adam,0.01,Linear,identity,,,256,5,"[(5, 6), (9, 10)]",[],[],{},identity,identity,2,0.7445,0.2548,0.4897,250,0.0019,14178816,16.666666666666668
4,imagenet-1k,imagenet-1k,facebook/dinov2-base,Adam,0.01,Linear,identity,,,256,5,"[(5, 6), (9, 10)]",[],[],{},identity,identity,2,0.7451,0.2633,0.4818,250,0.0019,14178816,16.666666666666668
5,imagenet-1k,imagenet-1k,facebook/dinov2-base,Adam,0.01,Linear,identity,,,256,5,"[(5, 6), (9, 10)]",[],[],{},identity,identity,2,0.7419,0.2522,0.4897,250,0.0019,14178816,16.666666666666668
1,imagenet-1k,imagenet-1k,facebook/dinov2-base,Adam,0.01,Linear,identity,,,256,5,"[(6, 7), (10, 11)]",[],[],{},identity,identity,2,0.7463,0.2831,0.4631999999999999,250,0.0019,14178816,16.666666666666668
2,imagenet-1k,imagenet-1k,facebook/dinov2-base,Adam,0.01,Linear,identity,,,256,5,"[(6, 7), (10, 11)]",[],[],{},identity,identity,2,0.7375,0.2853,0.4522,250,0.0019,14178816,16.666666666666668
3,imagenet-1k,imagenet-1k,facebook/dinov2-base,Adam,0.01,Linear,identity,,,256,5,"[(6, 7), (10, 11)]",[],[],{},identity,identity,2,0.7445,0.2767,0.4678,250,0.0019,14178816,16.666666666666668
4,imagenet-1k,imagenet-1k,facebook/dinov2-base,Adam,0.01,Linear,identity,,,256,5,"[(6, 7), (10, 11)]",[],[],{},identity,identity,2,0.7451,0.2833,0.4618,250,0.0019,14178816,16.666666666666668
5,imagenet-1k,imagenet-1k,facebook/dinov2-base,Adam,0.01,Linear,identity,,,256,5,"[(6, 7), (10, 11)]",[],[],{},identity,identity,2,0.7419,0.2866,0.4553,250,0.0019,14178816,16.666666666666668
1,imagenet-1k,imagenet-1k,facebook/dinov2-base,Adam,0.01,Linear,identity,,,256,5,"[(0, 1), (5, 6)]",[],[],{},identity,identity,2,0.7463,0.1653,0.581,250,0.0019,14178816,16.666666666666668
2,imagenet-1k,imagenet-1k,facebook/dinov2-base,Adam,0.01,Linear,identity,,,256,5,"[(0, 1), (5, 6)]",[],[],{},identity,identity,2,0.7375,0.1753,0.5622,250,0.0019,14178816,16.666666666666668
3,imagenet-1k,imagenet-1k,facebook/dinov2-base,Adam,0.01,Linear,identity,,,256,5,"[(0, 1), (5, 6)]",[],[],{},identity,identity,2,0.7445,0.1718,0.5727,250,0.0019,14178816,16.666666666666668
4,imagenet-1k,imagenet-1k,facebook/dinov2-base,Adam,0.01,Linear,identity,,,256,5,"[(0, 1), (5, 6)]",[],[],{},identity,identity,2,0.7451,0.1617,0.5833999999999999,250,0.0019,14178816,16.666666666666668
5,imagenet-1k,imagenet-1k,facebook/dinov2-base,Adam,0.01,Linear,identity,,,256,5,"[(0, 1), (5, 6)]",[],[],{},identity,identity,2,0.7419,0.1709,0.571,250,0.0019,14178816,16.666666666666668
1,imagenet-1k,imagenet-1k,facebook/dinov2-base,Adam,0.01,Linear,identity,,,256,5,"[(1, 2), (6, 7)]",[],[],{},identity,identity,2,0.7463,0.0993,0.647,250,0.0019,14178816,16.666666666666668
2,imagenet-1k,imagenet-1k,facebook/dinov2-base,Adam,0.01,Linear,identity,,,256,5,"[(1, 2), (6, 7)]",[],[],{},identity,identity,2,0.7375,0.1006,0.6369,250,0.0019,14178816,16.666666666666668
3,imagenet-1k,imagenet-1k,facebook/dinov2-base,Adam,0.01,Linear,identity,,,256,5,"[(1, 2), (6, 7)]",[],[],{},identity,identity,2,0.7445,0.0989,0.6456000000000001,250,0.0019,14178816,16.666666666666668
4,imagenet-1k,imagenet-1k,facebook/dinov2-base,Adam,0.01,Linear,identity,,,256,5,"[(1, 2), (6, 7)]",[],[],{},identity,identity,2,0.7451,0.0955,0.6496,250,0.0019,14178816,16.666666666666668
5,imagenet-1k,imagenet-1k,facebook/dinov2-base,Adam,0.01,Linear,identity,,,256,5,"[(1, 2), (6, 7)]",[],[],{},identity,identity,2,0.7419,0.0974,0.6445,250,0.0019,14178816,16.666666666666668
1,imagenet-1k,imagenet-1k,facebook/dinov2-base,Adam,0.01,Linear,identity,,,256,5,"[(2, 3), (7, 8)]",[],[],{},identity,identity,2,0.7463,0.1687,0.5776,250,0.0019,14178816,16.666666666666668
2,imagenet-1k,imagenet-1k,facebook/dinov2-base,Adam,0.01,Linear,identity,,,256,5,"[(2, 3), (7, 8)]",[],[],{},identity,identity,2,0.7375,0.1781,0.5594,250,0.0019,14178816,16.666666666666668
3,imagenet-1k,imagenet-1k,facebook/dinov2-base,Adam,0.01,Linear,identity,,,256,5,"[(2, 3), (7, 8)]",[],[],{},identity,identity,2,0.7445,0.1668,0.5777000000000001,250,0.0019,14178816,16.666666666666668
4,imagenet-1k,imagenet-1k,facebook/dinov2-base,Adam,0.01,Linear,identity,,,256,5,"[(2, 3), (7, 8)]",[],[],{},identity,identity,2,0.7451,0.1754,0.5697,250,0.0019,14178816,16.666666666666668
5,imagenet-1k,imagenet-1k,facebook/dinov2-base,Adam,0.01,Linear,identity,,,256,5,"[(2, 3), (7, 8)]",[],[],{},identity,identity,2,0.7419,0.1725,0.5694,250,0.0019,14178816,16.666666666666668
1,imagenet-1k,imagenet-1k,facebook/dinov2-base,Adam,0.01,Linear,identity,,,256,5,"[(3, 4), (8, 9)]",[],[],{},identity,identity,2,0.7463,0.3289,0.4173999999999999,250,0.0019,14178816,16.666666666666668
2,imagenet-1k,imagenet-1k,facebook/dinov2-base,Adam,0.01,Linear,identity,,,256,5,"[(3, 4), (8, 9)]",[],[],{},identity,identity,2,0.7375,0.3302,0.4073,250,0.0019,14178816,16.666666666666668
3,imagenet-1k,imagenet-1k,facebook/dinov2-base,Adam,0.01,Linear,identity,,,256,5,"[(3, 4), (8, 9)]",[],[],{},identity,identity,2,0.7445,0.3246,0.4199,250,0.0019,14178816,16.666666666666668
4,imagenet-1k,imagenet-1k,facebook/dinov2-base,Adam,0.01,Linear,identity,,,256,5,"[(3, 4), (8, 9)]",[],[],{},identity,identity,2,0.7451,0.3241,0.421,250,0.0019,14178816,16.666666666666668
5,imagenet-1k,imagenet-1k,facebook/dinov2-base,Adam,0.01,Linear,identity,,,256,5,"[(3, 4), (8, 9)]",[],[],{},identity,identity,2,0.7419,0.3178,0.4241,250,0.0019,14178816,16.666666666666668
1,imagenet-1k,imagenet-1k,facebook/dinov2-base,Adam,0.01,Linear,identity,,,256,5,"[(4, 5), (9, 10)]",[],[],{},identity,identity,2,0.7463,0.3441,0.4021999999999999,250,0.0019,14178816,16.666666666666668
2,imagenet-1k,imagenet-1k,facebook/dinov2-base,Adam,0.01,Linear,identity,,,256,5,"[(4, 5), (9, 10)]",[],[],{},identity,identity,2,0.7375,0.3502,0.3873,250,0.0019,14178816,16.666666666666668
3,imagenet-1k,imagenet-1k,facebook/dinov2-base,Adam,0.01,Linear,identity,,,256,5,"[(4, 5), (9, 10)]",[],[],{},identity,identity,2,0.7445,0.3419,0.4026,250,0.0019,14178816,16.666666666666668
4,imagenet-1k,imagenet-1k,facebook/dinov2-base,Adam,0.01,Linear,identity,,,256,5,"[(4, 5), (9, 10)]",[],[],{},identity,identity,2,0.7451,0.341,0.4040999999999999,250,0.0019,14178816,16.666666666666668
5,imagenet-1k,imagenet-1k,facebook/dinov2-base,Adam,0.01,Linear,identity,,,256,5,"[(4, 5), (9, 10)]",[],[],{},identity,identity,2,0.7419,0.3433,0.3986,250,0.0019,14178816,16.666666666666668
1,imagenet-1k,imagenet-1k,facebook/dinov2-base,Adam,0.01,Linear,identity,,,256,5,"[(5, 6), (10, 11)]",[],[],{},identity,identity,2,0.7463,0.2677,0.4785999999999999,250,0.0019,14178816,16.666666666666668
2,imagenet-1k,imagenet-1k,facebook/dinov2-base,Adam,0.01,Linear,identity,,,256,5,"[(5, 6), (10, 11)]",[],[],{},identity,identity,2,0.7375,0.2774,0.4601,250,0.0019,14178816,16.666666666666668
3,imagenet-1k,imagenet-1k,facebook/dinov2-base,Adam,0.01,Linear,identity,,,256,5,"[(5, 6), (10, 11)]",[],[],{},identity,identity,2,0.7445,0.2768,0.4677,250,0.0019,14178816,16.666666666666668
4,imagenet-1k,imagenet-1k,facebook/dinov2-base,Adam,0.01,Linear,identity,,,256,5,"[(5, 6), (10, 11)]",[],[],{},identity,identity,2,0.7451,0.2639,0.4811999999999999,250,0.0019,14178816,16.666666666666668
5,imagenet-1k,imagenet-1k,facebook/dinov2-base,Adam,0.01,Linear,identity,,,256,5,"[(5, 6), (10, 11)]",[],[],{},identity,identity,2,0.7419,0.2804,0.4615,250,0.0019,14178816,16.666666666666668
1,imagenet-1k,imagenet-1k,facebook/dinov2-base,Adam,0.01,Linear,identity,,,256,5,"[(0, 1), (6, 7)]",[],[],{},identity,identity,2,0.7463,0.2457,0.5005999999999999,250,0.0019,14178816,16.666666666666668
2,imagenet-1k,imagenet-1k,facebook/dinov2-base,Adam,0.01,Linear,identity,,,256,5,"[(0, 1), (6, 7)]",[],[],{},identity,identity,2,0.7375,0.2498,0.4877,250,0.0019,14178816,16.666666666666668
3,imagenet-1k,imagenet-1k,facebook/dinov2-base,Adam,0.01,Linear,identity,,,256,5,"[(0, 1), (6, 7)]",[],[],{},identity,identity,2,0.7445,0.2501,0.4944,250,0.0019,14178816,16.666666666666668
4,imagenet-1k,imagenet-1k,facebook/dinov2-base,Adam,0.01,Linear,identity,,,256,5,"[(0, 1), (6, 7)]",[],[],{},identity,identity,2,0.7451,0.2491,0.496,250,0.0019,14178816,16.666666666666668
5,imagenet-1k,imagenet-1k,facebook/dinov2-base,Adam,0.01,Linear,identity,,,256,5,"[(0, 1), (6, 7)]",[],[],{},identity,identity,2,0.7419,0.2429,0.499,250,0.0019,14178816,16.666666666666668
1,imagenet-1k,imagenet-1k,facebook/dinov2-base,Adam,0.01,Linear,identity,,,256,5,"[(1, 2), (7, 8)]",[],[],{},identity,identity,2,0.7463,0.1653,0.581,250,0.0019,14178816,16.666666666666668
2,imagenet-1k,imagenet-1k,facebook/dinov2-base,Adam,0.01,Linear,identity,,,256,5,"[(1, 2), (7, 8)]",[],[],{},identity,identity,2,0.7375,0.1747,0.5628000000000001,250,0.0019,14178816,16.666666666666668
3,imagenet-1k,imagenet-1k,facebook/dinov2-base,Adam,0.01,Linear,identity,,,256,5,"[(1, 2), (7, 8)]",[],[],{},identity,identity,2,0.7445,0.1636,0.5809000000000001,250,0.0019,14178816,16.666666666666668
4,imagenet-1k,imagenet-1k,facebook/dinov2-base,Adam,0.01,Linear,identity,,,256,5,"[(1, 2), (7, 8)]",[],[],{},identity,identity,2,0.7451,0.1664,0.5787,250,0.0019,14178816,16.666666666666668
5,imagenet-1k,imagenet-1k,facebook/dinov2-base,Adam,0.01,Linear,identity,,,256,5,"[(1, 2), (7, 8)]",[],[],{},identity,identity,2,0.7419,0.1709,0.571,250,0.0019,14178816,16.666666666666668
1,imagenet-1k,imagenet-1k,facebook/dinov2-base,Adam,0.01,Linear,identity,,,256,5,"[(2, 3), (8, 9)]",[],[],{},identity,identity,2,0.7463,0.2501,0.4962,250,0.0019,14178816,16.666666666666668
2,imagenet-1k,imagenet-1k,facebook/dinov2-base,Adam,0.01,Linear,identity,,,256,5,"[(2, 3), (8, 9)]",[],[],{},identity,identity,2,0.7375,0.2512,0.4863,250,0.0019,14178816,16.666666666666668
3,imagenet-1k,imagenet-1k,facebook/dinov2-base,Adam,0.01,Linear,identity,,,256,5,"[(2, 3), (8, 9)]",[],[],{},identity,identity,2,0.7445,0.243,0.5015000000000001,250,0.0019,14178816,16.666666666666668
4,imagenet-1k,imagenet-1k,facebook/dinov2-base,Adam,0.01,Linear,identity,,,256,5,"[(2, 3), (8, 9)]",[],[],{},identity,identity,2,0.7451,0.2534,0.4916999999999999,250,0.0019,14178816,16.666666666666668
5,imagenet-1k,imagenet-1k,facebook/dinov2-base,Adam,0.01,Linear,identity,,,256,5,"[(2, 3), (8, 9)]",[],[],{},identity,identity,2,0.7419,0.2429,0.499,250,0.0019,14178816,16.666666666666668
1,imagenet-1k,imagenet-1k,facebook/dinov2-base,Adam,0.01,Linear,identity,,,256,5,"[(3, 4), (9, 10)]",[],[],{},identity,identity,2,0.7463,0.4314,0.3148999999999999,250,0.0019,14178816,16.666666666666668
2,imagenet-1k,imagenet-1k,facebook/dinov2-base,Adam,0.01,Linear,identity,,,256,5,"[(3, 4), (9, 10)]",[],[],{},identity,identity,2,0.7375,0.4336,0.3039,250,0.0019,14178816,16.666666666666668
3,imagenet-1k,imagenet-1k,facebook/dinov2-base,Adam,0.01,Linear,identity,,,256,5,"[(3, 4), (9, 10)]",[],[],{},identity,identity,2,0.7445,0.4254,0.3191,250,0.0019,14178816,16.666666666666668
4,imagenet-1k,imagenet-1k,facebook/dinov2-base,Adam,0.01,Linear,identity,,,256,5,"[(3, 4), (9, 10)]",[],[],{},identity,identity,2,0.7451,0.4342,0.3109,250,0.0019,14178816,16.666666666666668
5,imagenet-1k,imagenet-1k,facebook/dinov2-base,Adam,0.01,Linear,identity,,,256,5,"[(3, 4), (9, 10)]",[],[],{},identity,identity,2,0.7419,0.4288,0.3131,250,0.0019,14178816,16.666666666666668
1,imagenet-1k,imagenet-1k,facebook/dinov2-base,Adam,0.01,Linear,identity,,,256,5,"[(4, 5), (10, 11)]",[],[],{},identity,identity,2,0.7463,0.3904,0.3558999999999999,250,0.0019,14178816,16.666666666666668
2,imagenet-1k,imagenet-1k,facebook/dinov2-base,Adam,0.01,Linear,identity,,,256,5,"[(4, 5), (10, 11)]",[],[],{},identity,identity,2,0.7375,0.3917,0.3458,250,0.0019,14178816,16.666666666666668
3,imagenet-1k,imagenet-1k,facebook/dinov2-base,Adam,0.01,Linear,identity,,,256,5,"[(4, 5), (10, 11)]",[],[],{},identity,identity,2,0.7445,0.4005,0.344,250,0.0019,14178816,16.666666666666668
4,imagenet-1k,imagenet-1k,facebook/dinov2-base,Adam,0.01,Linear,identity,,,256,5,"[(4, 5), (10, 11)]",[],[],{},identity,identity,2,0.7451,0.3957,0.3494,250,0.0019,14178816,16.666666666666668
5,imagenet-1k,imagenet-1k,facebook/dinov2-base,Adam,0.01,Linear,identity,,,256,5,"[(4, 5), (10, 11)]",[],[],{},identity,identity,2,0.7419,0.3903,0.3516,250,0.0019,14178816,16.666666666666668
1,imagenet-1k,imagenet-1k,facebook/dinov2-base,Adam,0.01,Linear,identity,,,256,5,"[(0, 1), (7, 8)]",[],[],{},identity,identity,2,0.7463,0.2406,0.5056999999999999,250,0.0019,14178816,16.666666666666668
2,imagenet-1k,imagenet-1k,facebook/dinov2-base,Adam,0.01,Linear,identity,,,256,5,"[(0, 1), (7, 8)]",[],[],{},identity,identity,2,0.7375,0.2489,0.4886,250,0.0019,14178816,16.666666666666668
3,imagenet-1k,imagenet-1k,facebook/dinov2-base,Adam,0.01,Linear,identity,,,256,5,"[(0, 1), (7, 8)]",[],[],{},identity,identity,2,0.7445,0.2462,0.4983000000000001,250,0.0019,14178816,16.666666666666668
4,imagenet-1k,imagenet-1k,facebook/dinov2-base,Adam,0.01,Linear,identity,,,256,5,"[(0, 1), (7, 8)]",[],[],{},identity,identity,2,0.7451,0.2429,0.5022,250,0.0019,14178816,16.666666666666668
5,imagenet-1k,imagenet-1k,facebook/dinov2-base,Adam,0.01,Linear,identity,,,256,5,"[(0, 1), (7, 8)]",[],[],{},identity,identity,2,0.7419,0.235,0.5069,250,0.0019,14178816,16.666666666666668
1,imagenet-1k,imagenet-1k,facebook/dinov2-base,Adam,0.01,Linear,identity,,,256,5,"[(1, 2), (8, 9)]",[],[],{},identity,identity,2,0.7463,0.2937,0.4525999999999999,250,0.0019,14178816,16.666666666666668
2,imagenet-1k,imagenet-1k,facebook/dinov2-base,Adam,0.01,Linear,identity,,,256,5,"[(1, 2), (8, 9)]",[],[],{},identity,identity,2,0.7375,0.3062,0.4313,250,0.0019,14178816,16.666666666666668
3,imagenet-1k,imagenet-1k,facebook/dinov2-base,Adam,0.01,Linear,identity,,,256,5,"[(1, 2), (8, 9)]",[],[],{},identity,identity,2,0.7445,0.3079,0.4366,250,0.0019,14178816,16.666666666666668
4,imagenet-1k,imagenet-1k,facebook/dinov2-base,Adam,0.01,Linear,identity,,,256,5,"[(1, 2), (8, 9)]",[],[],{},identity,identity,2,0.7451,0.3031,0.442,250,0.0019,14178816,16.666666666666668
5,imagenet-1k,imagenet-1k,facebook/dinov2-base,Adam,0.01,Linear,identity,,,256,5,"[(1, 2), (8, 9)]",[],[],{},identity,identity,2,0.7419,0.3057,0.4362,250,0.0019,14178816,16.666666666666668
1,imagenet-1k,imagenet-1k,facebook/dinov2-base,Adam,0.01,Linear,identity,,,256,5,"[(2, 3), (9, 10)]",[],[],{},identity,identity,2,0.7463,0.3396,0.4066999999999999,250,0.0019,14178816,16.666666666666668
2,imagenet-1k,imagenet-1k,facebook/dinov2-base,Adam,0.01,Linear,identity,,,256,5,"[(2, 3), (9, 10)]",[],[],{},identity,identity,2,0.7375,0.3428,0.3947,250,0.0019,14178816,16.666666666666668
3,imagenet-1k,imagenet-1k,facebook/dinov2-base,Adam,0.01,Linear,identity,,,256,5,"[(2, 3), (9, 10)]",[],[],{},identity,identity,2,0.7445,0.3358,0.4087,250,0.0019,14178816,16.666666666666668
4,imagenet-1k,imagenet-1k,facebook/dinov2-base,Adam,0.01,Linear,identity,,,256,5,"[(2, 3), (9, 10)]",[],[],{},identity,identity,2,0.7451,0.3397,0.4054,250,0.0019,14178816,16.666666666666668
5,imagenet-1k,imagenet-1k,facebook/dinov2-base,Adam,0.01,Linear,identity,,,256,5,"[(2, 3), (9, 10)]",[],[],{},identity,identity,2,0.7419,0.348,0.3939,250,0.0019,14178816,16.666666666666668
1,imagenet-1k,imagenet-1k,facebook/dinov2-base,Adam,0.01,Linear,identity,,,256,5,"[(3, 4), (10, 11)]",[],[],{},identity,identity,2,0.7463,0.4964,0.2498999999999999,250,0.0019,14178816,16.666666666666668
2,imagenet-1k,imagenet-1k,facebook/dinov2-base,Adam,0.01,Linear,identity,,,256,5,"[(3, 4), (10, 11)]",[],[],{},identity,identity,2,0.7375,0.4922,0.2453,250,0.0019,14178816,16.666666666666668
3,imagenet-1k,imagenet-1k,facebook/dinov2-base,Adam,0.01,Linear,identity,,,256,5,"[(3, 4), (10, 11)]",[],[],{},identity,identity,2,0.7445,0.488,0.2565,250,0.0019,14178816,16.666666666666668
4,imagenet-1k,imagenet-1k,facebook/dinov2-base,Adam,0.01,Linear,identity,,,256,5,"[(3, 4), (10, 11)]",[],[],{},identity,identity,2,0.7451,0.4882,0.2568999999999999,250,0.0019,14178816,16.666666666666668
5,imagenet-1k,imagenet-1k,facebook/dinov2-base,Adam,0.01,Linear,identity,,,256,5,"[(3, 4), (10, 11)]",[],[],{},identity,identity,2,0.7419,0.4991,0.2428,250,0.0019,14178816,16.666666666666668
1,imagenet-1k,imagenet-1k,facebook/dinov2-base,Adam,0.01,Linear,identity,,,256,5,"[(0, 1), (8, 9)]",[],[],{},identity,identity,2,0.7463,0.3719,0.3743999999999999,250,0.0019,14178816,16.666666666666668
2,imagenet-1k,imagenet-1k,facebook/dinov2-base,Adam,0.01,Linear,identity,,,256,5,"[(0, 1), (8, 9)]",[],[],{},identity,identity,2,0.7375,0.3926,0.3449,250,0.0019,14178816,16.666666666666668
3,imagenet-1k,imagenet-1k,facebook/dinov2-base,Adam,0.01,Linear,identity,,,256,5,"[(0, 1), (8, 9)]",[],[],{},identity,identity,2,0.7445,0.3775,0.367,250,0.0019,14178816,16.666666666666668
4,imagenet-1k,imagenet-1k,facebook/dinov2-base,Adam,0.01,Linear,identity,,,256,5,"[(0, 1), (8, 9)]",[],[],{},identity,identity,2,0.7451,0.3798,0.3652999999999999,250,0.0019,14178816,16.666666666666668
5,imagenet-1k,imagenet-1k,facebook/dinov2-base,Adam,0.01,Linear,identity,,,256,5,"[(0, 1), (8, 9)]",[],[],{},identity,identity,2,0.7419,0.3811,0.3608,250,0.0019,14178816,16.666666666666668
1,imagenet-1k,imagenet-1k,facebook/dinov2-base,Adam,0.01,Linear,identity,,,256,5,"[(1, 2), (9, 10)]",[],[],{},identity,identity,2,0.7463,0.3811,0.3651999999999999,250,0.0019,14178816,16.666666666666668
2,imagenet-1k,imagenet-1k,facebook/dinov2-base,Adam,0.01,Linear,identity,,,256,5,"[(1, 2), (9, 10)]",[],[],{},identity,identity,2,0.7375,0.381,0.3565,250,0.0019,14178816,16.666666666666668
3,imagenet-1k,imagenet-1k,facebook/dinov2-base,Adam,0.01,Linear,identity,,,256,5,"[(1, 2), (9, 10)]",[],[],{},identity,identity,2,0.7445,0.3815,0.363,250,0.0019,14178816,16.666666666666668
4,imagenet-1k,imagenet-1k,facebook/dinov2-base,Adam,0.01,Linear,identity,,,256,5,"[(1, 2), (9, 10)]",[],[],{},identity,identity,2,0.7451,0.3918,0.3533,250,0.0019,14178816,16.666666666666668
5,imagenet-1k,imagenet-1k,facebook/dinov2-base,Adam,0.01,Linear,identity,,,256,5,"[(1, 2), (9, 10)]",[],[],{},identity,identity,2,0.7419,0.3766,0.3653,250,0.0019,14178816,16.666666666666668
1,imagenet-1k,imagenet-1k,facebook/dinov2-base,Adam,0.01,Linear,identity,,,256,5,"[(2, 3), (10, 11)]",[],[],{},identity,identity,2,0.7463,0.3829,0.3633999999999999,250,0.0019,14178816,16.666666666666668
2,imagenet-1k,imagenet-1k,facebook/dinov2-base,Adam,0.01,Linear,identity,,,256,5,"[(2, 3), (10, 11)]",[],[],{},identity,identity,2,0.7375,0.3931,0.3444,250,0.0019,14178816,16.666666666666668
3,imagenet-1k,imagenet-1k,facebook/dinov2-base,Adam,0.01,Linear,identity,,,256,5,"[(2, 3), (10, 11)]",[],[],{},identity,identity,2,0.7445,0.3899,0.3546,250,0.0019,14178816,16.666666666666668
4,imagenet-1k,imagenet-1k,facebook/dinov2-base,Adam,0.01,Linear,identity,,,256,5,"[(2, 3), (10, 11)]",[],[],{},identity,identity,2,0.7451,0.3928,0.3523,250,0.0019,14178816,16.666666666666668
5,imagenet-1k,imagenet-1k,facebook/dinov2-base,Adam,0.01,Linear,identity,,,256,5,"[(2, 3), (10, 11)]",[],[],{},identity,identity,2,0.7419,0.3805,0.3614,250,0.0019,14178816,16.666666666666668
1,imagenet-1k,imagenet-1k,facebook/dinov2-base,Adam,0.01,Linear,identity,,,256,5,"[(0, 1), (9, 10)]",[],[],{},identity,identity,2,0.7463,0.4588,0.2875,250,0.0019,14178816,16.666666666666668
2,imagenet-1k,imagenet-1k,facebook/dinov2-base,Adam,0.01,Linear,identity,,,256,5,"[(0, 1), (9, 10)]",[],[],{},identity,identity,2,0.7375,0.4527,0.2848,250,0.0019,14178816,16.666666666666668
3,imagenet-1k,imagenet-1k,facebook/dinov2-base,Adam,0.01,Linear,identity,,,256,5,"[(0, 1), (9, 10)]",[],[],{},identity,identity,2,0.7445,0.4596,0.2849,250,0.0019,14178816,16.666666666666668
4,imagenet-1k,imagenet-1k,facebook/dinov2-base,Adam,0.01,Linear,identity,,,256,5,"[(0, 1), (9, 10)]",[],[],{},identity,identity,2,0.7451,0.4555,0.2895999999999999,250,0.0019,14178816,16.666666666666668
5,imagenet-1k,imagenet-1k,facebook/dinov2-base,Adam,0.01,Linear,identity,,,256,5,"[(0, 1), (9, 10)]",[],[],{},identity,identity,2,0.7419,0.4598,0.2821,250,0.0019,14178816,16.666666666666668
1,imagenet-1k,imagenet-1k,facebook/dinov2-base,Adam,0.01,Linear,identity,,,256,5,"[(1, 2), (10, 11)]",[],[],{},identity,identity,2,0.7463,0.4187,0.3275999999999999,250,0.0019,14178816,16.666666666666668
2,imagenet-1k,imagenet-1k,facebook/dinov2-base,Adam,0.01,Linear,identity,,,256,5,"[(1, 2), (10, 11)]",[],[],{},identity,identity,2,0.7375,0.4302,0.3073,250,0.0019,14178816,16.666666666666668
3,imagenet-1k,imagenet-1k,facebook/dinov2-base,Adam,0.01,Linear,identity,,,256,5,"[(1, 2), (10, 11)]",[],[],{},identity,identity,2,0.7445,0.4307,0.3138,250,0.0019,14178816,16.666666666666668
4,imagenet-1k,imagenet-1k,facebook/dinov2-base,Adam,0.01,Linear,identity,,,256,5,"[(1, 2), (10, 11)]",[],[],{},identity,identity,2,0.7451,0.428,0.3171,250,0.0019,14178816,16.666666666666668
5,imagenet-1k,imagenet-1k,facebook/dinov2-base,Adam,0.01,Linear,identity,,,256,5,"[(1, 2), (10, 11)]",[],[],{},identity,identity,2,0.7419,0.4345,0.3074,250,0.0019,14178816,16.666666666666668
1,imagenet-1k,imagenet-1k,facebook/dinov2-base,Adam,0.01,Linear,identity,,,256,5,"[(0, 1), (10, 11)]",[],[],{},identity,identity,2,0.7463,0.4913,0.2549999999999999,250,0.0019,14178816,16.666666666666668
2,imagenet-1k,imagenet-1k,facebook/dinov2-base,Adam,0.01,Linear,identity,,,256,5,"[(0, 1), (10, 11)]",[],[],{},identity,identity,2,0.7375,0.4845,0.253,250,0.0019,14178816,16.666666666666668
3,imagenet-1k,imagenet-1k,facebook/dinov2-base,Adam,0.01,Linear,identity,,,256,5,"[(0, 1), (10, 11)]",[],[],{},identity,identity,2,0.7445,0.4772,0.2673,250,0.0019,14178816,16.666666666666668
4,imagenet-1k,imagenet-1k,facebook/dinov2-base,Adam,0.01,Linear,identity,,,256,5,"[(0, 1), (10, 11)]",[],[],{},identity,identity,2,0.7451,0.4794,0.2657,250,0.0019,14178816,16.666666666666668
5,imagenet-1k,imagenet-1k,facebook/dinov2-base,Adam,0.01,Linear,identity,,,256,5,"[(0, 1), (10, 11)]",[],[],{},identity,identity,2,0.7419,0.4857,0.2562,250,0.0019,14178816,16.666666666666668
1,imagenet-1k,imagenet-1k,facebook/dinov2-base,Adam,0.01,Linear,linear,,,256,5,[],[],[],{},identity,identity,0,0.7463,0.7463,0.0,250,0.0019,0,0.0
2,imagenet-1k,imagenet-1k,facebook/dinov2-base,Adam,0.01,Linear,linear,,,256,5,[],[],[],{},identity,identity,0,0.7375,0.7375,0.0,250,0.0019,0,0.0
3,imagenet-1k,imagenet-1k,facebook/dinov2-base,Adam,0.01,Linear,linear,,,256,5,[],[],[],{},identity,identity,0,0.7445,0.7445,0.0,250,0.0019,0,0.0
4,imagenet-1k,imagenet-1k,facebook/dinov2-base,Adam,0.01,Linear,linear,,,256,5,[],[],[],{},identity,identity,0,0.7451,0.7451,0.0,250,0.0019,0,0.0
5,imagenet-1k,imagenet-1k,facebook/dinov2-base,Adam,0.01,Linear,linear,,,256,5,[],[],[],{},identity,identity,0,0.7419,0.7419,0.0,250,0.0019,0,0.0
1,imagenet-1k,imagenet-1k,facebook/dinov2-base,Adam,0.01,Linear,linear,,,256,5,"[(0, 1)]",[],[],{},identity,identity,1,0.7463,0.7391,0.0071999999999999,250,0.0019,6498816,7.639114577691113
2,imagenet-1k,imagenet-1k,facebook/dinov2-base,Adam,0.01,Linear,linear,,,256,5,"[(0, 1)]",[],[],{},identity,identity,1,0.7375,0.7367,0.0008,250,0.0019,6498816,7.639114577691113
3,imagenet-1k,imagenet-1k,facebook/dinov2-base,Adam,0.01,Linear,linear,,,256,5,"[(0, 1)]",[],[],{},identity,identity,1,0.7445,0.7438,0.0007,250,0.0019,6498816,7.639114577691113
4,imagenet-1k,imagenet-1k,facebook/dinov2-base,Adam,0.01,Linear,linear,,,256,5,"[(0, 1)]",[],[],{},identity,identity,1,0.7451,0.7358,0.0092999999999999,250,0.0019,6498816,7.639114577691113
5,imagenet-1k,imagenet-1k,facebook/dinov2-base,Adam,0.01,Linear,linear,,,256,5,"[(0, 1)]",[],[],{},identity,identity,1,0.7419,0.7345,0.0073999999999999,250,0.0019,6498816,7.639114577691113
1,imagenet-1k,imagenet-1k,facebook/dinov2-base,Adam,0.01,Linear,linear,,,256,5,"[(1, 2)]",[],[],{},identity,identity,1,0.7463,0.7243,0.0219999999999999,250,0.0019,6498816,7.639114577691113
2,imagenet-1k,imagenet-1k,facebook/dinov2-base,Adam,0.01,Linear,linear,,,256,5,"[(1, 2)]",[],[],{},identity,identity,1,0.7375,0.7248,0.0127,250,0.0019,6498816,7.639114577691113
3,imagenet-1k,imagenet-1k,facebook/dinov2-base,Adam,0.01,Linear,linear,,,256,5,"[(1, 2)]",[],[],{},identity,identity,1,0.7445,0.7252,0.0193,250,0.0019,6498816,7.639114577691113
4,imagenet-1k,imagenet-1k,facebook/dinov2-base,Adam,0.01,Linear,linear,,,256,5,"[(1, 2)]",[],[],{},identity,identity,1,0.7451,0.7194,0.0256999999999999,250,0.0019,6498816,7.639114577691113
5,imagenet-1k,imagenet-1k,facebook/dinov2-base,Adam,0.01,Linear,linear,,,256,5,"[(1, 2)]",[],[],{},identity,identity,1,0.7419,0.7265,0.0153999999999999,250,0.0019,6498816,7.639114577691113
1,imagenet-1k,imagenet-1k,facebook/dinov2-base,Adam,0.01,Linear,linear,,,256,5,"[(2, 3)]",[],[],{},identity,identity,1,0.7463,0.7362,0.0100999999999999,250,0.0019,6498816,7.639114577691113
2,imagenet-1k,imagenet-1k,facebook/dinov2-base,Adam,0.01,Linear,linear,,,256,5,"[(2, 3)]",[],[],{},identity,identity,1,0.7375,0.7344,0.0030999999999999,250,0.0019,6498816,7.639114577691113
3,imagenet-1k,imagenet-1k,facebook/dinov2-base,Adam,0.01,Linear,linear,,,256,5,"[(2, 3)]",[],[],{},identity,identity,1,0.7445,0.7307,0.0138,250,0.0019,6498816,7.639114577691113
4,imagenet-1k,imagenet-1k,facebook/dinov2-base,Adam,0.01,Linear,linear,,,256,5,"[(2, 3)]",[],[],{},identity,identity,1,0.7451,0.7384,0.0067,250,0.0019,6498816,7.639114577691113
5,imagenet-1k,imagenet-1k,facebook/dinov2-base,Adam,0.01,Linear,linear,,,256,5,"[(2, 3)]",[],[],{},identity,identity,1,0.7419,0.7269,0.015,250,0.0019,6498816,7.639114577691113
1,imagenet-1k,imagenet-1k,facebook/dinov2-base,Adam,0.01,Linear,linear,,,256,5,"[(3, 4)]",[],[],{},identity,identity,1,0.7463,0.7321,0.0141999999999999,250,0.0019,6498816,7.639114577691113
2,imagenet-1k,imagenet-1k,facebook/dinov2-base,Adam,0.01,Linear,linear,,,256,5,"[(3, 4)]",[],[],{},identity,identity,1,0.7375,0.7269,0.0106,250,0.0019,6498816,7.639114577691113
3,imagenet-1k,imagenet-1k,facebook/dinov2-base,Adam,0.01,Linear,linear,,,256,5,"[(3, 4)]",[],[],{},identity,identity,1,0.7445,0.7282,0.0163,250,0.0019,6498816,7.639114577691113
4,imagenet-1k,imagenet-1k,facebook/dinov2-base,Adam,0.01,Linear,linear,,,256,5,"[(3, 4)]",[],[],{},identity,identity,1,0.7451,0.7289,0.0161999999999999,250,0.0019,6498816,7.639114577691113
5,imagenet-1k,imagenet-1k,facebook/dinov2-base,Adam,0.01,Linear,linear,,,256,5,"[(3, 4)]",[],[],{},identity,identity,1,0.7419,0.731,0.0109,250,0.0019,6498816,7.639114577691113
1,imagenet-1k,imagenet-1k,facebook/dinov2-base,Adam,0.01,Linear,linear,,,256,5,"[(4, 5)]",[],[],{},identity,identity,1,0.7463,0.7312,0.0151,250,0.0019,6498816,7.639114577691113
2,imagenet-1k,imagenet-1k,facebook/dinov2-base,Adam,0.01,Linear,linear,,,256,5,"[(4, 5)]",[],[],{},identity,identity,1,0.7375,0.7236,0.0139,250,0.0019,6498816,7.639114577691113
3,imagenet-1k,imagenet-1k,facebook/dinov2-base,Adam,0.01,Linear,linear,,,256,5,"[(4, 5)]",[],[],{},identity,identity,1,0.7445,0.7347,0.0098,250,0.0019,6498816,7.639114577691113
4,imagenet-1k,imagenet-1k,facebook/dinov2-base,Adam,0.01,Linear,linear,,,256,5,"[(4, 5)]",[],[],{},identity,identity,1,0.7451,0.7368,0.0082999999999999,250,0.0019,6498816,7.639114577691113
5,imagenet-1k,imagenet-1k,facebook/dinov2-base,Adam,0.01,Linear,linear,,,256,5,"[(4, 5)]",[],[],{},identity,identity,1,0.7419,0.7254,0.0164999999999999,250,0.0019,6498816,7.639114577691113
1,imagenet-1k,imagenet-1k,facebook/dinov2-base,Adam,0.01,Linear,linear,,,256,5,"[(5, 6)]",[],[],{},identity,identity,1,0.7463,0.7377,0.0085999999999999,250,0.0019,6498816,7.639114577691113
2,imagenet-1k,imagenet-1k,facebook/dinov2-base,Adam,0.01,Linear,linear,,,256,5,"[(5, 6)]",[],[],{},identity,identity,1,0.7375,0.7302,0.0073,250,0.0019,6498816,7.639114577691113
3,imagenet-1k,imagenet-1k,facebook/dinov2-base,Adam,0.01,Linear,linear,,,256,5,"[(5, 6)]",[],[],{},identity,identity,1,0.7445,0.7316,0.0129,250,0.0019,6498816,7.639114577691113
4,imagenet-1k,imagenet-1k,facebook/dinov2-base,Adam,0.01,Linear,linear,,,256,5,"[(5, 6)]",[],[],{},identity,identity,1,0.7451,0.726,0.0191,250,0.0019,6498816,7.639114577691113
5,imagenet-1k,imagenet-1k,facebook/dinov2-base,Adam,0.01,Linear,linear,,,256,5,"[(5, 6)]",[],[],{},identity,identity,1,0.7419,0.7313,0.0106,250,0.0019,6498816,7.639114577691113
1,imagenet-1k,imagenet-1k,facebook/dinov2-base,Adam,0.01,Linear,linear,,,256,5,"[(6, 7)]",[],[],{},identity,identity,1,0.7463,0.7284,0.0178999999999999,250,0.0019,6498816,7.639114577691113
2,imagenet-1k,imagenet-1k,facebook/dinov2-base,Adam,0.01,Linear,linear,,,256,5,"[(6, 7)]",[],[],{},identity,identity,1,0.7375,0.7233,0.0141999999999999,250,0.0019,6498816,7.639114577691113
3,imagenet-1k,imagenet-1k,facebook/dinov2-base,Adam,0.01,Linear,linear,,,256,5,"[(6, 7)]",[],[],{},identity,identity,1,0.7445,0.7257,0.0188,250,0.0019,6498816,7.639114577691113
4,imagenet-1k,imagenet-1k,facebook/dinov2-base,Adam,0.01,Linear,linear,,,256,5,"[(6, 7)]",[],[],{},identity,identity,1,0.7451,0.7237,0.0213999999999999,250,0.0019,6498816,7.639114577691113
5,imagenet-1k,imagenet-1k,facebook/dinov2-base,Adam,0.01,Linear,linear,,,256,5,"[(6, 7)]",[],[],{},identity,identity,1,0.7419,0.7324,0.0094999999999999,250,0.0019,6498816,7.639114577691113
1,imagenet-1k,imagenet-1k,facebook/dinov2-base,Adam,0.01,Linear,linear,,,256,5,"[(7, 8)]",[],[],{},identity,identity,1,0.7463,0.5576,0.1886999999999999,250,0.0019,6498816,7.639114577691113
2,imagenet-1k,imagenet-1k,facebook/dinov2-base,Adam,0.01,Linear,linear,,,256,5,"[(7, 8)]",[],[],{},identity,identity,1,0.7375,0.5499,0.1876,250,0.0019,6498816,7.639114577691113
3,imagenet-1k,imagenet-1k,facebook/dinov2-base,Adam,0.01,Linear,linear,,,256,5,"[(7, 8)]",[],[],{},identity,identity,1,0.7445,0.5613,0.1832,250,0.0019,6498816,7.639114577691113
4,imagenet-1k,imagenet-1k,facebook/dinov2-base,Adam,0.01,Linear,linear,,,256,5,"[(7, 8)]",[],[],{},identity,identity,1,0.7451,0.5593,0.1857999999999999,250,0.0019,6498816,7.639114577691113
5,imagenet-1k,imagenet-1k,facebook/dinov2-base,Adam,0.01,Linear,linear,,,256,5,"[(7, 8)]",[],[],{},identity,identity,1,0.7419,0.5551,0.1867999999999999,250,0.0019,6498816,7.639114577691113
1,imagenet-1k,imagenet-1k,facebook/dinov2-base,Adam,0.01,Linear,linear,,,256,5,"[(8, 9)]",[],[],{},identity,identity,1,0.7463,0.6934,0.0528999999999999,250,0.0019,6498816,7.639114577691113
2,imagenet-1k,imagenet-1k,facebook/dinov2-base,Adam,0.01,Linear,linear,,,256,5,"[(8, 9)]",[],[],{},identity,identity,1,0.7375,0.6876,0.0499,250,0.0019,6498816,7.639114577691113
3,imagenet-1k,imagenet-1k,facebook/dinov2-base,Adam,0.01,Linear,linear,,,256,5,"[(8, 9)]",[],[],{},identity,identity,1,0.7445,0.6893,0.0552,250,0.0019,6498816,7.639114577691113
4,imagenet-1k,imagenet-1k,facebook/dinov2-base,Adam,0.01,Linear,linear,,,256,5,"[(8, 9)]",[],[],{},identity,identity,1,0.7451,0.6972,0.0478999999999999,250,0.0019,6498816,7.639114577691113
5,imagenet-1k,imagenet-1k,facebook/dinov2-base,Adam,0.01,Linear,linear,,,256,5,"[(8, 9)]",[],[],{},identity,identity,1,0.7419,0.6911,0.0507999999999999,250,0.0019,6498816,7.639114577691113
1,imagenet-1k,imagenet-1k,facebook/dinov2-base,Adam,0.01,Linear,linear,,,256,5,"[(9, 10)]",[],[],{},identity,identity,1,0.7463,0.6558,0.0904999999999999,250,0.0019,6498816,7.639114577691113
2,imagenet-1k,imagenet-1k,facebook/dinov2-base,Adam,0.01,Linear,linear,,,256,5,"[(9, 10)]",[],[],{},identity,identity,1,0.7375,0.659,0.0785,250,0.0019,6498816,7.639114577691113
3,imagenet-1k,imagenet-1k,facebook/dinov2-base,Adam,0.01,Linear,linear,,,256,5,"[(9, 10)]",[],[],{},identity,identity,1,0.7445,0.6575,0.087,250,0.0019,6498816,7.639114577691113
4,imagenet-1k,imagenet-1k,facebook/dinov2-base,Adam,0.01,Linear,linear,,,256,5,"[(9, 10)]",[],[],{},identity,identity,1,0.7451,0.6558,0.0892999999999999,250,0.0019,6498816,7.639114577691113
5,imagenet-1k,imagenet-1k,facebook/dinov2-base,Adam,0.01,Linear,linear,,,256,5,"[(9, 10)]",[],[],{},identity,identity,1,0.7419,0.6526,0.0893,250,0.0019,6498816,7.639114577691113
1,imagenet-1k,imagenet-1k,facebook/dinov2-base,Adam,0.01,Linear,linear,,,256,5,"[(10, 11)]",[],[],{},identity,identity,1,0.7463,0.6347,0.1115999999999999,250,0.0019,6498816,7.639114577691113
2,imagenet-1k,imagenet-1k,facebook/dinov2-base,Adam,0.01,Linear,linear,,,256,5,"[(10, 11)]",[],[],{},identity,identity,1,0.7375,0.642,0.0955,250,0.0019,6498816,7.639114577691113
3,imagenet-1k,imagenet-1k,facebook/dinov2-base,Adam,0.01,Linear,linear,,,256,5,"[(10, 11)]",[],[],{},identity,identity,1,0.7445,0.644,0.1005,250,0.0019,6498816,7.639114577691113
4,imagenet-1k,imagenet-1k,facebook/dinov2-base,Adam,0.01,Linear,linear,,,256,5,"[(10, 11)]",[],[],{},identity,identity,1,0.7451,0.6346,0.1104999999999999,250,0.0019,6498816,7.639114577691113
5,imagenet-1k,imagenet-1k,facebook/dinov2-base,Adam,0.01,Linear,linear,,,256,5,"[(10, 11)]",[],[],{},identity,identity,1,0.7419,0.6455,0.0964,250,0.0019,6498816,7.639114577691113
1,imagenet-1k,imagenet-1k,facebook/dinov2-base,Adam,0.01,Linear,linear,,,256,5,"[(0, 2)]",[],[],{},identity,identity,2,0.7463,0.6912,0.0550999999999999,250,0.0019,13588224,15.972447911024446
2,imagenet-1k,imagenet-1k,facebook/dinov2-base,Adam,0.01,Linear,linear,,,256,5,"[(0, 2)]",[],[],{},identity,identity,2,0.7375,0.6913,0.0462,250,0.0019,13588224,15.972447911024446
3,imagenet-1k,imagenet-1k,facebook/dinov2-base,Adam,0.01,Linear,linear,,,256,5,"[(0, 2)]",[],[],{},identity,identity,2,0.7445,0.695,0.0495000000000001,250,0.0019,13588224,15.972447911024446
4,imagenet-1k,imagenet-1k,facebook/dinov2-base,Adam,0.01,Linear,linear,,,256,5,"[(0, 2)]",[],[],{},identity,identity,2,0.7451,0.6872,0.0578999999999999,250,0.0019,13588224,15.972447911024446
5,imagenet-1k,imagenet-1k,facebook/dinov2-base,Adam,0.01,Linear,linear,,,256,5,"[(0, 2)]",[],[],{},identity,identity,2,0.7419,0.6923,0.0495999999999999,250,0.0019,13588224,15.972447911024446
1,imagenet-1k,imagenet-1k,facebook/dinov2-base,Adam,0.01,Linear,linear,,,256,5,"[(1, 3)]",[],[],{},identity,identity,2,0.7463,0.7045,0.0417999999999999,250,0.0019,13588224,15.972447911024446
2,imagenet-1k,imagenet-1k,facebook/dinov2-base,Adam,0.01,Linear,linear,,,256,5,"[(1, 3)]",[],[],{},identity,identity,2,0.7375,0.6946,0.0429,250,0.0019,13588224,15.972447911024446
3,imagenet-1k,imagenet-1k,facebook/dinov2-base,Adam,0.01,Linear,linear,,,256,5,"[(1, 3)]",[],[],{},identity,identity,2,0.7445,0.6997,0.0448,250,0.0019,13588224,15.972447911024446
4,imagenet-1k,imagenet-1k,facebook/dinov2-base,Adam,0.01,Linear,linear,,,256,5,"[(1, 3)]",[],[],{},identity,identity,2,0.7451,0.7013,0.0437999999999999,250,0.0019,13588224,15.972447911024446
5,imagenet-1k,imagenet-1k,facebook/dinov2-base,Adam,0.01,Linear,linear,,,256,5,"[(1, 3)]",[],[],{},identity,identity,2,0.7419,0.7001,0.0418,250,0.0019,13588224,15.972447911024446
1,imagenet-1k,imagenet-1k,facebook/dinov2-base,Adam,0.01,Linear,linear,,,256,5,"[(2, 4)]",[],[],{},identity,identity,2,0.7463,0.6837,0.0625999999999999,250,0.0019,13588224,15.972447911024446
2,imagenet-1k,imagenet-1k,facebook/dinov2-base,Adam,0.01,Linear,linear,,,256,5,"[(2, 4)]",[],[],{},identity,identity,2,0.7375,0.6878,0.0497,250,0.0019,13588224,15.972447911024446
3,imagenet-1k,imagenet-1k,facebook/dinov2-base,Adam,0.01,Linear,linear,,,256,5,"[(2, 4)]",[],[],{},identity,identity,2,0.7445,0.6891,0.0554,250,0.0019,13588224,15.972447911024446
4,imagenet-1k,imagenet-1k,facebook/dinov2-base,Adam,0.01,Linear,linear,,,256,5,"[(2, 4)]",[],[],{},identity,identity,2,0.7451,0.6867,0.0584,250,0.0019,13588224,15.972447911024446
5,imagenet-1k,imagenet-1k,facebook/dinov2-base,Adam,0.01,Linear,linear,,,256,5,"[(2, 4)]",[],[],{},identity,identity,2,0.7419,0.6856,0.0563,250,0.0019,13588224,15.972447911024446
1,imagenet-1k,imagenet-1k,facebook/dinov2-base,Adam,0.01,Linear,linear,,,256,5,"[(3, 5)]",[],[],{},identity,identity,2,0.7463,0.686,0.0602999999999999,250,0.0019,13588224,15.972447911024446
2,imagenet-1k,imagenet-1k,facebook/dinov2-base,Adam,0.01,Linear,linear,,,256,5,"[(3, 5)]",[],[],{},identity,identity,2,0.7375,0.6802,0.0573,250,0.0019,13588224,15.972447911024446
3,imagenet-1k,imagenet-1k,facebook/dinov2-base,Adam,0.01,Linear,linear,,,256,5,"[(3, 5)]",[],[],{},identity,identity,2,0.7445,0.6812,0.0633,250,0.0019,13588224,15.972447911024446
4,imagenet-1k,imagenet-1k,facebook/dinov2-base,Adam,0.01,Linear,linear,,,256,5,"[(3, 5)]",[],[],{},identity,identity,2,0.7451,0.6877,0.0574,250,0.0019,13588224,15.972447911024446
5,imagenet-1k,imagenet-1k,facebook/dinov2-base,Adam,0.01,Linear,linear,,,256,5,"[(3, 5)]",[],[],{},identity,identity,2,0.7419,0.6813,0.0605999999999999,250,0.0019,13588224,15.972447911024446
1,imagenet-1k,imagenet-1k,facebook/dinov2-base,Adam,0.01,Linear,linear,,,256,5,"[(4, 6)]",[],[],{},identity,identity,2,0.7463,0.7034,0.0428999999999999,250,0.0019,13588224,15.972447911024446
2,imagenet-1k,imagenet-1k,facebook/dinov2-base,Adam,0.01,Linear,linear,,,256,5,"[(4, 6)]",[],[],{},identity,identity,2,0.7375,0.6992,0.0383,250,0.0019,13588224,15.972447911024446
3,imagenet-1k,imagenet-1k,facebook/dinov2-base,Adam,0.01,Linear,linear,,,256,5,"[(4, 6)]",[],[],{},identity,identity,2,0.7445,0.706,0.0385,250,0.0019,13588224,15.972447911024446
4,imagenet-1k,imagenet-1k,facebook/dinov2-base,Adam,0.01,Linear,linear,,,256,5,"[(4, 6)]",[],[],{},identity,identity,2,0.7451,0.6977,0.0474,250,0.0019,13588224,15.972447911024446
5,imagenet-1k,imagenet-1k,facebook/dinov2-base,Adam,0.01,Linear,linear,,,256,5,"[(4, 6)]",[],[],{},identity,identity,2,0.7419,0.6972,0.0446999999999999,250,0.0019,13588224,15.972447911024446
1,imagenet-1k,imagenet-1k,facebook/dinov2-base,Adam,0.01,Linear,linear,,,256,5,"[(5, 7)]",[],[],{},identity,identity,2,0.7463,0.6354,0.1109,250,0.0019,13588224,15.972447911024446
2,imagenet-1k,imagenet-1k,facebook/dinov2-base,Adam,0.01,Linear,linear,,,256,5,"[(5, 7)]",[],[],{},identity,identity,2,0.7375,0.6373,0.1002,250,0.0019,13588224,15.972447911024446
3,imagenet-1k,imagenet-1k,facebook/dinov2-base,Adam,0.01,Linear,linear,,,256,5,"[(5, 7)]",[],[],{},identity,identity,2,0.7445,0.6444,0.1001,250,0.0019,13588224,15.972447911024446
4,imagenet-1k,imagenet-1k,facebook/dinov2-base,Adam,0.01,Linear,linear,,,256,5,"[(5, 7)]",[],[],{},identity,identity,2,0.7451,0.6385,0.1066,250,0.0019,13588224,15.972447911024446
5,imagenet-1k,imagenet-1k,facebook/dinov2-base,Adam,0.01,Linear,linear,,,256,5,"[(5, 7)]",[],[],{},identity,identity,2,0.7419,0.6429,0.0989999999999999,250,0.0019,13588224,15.972447911024446
1,imagenet-1k,imagenet-1k,facebook/dinov2-base,Adam,0.01,Linear,linear,,,256,5,"[(6, 8)]",[],[],{},identity,identity,2,0.7463,0.3061,0.4402,250,0.0019,13588224,15.972447911024446
2,imagenet-1k,imagenet-1k,facebook/dinov2-base,Adam,0.01,Linear,linear,,,256,5,"[(6, 8)]",[],[],{},identity,identity,2,0.7375,0.3091,0.4284,250,0.0019,13588224,15.972447911024446
3,imagenet-1k,imagenet-1k,facebook/dinov2-base,Adam,0.01,Linear,linear,,,256,5,"[(6, 8)]",[],[],{},identity,identity,2,0.7445,0.3135,0.431,250,0.0019,13588224,15.972447911024446
4,imagenet-1k,imagenet-1k,facebook/dinov2-base,Adam,0.01,Linear,linear,,,256,5,"[(6, 8)]",[],[],{},identity,identity,2,0.7451,0.3159,0.4291999999999999,250,0.0019,13588224,15.972447911024446
5,imagenet-1k,imagenet-1k,facebook/dinov2-base,Adam,0.01,Linear,linear,,,256,5,"[(6, 8)]",[],[],{},identity,identity,2,0.7419,0.3145,0.4274,250,0.0019,13588224,15.972447911024446
1,imagenet-1k,imagenet-1k,facebook/dinov2-base,Adam,0.01,Linear,linear,,,256,5,"[(7, 9)]",[],[],{},identity,identity,2,0.7463,0.5166,0.2297,250,0.0019,13588224,15.972447911024446
2,imagenet-1k,imagenet-1k,facebook/dinov2-base,Adam,0.01,Linear,linear,,,256,5,"[(7, 9)]",[],[],{},identity,identity,2,0.7375,0.5171,0.2204,250,0.0019,13588224,15.972447911024446
3,imagenet-1k,imagenet-1k,facebook/dinov2-base,Adam,0.01,Linear,linear,,,256,5,"[(7, 9)]",[],[],{},identity,identity,2,0.7445,0.5196,0.2249000000000001,250,0.0019,13588224,15.972447911024446
4,imagenet-1k,imagenet-1k,facebook/dinov2-base,Adam,0.01,Linear,linear,,,256,5,"[(7, 9)]",[],[],{},identity,identity,2,0.7451,0.5159,0.2291999999999999,250,0.0019,13588224,15.972447911024446
5,imagenet-1k,imagenet-1k,facebook/dinov2-base,Adam,0.01,Linear,linear,,,256,5,"[(7, 9)]",[],[],{},identity,identity,2,0.7419,0.5195,0.2224,250,0.0019,13588224,15.972447911024446
1,imagenet-1k,imagenet-1k,facebook/dinov2-base,Adam,0.01,Linear,linear,,,256,5,"[(8, 10)]",[],[],{},identity,identity,2,0.7463,0.5829,0.1634,250,0.0019,13588224,15.972447911024446
2,imagenet-1k,imagenet-1k,facebook/dinov2-base,Adam,0.01,Linear,linear,,,256,5,"[(8, 10)]",[],[],{},identity,identity,2,0.7375,0.5819,0.1556,250,0.0019,13588224,15.972447911024446
3,imagenet-1k,imagenet-1k,facebook/dinov2-base,Adam,0.01,Linear,linear,,,256,5,"[(8, 10)]",[],[],{},identity,identity,2,0.7445,0.5857,0.1588,250,0.0019,13588224,15.972447911024446
4,imagenet-1k,imagenet-1k,facebook/dinov2-base,Adam,0.01,Linear,linear,,,256,5,"[(8, 10)]",[],[],{},identity,identity,2,0.7451,0.582,0.1631,250,0.0019,13588224,15.972447911024446
5,imagenet-1k,imagenet-1k,facebook/dinov2-base,Adam,0.01,Linear,linear,,,256,5,"[(8, 10)]",[],[],{},identity,identity,2,0.7419,0.5823,0.1595999999999999,250,0.0019,13588224,15.972447911024446
1,imagenet-1k,imagenet-1k,facebook/dinov2-base,Adam,0.01,Linear,linear,,,256,5,"[(9, 11)]",[],[],{},identity,identity,2,0.7463,0.4552,0.2910999999999999,250,0.0019,13588224,15.972447911024446
2,imagenet-1k,imagenet-1k,facebook/dinov2-base,Adam,0.01,Linear,linear,,,256,5,"[(9, 11)]",[],[],{},identity,identity,2,0.7375,0.4707,0.2668,250,0.0019,13588224,15.972447911024446
3,imagenet-1k,imagenet-1k,facebook/dinov2-base,Adam,0.01,Linear,linear,,,256,5,"[(9, 11)]",[],[],{},identity,identity,2,0.7445,0.4611,0.2834,250,0.0019,13588224,15.972447911024446
4,imagenet-1k,imagenet-1k,facebook/dinov2-base,Adam,0.01,Linear,linear,,,256,5,"[(9, 11)]",[],[],{},identity,identity,2,0.7451,0.4556,0.2895,250,0.0019,13588224,15.972447911024446
5,imagenet-1k,imagenet-1k,facebook/dinov2-base,Adam,0.01,Linear,linear,,,256,5,"[(9, 11)]",[],[],{},identity,identity,2,0.7419,0.4614,0.2805,250,0.0019,13588224,15.972447911024446
1,imagenet-1k,imagenet-1k,facebook/dinov2-base,Adam,0.01,Linear,linear,,,256,5,"[(0, 1), (2, 3)]",[],[],{},identity,identity,2,0.7463,0.7123,0.0339999999999999,250,0.0019,12997632,15.278229155382226
2,imagenet-1k,imagenet-1k,facebook/dinov2-base,Adam,0.01,Linear,linear,,,256,5,"[(0, 1), (2, 3)]",[],[],{},identity,identity,2,0.7375,0.714,0.0235,250,0.0019,12997632,15.278229155382226
3,imagenet-1k,imagenet-1k,facebook/dinov2-base,Adam,0.01,Linear,linear,,,256,5,"[(0, 1), (2, 3)]",[],[],{},identity,identity,2,0.7445,0.7111,0.0334,250,0.0019,12997632,15.278229155382226
4,imagenet-1k,imagenet-1k,facebook/dinov2-base,Adam,0.01,Linear,linear,,,256,5,"[(0, 1), (2, 3)]",[],[],{},identity,identity,2,0.7451,0.7086,0.0364999999999999,250,0.0019,12997632,15.278229155382226
5,imagenet-1k,imagenet-1k,facebook/dinov2-base,Adam,0.01,Linear,linear,,,256,5,"[(0, 1), (2, 3)]",[],[],{},identity,identity,2,0.7419,0.71,0.0319,250,0.0019,12997632,15.278229155382226
1,imagenet-1k,imagenet-1k,facebook/dinov2-base,Adam,0.01,Linear,linear,,,256,5,"[(1, 2), (3, 4)]",[],[],{},identity,identity,2,0.7463,0.6841,0.0621999999999999,250,0.0019,12997632,15.278229155382226
2,imagenet-1k,imagenet-1k,facebook/dinov2-base,Adam,0.01,Linear,linear,,,256,5,"[(1, 2), (3, 4)]",[],[],{},identity,identity,2,0.7375,0.6782,0.0593,250,0.0019,12997632,15.278229155382226
3,imagenet-1k,imagenet-1k,facebook/dinov2-base,Adam,0.01,Linear,linear,,,256,5,"[(1, 2), (3, 4)]",[],[],{},identity,identity,2,0.7445,0.6809,0.0636000000000001,250,0.0019,12997632,15.278229155382226
4,imagenet-1k,imagenet-1k,facebook/dinov2-base,Adam,0.01,Linear,linear,,,256,5,"[(1, 2), (3, 4)]",[],[],{},identity,identity,2,0.7451,0.6732,0.0718999999999999,250,0.0019,12997632,15.278229155382226
5,imagenet-1k,imagenet-1k,facebook/dinov2-base,Adam,0.01,Linear,linear,,,256,5,"[(1, 2), (3, 4)]",[],[],{},identity,identity,2,0.7419,0.6826,0.0593,250,0.0019,12997632,15.278229155382226
1,imagenet-1k,imagenet-1k,facebook/dinov2-base,Adam,0.01,Linear,linear,,,256,5,"[(2, 3), (4, 5)]",[],[],{},identity,identity,2,0.7463,0.6924,0.0538999999999999,250,0.0019,12997632,15.278229155382226
2,imagenet-1k,imagenet-1k,facebook/dinov2-base,Adam,0.01,Linear,linear,,,256,5,"[(2, 3), (4, 5)]",[],[],{},identity,identity,2,0.7375,0.7018,0.0357,250,0.0019,12997632,15.278229155382226
3,imagenet-1k,imagenet-1k,facebook/dinov2-base,Adam,0.01,Linear,linear,,,256,5,"[(2, 3), (4, 5)]",[],[],{},identity,identity,2,0.7445,0.6908,0.0537,250,0.0019,12997632,15.278229155382226
4,imagenet-1k,imagenet-1k,facebook/dinov2-base,Adam,0.01,Linear,linear,,,256,5,"[(2, 3), (4, 5)]",[],[],{},identity,identity,2,0.7451,0.6962,0.0488999999999999,250,0.0019,12997632,15.278229155382226
5,imagenet-1k,imagenet-1k,facebook/dinov2-base,Adam,0.01,Linear,linear,,,256,5,"[(2, 3), (4, 5)]",[],[],{},identity,identity,2,0.7419,0.6954,0.0464999999999999,250,0.0019,12997632,15.278229155382226
1,imagenet-1k,imagenet-1k,facebook/dinov2-base,Adam,0.01,Linear,linear,,,256,5,"[(3, 4), (5, 6)]",[],[],{},identity,identity,2,0.7463,0.7063,0.0399999999999999,250,0.0019,12997632,15.278229155382226
2,imagenet-1k,imagenet-1k,facebook/dinov2-base,Adam,0.01,Linear,linear,,,256,5,"[(3, 4), (5, 6)]",[],[],{},identity,identity,2,0.7375,0.7019,0.0356,250,0.0019,12997632,15.278229155382226
3,imagenet-1k,imagenet-1k,facebook/dinov2-base,Adam,0.01,Linear,linear,,,256,5,"[(3, 4), (5, 6)]",[],[],{},identity,identity,2,0.7445,0.7019,0.0426,250,0.0019,12997632,15.278229155382226
4,imagenet-1k,imagenet-1k,facebook/dinov2-base,Adam,0.01,Linear,linear,,,256,5,"[(3, 4), (5, 6)]",[],[],{},identity,identity,2,0.7451,0.7038,0.0413,250,0.0019,12997632,15.278229155382226
5,imagenet-1k,imagenet-1k,facebook/dinov2-base,Adam,0.01,Linear,linear,,,256,5,"[(3, 4), (5, 6)]",[],[],{},identity,identity,2,0.7419,0.7014,0.0404999999999999,250,0.0019,12997632,15.278229155382226
1,imagenet-1k,imagenet-1k,facebook/dinov2-base,Adam,0.01,Linear,linear,,,256,5,"[(4, 5), (6, 7)]",[],[],{},identity,identity,2,0.7463,0.6791,0.0671999999999999,250,0.0019,12997632,15.278229155382226
2,imagenet-1k,imagenet-1k,facebook/dinov2-base,Adam,0.01,Linear,linear,,,256,5,"[(4, 5), (6, 7)]",[],[],{},identity,identity,2,0.7375,0.6837,0.0538,250,0.0019,12997632,15.278229155382226
3,imagenet-1k,imagenet-1k,facebook/dinov2-base,Adam,0.01,Linear,linear,,,256,5,"[(4, 5), (6, 7)]",[],[],{},identity,identity,2,0.7445,0.6802,0.0643,250,0.0019,12997632,15.278229155382226
4,imagenet-1k,imagenet-1k,facebook/dinov2-base,Adam,0.01,Linear,linear,,,256,5,"[(4, 5), (6, 7)]",[],[],{},identity,identity,2,0.7451,0.6846,0.0605,250,0.0019,12997632,15.278229155382226
5,imagenet-1k,imagenet-1k,facebook/dinov2-base,Adam,0.01,Linear,linear,,,256,5,"[(4, 5), (6, 7)]",[],[],{},identity,identity,2,0.7419,0.6776,0.0643,250,0.0019,12997632,15.278229155382226
1,imagenet-1k,imagenet-1k,facebook/dinov2-base,Adam,0.01,Linear,linear,,,256,5,"[(5, 6), (7, 8)]",[],[],{},identity,identity,2,0.7463,0.5193,0.2269999999999999,250,0.0019,12997632,15.278229155382226
2,imagenet-1k,imagenet-1k,facebook/dinov2-base,Adam,0.01,Linear,linear,,,256,5,"[(5, 6), (7, 8)]",[],[],{},identity,identity,2,0.7375,0.5195,0.218,250,0.0019,12997632,15.278229155382226
3,imagenet-1k,imagenet-1k,facebook/dinov2-base,Adam,0.01,Linear,linear,,,256,5,"[(5, 6), (7, 8)]",[],[],{},identity,identity,2,0.7445,0.5267,0.2178000000000001,250,0.0019,12997632,15.278229155382226
4,imagenet-1k,imagenet-1k,facebook/dinov2-base,Adam,0.01,Linear,linear,,,256,5,"[(5, 6), (7, 8)]",[],[],{},identity,identity,2,0.7451,0.5201,0.2249999999999999,250,0.0019,12997632,15.278229155382226
5,imagenet-1k,imagenet-1k,facebook/dinov2-base,Adam,0.01,Linear,linear,,,256,5,"[(5, 6), (7, 8)]",[],[],{},identity,identity,2,0.7419,0.5168,0.2250999999999999,250,0.0019,12997632,15.278229155382226
1,imagenet-1k,imagenet-1k,facebook/dinov2-base,Adam,0.01,Linear,linear,,,256,5,"[(6, 7), (8, 9)]",[],[],{},identity,identity,2,0.7463,0.6358,0.1104999999999999,250,0.0019,12997632,15.278229155382226
2,imagenet-1k,imagenet-1k,facebook/dinov2-base,Adam,0.01,Linear,linear,,,256,5,"[(6, 7), (8, 9)]",[],[],{},identity,identity,2,0.7375,0.6307,0.1068,250,0.0019,12997632,15.278229155382226
3,imagenet-1k,imagenet-1k,facebook/dinov2-base,Adam,0.01,Linear,linear,,,256,5,"[(6, 7), (8, 9)]",[],[],{},identity,identity,2,0.7445,0.6372,0.1073,250,0.0019,12997632,15.278229155382226
4,imagenet-1k,imagenet-1k,facebook/dinov2-base,Adam,0.01,Linear,linear,,,256,5,"[(6, 7), (8, 9)]",[],[],{},identity,identity,2,0.7451,0.634,0.1110999999999999,250,0.0019,12997632,15.278229155382226
5,imagenet-1k,imagenet-1k,facebook/dinov2-base,Adam,0.01,Linear,linear,,,256,5,"[(6, 7), (8, 9)]",[],[],{},identity,identity,2,0.7419,0.6358,0.1060999999999999,250,0.0019,12997632,15.278229155382226
1,imagenet-1k,imagenet-1k,facebook/dinov2-base,Adam,0.01,Linear,linear,,,256,5,"[(7, 8), (9, 10)]",[],[],{},identity,identity,2,0.7463,0.4913,0.2549999999999999,250,0.0019,12997632,15.278229155382226
2,imagenet-1k,imagenet-1k,facebook/dinov2-base,Adam,0.01,Linear,linear,,,256,5,"[(7, 8), (9, 10)]",[],[],{},identity,identity,2,0.7375,0.5021,0.2354,250,0.0019,12997632,15.278229155382226
3,imagenet-1k,imagenet-1k,facebook/dinov2-base,Adam,0.01,Linear,linear,,,256,5,"[(7, 8), (9, 10)]",[],[],{},identity,identity,2,0.7445,0.4877,0.2568,250,0.0019,12997632,15.278229155382226
4,imagenet-1k,imagenet-1k,facebook/dinov2-base,Adam,0.01,Linear,linear,,,256,5,"[(7, 8), (9, 10)]",[],[],{},identity,identity,2,0.7451,0.4945,0.2506,250,0.0019,12997632,15.278229155382226
5,imagenet-1k,imagenet-1k,facebook/dinov2-base,Adam,0.01,Linear,linear,,,256,5,"[(7, 8), (9, 10)]",[],[],{},identity,identity,2,0.7419,0.5052,0.2367,250,0.0019,12997632,15.278229155382226
1,imagenet-1k,imagenet-1k,facebook/dinov2-base,Adam,0.01,Linear,linear,,,256,5,"[(8, 9), (10, 11)]",[],[],{},identity,identity,2,0.7463,0.5515,0.1947999999999999,250,0.0019,12997632,15.278229155382226
2,imagenet-1k,imagenet-1k,facebook/dinov2-base,Adam,0.01,Linear,linear,,,256,5,"[(8, 9), (10, 11)]",[],[],{},identity,identity,2,0.7375,0.5486,0.1889,250,0.0019,12997632,15.278229155382226
3,imagenet-1k,imagenet-1k,facebook/dinov2-base,Adam,0.01,Linear,linear,,,256,5,"[(8, 9), (10, 11)]",[],[],{},identity,identity,2,0.7445,0.563,0.1815000000000001,250,0.0019,12997632,15.278229155382226
4,imagenet-1k,imagenet-1k,facebook/dinov2-base,Adam,0.01,Linear,linear,,,256,5,"[(8, 9), (10, 11)]",[],[],{},identity,identity,2,0.7451,0.5604,0.1846999999999999,250,0.0019,12997632,15.278229155382226
5,imagenet-1k,imagenet-1k,facebook/dinov2-base,Adam,0.01,Linear,linear,,,256,5,"[(8, 9), (10, 11)]",[],[],{},identity,identity,2,0.7419,0.5628,0.1791,250,0.0019,12997632,15.278229155382226
1,imagenet-1k,imagenet-1k,facebook/dinov2-base,Adam,0.01,Linear,linear,,,256,5,"[(0, 1), (3, 4)]",[],[],{},identity,identity,2,0.7463,0.7172,0.0291,250,0.0019,12997632,15.278229155382226
2,imagenet-1k,imagenet-1k,facebook/dinov2-base,Adam,0.01,Linear,linear,,,256,5,"[(0, 1), (3, 4)]",[],[],{},identity,identity,2,0.7375,0.7135,0.024,250,0.0019,12997632,15.278229155382226
3,imagenet-1k,imagenet-1k,facebook/dinov2-base,Adam,0.01,Linear,linear,,,256,5,"[(0, 1), (3, 4)]",[],[],{},identity,identity,2,0.7445,0.7183,0.0262,250,0.0019,12997632,15.278229155382226
4,imagenet-1k,imagenet-1k,facebook/dinov2-base,Adam,0.01,Linear,linear,,,256,5,"[(0, 1), (3, 4)]",[],[],{},identity,identity,2,0.7451,0.7154,0.0296999999999999,250,0.0019,12997632,15.278229155382226
5,imagenet-1k,imagenet-1k,facebook/dinov2-base,Adam,0.01,Linear,linear,,,256,5,"[(0, 1), (3, 4)]",[],[],{},identity,identity,2,0.7419,0.7114,0.0304999999999999,250,0.0019,12997632,15.278229155382226
1,imagenet-1k,imagenet-1k,facebook/dinov2-base,Adam,0.01,Linear,linear,,,256,5,"[(1, 2), (4, 5)]",[],[],{},identity,identity,2,0.7463,0.6957,0.0505999999999999,250,0.0019,12997632,15.278229155382226
2,imagenet-1k,imagenet-1k,facebook/dinov2-base,Adam,0.01,Linear,linear,,,256,5,"[(1, 2), (4, 5)]",[],[],{},identity,identity,2,0.7375,0.6864,0.0511,250,0.0019,12997632,15.278229155382226
3,imagenet-1k,imagenet-1k,facebook/dinov2-base,Adam,0.01,Linear,linear,,,256,5,"[(1, 2), (4, 5)]",[],[],{},identity,identity,2,0.7445,0.6861,0.0584,250,0.0019,12997632,15.278229155382226
4,imagenet-1k,imagenet-1k,facebook/dinov2-base,Adam,0.01,Linear,linear,,,256,5,"[(1, 2), (4, 5)]",[],[],{},identity,identity,2,0.7451,0.6826,0.0625,250,0.0019,12997632,15.278229155382226
5,imagenet-1k,imagenet-1k,facebook/dinov2-base,Adam,0.01,Linear,linear,,,256,5,"[(1, 2), (4, 5)]",[],[],{},identity,identity,2,0.7419,0.6936,0.0483,250,0.0019,12997632,15.278229155382226
1,imagenet-1k,imagenet-1k,facebook/dinov2-base,Adam,0.01,Linear,linear,,,256,5,"[(2, 3), (5, 6)]",[],[],{},identity,identity,2,0.7463,0.7137,0.0325999999999999,250,0.0019,12997632,15.278229155382226
2,imagenet-1k,imagenet-1k,facebook/dinov2-base,Adam,0.01,Linear,linear,,,256,5,"[(2, 3), (5, 6)]",[],[],{},identity,identity,2,0.7375,0.7088,0.0287,250,0.0019,12997632,15.278229155382226
3,imagenet-1k,imagenet-1k,facebook/dinov2-base,Adam,0.01,Linear,linear,,,256,5,"[(2, 3), (5, 6)]",[],[],{},identity,identity,2,0.7445,0.7072,0.0373,250,0.0019,12997632,15.278229155382226
4,imagenet-1k,imagenet-1k,facebook/dinov2-base,Adam,0.01,Linear,linear,,,256,5,"[(2, 3), (5, 6)]",[],[],{},identity,identity,2,0.7451,0.7112,0.0338999999999999,250,0.0019,12997632,15.278229155382226
5,imagenet-1k,imagenet-1k,facebook/dinov2-base,Adam,0.01,Linear,linear,,,256,5,"[(2, 3), (5, 6)]",[],[],{},identity,identity,2,0.7419,0.7057,0.0362,250,0.0019,12997632,15.278229155382226
1,imagenet-1k,imagenet-1k,facebook/dinov2-base,Adam,0.01,Linear,linear,,,256,5,"[(3, 4), (6, 7)]",[],[],{},identity,identity,2,0.7463,0.6878,0.0584999999999999,250,0.0019,12997632,15.278229155382226
2,imagenet-1k,imagenet-1k,facebook/dinov2-base,Adam,0.01,Linear,linear,,,256,5,"[(3, 4), (6, 7)]",[],[],{},identity,identity,2,0.7375,0.6871,0.0504,250,0.0019,12997632,15.278229155382226
3,imagenet-1k,imagenet-1k,facebook/dinov2-base,Adam,0.01,Linear,linear,,,256,5,"[(3, 4), (6, 7)]",[],[],{},identity,identity,2,0.7445,0.6901,0.0544,250,0.0019,12997632,15.278229155382226
4,imagenet-1k,imagenet-1k,facebook/dinov2-base,Adam,0.01,Linear,linear,,,256,5,"[(3, 4), (6, 7)]",[],[],{},identity,identity,2,0.7451,0.689,0.0561,250,0.0019,12997632,15.278229155382226
5,imagenet-1k,imagenet-1k,facebook/dinov2-base,Adam,0.01,Linear,linear,,,256,5,"[(3, 4), (6, 7)]",[],[],{},identity,identity,2,0.7419,0.6867,0.0552,250,0.0019,12997632,15.278229155382226
1,imagenet-1k,imagenet-1k,facebook/dinov2-base,Adam,0.01,Linear,linear,,,256,5,"[(4, 5), (7, 8)]",[],[],{},identity,identity,2,0.7463,0.5412,0.2050999999999999,250,0.0019,12997632,15.278229155382226
2,imagenet-1k,imagenet-1k,facebook/dinov2-base,Adam,0.01,Linear,linear,,,256,5,"[(4, 5), (7, 8)]",[],[],{},identity,identity,2,0.7375,0.5405,0.197,250,0.0019,12997632,15.278229155382226
3,imagenet-1k,imagenet-1k,facebook/dinov2-base,Adam,0.01,Linear,linear,,,256,5,"[(4, 5), (7, 8)]",[],[],{},identity,identity,2,0.7445,0.5418,0.2027000000000001,250,0.0019,12997632,15.278229155382226
4,imagenet-1k,imagenet-1k,facebook/dinov2-base,Adam,0.01,Linear,linear,,,256,5,"[(4, 5), (7, 8)]",[],[],{},identity,identity,2,0.7451,0.5465,0.1986,250,0.0019,12997632,15.278229155382226
5,imagenet-1k,imagenet-1k,facebook/dinov2-base,Adam,0.01,Linear,linear,,,256,5,"[(4, 5), (7, 8)]",[],[],{},identity,identity,2,0.7419,0.5428,0.1991,250,0.0019,12997632,15.278229155382226
1,imagenet-1k,imagenet-1k,facebook/dinov2-base,Adam,0.01,Linear,linear,,,256,5,"[(5, 6), (8, 9)]",[],[],{},identity,identity,2,0.7463,0.6538,0.0924999999999999,250,0.0019,12997632,15.278229155382226
2,imagenet-1k,imagenet-1k,facebook/dinov2-base,Adam,0.01,Linear,linear,,,256,5,"[(5, 6), (8, 9)]",[],[],{},identity,identity,2,0.7375,0.6539,0.0836,250,0.0019,12997632,15.278229155382226
3,imagenet-1k,imagenet-1k,facebook/dinov2-base,Adam,0.01,Linear,linear,,,256,5,"[(5, 6), (8, 9)]",[],[],{},identity,identity,2,0.7445,0.6527,0.0918000000000001,250,0.0019,12997632,15.278229155382226
4,imagenet-1k,imagenet-1k,facebook/dinov2-base,Adam,0.01,Linear,linear,,,256,5,"[(5, 6), (8, 9)]",[],[],{},identity,identity,2,0.7451,0.6517,0.0934,250,0.0019,12997632,15.278229155382226
5,imagenet-1k,imagenet-1k,facebook/dinov2-base,Adam,0.01,Linear,linear,,,256,5,"[(5, 6), (8, 9)]",[],[],{},identity,identity,2,0.7419,0.653,0.0888999999999999,250,0.0019,12997632,15.278229155382226
1,imagenet-1k,imagenet-1k,facebook/dinov2-base,Adam,0.01,Linear,linear,,,256,5,"[(6, 7), (9, 10)]",[],[],{},identity,identity,2,0.7463,0.6242,0.1220999999999999,250,0.0019,12997632,15.278229155382226
2,imagenet-1k,imagenet-1k,facebook/dinov2-base,Adam,0.01,Linear,linear,,,256,5,"[(6, 7), (9, 10)]",[],[],{},identity,identity,2,0.7375,0.6239,0.1136,250,0.0019,12997632,15.278229155382226
3,imagenet-1k,imagenet-1k,facebook/dinov2-base,Adam,0.01,Linear,linear,,,256,5,"[(6, 7), (9, 10)]",[],[],{},identity,identity,2,0.7445,0.6272,0.1173,250,0.0019,12997632,15.278229155382226
4,imagenet-1k,imagenet-1k,facebook/dinov2-base,Adam,0.01,Linear,linear,,,256,5,"[(6, 7), (9, 10)]",[],[],{},identity,identity,2,0.7451,0.6137,0.1313999999999999,250,0.0019,12997632,15.278229155382226
5,imagenet-1k,imagenet-1k,facebook/dinov2-base,Adam,0.01,Linear,linear,,,256,5,"[(6, 7), (9, 10)]",[],[],{},identity,identity,2,0.7419,0.6228,0.1190999999999999,250,0.0019,12997632,15.278229155382226
1,imagenet-1k,imagenet-1k,facebook/dinov2-base,Adam,0.01,Linear,linear,,,256,5,"[(7, 8), (10, 11)]",[],[],{},identity,identity,2,0.7463,0.4554,0.2908999999999999,250,0.0019,12997632,15.278229155382226
2,imagenet-1k,imagenet-1k,facebook/dinov2-base,Adam,0.01,Linear,linear,,,256,5,"[(7, 8), (10, 11)]",[],[],{},identity,identity,2,0.7375,0.4503,0.2872,250,0.0019,12997632,15.278229155382226
3,imagenet-1k,imagenet-1k,facebook/dinov2-base,Adam,0.01,Linear,linear,,,256,5,"[(7, 8), (10, 11)]",[],[],{},identity,identity,2,0.7445,0.4638,0.2807,250,0.0019,12997632,15.278229155382226
4,imagenet-1k,imagenet-1k,facebook/dinov2-base,Adam,0.01,Linear,linear,,,256,5,"[(7, 8), (10, 11)]",[],[],{},identity,identity,2,0.7451,0.4444,0.3006999999999999,250,0.0019,12997632,15.278229155382226
5,imagenet-1k,imagenet-1k,facebook/dinov2-base,Adam,0.01,Linear,linear,,,256,5,"[(7, 8), (10, 11)]",[],[],{},identity,identity,2,0.7419,0.4614,0.2805,250,0.0019,12997632,15.278229155382226
1,imagenet-1k,imagenet-1k,facebook/dinov2-base,Adam,0.01,Linear,linear,,,256,5,"[(0, 1), (4, 5)]",[],[],{},identity,identity,2,0.7463,0.7133,0.0329999999999999,250,0.0019,12997632,15.278229155382226
2,imagenet-1k,imagenet-1k,facebook/dinov2-base,Adam,0.01,Linear,linear,,,256,5,"[(0, 1), (4, 5)]",[],[],{},identity,identity,2,0.7375,0.7202,0.0173,250,0.0019,12997632,15.278229155382226
3,imagenet-1k,imagenet-1k,facebook/dinov2-base,Adam,0.01,Linear,linear,,,256,5,"[(0, 1), (4, 5)]",[],[],{},identity,identity,2,0.7445,0.7149,0.0296,250,0.0019,12997632,15.278229155382226
4,imagenet-1k,imagenet-1k,facebook/dinov2-base,Adam,0.01,Linear,linear,,,256,5,"[(0, 1), (4, 5)]",[],[],{},identity,identity,2,0.7451,0.713,0.0321,250,0.0019,12997632,15.278229155382226
5,imagenet-1k,imagenet-1k,facebook/dinov2-base,Adam,0.01,Linear,linear,,,256,5,"[(0, 1), (4, 5)]",[],[],{},identity,identity,2,0.7419,0.7186,0.0232999999999999,250,0.0019,12997632,15.278229155382226
1,imagenet-1k,imagenet-1k,facebook/dinov2-base,Adam,0.01,Linear,linear,,,256,5,"[(1, 2), (5, 6)]",[],[],{},identity,identity,2,0.7463,0.6938,0.0524999999999999,250,0.0019,12997632,15.278229155382226
2,imagenet-1k,imagenet-1k,facebook/dinov2-base,Adam,0.01,Linear,linear,,,256,5,"[(1, 2), (5, 6)]",[],[],{},identity,identity,2,0.7375,0.697,0.0405,250,0.0019,12997632,15.278229155382226
3,imagenet-1k,imagenet-1k,facebook/dinov2-base,Adam,0.01,Linear,linear,,,256,5,"[(1, 2), (5, 6)]",[],[],{},identity,identity,2,0.7445,0.6968,0.0477,250,0.0019,12997632,15.278229155382226
4,imagenet-1k,imagenet-1k,facebook/dinov2-base,Adam,0.01,Linear,linear,,,256,5,"[(1, 2), (5, 6)]",[],[],{},identity,identity,2,0.7451,0.6916,0.0534999999999999,250,0.0019,12997632,15.278229155382226
5,imagenet-1k,imagenet-1k,facebook/dinov2-base,Adam,0.01,Linear,linear,,,256,5,"[(1, 2), (5, 6)]",[],[],{},identity,identity,2,0.7419,0.6941,0.0477999999999999,250,0.0019,12997632,15.278229155382226
1,imagenet-1k,imagenet-1k,facebook/dinov2-base,Adam,0.01,Linear,linear,,,256,5,"[(2, 3), (6, 7)]",[],[],{},identity,identity,2,0.7463,0.7038,0.0424999999999999,250,0.0019,12997632,15.278229155382226
2,imagenet-1k,imagenet-1k,facebook/dinov2-base,Adam,0.01,Linear,linear,,,256,5,"[(2, 3), (6, 7)]",[],[],{},identity,identity,2,0.7375,0.7033,0.0342,250,0.0019,12997632,15.278229155382226
3,imagenet-1k,imagenet-1k,facebook/dinov2-base,Adam,0.01,Linear,linear,,,256,5,"[(2, 3), (6, 7)]",[],[],{},identity,identity,2,0.7445,0.7031,0.0414000000000001,250,0.0019,12997632,15.278229155382226
4,imagenet-1k,imagenet-1k,facebook/dinov2-base,Adam,0.01,Linear,linear,,,256,5,"[(2, 3), (6, 7)]",[],[],{},identity,identity,2,0.7451,0.7006,0.0444999999999999,250,0.0019,12997632,15.278229155382226
5,imagenet-1k,imagenet-1k,facebook/dinov2-base,Adam,0.01,Linear,linear,,,256,5,"[(2, 3), (6, 7)]",[],[],{},identity,identity,2,0.7419,0.7054,0.0364999999999999,250,0.0019,12997632,15.278229155382226
1,imagenet-1k,imagenet-1k,facebook/dinov2-base,Adam,0.01,Linear,linear,,,256,5,"[(3, 4), (7, 8)]",[],[],{},identity,identity,2,0.7463,0.5387,0.2076,250,0.0019,12997632,15.278229155382226
2,imagenet-1k,imagenet-1k,facebook/dinov2-base,Adam,0.01,Linear,linear,,,256,5,"[(3, 4), (7, 8)]",[],[],{},identity,identity,2,0.7375,0.5431,0.1944,250,0.0019,12997632,15.278229155382226
3,imagenet-1k,imagenet-1k,facebook/dinov2-base,Adam,0.01,Linear,linear,,,256,5,"[(3, 4), (7, 8)]",[],[],{},identity,identity,2,0.7445,0.5456,0.1989,250,0.0019,12997632,15.278229155382226
4,imagenet-1k,imagenet-1k,facebook/dinov2-base,Adam,0.01,Linear,linear,,,256,5,"[(3, 4), (7, 8)]",[],[],{},identity,identity,2,0.7451,0.5444,0.2007,250,0.0019,12997632,15.278229155382226
5,imagenet-1k,imagenet-1k,facebook/dinov2-base,Adam,0.01,Linear,linear,,,256,5,"[(3, 4), (7, 8)]",[],[],{},identity,identity,2,0.7419,0.5412,0.2007,250,0.0019,12997632,15.278229155382226
1,imagenet-1k,imagenet-1k,facebook/dinov2-base,Adam,0.01,Linear,linear,,,256,5,"[(4, 5), (8, 9)]",[],[],{},identity,identity,2,0.7463,0.6624,0.0838999999999999,250,0.0019,12997632,15.278229155382226
2,imagenet-1k,imagenet-1k,facebook/dinov2-base,Adam,0.01,Linear,linear,,,256,5,"[(4, 5), (8, 9)]",[],[],{},identity,identity,2,0.7375,0.658,0.0795,250,0.0019,12997632,15.278229155382226
3,imagenet-1k,imagenet-1k,facebook/dinov2-base,Adam,0.01,Linear,linear,,,256,5,"[(4, 5), (8, 9)]",[],[],{},identity,identity,2,0.7445,0.6693,0.0752,250,0.0019,12997632,15.278229155382226
4,imagenet-1k,imagenet-1k,facebook/dinov2-base,Adam,0.01,Linear,linear,,,256,5,"[(4, 5), (8, 9)]",[],[],{},identity,identity,2,0.7451,0.6581,0.0869999999999999,250,0.0019,12997632,15.278229155382226
5,imagenet-1k,imagenet-1k,facebook/dinov2-base,Adam,0.01,Linear,linear,,,256,5,"[(4, 5), (8, 9)]",[],[],{},identity,identity,2,0.7419,0.6572,0.0847,250,0.0019,12997632,15.278229155382226
1,imagenet-1k,imagenet-1k,facebook/dinov2-base,Adam,0.01,Linear,linear,,,256,5,"[(5, 6), (9, 10)]",[],[],{},identity,identity,2,0.7463,0.6347,0.1115999999999999,250,0.0019,12997632,15.278229155382226
2,imagenet-1k,imagenet-1k,facebook/dinov2-base,Adam,0.01,Linear,linear,,,256,5,"[(5, 6), (9, 10)]",[],[],{},identity,identity,2,0.7375,0.6355,0.102,250,0.0019,12997632,15.278229155382226
3,imagenet-1k,imagenet-1k,facebook/dinov2-base,Adam,0.01,Linear,linear,,,256,5,"[(5, 6), (9, 10)]",[],[],{},identity,identity,2,0.7445,0.6352,0.1093,250,0.0019,12997632,15.278229155382226
4,imagenet-1k,imagenet-1k,facebook/dinov2-base,Adam,0.01,Linear,linear,,,256,5,"[(5, 6), (9, 10)]",[],[],{},identity,identity,2,0.7451,0.633,0.1120999999999999,250,0.0019,12997632,15.278229155382226
5,imagenet-1k,imagenet-1k,facebook/dinov2-base,Adam,0.01,Linear,linear,,,256,5,"[(5, 6), (9, 10)]",[],[],{},identity,identity,2,0.7419,0.6263,0.1156,250,0.0019,12997632,15.278229155382226
1,imagenet-1k,imagenet-1k,facebook/dinov2-base,Adam,0.01,Linear,linear,,,256,5,"[(6, 7), (10, 11)]",[],[],{},identity,identity,2,0.7463,0.6003,0.146,250,0.0019,12997632,15.278229155382226
2,imagenet-1k,imagenet-1k,facebook/dinov2-base,Adam,0.01,Linear,linear,,,256,5,"[(6, 7), (10, 11)]",[],[],{},identity,identity,2,0.7375,0.5988,0.1387,250,0.0019,12997632,15.278229155382226
3,imagenet-1k,imagenet-1k,facebook/dinov2-base,Adam,0.01,Linear,linear,,,256,5,"[(6, 7), (10, 11)]",[],[],{},identity,identity,2,0.7445,0.6044,0.1401,250,0.0019,12997632,15.278229155382226
4,imagenet-1k,imagenet-1k,facebook/dinov2-base,Adam,0.01,Linear,linear,,,256,5,"[(6, 7), (10, 11)]",[],[],{},identity,identity,2,0.7451,0.6047,0.1403999999999999,250,0.0019,12997632,15.278229155382226
5,imagenet-1k,imagenet-1k,facebook/dinov2-base,Adam,0.01,Linear,linear,,,256,5,"[(6, 7), (10, 11)]",[],[],{},identity,identity,2,0.7419,0.605,0.1369,250,0.0019,12997632,15.278229155382226
1,imagenet-1k,imagenet-1k,facebook/dinov2-base,Adam,0.01,Linear,linear,,,256,5,"[(0, 1), (5, 6)]",[],[],{},identity,identity,2,0.7463,0.72,0.0262999999999999,250,0.0019,12997632,15.278229155382226
2,imagenet-1k,imagenet-1k,facebook/dinov2-base,Adam,0.01,Linear,linear,,,256,5,"[(0, 1), (5, 6)]",[],[],{},identity,identity,2,0.7375,0.7138,0.0237,250,0.0019,12997632,15.278229155382226
3,imagenet-1k,imagenet-1k,facebook/dinov2-base,Adam,0.01,Linear,linear,,,256,5,"[(0, 1), (5, 6)]",[],[],{},identity,identity,2,0.7445,0.7187,0.0258,250,0.0019,12997632,15.278229155382226
4,imagenet-1k,imagenet-1k,facebook/dinov2-base,Adam,0.01,Linear,linear,,,256,5,"[(0, 1), (5, 6)]",[],[],{},identity,identity,2,0.7451,0.7201,0.025,250,0.0019,12997632,15.278229155382226
5,imagenet-1k,imagenet-1k,facebook/dinov2-base,Adam,0.01,Linear,linear,,,256,5,"[(0, 1), (5, 6)]",[],[],{},identity,identity,2,0.7419,0.7278,0.0141,250,0.0019,12997632,15.278229155382226
1,imagenet-1k,imagenet-1k,facebook/dinov2-base,Adam,0.01,Linear,linear,,,256,5,"[(1, 2), (6, 7)]",[],[],{},identity,identity,2,0.7463,0.6943,0.0519999999999999,250,0.0019,12997632,15.278229155382226
2,imagenet-1k,imagenet-1k,facebook/dinov2-base,Adam,0.01,Linear,linear,,,256,5,"[(1, 2), (6, 7)]",[],[],{},identity,identity,2,0.7375,0.6919,0.0456,250,0.0019,12997632,15.278229155382226
3,imagenet-1k,imagenet-1k,facebook/dinov2-base,Adam,0.01,Linear,linear,,,256,5,"[(1, 2), (6, 7)]",[],[],{},identity,identity,2,0.7445,0.6917,0.0528,250,0.0019,12997632,15.278229155382226
4,imagenet-1k,imagenet-1k,facebook/dinov2-base,Adam,0.01,Linear,linear,,,256,5,"[(1, 2), (6, 7)]",[],[],{},identity,identity,2,0.7451,0.6869,0.0582,250,0.0019,12997632,15.278229155382226
5,imagenet-1k,imagenet-1k,facebook/dinov2-base,Adam,0.01,Linear,linear,,,256,5,"[(1, 2), (6, 7)]",[],[],{},identity,identity,2,0.7419,0.6884,0.0534999999999999,250,0.0019,12997632,15.278229155382226
1,imagenet-1k,imagenet-1k,facebook/dinov2-base,Adam,0.01,Linear,linear,,,256,5,"[(2, 3), (7, 8)]",[],[],{},identity,identity,2,0.7463,0.5494,0.1968999999999999,250,0.0019,12997632,15.278229155382226
2,imagenet-1k,imagenet-1k,facebook/dinov2-base,Adam,0.01,Linear,linear,,,256,5,"[(2, 3), (7, 8)]",[],[],{},identity,identity,2,0.7375,0.5436,0.1939,250,0.0019,12997632,15.278229155382226
3,imagenet-1k,imagenet-1k,facebook/dinov2-base,Adam,0.01,Linear,linear,,,256,5,"[(2, 3), (7, 8)]",[],[],{},identity,identity,2,0.7445,0.5458,0.1987000000000001,250,0.0019,12997632,15.278229155382226
4,imagenet-1k,imagenet-1k,facebook/dinov2-base,Adam,0.01,Linear,linear,,,256,5,"[(2, 3), (7, 8)]",[],[],{},identity,identity,2,0.7451,0.5496,0.1955,250,0.0019,12997632,15.278229155382226
5,imagenet-1k,imagenet-1k,facebook/dinov2-base,Adam,0.01,Linear,linear,,,256,5,"[(2, 3), (7, 8)]",[],[],{},identity,identity,2,0.7419,0.5439,0.1979999999999999,250,0.0019,12997632,15.278229155382226
1,imagenet-1k,imagenet-1k,facebook/dinov2-base,Adam,0.01,Linear,linear,,,256,5,"[(3, 4), (8, 9)]",[],[],{},identity,identity,2,0.7463,0.6604,0.0858999999999999,250,0.0019,12997632,15.278229155382226
2,imagenet-1k,imagenet-1k,facebook/dinov2-base,Adam,0.01,Linear,linear,,,256,5,"[(3, 4), (8, 9)]",[],[],{},identity,identity,2,0.7375,0.6688,0.0687000000000001,250,0.0019,12997632,15.278229155382226
3,imagenet-1k,imagenet-1k,facebook/dinov2-base,Adam,0.01,Linear,linear,,,256,5,"[(3, 4), (8, 9)]",[],[],{},identity,identity,2,0.7445,0.6714,0.0731,250,0.0019,12997632,15.278229155382226
4,imagenet-1k,imagenet-1k,facebook/dinov2-base,Adam,0.01,Linear,linear,,,256,5,"[(3, 4), (8, 9)]",[],[],{},identity,identity,2,0.7451,0.6688,0.0763,250,0.0019,12997632,15.278229155382226
5,imagenet-1k,imagenet-1k,facebook/dinov2-base,Adam,0.01,Linear,linear,,,256,5,"[(3, 4), (8, 9)]",[],[],{},identity,identity,2,0.7419,0.6631,0.0787999999999999,250,0.0019,12997632,15.278229155382226
1,imagenet-1k,imagenet-1k,facebook/dinov2-base,Adam,0.01,Linear,linear,,,256,5,"[(4, 5), (9, 10)]",[],[],{},identity,identity,2,0.7463,0.6347,0.1115999999999999,250,0.0019,12997632,15.278229155382226
2,imagenet-1k,imagenet-1k,facebook/dinov2-base,Adam,0.01,Linear,linear,,,256,5,"[(4, 5), (9, 10)]",[],[],{},identity,identity,2,0.7375,0.6301,0.1074,250,0.0019,12997632,15.278229155382226
3,imagenet-1k,imagenet-1k,facebook/dinov2-base,Adam,0.01,Linear,linear,,,256,5,"[(4, 5), (9, 10)]",[],[],{},identity,identity,2,0.7445,0.6324,0.1121,250,0.0019,12997632,15.278229155382226
4,imagenet-1k,imagenet-1k,facebook/dinov2-base,Adam,0.01,Linear,linear,,,256,5,"[(4, 5), (9, 10)]",[],[],{},identity,identity,2,0.7451,0.6293,0.1158,250,0.0019,12997632,15.278229155382226
5,imagenet-1k,imagenet-1k,facebook/dinov2-base,Adam,0.01,Linear,linear,,,256,5,"[(4, 5), (9, 10)]",[],[],{},identity,identity,2,0.7419,0.6353,0.1066,250,0.0019,12997632,15.278229155382226
1,imagenet-1k,imagenet-1k,facebook/dinov2-base,Adam,0.01,Linear,linear,,,256,5,"[(5, 6), (10, 11)]",[],[],{},identity,identity,2,0.7463,0.6195,0.1267999999999999,250,0.0019,12997632,15.278229155382226
2,imagenet-1k,imagenet-1k,facebook/dinov2-base,Adam,0.01,Linear,linear,,,256,5,"[(5, 6), (10, 11)]",[],[],{},identity,identity,2,0.7375,0.6153,0.1222,250,0.0019,12997632,15.278229155382226
3,imagenet-1k,imagenet-1k,facebook/dinov2-base,Adam,0.01,Linear,linear,,,256,5,"[(5, 6), (10, 11)]",[],[],{},identity,identity,2,0.7445,0.6113,0.1332000000000001,250,0.0019,12997632,15.278229155382226
4,imagenet-1k,imagenet-1k,facebook/dinov2-base,Adam,0.01,Linear,linear,,,256,5,"[(5, 6), (10, 11)]",[],[],{},identity,identity,2,0.7451,0.6151,0.13,250,0.0019,12997632,15.278229155382226
5,imagenet-1k,imagenet-1k,facebook/dinov2-base,Adam,0.01,Linear,linear,,,256,5,"[(5, 6), (10, 11)]",[],[],{},identity,identity,2,0.7419,0.6162,0.1257,250,0.0019,12997632,15.278229155382226
1,imagenet-1k,imagenet-1k,facebook/dinov2-base,Adam,0.01,Linear,linear,,,256,5,"[(0, 1), (6, 7)]",[],[],{},identity,identity,2,0.7463,0.7163,0.0299999999999999,250,0.0019,12997632,15.278229155382226
2,imagenet-1k,imagenet-1k,facebook/dinov2-base,Adam,0.01,Linear,linear,,,256,5,"[(0, 1), (6, 7)]",[],[],{},identity,identity,2,0.7375,0.7161,0.0214,250,0.0019,12997632,15.278229155382226
3,imagenet-1k,imagenet-1k,facebook/dinov2-base,Adam,0.01,Linear,linear,,,256,5,"[(0, 1), (6, 7)]",[],[],{},identity,identity,2,0.7445,0.7177,0.0268,250,0.0019,12997632,15.278229155382226
4,imagenet-1k,imagenet-1k,facebook/dinov2-base,Adam,0.01,Linear,linear,,,256,5,"[(0, 1), (6, 7)]",[],[],{},identity,identity,2,0.7451,0.7115,0.0335999999999999,250,0.0019,12997632,15.278229155382226
5,imagenet-1k,imagenet-1k,facebook/dinov2-base,Adam,0.01,Linear,linear,,,256,5,"[(0, 1), (6, 7)]",[],[],{},identity,identity,2,0.7419,0.717,0.0249,250,0.0019,12997632,15.278229155382226
1,imagenet-1k,imagenet-1k,facebook/dinov2-base,Adam,0.01,Linear,linear,,,256,5,"[(1, 2), (7, 8)]",[],[],{},identity,identity,2,0.7463,0.5295,0.2168,250,0.0019,12997632,15.278229155382226
2,imagenet-1k,imagenet-1k,facebook/dinov2-base,Adam,0.01,Linear,linear,,,256,5,"[(1, 2), (7, 8)]",[],[],{},identity,identity,2,0.7375,0.5329,0.2046,250,0.0019,12997632,15.278229155382226
3,imagenet-1k,imagenet-1k,facebook/dinov2-base,Adam,0.01,Linear,linear,,,256,5,"[(1, 2), (7, 8)]",[],[],{},identity,identity,2,0.7445,0.5274,0.2171,250,0.0019,12997632,15.278229155382226
4,imagenet-1k,imagenet-1k,facebook/dinov2-base,Adam,0.01,Linear,linear,,,256,5,"[(1, 2), (7, 8)]",[],[],{},identity,identity,2,0.7451,0.5228,0.2222999999999999,250,0.0019,12997632,15.278229155382226
5,imagenet-1k,imagenet-1k,facebook/dinov2-base,Adam,0.01,Linear,linear,,,256,5,"[(1, 2), (7, 8)]",[],[],{},identity,identity,2,0.7419,0.5279,0.2139999999999999,250,0.0019,12997632,15.278229155382226
1,imagenet-1k,imagenet-1k,facebook/dinov2-base,Adam,0.01,Linear,linear,,,256,5,"[(2, 3), (8, 9)]",[],[],{},identity,identity,2,0.7463,0.667,0.0792999999999999,250,0.0019,12997632,15.278229155382226
2,imagenet-1k,imagenet-1k,facebook/dinov2-base,Adam,0.01,Linear,linear,,,256,5,"[(2, 3), (8, 9)]",[],[],{},identity,identity,2,0.7375,0.6686,0.0689,250,0.0019,12997632,15.278229155382226
3,imagenet-1k,imagenet-1k,facebook/dinov2-base,Adam,0.01,Linear,linear,,,256,5,"[(2, 3), (8, 9)]",[],[],{},identity,identity,2,0.7445,0.6724,0.0721,250,0.0019,12997632,15.278229155382226
4,imagenet-1k,imagenet-1k,facebook/dinov2-base,Adam,0.01,Linear,linear,,,256,5,"[(2, 3), (8, 9)]",[],[],{},identity,identity,2,0.7451,0.6703,0.0747999999999999,250,0.0019,12997632,15.278229155382226
5,imagenet-1k,imagenet-1k,facebook/dinov2-base,Adam,0.01,Linear,linear,,,256,5,"[(2, 3), (8, 9)]",[],[],{},identity,identity,2,0.7419,0.6698,0.0721,250,0.0019,12997632,15.278229155382226
1,imagenet-1k,imagenet-1k,facebook/dinov2-base,Adam,0.01,Linear,linear,,,256,5,"[(3, 4), (9, 10)]",[],[],{},identity,identity,2,0.7463,0.6444,0.1018999999999999,250,0.0019,12997632,15.278229155382226
2,imagenet-1k,imagenet-1k,facebook/dinov2-base,Adam,0.01,Linear,linear,,,256,5,"[(3, 4), (9, 10)]",[],[],{},identity,identity,2,0.7375,0.6413,0.0962,250,0.0019,12997632,15.278229155382226
3,imagenet-1k,imagenet-1k,facebook/dinov2-base,Adam,0.01,Linear,linear,,,256,5,"[(3, 4), (9, 10)]",[],[],{},identity,identity,2,0.7445,0.6429,0.1016,250,0.0019,12997632,15.278229155382226
4,imagenet-1k,imagenet-1k,facebook/dinov2-base,Adam,0.01,Linear,linear,,,256,5,"[(3, 4), (9, 10)]",[],[],{},identity,identity,2,0.7451,0.6447,0.1003999999999999,250,0.0019,12997632,15.278229155382226
5,imagenet-1k,imagenet-1k,facebook/dinov2-base,Adam,0.01,Linear,linear,,,256,5,"[(3, 4), (9, 10)]",[],[],{},identity,identity,2,0.7419,0.6421,0.0998,250,0.0019,12997632,15.278229155382226
1,imagenet-1k,imagenet-1k,facebook/dinov2-base,Adam,0.01,Linear,linear,,,256,5,"[(4, 5), (10, 11)]",[],[],{},identity,identity,2,0.7463,0.6203,0.126,250,0.0019,12997632,15.278229155382226
2,imagenet-1k,imagenet-1k,facebook/dinov2-base,Adam,0.01,Linear,linear,,,256,5,"[(4, 5), (10, 11)]",[],[],{},identity,identity,2,0.7375,0.6178,0.1197,250,0.0019,12997632,15.278229155382226
3,imagenet-1k,imagenet-1k,facebook/dinov2-base,Adam,0.01,Linear,linear,,,256,5,"[(4, 5), (10, 11)]",[],[],{},identity,identity,2,0.7445,0.6196,0.1249,250,0.0019,12997632,15.278229155382226
4,imagenet-1k,imagenet-1k,facebook/dinov2-base,Adam,0.01,Linear,linear,,,256,5,"[(4, 5), (10, 11)]",[],[],{},identity,identity,2,0.7451,0.6153,0.1298,250,0.0019,12997632,15.278229155382226
5,imagenet-1k,imagenet-1k,facebook/dinov2-base,Adam,0.01,Linear,linear,,,256,5,"[(4, 5), (10, 11)]",[],[],{},identity,identity,2,0.7419,0.6163,0.1256,250,0.0019,12997632,15.278229155382226
1,imagenet-1k,imagenet-1k,facebook/dinov2-base,Adam,0.01,Linear,linear,,,256,5,"[(0, 1), (7, 8)]",[],[],{},identity,identity,2,0.7463,0.5516,0.1946999999999999,250,0.0019,12997632,15.278229155382226
2,imagenet-1k,imagenet-1k,facebook/dinov2-base,Adam,0.01,Linear,linear,,,256,5,"[(0, 1), (7, 8)]",[],[],{},identity,identity,2,0.7375,0.5549,0.1826000000000001,250,0.0019,12997632,15.278229155382226
3,imagenet-1k,imagenet-1k,facebook/dinov2-base,Adam,0.01,Linear,linear,,,256,5,"[(0, 1), (7, 8)]",[],[],{},identity,identity,2,0.7445,0.5565,0.188,250,0.0019,12997632,15.278229155382226
4,imagenet-1k,imagenet-1k,facebook/dinov2-base,Adam,0.01,Linear,linear,,,256,5,"[(0, 1), (7, 8)]",[],[],{},identity,identity,2,0.7451,0.5485,0.1966,250,0.0019,12997632,15.278229155382226
5,imagenet-1k,imagenet-1k,facebook/dinov2-base,Adam,0.01,Linear,linear,,,256,5,"[(0, 1), (7, 8)]",[],[],{},identity,identity,2,0.7419,0.554,0.1878999999999999,250,0.0019,12997632,15.278229155382226
1,imagenet-1k,imagenet-1k,facebook/dinov2-base,Adam,0.01,Linear,linear,,,256,5,"[(1, 2), (8, 9)]",[],[],{},identity,identity,2,0.7463,0.6673,0.0789999999999999,250,0.0019,12997632,15.278229155382226
2,imagenet-1k,imagenet-1k,facebook/dinov2-base,Adam,0.01,Linear,linear,,,256,5,"[(1, 2), (8, 9)]",[],[],{},identity,identity,2,0.7375,0.6554,0.0821,250,0.0019,12997632,15.278229155382226
3,imagenet-1k,imagenet-1k,facebook/dinov2-base,Adam,0.01,Linear,linear,,,256,5,"[(1, 2), (8, 9)]",[],[],{},identity,identity,2,0.7445,0.6569,0.0876,250,0.0019,12997632,15.278229155382226
4,imagenet-1k,imagenet-1k,facebook/dinov2-base,Adam,0.01,Linear,linear,,,256,5,"[(1, 2), (8, 9)]",[],[],{},identity,identity,2,0.7451,0.6564,0.0887,250,0.0019,12997632,15.278229155382226
5,imagenet-1k,imagenet-1k,facebook/dinov2-base,Adam,0.01,Linear,linear,,,256,5,"[(1, 2), (8, 9)]",[],[],{},identity,identity,2,0.7419,0.6544,0.0875,250,0.0019,12997632,15.278229155382226
1,imagenet-1k,imagenet-1k,facebook/dinov2-base,Adam,0.01,Linear,linear,,,256,5,"[(2, 3), (9, 10)]",[],[],{},identity,identity,2,0.7463,0.6369,0.1093999999999999,250,0.0019,12997632,15.278229155382226
2,imagenet-1k,imagenet-1k,facebook/dinov2-base,Adam,0.01,Linear,linear,,,256,5,"[(2, 3), (9, 10)]",[],[],{},identity,identity,2,0.7375,0.6442,0.0933,250,0.0019,12997632,15.278229155382226
3,imagenet-1k,imagenet-1k,facebook/dinov2-base,Adam,0.01,Linear,linear,,,256,5,"[(2, 3), (9, 10)]",[],[],{},identity,identity,2,0.7445,0.6474,0.0971,250,0.0019,12997632,15.278229155382226
4,imagenet-1k,imagenet-1k,facebook/dinov2-base,Adam,0.01,Linear,linear,,,256,5,"[(2, 3), (9, 10)]",[],[],{},identity,identity,2,0.7451,0.6382,0.1069,250,0.0019,12997632,15.278229155382226
5,imagenet-1k,imagenet-1k,facebook/dinov2-base,Adam,0.01,Linear,linear,,,256,5,"[(2, 3), (9, 10)]",[],[],{},identity,identity,2,0.7419,0.6479,0.0939999999999999,250,0.0019,12997632,15.278229155382226
1,imagenet-1k,imagenet-1k,facebook/dinov2-base,Adam,0.01,Linear,linear,,,256,5,"[(3, 4), (10, 11)]",[],[],{},identity,identity,2,0.7463,0.6198,0.1264999999999999,250,0.0019,12997632,15.278229155382226
2,imagenet-1k,imagenet-1k,facebook/dinov2-base,Adam,0.01,Linear,linear,,,256,5,"[(3, 4), (10, 11)]",[],[],{},identity,identity,2,0.7375,0.626,0.1115,250,0.0019,12997632,15.278229155382226
3,imagenet-1k,imagenet-1k,facebook/dinov2-base,Adam,0.01,Linear,linear,,,256,5,"[(3, 4), (10, 11)]",[],[],{},identity,identity,2,0.7445,0.6216,0.1229,250,0.0019,12997632,15.278229155382226
4,imagenet-1k,imagenet-1k,facebook/dinov2-base,Adam,0.01,Linear,linear,,,256,5,"[(3, 4), (10, 11)]",[],[],{},identity,identity,2,0.7451,0.6269,0.1181999999999999,250,0.0019,12997632,15.278229155382226
5,imagenet-1k,imagenet-1k,facebook/dinov2-base,Adam,0.01,Linear,linear,,,256,5,"[(3, 4), (10, 11)]",[],[],{},identity,identity,2,0.7419,0.6216,0.1202999999999999,250,0.0019,12997632,15.278229155382226
1,imagenet-1k,imagenet-1k,facebook/dinov2-base,Adam,0.01,Linear,linear,,,256,5,"[(0, 1), (8, 9)]",[],[],{},identity,identity,2,0.7463,0.6849,0.0614,250,0.0019,12997632,15.278229155382226
2,imagenet-1k,imagenet-1k,facebook/dinov2-base,Adam,0.01,Linear,linear,,,256,5,"[(0, 1), (8, 9)]",[],[],{},identity,identity,2,0.7375,0.6802,0.0573,250,0.0019,12997632,15.278229155382226
3,imagenet-1k,imagenet-1k,facebook/dinov2-base,Adam,0.01,Linear,linear,,,256,5,"[(0, 1), (8, 9)]",[],[],{},identity,identity,2,0.7445,0.6805,0.064,250,0.0019,12997632,15.278229155382226
4,imagenet-1k,imagenet-1k,facebook/dinov2-base,Adam,0.01,Linear,linear,,,256,5,"[(0, 1), (8, 9)]",[],[],{},identity,identity,2,0.7451,0.6797,0.0654,250,0.0019,12997632,15.278229155382226
5,imagenet-1k,imagenet-1k,facebook/dinov2-base,Adam,0.01,Linear,linear,,,256,5,"[(0, 1), (8, 9)]",[],[],{},identity,identity,2,0.7419,0.6799,0.062,250,0.0019,12997632,15.278229155382226
1,imagenet-1k,imagenet-1k,facebook/dinov2-base,Adam,0.01,Linear,linear,,,256,5,"[(1, 2), (9, 10)]",[],[],{},identity,identity,2,0.7463,0.6266,0.1196999999999999,250,0.0019,12997632,15.278229155382226
2,imagenet-1k,imagenet-1k,facebook/dinov2-base,Adam,0.01,Linear,linear,,,256,5,"[(1, 2), (9, 10)]",[],[],{},identity,identity,2,0.7375,0.6327,0.1048,250,0.0019,12997632,15.278229155382226
3,imagenet-1k,imagenet-1k,facebook/dinov2-base,Adam,0.01,Linear,linear,,,256,5,"[(1, 2), (9, 10)]",[],[],{},identity,identity,2,0.7445,0.6365,0.1080000000000001,250,0.0019,12997632,15.278229155382226
4,imagenet-1k,imagenet-1k,facebook/dinov2-base,Adam,0.01,Linear,linear,,,256,5,"[(1, 2), (9, 10)]",[],[],{},identity,identity,2,0.7451,0.6249,0.1201999999999999,250,0.0019,12997632,15.278229155382226
5,imagenet-1k,imagenet-1k,facebook/dinov2-base,Adam,0.01,Linear,linear,,,256,5,"[(1, 2), (9, 10)]",[],[],{},identity,identity,2,0.7419,0.6342,0.1077,250,0.0019,12997632,15.278229155382226
1,imagenet-1k,imagenet-1k,facebook/dinov2-base,Adam,0.01,Linear,linear,,,256,5,"[(2, 3), (10, 11)]",[],[],{},identity,identity,2,0.7463,0.6248,0.1214999999999999,250,0.0019,12997632,15.278229155382226
2,imagenet-1k,imagenet-1k,facebook/dinov2-base,Adam,0.01,Linear,linear,,,256,5,"[(2, 3), (10, 11)]",[],[],{},identity,identity,2,0.7375,0.6215,0.1159999999999999,250,0.0019,12997632,15.278229155382226
3,imagenet-1k,imagenet-1k,facebook/dinov2-base,Adam,0.01,Linear,linear,,,256,5,"[(2, 3), (10, 11)]",[],[],{},identity,identity,2,0.7445,0.6234,0.1211000000000001,250,0.0019,12997632,15.278229155382226
4,imagenet-1k,imagenet-1k,facebook/dinov2-base,Adam,0.01,Linear,linear,,,256,5,"[(2, 3), (10, 11)]",[],[],{},identity,identity,2,0.7451,0.6269,0.1181999999999999,250,0.0019,12997632,15.278229155382226
5,imagenet-1k,imagenet-1k,facebook/dinov2-base,Adam,0.01,Linear,linear,,,256,5,"[(2, 3), (10, 11)]",[],[],{},identity,identity,2,0.7419,0.6285,0.1134,250,0.0019,12997632,15.278229155382226
1,imagenet-1k,imagenet-1k,facebook/dinov2-base,Adam,0.01,Linear,linear,,,256,5,"[(0, 1), (9, 10)]",[],[],{},identity,identity,2,0.7463,0.6464,0.0998999999999999,250,0.0019,12997632,15.278229155382226
2,imagenet-1k,imagenet-1k,facebook/dinov2-base,Adam,0.01,Linear,linear,,,256,5,"[(0, 1), (9, 10)]",[],[],{},identity,identity,2,0.7375,0.6513,0.0862,250,0.0019,12997632,15.278229155382226
3,imagenet-1k,imagenet-1k,facebook/dinov2-base,Adam,0.01,Linear,linear,,,256,5,"[(0, 1), (9, 10)]",[],[],{},identity,identity,2,0.7445,0.6483,0.0962,250,0.0019,12997632,15.278229155382226
4,imagenet-1k,imagenet-1k,facebook/dinov2-base,Adam,0.01,Linear,linear,,,256,5,"[(0, 1), (9, 10)]",[],[],{},identity,identity,2,0.7451,0.6366,0.1084999999999999,250,0.0019,12997632,15.278229155382226
5,imagenet-1k,imagenet-1k,facebook/dinov2-base,Adam,0.01,Linear,linear,,,256,5,"[(0, 1), (9, 10)]",[],[],{},identity,identity,2,0.7419,0.6488,0.0930999999999999,250,0.0019,12997632,15.278229155382226
1,imagenet-1k,imagenet-1k,facebook/dinov2-base,Adam,0.01,Linear,linear,,,256,5,"[(1, 2), (10, 11)]",[],[],{},identity,identity,2,0.7463,0.6089,0.1373999999999999,250,0.0019,12997632,15.278229155382226
2,imagenet-1k,imagenet-1k,facebook/dinov2-base,Adam,0.01,Linear,linear,,,256,5,"[(1, 2), (10, 11)]",[],[],{},identity,identity,2,0.7375,0.6107,0.1268,250,0.0019,12997632,15.278229155382226
3,imagenet-1k,imagenet-1k,facebook/dinov2-base,Adam,0.01,Linear,linear,,,256,5,"[(1, 2), (10, 11)]",[],[],{},identity,identity,2,0.7445,0.6063,0.1382000000000001,250,0.0019,12997632,15.278229155382226
4,imagenet-1k,imagenet-1k,facebook/dinov2-base,Adam,0.01,Linear,linear,,,256,5,"[(1, 2), (10, 11)]",[],[],{},identity,identity,2,0.7451,0.6128,0.1322999999999999,250,0.0019,12997632,15.278229155382226
5,imagenet-1k,imagenet-1k,facebook/dinov2-base,Adam,0.01,Linear,linear,,,256,5,"[(1, 2), (10, 11)]",[],[],{},identity,identity,2,0.7419,0.6167,0.1251999999999999,250,0.0019,12997632,15.278229155382226
1,imagenet-1k,imagenet-1k,facebook/dinov2-base,Adam,0.01,Linear,linear,,,256,5,"[(0, 1), (10, 11)]",[],[],{},identity,identity,2,0.7463,0.625,0.1212999999999999,250,0.0019,12997632,15.278229155382226
2,imagenet-1k,imagenet-1k,facebook/dinov2-base,Adam,0.01,Linear,linear,,,256,5,"[(0, 1), (10, 11)]",[],[],{},identity,identity,2,0.7375,0.6262,0.1113,250,0.0019,12997632,15.278229155382226
3,imagenet-1k,imagenet-1k,facebook/dinov2-base,Adam,0.01,Linear,linear,,,256,5,"[(0, 1), (10, 11)]",[],[],{},identity,identity,2,0.7445,0.6341,0.1104,250,0.0019,12997632,15.278229155382226
4,imagenet-1k,imagenet-1k,facebook/dinov2-base,Adam,0.01,Linear,linear,,,256,5,"[(0, 1), (10, 11)]",[],[],{},identity,identity,2,0.7451,0.6217,0.1233999999999999,250,0.0019,12997632,15.278229155382226
5,imagenet-1k,imagenet-1k,facebook/dinov2-base,Adam,0.01,Linear,linear,,,256,5,"[(0, 1), (10, 11)]",[],[],{},identity,identity,2,0.7419,0.627,0.1149,250,0.0019,12997632,15.278229155382226
