seed,dataset,fit_dataset,model,optimizer,lr,classifier,translator,translator_method,translator_rank,batch_size,num_epochs,approx_layer,mlp_linearize,attn_linearize,head_dict,mlp_mode,attn_mode,num_layers,original_accuracy,accuracy,delta_acc,num_samples,majority_class_rate,params_saved,params_saved_pct
1,imagenet-1k,imagenet-1k,google/vit-large-patch16-224,Adam,0.01,Linear,identity,,,256,5,[],[],[],{},identity,identity,0,0.7864,0.7864,0.0,250,0.0019,0,0.0
2,imagenet-1k,imagenet-1k,google/vit-large-patch16-224,Adam,0.01,Linear,identity,,,256,5,[],[],[],{},identity,identity,0,0.7835,0.7835,0.0,250,0.0019,0,0.0
3,imagenet-1k,imagenet-1k,google/vit-large-patch16-224,Adam,0.01,Linear,identity,,,256,5,[],[],[],{},identity,identity,0,0.7838,0.7838,0.0,250,0.0019,0,0.0
1,imagenet-1k,imagenet-1k,google/vit-large-patch16-224,Adam,0.01,Linear,identity,,,256,5,"[(0, 1)]",[],[],{},identity,identity,1,0.7864,0.7584,0.028,250,0.0019,12596224,4.166666666666667
2,imagenet-1k,imagenet-1k,google/vit-large-patch16-224,Adam,0.01,Linear,identity,,,256,5,"[(0, 1)]",[],[],{},identity,identity,1,0.7835,0.7623,0.0211999999999999,250,0.0019,12596224,4.166666666666667
3,imagenet-1k,imagenet-1k,google/vit-large-patch16-224,Adam,0.01,Linear,identity,,,256,5,"[(0, 1)]",[],[],{},identity,identity,1,0.7838,0.7656,0.0182000000000001,250,0.0019,12596224,4.166666666666667
1,imagenet-1k,imagenet-1k,google/vit-large-patch16-224,Adam,0.01,Linear,identity,,,256,5,"[(1, 2)]",[],[],{},identity,identity,1,0.7864,0.7699,0.0164999999999999,250,0.0019,12596224,4.166666666666667
2,imagenet-1k,imagenet-1k,google/vit-large-patch16-224,Adam,0.01,Linear,identity,,,256,5,"[(1, 2)]",[],[],{},identity,identity,1,0.7835,0.7664,0.0171,250,0.0019,12596224,4.166666666666667
3,imagenet-1k,imagenet-1k,google/vit-large-patch16-224,Adam,0.01,Linear,identity,,,256,5,"[(1, 2)]",[],[],{},identity,identity,1,0.7838,0.7633,0.0205,250,0.0019,12596224,4.166666666666667
1,imagenet-1k,imagenet-1k,google/vit-large-patch16-224,Adam,0.01,Linear,identity,,,256,5,"[(2, 3)]",[],[],{},identity,identity,1,0.7864,0.7713,0.0151,250,0.0019,12596224,4.166666666666667
2,imagenet-1k,imagenet-1k,google/vit-large-patch16-224,Adam,0.01,Linear,identity,,,256,5,"[(2, 3)]",[],[],{},identity,identity,1,0.7835,0.7722,0.0112999999999999,250,0.0019,12596224,4.166666666666667
3,imagenet-1k,imagenet-1k,google/vit-large-patch16-224,Adam,0.01,Linear,identity,,,256,5,"[(2, 3)]",[],[],{},identity,identity,1,0.7838,0.7688,0.015,250,0.0019,12596224,4.166666666666667
1,imagenet-1k,imagenet-1k,google/vit-large-patch16-224,Adam,0.01,Linear,identity,,,256,5,"[(3, 4)]",[],[],{},identity,identity,1,0.7864,0.7708,0.0155999999999999,250,0.0019,12596224,4.166666666666667
2,imagenet-1k,imagenet-1k,google/vit-large-patch16-224,Adam,0.01,Linear,identity,,,256,5,"[(3, 4)]",[],[],{},identity,identity,1,0.7835,0.7737,0.0097999999999999,250,0.0019,12596224,4.166666666666667
3,imagenet-1k,imagenet-1k,google/vit-large-patch16-224,Adam,0.01,Linear,identity,,,256,5,"[(3, 4)]",[],[],{},identity,identity,1,0.7838,0.7729,0.0109,250,0.0019,12596224,4.166666666666667
1,imagenet-1k,imagenet-1k,google/vit-large-patch16-224,Adam,0.01,Linear,identity,,,256,5,"[(4, 5)]",[],[],{},identity,identity,1,0.7864,0.7717,0.0146999999999999,250,0.0019,12596224,4.166666666666667
2,imagenet-1k,imagenet-1k,google/vit-large-patch16-224,Adam,0.01,Linear,identity,,,256,5,"[(4, 5)]",[],[],{},identity,identity,1,0.7835,0.7702,0.0132999999999999,250,0.0019,12596224,4.166666666666667
3,imagenet-1k,imagenet-1k,google/vit-large-patch16-224,Adam,0.01,Linear,identity,,,256,5,"[(4, 5)]",[],[],{},identity,identity,1,0.7838,0.7692,0.0146,250,0.0019,12596224,4.166666666666667
1,imagenet-1k,imagenet-1k,google/vit-large-patch16-224,Adam,0.01,Linear,identity,,,256,5,"[(5, 6)]",[],[],{},identity,identity,1,0.7864,0.7793,0.0070999999999999,250,0.0019,12596224,4.166666666666667
2,imagenet-1k,imagenet-1k,google/vit-large-patch16-224,Adam,0.01,Linear,identity,,,256,5,"[(5, 6)]",[],[],{},identity,identity,1,0.7835,0.7784,0.0050999999999999,250,0.0019,12596224,4.166666666666667
3,imagenet-1k,imagenet-1k,google/vit-large-patch16-224,Adam,0.01,Linear,identity,,,256,5,"[(5, 6)]",[],[],{},identity,identity,1,0.7838,0.7722,0.0116,250,0.0019,12596224,4.166666666666667
1,imagenet-1k,imagenet-1k,google/vit-large-patch16-224,Adam,0.01,Linear,identity,,,256,5,"[(6, 7)]",[],[],{},identity,identity,1,0.7864,0.775,0.0113999999999999,250,0.0019,12596224,4.166666666666667
2,imagenet-1k,imagenet-1k,google/vit-large-patch16-224,Adam,0.01,Linear,identity,,,256,5,"[(6, 7)]",[],[],{},identity,identity,1,0.7835,0.7777,0.0058,250,0.0019,12596224,4.166666666666667
3,imagenet-1k,imagenet-1k,google/vit-large-patch16-224,Adam,0.01,Linear,identity,,,256,5,"[(6, 7)]",[],[],{},identity,identity,1,0.7838,0.779,0.0048,250,0.0019,12596224,4.166666666666667
1,imagenet-1k,imagenet-1k,google/vit-large-patch16-224,Adam,0.01,Linear,identity,,,256,5,"[(7, 8)]",[],[],{},identity,identity,1,0.7864,0.7787,0.0077,250,0.0019,12596224,4.166666666666667
2,imagenet-1k,imagenet-1k,google/vit-large-patch16-224,Adam,0.01,Linear,identity,,,256,5,"[(7, 8)]",[],[],{},identity,identity,1,0.7835,0.7744,0.0090999999999999,250,0.0019,12596224,4.166666666666667
3,imagenet-1k,imagenet-1k,google/vit-large-patch16-224,Adam,0.01,Linear,identity,,,256,5,"[(7, 8)]",[],[],{},identity,identity,1,0.7838,0.7719,0.0119,250,0.0019,12596224,4.166666666666667
1,imagenet-1k,imagenet-1k,google/vit-large-patch16-224,Adam,0.01,Linear,identity,,,256,5,"[(8, 9)]",[],[],{},identity,identity,1,0.7864,0.7794,0.007,250,0.0019,12596224,4.166666666666667
2,imagenet-1k,imagenet-1k,google/vit-large-patch16-224,Adam,0.01,Linear,identity,,,256,5,"[(8, 9)]",[],[],{},identity,identity,1,0.7835,0.7774,0.0060999999999999,250,0.0019,12596224,4.166666666666667
3,imagenet-1k,imagenet-1k,google/vit-large-patch16-224,Adam,0.01,Linear,identity,,,256,5,"[(8, 9)]",[],[],{},identity,identity,1,0.7838,0.7729,0.0109,250,0.0019,12596224,4.166666666666667
1,imagenet-1k,imagenet-1k,google/vit-large-patch16-224,Adam,0.01,Linear,identity,,,256,5,"[(9, 10)]",[],[],{},identity,identity,1,0.7864,0.7779,0.0084999999999999,250,0.0019,12596224,4.166666666666667
2,imagenet-1k,imagenet-1k,google/vit-large-patch16-224,Adam,0.01,Linear,identity,,,256,5,"[(9, 10)]",[],[],{},identity,identity,1,0.7835,0.7746,0.0089,250,0.0019,12596224,4.166666666666667
3,imagenet-1k,imagenet-1k,google/vit-large-patch16-224,Adam,0.01,Linear,identity,,,256,5,"[(9, 10)]",[],[],{},identity,identity,1,0.7838,0.7731,0.0107,250,0.0019,12596224,4.166666666666667
1,imagenet-1k,imagenet-1k,google/vit-large-patch16-224,Adam,0.01,Linear,identity,,,256,5,"[(10, 11)]",[],[],{},identity,identity,1,0.7864,0.7731,0.0132999999999999,250,0.0019,12596224,4.166666666666667
2,imagenet-1k,imagenet-1k,google/vit-large-patch16-224,Adam,0.01,Linear,identity,,,256,5,"[(10, 11)]",[],[],{},identity,identity,1,0.7835,0.7789,0.0045999999999999,250,0.0019,12596224,4.166666666666667
3,imagenet-1k,imagenet-1k,google/vit-large-patch16-224,Adam,0.01,Linear,identity,,,256,5,"[(10, 11)]",[],[],{},identity,identity,1,0.7838,0.7739,0.0099,250,0.0019,12596224,4.166666666666667
1,imagenet-1k,imagenet-1k,google/vit-large-patch16-224,Adam,0.01,Linear,identity,,,256,5,"[(11, 12)]",[],[],{},identity,identity,1,0.7864,0.7755,0.0109,250,0.0019,12596224,4.166666666666667
2,imagenet-1k,imagenet-1k,google/vit-large-patch16-224,Adam,0.01,Linear,identity,,,256,5,"[(11, 12)]",[],[],{},identity,identity,1,0.7835,0.7749,0.0085999999999999,250,0.0019,12596224,4.166666666666667
3,imagenet-1k,imagenet-1k,google/vit-large-patch16-224,Adam,0.01,Linear,identity,,,256,5,"[(11, 12)]",[],[],{},identity,identity,1,0.7838,0.7726,0.0112,250,0.0019,12596224,4.166666666666667
1,imagenet-1k,imagenet-1k,google/vit-large-patch16-224,Adam,0.01,Linear,identity,,,256,5,"[(12, 13)]",[],[],{},identity,identity,1,0.7864,0.7737,0.0126999999999999,250,0.0019,12596224,4.166666666666667
2,imagenet-1k,imagenet-1k,google/vit-large-patch16-224,Adam,0.01,Linear,identity,,,256,5,"[(12, 13)]",[],[],{},identity,identity,1,0.7835,0.7756,0.0079,250,0.0019,12596224,4.166666666666667
3,imagenet-1k,imagenet-1k,google/vit-large-patch16-224,Adam,0.01,Linear,identity,,,256,5,"[(12, 13)]",[],[],{},identity,identity,1,0.7838,0.7731,0.0107,250,0.0019,12596224,4.166666666666667
1,imagenet-1k,imagenet-1k,google/vit-large-patch16-224,Adam,0.01,Linear,identity,,,256,5,"[(13, 14)]",[],[],{},identity,identity,1,0.7864,0.7763,0.0100999999999999,250,0.0019,12596224,4.166666666666667
2,imagenet-1k,imagenet-1k,google/vit-large-patch16-224,Adam,0.01,Linear,identity,,,256,5,"[(13, 14)]",[],[],{},identity,identity,1,0.7835,0.7759,0.0075999999999999,250,0.0019,12596224,4.166666666666667
3,imagenet-1k,imagenet-1k,google/vit-large-patch16-224,Adam,0.01,Linear,identity,,,256,5,"[(13, 14)]",[],[],{},identity,identity,1,0.7838,0.7769,0.0069,250,0.0019,12596224,4.166666666666667
1,imagenet-1k,imagenet-1k,google/vit-large-patch16-224,Adam,0.01,Linear,identity,,,256,5,"[(14, 15)]",[],[],{},identity,identity,1,0.7864,0.7778,0.0085999999999999,250,0.0019,12596224,4.166666666666667
2,imagenet-1k,imagenet-1k,google/vit-large-patch16-224,Adam,0.01,Linear,identity,,,256,5,"[(14, 15)]",[],[],{},identity,identity,1,0.7835,0.7782,0.0052999999999999,250,0.0019,12596224,4.166666666666667
3,imagenet-1k,imagenet-1k,google/vit-large-patch16-224,Adam,0.01,Linear,identity,,,256,5,"[(14, 15)]",[],[],{},identity,identity,1,0.7838,0.7811,0.0027,250,0.0019,12596224,4.166666666666667
1,imagenet-1k,imagenet-1k,google/vit-large-patch16-224,Adam,0.01,Linear,identity,,,256,5,"[(15, 16)]",[],[],{},identity,identity,1,0.7864,0.7787,0.0077,250,0.0019,12596224,4.166666666666667
2,imagenet-1k,imagenet-1k,google/vit-large-patch16-224,Adam,0.01,Linear,identity,,,256,5,"[(15, 16)]",[],[],{},identity,identity,1,0.7835,0.7763,0.0071999999999999,250,0.0019,12596224,4.166666666666667
3,imagenet-1k,imagenet-1k,google/vit-large-patch16-224,Adam,0.01,Linear,identity,,,256,5,"[(15, 16)]",[],[],{},identity,identity,1,0.7838,0.7781,0.0057,250,0.0019,12596224,4.166666666666667
1,imagenet-1k,imagenet-1k,google/vit-large-patch16-224,Adam,0.01,Linear,identity,,,256,5,"[(16, 17)]",[],[],{},identity,identity,1,0.7864,0.7765,0.0099,250,0.0019,12596224,4.166666666666667
2,imagenet-1k,imagenet-1k,google/vit-large-patch16-224,Adam,0.01,Linear,identity,,,256,5,"[(16, 17)]",[],[],{},identity,identity,1,0.7835,0.7792,0.0042999999999999,250,0.0019,12596224,4.166666666666667
3,imagenet-1k,imagenet-1k,google/vit-large-patch16-224,Adam,0.01,Linear,identity,,,256,5,"[(16, 17)]",[],[],{},identity,identity,1,0.7838,0.7794,0.0044,250,0.0019,12596224,4.166666666666667
1,imagenet-1k,imagenet-1k,google/vit-large-patch16-224,Adam,0.01,Linear,identity,,,256,5,"[(17, 18)]",[],[],{},identity,identity,1,0.7864,0.7793,0.0070999999999999,250,0.0019,12596224,4.166666666666667
2,imagenet-1k,imagenet-1k,google/vit-large-patch16-224,Adam,0.01,Linear,identity,,,256,5,"[(17, 18)]",[],[],{},identity,identity,1,0.7835,0.7757,0.0078,250,0.0019,12596224,4.166666666666667
3,imagenet-1k,imagenet-1k,google/vit-large-patch16-224,Adam,0.01,Linear,identity,,,256,5,"[(17, 18)]",[],[],{},identity,identity,1,0.7838,0.7725,0.0113,250,0.0019,12596224,4.166666666666667
1,imagenet-1k,imagenet-1k,google/vit-large-patch16-224,Adam,0.01,Linear,identity,,,256,5,"[(18, 19)]",[],[],{},identity,identity,1,0.7864,0.773,0.0133999999999999,250,0.0019,12596224,4.166666666666667
2,imagenet-1k,imagenet-1k,google/vit-large-patch16-224,Adam,0.01,Linear,identity,,,256,5,"[(18, 19)]",[],[],{},identity,identity,1,0.7835,0.7765,0.007,250,0.0019,12596224,4.166666666666667
3,imagenet-1k,imagenet-1k,google/vit-large-patch16-224,Adam,0.01,Linear,identity,,,256,5,"[(18, 19)]",[],[],{},identity,identity,1,0.7838,0.7736,0.0102,250,0.0019,12596224,4.166666666666667
1,imagenet-1k,imagenet-1k,google/vit-large-patch16-224,Adam,0.01,Linear,identity,,,256,5,"[(19, 20)]",[],[],{},identity,identity,1,0.7864,0.7702,0.0161999999999999,250,0.0019,12596224,4.166666666666667
2,imagenet-1k,imagenet-1k,google/vit-large-patch16-224,Adam,0.01,Linear,identity,,,256,5,"[(19, 20)]",[],[],{},identity,identity,1,0.7835,0.7713,0.0121999999999999,250,0.0019,12596224,4.166666666666667
3,imagenet-1k,imagenet-1k,google/vit-large-patch16-224,Adam,0.01,Linear,identity,,,256,5,"[(19, 20)]",[],[],{},identity,identity,1,0.7838,0.771,0.0128,250,0.0019,12596224,4.166666666666667
1,imagenet-1k,imagenet-1k,google/vit-large-patch16-224,Adam,0.01,Linear,identity,,,256,5,"[(20, 21)]",[],[],{},identity,identity,1,0.7864,0.7704,0.016,250,0.0019,12596224,4.166666666666667
2,imagenet-1k,imagenet-1k,google/vit-large-patch16-224,Adam,0.01,Linear,identity,,,256,5,"[(20, 21)]",[],[],{},identity,identity,1,0.7835,0.7695,0.014,250,0.0019,12596224,4.166666666666667
3,imagenet-1k,imagenet-1k,google/vit-large-patch16-224,Adam,0.01,Linear,identity,,,256,5,"[(20, 21)]",[],[],{},identity,identity,1,0.7838,0.7752,0.0086,250,0.0019,12596224,4.166666666666667
1,imagenet-1k,imagenet-1k,google/vit-large-patch16-224,Adam,0.01,Linear,identity,,,256,5,"[(21, 22)]",[],[],{},identity,identity,1,0.7864,0.7675,0.0189,250,0.0019,12596224,4.166666666666667
2,imagenet-1k,imagenet-1k,google/vit-large-patch16-224,Adam,0.01,Linear,identity,,,256,5,"[(21, 22)]",[],[],{},identity,identity,1,0.7835,0.7706,0.0129,250,0.0019,12596224,4.166666666666667
3,imagenet-1k,imagenet-1k,google/vit-large-patch16-224,Adam,0.01,Linear,identity,,,256,5,"[(21, 22)]",[],[],{},identity,identity,1,0.7838,0.7768,0.007,250,0.0019,12596224,4.166666666666667
1,imagenet-1k,imagenet-1k,google/vit-large-patch16-224,Adam,0.01,Linear,identity,,,256,5,"[(22, 23)]",[],[],{},identity,identity,1,0.7864,0.7829,0.0034999999999999,250,0.0019,12596224,4.166666666666667
2,imagenet-1k,imagenet-1k,google/vit-large-patch16-224,Adam,0.01,Linear,identity,,,256,5,"[(22, 23)]",[],[],{},identity,identity,1,0.7835,0.7867,-0.0031999999999999,250,0.0019,12596224,4.166666666666667
3,imagenet-1k,imagenet-1k,google/vit-large-patch16-224,Adam,0.01,Linear,identity,,,256,5,"[(22, 23)]",[],[],{},identity,identity,1,0.7838,0.7843,-0.0004999999999999,250,0.0019,12596224,4.166666666666667
1,imagenet-1k,imagenet-1k,google/vit-large-patch16-224,Adam,0.01,Linear,identity,,,256,5,"[(0, 2)]",[],[],{},identity,identity,2,0.7864,0.6405,0.1459,250,0.0019,25192448,8.333333333333334
2,imagenet-1k,imagenet-1k,google/vit-large-patch16-224,Adam,0.01,Linear,identity,,,256,5,"[(0, 2)]",[],[],{},identity,identity,2,0.7835,0.6337,0.1497999999999999,250,0.0019,25192448,8.333333333333334
3,imagenet-1k,imagenet-1k,google/vit-large-patch16-224,Adam,0.01,Linear,identity,,,256,5,"[(0, 2)]",[],[],{},identity,identity,2,0.7838,0.6311,0.1527,250,0.0019,25192448,8.333333333333334
1,imagenet-1k,imagenet-1k,google/vit-large-patch16-224,Adam,0.01,Linear,identity,,,256,5,"[(1, 3)]",[],[],{},identity,identity,2,0.7864,0.7076,0.0787999999999999,250,0.0019,25192448,8.333333333333334
2,imagenet-1k,imagenet-1k,google/vit-large-patch16-224,Adam,0.01,Linear,identity,,,256,5,"[(1, 3)]",[],[],{},identity,identity,2,0.7835,0.707,0.0765,250,0.0019,25192448,8.333333333333334
3,imagenet-1k,imagenet-1k,google/vit-large-patch16-224,Adam,0.01,Linear,identity,,,256,5,"[(1, 3)]",[],[],{},identity,identity,2,0.7838,0.7091,0.0747000000000001,250,0.0019,25192448,8.333333333333334
1,imagenet-1k,imagenet-1k,google/vit-large-patch16-224,Adam,0.01,Linear,identity,,,256,5,"[(2, 4)]",[],[],{},identity,identity,2,0.7864,0.7315,0.0548999999999999,250,0.0019,25192448,8.333333333333334
2,imagenet-1k,imagenet-1k,google/vit-large-patch16-224,Adam,0.01,Linear,identity,,,256,5,"[(2, 4)]",[],[],{},identity,identity,2,0.7835,0.732,0.0514999999999999,250,0.0019,25192448,8.333333333333334
3,imagenet-1k,imagenet-1k,google/vit-large-patch16-224,Adam,0.01,Linear,identity,,,256,5,"[(2, 4)]",[],[],{},identity,identity,2,0.7838,0.729,0.0548,250,0.0019,25192448,8.333333333333334
1,imagenet-1k,imagenet-1k,google/vit-large-patch16-224,Adam,0.01,Linear,identity,,,256,5,"[(3, 5)]",[],[],{},identity,identity,2,0.7864,0.7351,0.0513,250,0.0019,25192448,8.333333333333334
2,imagenet-1k,imagenet-1k,google/vit-large-patch16-224,Adam,0.01,Linear,identity,,,256,5,"[(3, 5)]",[],[],{},identity,identity,2,0.7835,0.7402,0.0433,250,0.0019,25192448,8.333333333333334
3,imagenet-1k,imagenet-1k,google/vit-large-patch16-224,Adam,0.01,Linear,identity,,,256,5,"[(3, 5)]",[],[],{},identity,identity,2,0.7838,0.7373,0.0465000000000001,250,0.0019,25192448,8.333333333333334
1,imagenet-1k,imagenet-1k,google/vit-large-patch16-224,Adam,0.01,Linear,identity,,,256,5,"[(4, 6)]",[],[],{},identity,identity,2,0.7864,0.7412,0.0452,250,0.0019,25192448,8.333333333333334
2,imagenet-1k,imagenet-1k,google/vit-large-patch16-224,Adam,0.01,Linear,identity,,,256,5,"[(4, 6)]",[],[],{},identity,identity,2,0.7835,0.7432,0.0403,250,0.0019,25192448,8.333333333333334
3,imagenet-1k,imagenet-1k,google/vit-large-patch16-224,Adam,0.01,Linear,identity,,,256,5,"[(4, 6)]",[],[],{},identity,identity,2,0.7838,0.7464,0.0374000000000001,250,0.0019,25192448,8.333333333333334
1,imagenet-1k,imagenet-1k,google/vit-large-patch16-224,Adam,0.01,Linear,identity,,,256,5,"[(5, 7)]",[],[],{},identity,identity,2,0.7864,0.7497,0.0366999999999999,250,0.0019,25192448,8.333333333333334
2,imagenet-1k,imagenet-1k,google/vit-large-patch16-224,Adam,0.01,Linear,identity,,,256,5,"[(5, 7)]",[],[],{},identity,identity,2,0.7835,0.7521,0.0313999999999999,250,0.0019,25192448,8.333333333333334
3,imagenet-1k,imagenet-1k,google/vit-large-patch16-224,Adam,0.01,Linear,identity,,,256,5,"[(5, 7)]",[],[],{},identity,identity,2,0.7838,0.7516,0.0322,250,0.0019,25192448,8.333333333333334
1,imagenet-1k,imagenet-1k,google/vit-large-patch16-224,Adam,0.01,Linear,identity,,,256,5,"[(6, 8)]",[],[],{},identity,identity,2,0.7864,0.7529,0.0334999999999999,250,0.0019,25192448,8.333333333333334
2,imagenet-1k,imagenet-1k,google/vit-large-patch16-224,Adam,0.01,Linear,identity,,,256,5,"[(6, 8)]",[],[],{},identity,identity,2,0.7835,0.751,0.0324999999999999,250,0.0019,25192448,8.333333333333334
3,imagenet-1k,imagenet-1k,google/vit-large-patch16-224,Adam,0.01,Linear,identity,,,256,5,"[(6, 8)]",[],[],{},identity,identity,2,0.7838,0.7474,0.0364000000000001,250,0.0019,25192448,8.333333333333334
1,imagenet-1k,imagenet-1k,google/vit-large-patch16-224,Adam,0.01,Linear,identity,,,256,5,"[(7, 9)]",[],[],{},identity,identity,2,0.7864,0.7501,0.0363,250,0.0019,25192448,8.333333333333334
2,imagenet-1k,imagenet-1k,google/vit-large-patch16-224,Adam,0.01,Linear,identity,,,256,5,"[(7, 9)]",[],[],{},identity,identity,2,0.7835,0.7502,0.0332999999999999,250,0.0019,25192448,8.333333333333334
3,imagenet-1k,imagenet-1k,google/vit-large-patch16-224,Adam,0.01,Linear,identity,,,256,5,"[(7, 9)]",[],[],{},identity,identity,2,0.7838,0.7506,0.0332,250,0.0019,25192448,8.333333333333334
1,imagenet-1k,imagenet-1k,google/vit-large-patch16-224,Adam,0.01,Linear,identity,,,256,5,"[(8, 10)]",[],[],{},identity,identity,2,0.7864,0.7578,0.0285999999999999,250,0.0019,25192448,8.333333333333334
2,imagenet-1k,imagenet-1k,google/vit-large-patch16-224,Adam,0.01,Linear,identity,,,256,5,"[(8, 10)]",[],[],{},identity,identity,2,0.7835,0.7607,0.0227999999999999,250,0.0019,25192448,8.333333333333334
3,imagenet-1k,imagenet-1k,google/vit-large-patch16-224,Adam,0.01,Linear,identity,,,256,5,"[(8, 10)]",[],[],{},identity,identity,2,0.7838,0.7557,0.0281,250,0.0019,25192448,8.333333333333334
1,imagenet-1k,imagenet-1k,google/vit-large-patch16-224,Adam,0.01,Linear,identity,,,256,5,"[(9, 11)]",[],[],{},identity,identity,2,0.7864,0.7511,0.0353,250,0.0019,25192448,8.333333333333334
2,imagenet-1k,imagenet-1k,google/vit-large-patch16-224,Adam,0.01,Linear,identity,,,256,5,"[(9, 11)]",[],[],{},identity,identity,2,0.7835,0.7513,0.0322,250,0.0019,25192448,8.333333333333334
3,imagenet-1k,imagenet-1k,google/vit-large-patch16-224,Adam,0.01,Linear,identity,,,256,5,"[(9, 11)]",[],[],{},identity,identity,2,0.7838,0.7571,0.0267,250,0.0019,25192448,8.333333333333334
1,imagenet-1k,imagenet-1k,google/vit-large-patch16-224,Adam,0.01,Linear,identity,,,256,5,"[(10, 12)]",[],[],{},identity,identity,2,0.7864,0.7536,0.0327999999999999,250,0.0019,25192448,8.333333333333334
2,imagenet-1k,imagenet-1k,google/vit-large-patch16-224,Adam,0.01,Linear,identity,,,256,5,"[(10, 12)]",[],[],{},identity,identity,2,0.7835,0.7541,0.0293999999999999,250,0.0019,25192448,8.333333333333334
3,imagenet-1k,imagenet-1k,google/vit-large-patch16-224,Adam,0.01,Linear,identity,,,256,5,"[(10, 12)]",[],[],{},identity,identity,2,0.7838,0.7575,0.0263000000000001,250,0.0019,25192448,8.333333333333334
1,imagenet-1k,imagenet-1k,google/vit-large-patch16-224,Adam,0.01,Linear,identity,,,256,5,"[(11, 13)]",[],[],{},identity,identity,2,0.7864,0.7466,0.0397999999999999,250,0.0019,25192448,8.333333333333334
2,imagenet-1k,imagenet-1k,google/vit-large-patch16-224,Adam,0.01,Linear,identity,,,256,5,"[(11, 13)]",[],[],{},identity,identity,2,0.7835,0.7555,0.028,250,0.0019,25192448,8.333333333333334
3,imagenet-1k,imagenet-1k,google/vit-large-patch16-224,Adam,0.01,Linear,identity,,,256,5,"[(11, 13)]",[],[],{},identity,identity,2,0.7838,0.7523,0.0315,250,0.0019,25192448,8.333333333333334
1,imagenet-1k,imagenet-1k,google/vit-large-patch16-224,Adam,0.01,Linear,identity,,,256,5,"[(12, 14)]",[],[],{},identity,identity,2,0.7864,0.7589,0.0274999999999999,250,0.0019,25192448,8.333333333333334
2,imagenet-1k,imagenet-1k,google/vit-large-patch16-224,Adam,0.01,Linear,identity,,,256,5,"[(12, 14)]",[],[],{},identity,identity,2,0.7835,0.7591,0.0243999999999999,250,0.0019,25192448,8.333333333333334
3,imagenet-1k,imagenet-1k,google/vit-large-patch16-224,Adam,0.01,Linear,identity,,,256,5,"[(12, 14)]",[],[],{},identity,identity,2,0.7838,0.7608,0.023,250,0.0019,25192448,8.333333333333334
1,imagenet-1k,imagenet-1k,google/vit-large-patch16-224,Adam,0.01,Linear,identity,,,256,5,"[(13, 15)]",[],[],{},identity,identity,2,0.7864,0.7635,0.0229,250,0.0019,25192448,8.333333333333334
2,imagenet-1k,imagenet-1k,google/vit-large-patch16-224,Adam,0.01,Linear,identity,,,256,5,"[(13, 15)]",[],[],{},identity,identity,2,0.7835,0.7659,0.0175999999999999,250,0.0019,25192448,8.333333333333334
3,imagenet-1k,imagenet-1k,google/vit-large-patch16-224,Adam,0.01,Linear,identity,,,256,5,"[(13, 15)]",[],[],{},identity,identity,2,0.7838,0.7691,0.0147,250,0.0019,25192448,8.333333333333334
1,imagenet-1k,imagenet-1k,google/vit-large-patch16-224,Adam,0.01,Linear,identity,,,256,5,"[(14, 16)]",[],[],{},identity,identity,2,0.7864,0.7643,0.0221,250,0.0019,25192448,8.333333333333334
2,imagenet-1k,imagenet-1k,google/vit-large-patch16-224,Adam,0.01,Linear,identity,,,256,5,"[(14, 16)]",[],[],{},identity,identity,2,0.7835,0.7675,0.016,250,0.0019,25192448,8.333333333333334
3,imagenet-1k,imagenet-1k,google/vit-large-patch16-224,Adam,0.01,Linear,identity,,,256,5,"[(14, 16)]",[],[],{},identity,identity,2,0.7838,0.7673,0.0165,250,0.0019,25192448,8.333333333333334
1,imagenet-1k,imagenet-1k,google/vit-large-patch16-224,Adam,0.01,Linear,identity,,,256,5,"[(15, 17)]",[],[],{},identity,identity,2,0.7864,0.765,0.0213999999999999,250,0.0019,25192448,8.333333333333334
2,imagenet-1k,imagenet-1k,google/vit-large-patch16-224,Adam,0.01,Linear,identity,,,256,5,"[(15, 17)]",[],[],{},identity,identity,2,0.7835,0.7679,0.0155999999999999,250,0.0019,25192448,8.333333333333334
3,imagenet-1k,imagenet-1k,google/vit-large-patch16-224,Adam,0.01,Linear,identity,,,256,5,"[(15, 17)]",[],[],{},identity,identity,2,0.7838,0.7653,0.0185,250,0.0019,25192448,8.333333333333334
1,imagenet-1k,imagenet-1k,google/vit-large-patch16-224,Adam,0.01,Linear,identity,,,256,5,"[(16, 18)]",[],[],{},identity,identity,2,0.7864,0.7617,0.0246999999999999,250,0.0019,25192448,8.333333333333334
2,imagenet-1k,imagenet-1k,google/vit-large-patch16-224,Adam,0.01,Linear,identity,,,256,5,"[(16, 18)]",[],[],{},identity,identity,2,0.7835,0.7668,0.0166999999999999,250,0.0019,25192448,8.333333333333334
3,imagenet-1k,imagenet-1k,google/vit-large-patch16-224,Adam,0.01,Linear,identity,,,256,5,"[(16, 18)]",[],[],{},identity,identity,2,0.7838,0.7661,0.0177,250,0.0019,25192448,8.333333333333334
1,imagenet-1k,imagenet-1k,google/vit-large-patch16-224,Adam,0.01,Linear,identity,,,256,5,"[(17, 19)]",[],[],{},identity,identity,2,0.7864,0.7573,0.0291,250,0.0019,25192448,8.333333333333334
2,imagenet-1k,imagenet-1k,google/vit-large-patch16-224,Adam,0.01,Linear,identity,,,256,5,"[(17, 19)]",[],[],{},identity,identity,2,0.7835,0.7573,0.0262,250,0.0019,25192448,8.333333333333334
3,imagenet-1k,imagenet-1k,google/vit-large-patch16-224,Adam,0.01,Linear,identity,,,256,5,"[(17, 19)]",[],[],{},identity,identity,2,0.7838,0.757,0.0268,250,0.0019,25192448,8.333333333333334
1,imagenet-1k,imagenet-1k,google/vit-large-patch16-224,Adam,0.01,Linear,identity,,,256,5,"[(18, 20)]",[],[],{},identity,identity,2,0.7864,0.7422,0.0442,250,0.0019,25192448,8.333333333333334
2,imagenet-1k,imagenet-1k,google/vit-large-patch16-224,Adam,0.01,Linear,identity,,,256,5,"[(18, 20)]",[],[],{},identity,identity,2,0.7835,0.7496,0.0338999999999999,250,0.0019,25192448,8.333333333333334
3,imagenet-1k,imagenet-1k,google/vit-large-patch16-224,Adam,0.01,Linear,identity,,,256,5,"[(18, 20)]",[],[],{},identity,identity,2,0.7838,0.7468,0.037,250,0.0019,25192448,8.333333333333334
1,imagenet-1k,imagenet-1k,google/vit-large-patch16-224,Adam,0.01,Linear,identity,,,256,5,"[(19, 21)]",[],[],{},identity,identity,2,0.7864,0.7481,0.0383,250,0.0019,25192448,8.333333333333334
2,imagenet-1k,imagenet-1k,google/vit-large-patch16-224,Adam,0.01,Linear,identity,,,256,5,"[(19, 21)]",[],[],{},identity,identity,2,0.7835,0.747,0.0364999999999999,250,0.0019,25192448,8.333333333333334
3,imagenet-1k,imagenet-1k,google/vit-large-patch16-224,Adam,0.01,Linear,identity,,,256,5,"[(19, 21)]",[],[],{},identity,identity,2,0.7838,0.749,0.0348,250,0.0019,25192448,8.333333333333334
1,imagenet-1k,imagenet-1k,google/vit-large-patch16-224,Adam,0.01,Linear,identity,,,256,5,"[(20, 22)]",[],[],{},identity,identity,2,0.7864,0.7572,0.0292,250,0.0019,25192448,8.333333333333334
2,imagenet-1k,imagenet-1k,google/vit-large-patch16-224,Adam,0.01,Linear,identity,,,256,5,"[(20, 22)]",[],[],{},identity,identity,2,0.7835,0.7531,0.0303999999999999,250,0.0019,25192448,8.333333333333334
3,imagenet-1k,imagenet-1k,google/vit-large-patch16-224,Adam,0.01,Linear,identity,,,256,5,"[(20, 22)]",[],[],{},identity,identity,2,0.7838,0.7528,0.031,250,0.0019,25192448,8.333333333333334
1,imagenet-1k,imagenet-1k,google/vit-large-patch16-224,Adam,0.01,Linear,identity,,,256,5,"[(21, 23)]",[],[],{},identity,identity,2,0.7864,0.7641,0.0222999999999999,250,0.0019,25192448,8.333333333333334
2,imagenet-1k,imagenet-1k,google/vit-large-patch16-224,Adam,0.01,Linear,identity,,,256,5,"[(21, 23)]",[],[],{},identity,identity,2,0.7835,0.7644,0.0191,250,0.0019,25192448,8.333333333333334
3,imagenet-1k,imagenet-1k,google/vit-large-patch16-224,Adam,0.01,Linear,identity,,,256,5,"[(21, 23)]",[],[],{},identity,identity,2,0.7838,0.7688,0.015,250,0.0019,25192448,8.333333333333334
1,imagenet-1k,imagenet-1k,google/vit-large-patch16-224,Adam,0.01,Linear,identity,,,256,5,"[(0, 1), (2, 3)]",[],[],{},identity,identity,2,0.7864,0.7282,0.0582,250,0.0019,25192448,8.333333333333334
2,imagenet-1k,imagenet-1k,google/vit-large-patch16-224,Adam,0.01,Linear,identity,,,256,5,"[(0, 1), (2, 3)]",[],[],{},identity,identity,2,0.7835,0.7272,0.0563,250,0.0019,25192448,8.333333333333334
3,imagenet-1k,imagenet-1k,google/vit-large-patch16-224,Adam,0.01,Linear,identity,,,256,5,"[(0, 1), (2, 3)]",[],[],{},identity,identity,2,0.7838,0.7293,0.0545000000000001,250,0.0019,25192448,8.333333333333334
1,imagenet-1k,imagenet-1k,google/vit-large-patch16-224,Adam,0.01,Linear,identity,,,256,5,"[(1, 2), (3, 4)]",[],[],{},identity,identity,2,0.7864,0.7473,0.0391,250,0.0019,25192448,8.333333333333334
2,imagenet-1k,imagenet-1k,google/vit-large-patch16-224,Adam,0.01,Linear,identity,,,256,5,"[(1, 2), (3, 4)]",[],[],{},identity,identity,2,0.7835,0.7464,0.0371,250,0.0019,25192448,8.333333333333334
3,imagenet-1k,imagenet-1k,google/vit-large-patch16-224,Adam,0.01,Linear,identity,,,256,5,"[(1, 2), (3, 4)]",[],[],{},identity,identity,2,0.7838,0.7438,0.04,250,0.0019,25192448,8.333333333333334
1,imagenet-1k,imagenet-1k,google/vit-large-patch16-224,Adam,0.01,Linear,identity,,,256,5,"[(2, 3), (4, 5)]",[],[],{},identity,identity,2,0.7864,0.7382,0.0482,250,0.0019,25192448,8.333333333333334
2,imagenet-1k,imagenet-1k,google/vit-large-patch16-224,Adam,0.01,Linear,identity,,,256,5,"[(2, 3), (4, 5)]",[],[],{},identity,identity,2,0.7835,0.7351,0.0484,250,0.0019,25192448,8.333333333333334
3,imagenet-1k,imagenet-1k,google/vit-large-patch16-224,Adam,0.01,Linear,identity,,,256,5,"[(2, 3), (4, 5)]",[],[],{},identity,identity,2,0.7838,0.739,0.0448,250,0.0019,25192448,8.333333333333334
1,imagenet-1k,imagenet-1k,google/vit-large-patch16-224,Adam,0.01,Linear,identity,,,256,5,"[(3, 4), (5, 6)]",[],[],{},identity,identity,2,0.7864,0.7517,0.0346999999999999,250,0.0019,25192448,8.333333333333334
2,imagenet-1k,imagenet-1k,google/vit-large-patch16-224,Adam,0.01,Linear,identity,,,256,5,"[(3, 4), (5, 6)]",[],[],{},identity,identity,2,0.7835,0.7509,0.0325999999999999,250,0.0019,25192448,8.333333333333334
3,imagenet-1k,imagenet-1k,google/vit-large-patch16-224,Adam,0.01,Linear,identity,,,256,5,"[(3, 4), (5, 6)]",[],[],{},identity,identity,2,0.7838,0.7459,0.0379,250,0.0019,25192448,8.333333333333334
1,imagenet-1k,imagenet-1k,google/vit-large-patch16-224,Adam,0.01,Linear,identity,,,256,5,"[(4, 5), (6, 7)]",[],[],{},identity,identity,2,0.7864,0.752,0.0343999999999999,250,0.0019,25192448,8.333333333333334
2,imagenet-1k,imagenet-1k,google/vit-large-patch16-224,Adam,0.01,Linear,identity,,,256,5,"[(4, 5), (6, 7)]",[],[],{},identity,identity,2,0.7835,0.7472,0.0363,250,0.0019,25192448,8.333333333333334
3,imagenet-1k,imagenet-1k,google/vit-large-patch16-224,Adam,0.01,Linear,identity,,,256,5,"[(4, 5), (6, 7)]",[],[],{},identity,identity,2,0.7838,0.7451,0.0387,250,0.0019,25192448,8.333333333333334
1,imagenet-1k,imagenet-1k,google/vit-large-patch16-224,Adam,0.01,Linear,identity,,,256,5,"[(5, 6), (7, 8)]",[],[],{},identity,identity,2,0.7864,0.751,0.0353999999999999,250,0.0019,25192448,8.333333333333334
2,imagenet-1k,imagenet-1k,google/vit-large-patch16-224,Adam,0.01,Linear,identity,,,256,5,"[(5, 6), (7, 8)]",[],[],{},identity,identity,2,0.7835,0.7546,0.0288999999999999,250,0.0019,25192448,8.333333333333334
3,imagenet-1k,imagenet-1k,google/vit-large-patch16-224,Adam,0.01,Linear,identity,,,256,5,"[(5, 6), (7, 8)]",[],[],{},identity,identity,2,0.7838,0.7484,0.0354000000000001,250,0.0019,25192448,8.333333333333334
1,imagenet-1k,imagenet-1k,google/vit-large-patch16-224,Adam,0.01,Linear,identity,,,256,5,"[(6, 7), (8, 9)]",[],[],{},identity,identity,2,0.7864,0.7576,0.0287999999999999,250,0.0019,25192448,8.333333333333334
2,imagenet-1k,imagenet-1k,google/vit-large-patch16-224,Adam,0.01,Linear,identity,,,256,5,"[(6, 7), (8, 9)]",[],[],{},identity,identity,2,0.7835,0.7553,0.0282,250,0.0019,25192448,8.333333333333334
3,imagenet-1k,imagenet-1k,google/vit-large-patch16-224,Adam,0.01,Linear,identity,,,256,5,"[(6, 7), (8, 9)]",[],[],{},identity,identity,2,0.7838,0.7608,0.023,250,0.0019,25192448,8.333333333333334
1,imagenet-1k,imagenet-1k,google/vit-large-patch16-224,Adam,0.01,Linear,identity,,,256,5,"[(7, 8), (9, 10)]",[],[],{},identity,identity,2,0.7864,0.753,0.0333999999999999,250,0.0019,25192448,8.333333333333334
2,imagenet-1k,imagenet-1k,google/vit-large-patch16-224,Adam,0.01,Linear,identity,,,256,5,"[(7, 8), (9, 10)]",[],[],{},identity,identity,2,0.7835,0.7456,0.0378999999999999,250,0.0019,25192448,8.333333333333334
3,imagenet-1k,imagenet-1k,google/vit-large-patch16-224,Adam,0.01,Linear,identity,,,256,5,"[(7, 8), (9, 10)]",[],[],{},identity,identity,2,0.7838,0.7488,0.035,250,0.0019,25192448,8.333333333333334
1,imagenet-1k,imagenet-1k,google/vit-large-patch16-224,Adam,0.01,Linear,identity,,,256,5,"[(8, 9), (10, 11)]",[],[],{},identity,identity,2,0.7864,0.7575,0.0289,250,0.0019,25192448,8.333333333333334
2,imagenet-1k,imagenet-1k,google/vit-large-patch16-224,Adam,0.01,Linear,identity,,,256,5,"[(8, 9), (10, 11)]",[],[],{},identity,identity,2,0.7835,0.7558,0.0276999999999999,250,0.0019,25192448,8.333333333333334
3,imagenet-1k,imagenet-1k,google/vit-large-patch16-224,Adam,0.01,Linear,identity,,,256,5,"[(8, 9), (10, 11)]",[],[],{},identity,identity,2,0.7838,0.757,0.0268,250,0.0019,25192448,8.333333333333334
1,imagenet-1k,imagenet-1k,google/vit-large-patch16-224,Adam,0.01,Linear,identity,,,256,5,"[(9, 10), (11, 12)]",[],[],{},identity,identity,2,0.7864,0.7515,0.0349,250,0.0019,25192448,8.333333333333334
2,imagenet-1k,imagenet-1k,google/vit-large-patch16-224,Adam,0.01,Linear,identity,,,256,5,"[(9, 10), (11, 12)]",[],[],{},identity,identity,2,0.7835,0.7483,0.0352,250,0.0019,25192448,8.333333333333334
3,imagenet-1k,imagenet-1k,google/vit-large-patch16-224,Adam,0.01,Linear,identity,,,256,5,"[(9, 10), (11, 12)]",[],[],{},identity,identity,2,0.7838,0.7521,0.0317,250,0.0019,25192448,8.333333333333334
1,imagenet-1k,imagenet-1k,google/vit-large-patch16-224,Adam,0.01,Linear,identity,,,256,5,"[(10, 11), (12, 13)]",[],[],{},identity,identity,2,0.7864,0.7573,0.0291,250,0.0019,25192448,8.333333333333334
2,imagenet-1k,imagenet-1k,google/vit-large-patch16-224,Adam,0.01,Linear,identity,,,256,5,"[(10, 11), (12, 13)]",[],[],{},identity,identity,2,0.7835,0.7559,0.0275999999999999,250,0.0019,25192448,8.333333333333334
3,imagenet-1k,imagenet-1k,google/vit-large-patch16-224,Adam,0.01,Linear,identity,,,256,5,"[(10, 11), (12, 13)]",[],[],{},identity,identity,2,0.7838,0.7555,0.0283000000000001,250,0.0019,25192448,8.333333333333334
1,imagenet-1k,imagenet-1k,google/vit-large-patch16-224,Adam,0.01,Linear,identity,,,256,5,"[(11, 12), (13, 14)]",[],[],{},identity,identity,2,0.7864,0.7595,0.0269,250,0.0019,25192448,8.333333333333334
2,imagenet-1k,imagenet-1k,google/vit-large-patch16-224,Adam,0.01,Linear,identity,,,256,5,"[(11, 12), (13, 14)]",[],[],{},identity,identity,2,0.7835,0.7615,0.022,250,0.0019,25192448,8.333333333333334
3,imagenet-1k,imagenet-1k,google/vit-large-patch16-224,Adam,0.01,Linear,identity,,,256,5,"[(11, 12), (13, 14)]",[],[],{},identity,identity,2,0.7838,0.7617,0.0221,250,0.0019,25192448,8.333333333333334
1,imagenet-1k,imagenet-1k,google/vit-large-patch16-224,Adam,0.01,Linear,identity,,,256,5,"[(12, 13), (14, 15)]",[],[],{},identity,identity,2,0.7864,0.7612,0.0252,250,0.0019,25192448,8.333333333333334
2,imagenet-1k,imagenet-1k,google/vit-large-patch16-224,Adam,0.01,Linear,identity,,,256,5,"[(12, 13), (14, 15)]",[],[],{},identity,identity,2,0.7835,0.7662,0.0172999999999999,250,0.0019,25192448,8.333333333333334
3,imagenet-1k,imagenet-1k,google/vit-large-patch16-224,Adam,0.01,Linear,identity,,,256,5,"[(12, 13), (14, 15)]",[],[],{},identity,identity,2,0.7838,0.7647,0.0191,250,0.0019,25192448,8.333333333333334
1,imagenet-1k,imagenet-1k,google/vit-large-patch16-224,Adam,0.01,Linear,identity,,,256,5,"[(13, 14), (15, 16)]",[],[],{},identity,identity,2,0.7864,0.7655,0.0209,250,0.0019,25192448,8.333333333333334
2,imagenet-1k,imagenet-1k,google/vit-large-patch16-224,Adam,0.01,Linear,identity,,,256,5,"[(13, 14), (15, 16)]",[],[],{},identity,identity,2,0.7835,0.7677,0.0157999999999999,250,0.0019,25192448,8.333333333333334
3,imagenet-1k,imagenet-1k,google/vit-large-patch16-224,Adam,0.01,Linear,identity,,,256,5,"[(13, 14), (15, 16)]",[],[],{},identity,identity,2,0.7838,0.7664,0.0174,250,0.0019,25192448,8.333333333333334
1,imagenet-1k,imagenet-1k,google/vit-large-patch16-224,Adam,0.01,Linear,identity,,,256,5,"[(14, 15), (16, 17)]",[],[],{},identity,identity,2,0.7864,0.7692,0.0171999999999999,250,0.0019,25192448,8.333333333333334
2,imagenet-1k,imagenet-1k,google/vit-large-patch16-224,Adam,0.01,Linear,identity,,,256,5,"[(14, 15), (16, 17)]",[],[],{},identity,identity,2,0.7835,0.7649,0.0185999999999999,250,0.0019,25192448,8.333333333333334
3,imagenet-1k,imagenet-1k,google/vit-large-patch16-224,Adam,0.01,Linear,identity,,,256,5,"[(14, 15), (16, 17)]",[],[],{},identity,identity,2,0.7838,0.7675,0.0163,250,0.0019,25192448,8.333333333333334
1,imagenet-1k,imagenet-1k,google/vit-large-patch16-224,Adam,0.01,Linear,identity,,,256,5,"[(15, 16), (17, 18)]",[],[],{},identity,identity,2,0.7864,0.7661,0.0202999999999999,250,0.0019,25192448,8.333333333333334
2,imagenet-1k,imagenet-1k,google/vit-large-patch16-224,Adam,0.01,Linear,identity,,,256,5,"[(15, 16), (17, 18)]",[],[],{},identity,identity,2,0.7835,0.7643,0.0191999999999999,250,0.0019,25192448,8.333333333333334
3,imagenet-1k,imagenet-1k,google/vit-large-patch16-224,Adam,0.01,Linear,identity,,,256,5,"[(15, 16), (17, 18)]",[],[],{},identity,identity,2,0.7838,0.7646,0.0192000000000001,250,0.0019,25192448,8.333333333333334
1,imagenet-1k,imagenet-1k,google/vit-large-patch16-224,Adam,0.01,Linear,identity,,,256,5,"[(16, 17), (18, 19)]",[],[],{},identity,identity,2,0.7864,0.7625,0.0239,250,0.0019,25192448,8.333333333333334
2,imagenet-1k,imagenet-1k,google/vit-large-patch16-224,Adam,0.01,Linear,identity,,,256,5,"[(16, 17), (18, 19)]",[],[],{},identity,identity,2,0.7835,0.7634,0.0201,250,0.0019,25192448,8.333333333333334
3,imagenet-1k,imagenet-1k,google/vit-large-patch16-224,Adam,0.01,Linear,identity,,,256,5,"[(16, 17), (18, 19)]",[],[],{},identity,identity,2,0.7838,0.7657,0.0181,250,0.0019,25192448,8.333333333333334
1,imagenet-1k,imagenet-1k,google/vit-large-patch16-224,Adam,0.01,Linear,identity,,,256,5,"[(17, 18), (19, 20)]",[],[],{},identity,identity,2,0.7864,0.7529,0.0334999999999999,250,0.0019,25192448,8.333333333333334
2,imagenet-1k,imagenet-1k,google/vit-large-patch16-224,Adam,0.01,Linear,identity,,,256,5,"[(17, 18), (19, 20)]",[],[],{},identity,identity,2,0.7835,0.7515,0.032,250,0.0019,25192448,8.333333333333334
3,imagenet-1k,imagenet-1k,google/vit-large-patch16-224,Adam,0.01,Linear,identity,,,256,5,"[(17, 18), (19, 20)]",[],[],{},identity,identity,2,0.7838,0.7545,0.0293000000000001,250,0.0019,25192448,8.333333333333334
1,imagenet-1k,imagenet-1k,google/vit-large-patch16-224,Adam,0.01,Linear,identity,,,256,5,"[(18, 19), (20, 21)]",[],[],{},identity,identity,2,0.7864,0.7519,0.0344999999999999,250,0.0019,25192448,8.333333333333334
2,imagenet-1k,imagenet-1k,google/vit-large-patch16-224,Adam,0.01,Linear,identity,,,256,5,"[(18, 19), (20, 21)]",[],[],{},identity,identity,2,0.7835,0.7587,0.0247999999999999,250,0.0019,25192448,8.333333333333334
3,imagenet-1k,imagenet-1k,google/vit-large-patch16-224,Adam,0.01,Linear,identity,,,256,5,"[(18, 19), (20, 21)]",[],[],{},identity,identity,2,0.7838,0.7516,0.0322,250,0.0019,25192448,8.333333333333334
1,imagenet-1k,imagenet-1k,google/vit-large-patch16-224,Adam,0.01,Linear,identity,,,256,5,"[(19, 20), (21, 22)]",[],[],{},identity,identity,2,0.7864,0.7501,0.0363,250,0.0019,25192448,8.333333333333334
2,imagenet-1k,imagenet-1k,google/vit-large-patch16-224,Adam,0.01,Linear,identity,,,256,5,"[(19, 20), (21, 22)]",[],[],{},identity,identity,2,0.7835,0.7531,0.0303999999999999,250,0.0019,25192448,8.333333333333334
3,imagenet-1k,imagenet-1k,google/vit-large-patch16-224,Adam,0.01,Linear,identity,,,256,5,"[(19, 20), (21, 22)]",[],[],{},identity,identity,2,0.7838,0.7524,0.0314,250,0.0019,25192448,8.333333333333334
1,imagenet-1k,imagenet-1k,google/vit-large-patch16-224,Adam,0.01,Linear,identity,,,256,5,"[(20, 21), (22, 23)]",[],[],{},identity,identity,2,0.7864,0.7647,0.0216999999999999,250,0.0019,25192448,8.333333333333334
2,imagenet-1k,imagenet-1k,google/vit-large-patch16-224,Adam,0.01,Linear,identity,,,256,5,"[(20, 21), (22, 23)]",[],[],{},identity,identity,2,0.7835,0.7674,0.0161,250,0.0019,25192448,8.333333333333334
3,imagenet-1k,imagenet-1k,google/vit-large-patch16-224,Adam,0.01,Linear,identity,,,256,5,"[(20, 21), (22, 23)]",[],[],{},identity,identity,2,0.7838,0.7721,0.0117,250,0.0019,25192448,8.333333333333334
1,imagenet-1k,imagenet-1k,google/vit-large-patch16-224,Adam,0.01,Linear,identity,,,256,5,"[(0, 1), (3, 4)]",[],[],{},identity,identity,2,0.7864,0.7486,0.0377999999999999,250,0.0019,25192448,8.333333333333334
2,imagenet-1k,imagenet-1k,google/vit-large-patch16-224,Adam,0.01,Linear,identity,,,256,5,"[(0, 1), (3, 4)]",[],[],{},identity,identity,2,0.7835,0.7499,0.0335999999999999,250,0.0019,25192448,8.333333333333334
3,imagenet-1k,imagenet-1k,google/vit-large-patch16-224,Adam,0.01,Linear,identity,,,256,5,"[(0, 1), (3, 4)]",[],[],{},identity,identity,2,0.7838,0.7515,0.0323000000000001,250,0.0019,25192448,8.333333333333334
1,imagenet-1k,imagenet-1k,google/vit-large-patch16-224,Adam,0.01,Linear,identity,,,256,5,"[(1, 2), (4, 5)]",[],[],{},identity,identity,2,0.7864,0.74,0.0464,250,0.0019,25192448,8.333333333333334
2,imagenet-1k,imagenet-1k,google/vit-large-patch16-224,Adam,0.01,Linear,identity,,,256,5,"[(1, 2), (4, 5)]",[],[],{},identity,identity,2,0.7835,0.7375,0.0459999999999999,250,0.0019,25192448,8.333333333333334
3,imagenet-1k,imagenet-1k,google/vit-large-patch16-224,Adam,0.01,Linear,identity,,,256,5,"[(1, 2), (4, 5)]",[],[],{},identity,identity,2,0.7838,0.7423,0.0415,250,0.0019,25192448,8.333333333333334
1,imagenet-1k,imagenet-1k,google/vit-large-patch16-224,Adam,0.01,Linear,identity,,,256,5,"[(2, 3), (5, 6)]",[],[],{},identity,identity,2,0.7864,0.7512,0.0352,250,0.0019,25192448,8.333333333333334
2,imagenet-1k,imagenet-1k,google/vit-large-patch16-224,Adam,0.01,Linear,identity,,,256,5,"[(2, 3), (5, 6)]",[],[],{},identity,identity,2,0.7835,0.7508,0.0326999999999999,250,0.0019,25192448,8.333333333333334
3,imagenet-1k,imagenet-1k,google/vit-large-patch16-224,Adam,0.01,Linear,identity,,,256,5,"[(2, 3), (5, 6)]",[],[],{},identity,identity,2,0.7838,0.753,0.0308,250,0.0019,25192448,8.333333333333334
1,imagenet-1k,imagenet-1k,google/vit-large-patch16-224,Adam,0.01,Linear,identity,,,256,5,"[(3, 4), (6, 7)]",[],[],{},identity,identity,2,0.7864,0.7611,0.0252999999999999,250,0.0019,25192448,8.333333333333334
2,imagenet-1k,imagenet-1k,google/vit-large-patch16-224,Adam,0.01,Linear,identity,,,256,5,"[(3, 4), (6, 7)]",[],[],{},identity,identity,2,0.7835,0.7575,0.026,250,0.0019,25192448,8.333333333333334
3,imagenet-1k,imagenet-1k,google/vit-large-patch16-224,Adam,0.01,Linear,identity,,,256,5,"[(3, 4), (6, 7)]",[],[],{},identity,identity,2,0.7838,0.7556,0.0282,250,0.0019,25192448,8.333333333333334
1,imagenet-1k,imagenet-1k,google/vit-large-patch16-224,Adam,0.01,Linear,identity,,,256,5,"[(4, 5), (7, 8)]",[],[],{},identity,identity,2,0.7864,0.7544,0.032,250,0.0019,25192448,8.333333333333334
2,imagenet-1k,imagenet-1k,google/vit-large-patch16-224,Adam,0.01,Linear,identity,,,256,5,"[(4, 5), (7, 8)]",[],[],{},identity,identity,2,0.7835,0.7477,0.0357999999999999,250,0.0019,25192448,8.333333333333334
3,imagenet-1k,imagenet-1k,google/vit-large-patch16-224,Adam,0.01,Linear,identity,,,256,5,"[(4, 5), (7, 8)]",[],[],{},identity,identity,2,0.7838,0.7528,0.031,250,0.0019,25192448,8.333333333333334
1,imagenet-1k,imagenet-1k,google/vit-large-patch16-224,Adam,0.01,Linear,identity,,,256,5,"[(5, 6), (8, 9)]",[],[],{},identity,identity,2,0.7864,0.7591,0.0272999999999999,250,0.0019,25192448,8.333333333333334
2,imagenet-1k,imagenet-1k,google/vit-large-patch16-224,Adam,0.01,Linear,identity,,,256,5,"[(5, 6), (8, 9)]",[],[],{},identity,identity,2,0.7835,0.7581,0.0253999999999999,250,0.0019,25192448,8.333333333333334
3,imagenet-1k,imagenet-1k,google/vit-large-patch16-224,Adam,0.01,Linear,identity,,,256,5,"[(5, 6), (8, 9)]",[],[],{},identity,identity,2,0.7838,0.7586,0.0252,250,0.0019,25192448,8.333333333333334
1,imagenet-1k,imagenet-1k,google/vit-large-patch16-224,Adam,0.01,Linear,identity,,,256,5,"[(6, 7), (9, 10)]",[],[],{},identity,identity,2,0.7864,0.7591,0.0272999999999999,250,0.0019,25192448,8.333333333333334
2,imagenet-1k,imagenet-1k,google/vit-large-patch16-224,Adam,0.01,Linear,identity,,,256,5,"[(6, 7), (9, 10)]",[],[],{},identity,identity,2,0.7835,0.7551,0.0283999999999999,250,0.0019,25192448,8.333333333333334
3,imagenet-1k,imagenet-1k,google/vit-large-patch16-224,Adam,0.01,Linear,identity,,,256,5,"[(6, 7), (9, 10)]",[],[],{},identity,identity,2,0.7838,0.7548,0.029,250,0.0019,25192448,8.333333333333334
1,imagenet-1k,imagenet-1k,google/vit-large-patch16-224,Adam,0.01,Linear,identity,,,256,5,"[(7, 8), (10, 11)]",[],[],{},identity,identity,2,0.7864,0.7601,0.0262999999999999,250,0.0019,25192448,8.333333333333334
2,imagenet-1k,imagenet-1k,google/vit-large-patch16-224,Adam,0.01,Linear,identity,,,256,5,"[(7, 8), (10, 11)]",[],[],{},identity,identity,2,0.7835,0.758,0.0254999999999999,250,0.0019,25192448,8.333333333333334
3,imagenet-1k,imagenet-1k,google/vit-large-patch16-224,Adam,0.01,Linear,identity,,,256,5,"[(7, 8), (10, 11)]",[],[],{},identity,identity,2,0.7838,0.7579,0.0259,250,0.0019,25192448,8.333333333333334
1,imagenet-1k,imagenet-1k,google/vit-large-patch16-224,Adam,0.01,Linear,identity,,,256,5,"[(8, 9), (11, 12)]",[],[],{},identity,identity,2,0.7864,0.7545,0.0319,250,0.0019,25192448,8.333333333333334
2,imagenet-1k,imagenet-1k,google/vit-large-patch16-224,Adam,0.01,Linear,identity,,,256,5,"[(8, 9), (11, 12)]",[],[],{},identity,identity,2,0.7835,0.7544,0.0291,250,0.0019,25192448,8.333333333333334
3,imagenet-1k,imagenet-1k,google/vit-large-patch16-224,Adam,0.01,Linear,identity,,,256,5,"[(8, 9), (11, 12)]",[],[],{},identity,identity,2,0.7838,0.7559,0.0279,250,0.0019,25192448,8.333333333333334
1,imagenet-1k,imagenet-1k,google/vit-large-patch16-224,Adam,0.01,Linear,identity,,,256,5,"[(9, 10), (12, 13)]",[],[],{},identity,identity,2,0.7864,0.7573,0.0291,250,0.0019,25192448,8.333333333333334
2,imagenet-1k,imagenet-1k,google/vit-large-patch16-224,Adam,0.01,Linear,identity,,,256,5,"[(9, 10), (12, 13)]",[],[],{},identity,identity,2,0.7835,0.7593,0.0242,250,0.0019,25192448,8.333333333333334
3,imagenet-1k,imagenet-1k,google/vit-large-patch16-224,Adam,0.01,Linear,identity,,,256,5,"[(9, 10), (12, 13)]",[],[],{},identity,identity,2,0.7838,0.7561,0.0277,250,0.0019,25192448,8.333333333333334
1,imagenet-1k,imagenet-1k,google/vit-large-patch16-224,Adam,0.01,Linear,identity,,,256,5,"[(10, 11), (13, 14)]",[],[],{},identity,identity,2,0.7864,0.7673,0.0191,250,0.0019,25192448,8.333333333333334
2,imagenet-1k,imagenet-1k,google/vit-large-patch16-224,Adam,0.01,Linear,identity,,,256,5,"[(10, 11), (13, 14)]",[],[],{},identity,identity,2,0.7835,0.7687,0.0147999999999999,250,0.0019,25192448,8.333333333333334
3,imagenet-1k,imagenet-1k,google/vit-large-patch16-224,Adam,0.01,Linear,identity,,,256,5,"[(10, 11), (13, 14)]",[],[],{},identity,identity,2,0.7838,0.7639,0.0199,250,0.0019,25192448,8.333333333333334
1,imagenet-1k,imagenet-1k,google/vit-large-patch16-224,Adam,0.01,Linear,identity,,,256,5,"[(11, 12), (14, 15)]",[],[],{},identity,identity,2,0.7864,0.7636,0.0228,250,0.0019,25192448,8.333333333333334
2,imagenet-1k,imagenet-1k,google/vit-large-patch16-224,Adam,0.01,Linear,identity,,,256,5,"[(11, 12), (14, 15)]",[],[],{},identity,identity,2,0.7835,0.7637,0.0197999999999999,250,0.0019,25192448,8.333333333333334
3,imagenet-1k,imagenet-1k,google/vit-large-patch16-224,Adam,0.01,Linear,identity,,,256,5,"[(11, 12), (14, 15)]",[],[],{},identity,identity,2,0.7838,0.763,0.0208,250,0.0019,25192448,8.333333333333334
1,imagenet-1k,imagenet-1k,google/vit-large-patch16-224,Adam,0.01,Linear,identity,,,256,5,"[(12, 13), (15, 16)]",[],[],{},identity,identity,2,0.7864,0.7646,0.0218,250,0.0019,25192448,8.333333333333334
2,imagenet-1k,imagenet-1k,google/vit-large-patch16-224,Adam,0.01,Linear,identity,,,256,5,"[(12, 13), (15, 16)]",[],[],{},identity,identity,2,0.7835,0.7669,0.0165999999999999,250,0.0019,25192448,8.333333333333334
3,imagenet-1k,imagenet-1k,google/vit-large-patch16-224,Adam,0.01,Linear,identity,,,256,5,"[(12, 13), (15, 16)]",[],[],{},identity,identity,2,0.7838,0.7616,0.0221999999999999,250,0.0019,25192448,8.333333333333334
1,imagenet-1k,imagenet-1k,google/vit-large-patch16-224,Adam,0.01,Linear,identity,,,256,5,"[(13, 14), (16, 17)]",[],[],{},identity,identity,2,0.7864,0.7695,0.0169,250,0.0019,25192448,8.333333333333334
2,imagenet-1k,imagenet-1k,google/vit-large-patch16-224,Adam,0.01,Linear,identity,,,256,5,"[(13, 14), (16, 17)]",[],[],{},identity,identity,2,0.7835,0.7683,0.0151999999999999,250,0.0019,25192448,8.333333333333334
3,imagenet-1k,imagenet-1k,google/vit-large-patch16-224,Adam,0.01,Linear,identity,,,256,5,"[(13, 14), (16, 17)]",[],[],{},identity,identity,2,0.7838,0.7675,0.0163,250,0.0019,25192448,8.333333333333334
1,imagenet-1k,imagenet-1k,google/vit-large-patch16-224,Adam,0.01,Linear,identity,,,256,5,"[(14, 15), (17, 18)]",[],[],{},identity,identity,2,0.7864,0.767,0.0193999999999999,250,0.0019,25192448,8.333333333333334
2,imagenet-1k,imagenet-1k,google/vit-large-patch16-224,Adam,0.01,Linear,identity,,,256,5,"[(14, 15), (17, 18)]",[],[],{},identity,identity,2,0.7835,0.7642,0.0192999999999999,250,0.0019,25192448,8.333333333333334
3,imagenet-1k,imagenet-1k,google/vit-large-patch16-224,Adam,0.01,Linear,identity,,,256,5,"[(14, 15), (17, 18)]",[],[],{},identity,identity,2,0.7838,0.7624,0.0214,250,0.0019,25192448,8.333333333333334
1,imagenet-1k,imagenet-1k,google/vit-large-patch16-224,Adam,0.01,Linear,identity,,,256,5,"[(15, 16), (18, 19)]",[],[],{},identity,identity,2,0.7864,0.7615,0.0249,250,0.0019,25192448,8.333333333333334
2,imagenet-1k,imagenet-1k,google/vit-large-patch16-224,Adam,0.01,Linear,identity,,,256,5,"[(15, 16), (18, 19)]",[],[],{},identity,identity,2,0.7835,0.7618,0.0216999999999999,250,0.0019,25192448,8.333333333333334
3,imagenet-1k,imagenet-1k,google/vit-large-patch16-224,Adam,0.01,Linear,identity,,,256,5,"[(15, 16), (18, 19)]",[],[],{},identity,identity,2,0.7838,0.7581,0.0257,250,0.0019,25192448,8.333333333333334
1,imagenet-1k,imagenet-1k,google/vit-large-patch16-224,Adam,0.01,Linear,identity,,,256,5,"[(16, 17), (19, 20)]",[],[],{},identity,identity,2,0.7864,0.7556,0.0307999999999999,250,0.0019,25192448,8.333333333333334
2,imagenet-1k,imagenet-1k,google/vit-large-patch16-224,Adam,0.01,Linear,identity,,,256,5,"[(16, 17), (19, 20)]",[],[],{},identity,identity,2,0.7835,0.7587,0.0247999999999999,250,0.0019,25192448,8.333333333333334
3,imagenet-1k,imagenet-1k,google/vit-large-patch16-224,Adam,0.01,Linear,identity,,,256,5,"[(16, 17), (19, 20)]",[],[],{},identity,identity,2,0.7838,0.7607,0.0231,250,0.0019,25192448,8.333333333333334
1,imagenet-1k,imagenet-1k,google/vit-large-patch16-224,Adam,0.01,Linear,identity,,,256,5,"[(17, 18), (20, 21)]",[],[],{},identity,identity,2,0.7864,0.7557,0.0306999999999999,250,0.0019,25192448,8.333333333333334
2,imagenet-1k,imagenet-1k,google/vit-large-patch16-224,Adam,0.01,Linear,identity,,,256,5,"[(17, 18), (20, 21)]",[],[],{},identity,identity,2,0.7835,0.755,0.0284999999999999,250,0.0019,25192448,8.333333333333334
3,imagenet-1k,imagenet-1k,google/vit-large-patch16-224,Adam,0.01,Linear,identity,,,256,5,"[(17, 18), (20, 21)]",[],[],{},identity,identity,2,0.7838,0.7586,0.0252,250,0.0019,25192448,8.333333333333334
1,imagenet-1k,imagenet-1k,google/vit-large-patch16-224,Adam,0.01,Linear,identity,,,256,5,"[(18, 19), (21, 22)]",[],[],{},identity,identity,2,0.7864,0.7575,0.0289,250,0.0019,25192448,8.333333333333334
2,imagenet-1k,imagenet-1k,google/vit-large-patch16-224,Adam,0.01,Linear,identity,,,256,5,"[(18, 19), (21, 22)]",[],[],{},identity,identity,2,0.7835,0.7536,0.0298999999999999,250,0.0019,25192448,8.333333333333334
3,imagenet-1k,imagenet-1k,google/vit-large-patch16-224,Adam,0.01,Linear,identity,,,256,5,"[(18, 19), (21, 22)]",[],[],{},identity,identity,2,0.7838,0.7588,0.025,250,0.0019,25192448,8.333333333333334
1,imagenet-1k,imagenet-1k,google/vit-large-patch16-224,Adam,0.01,Linear,identity,,,256,5,"[(19, 20), (22, 23)]",[],[],{},identity,identity,2,0.7864,0.7651,0.0212999999999999,250,0.0019,25192448,8.333333333333334
2,imagenet-1k,imagenet-1k,google/vit-large-patch16-224,Adam,0.01,Linear,identity,,,256,5,"[(19, 20), (22, 23)]",[],[],{},identity,identity,2,0.7835,0.7597,0.0237999999999999,250,0.0019,25192448,8.333333333333334
3,imagenet-1k,imagenet-1k,google/vit-large-patch16-224,Adam,0.01,Linear,identity,,,256,5,"[(19, 20), (22, 23)]",[],[],{},identity,identity,2,0.7838,0.7649,0.0189,250,0.0019,25192448,8.333333333333334
1,imagenet-1k,imagenet-1k,google/vit-large-patch16-224,Adam,0.01,Linear,identity,,,256,5,"[(0, 1), (4, 5)]",[],[],{},identity,identity,2,0.7864,0.7457,0.0406999999999999,250,0.0019,25192448,8.333333333333334
2,imagenet-1k,imagenet-1k,google/vit-large-patch16-224,Adam,0.01,Linear,identity,,,256,5,"[(0, 1), (4, 5)]",[],[],{},identity,identity,2,0.7835,0.7388,0.0446999999999999,250,0.0019,25192448,8.333333333333334
3,imagenet-1k,imagenet-1k,google/vit-large-patch16-224,Adam,0.01,Linear,identity,,,256,5,"[(0, 1), (4, 5)]",[],[],{},identity,identity,2,0.7838,0.7394,0.0444000000000001,250,0.0019,25192448,8.333333333333334
1,imagenet-1k,imagenet-1k,google/vit-large-patch16-224,Adam,0.01,Linear,identity,,,256,5,"[(1, 2), (5, 6)]",[],[],{},identity,identity,2,0.7864,0.7498,0.0365999999999999,250,0.0019,25192448,8.333333333333334
2,imagenet-1k,imagenet-1k,google/vit-large-patch16-224,Adam,0.01,Linear,identity,,,256,5,"[(1, 2), (5, 6)]",[],[],{},identity,identity,2,0.7835,0.7534,0.0301,250,0.0019,25192448,8.333333333333334
3,imagenet-1k,imagenet-1k,google/vit-large-patch16-224,Adam,0.01,Linear,identity,,,256,5,"[(1, 2), (5, 6)]",[],[],{},identity,identity,2,0.7838,0.7528,0.031,250,0.0019,25192448,8.333333333333334
1,imagenet-1k,imagenet-1k,google/vit-large-patch16-224,Adam,0.01,Linear,identity,,,256,5,"[(2, 3), (6, 7)]",[],[],{},identity,identity,2,0.7864,0.7565,0.0299,250,0.0019,25192448,8.333333333333334
2,imagenet-1k,imagenet-1k,google/vit-large-patch16-224,Adam,0.01,Linear,identity,,,256,5,"[(2, 3), (6, 7)]",[],[],{},identity,identity,2,0.7835,0.7558,0.0276999999999999,250,0.0019,25192448,8.333333333333334
3,imagenet-1k,imagenet-1k,google/vit-large-patch16-224,Adam,0.01,Linear,identity,,,256,5,"[(2, 3), (6, 7)]",[],[],{},identity,identity,2,0.7838,0.7594,0.0244,250,0.0019,25192448,8.333333333333334
1,imagenet-1k,imagenet-1k,google/vit-large-patch16-224,Adam,0.01,Linear,identity,,,256,5,"[(3, 4), (7, 8)]",[],[],{},identity,identity,2,0.7864,0.7624,0.024,250,0.0019,25192448,8.333333333333334
2,imagenet-1k,imagenet-1k,google/vit-large-patch16-224,Adam,0.01,Linear,identity,,,256,5,"[(3, 4), (7, 8)]",[],[],{},identity,identity,2,0.7835,0.7611,0.0223999999999999,250,0.0019,25192448,8.333333333333334
3,imagenet-1k,imagenet-1k,google/vit-large-patch16-224,Adam,0.01,Linear,identity,,,256,5,"[(3, 4), (7, 8)]",[],[],{},identity,identity,2,0.7838,0.7637,0.0201,250,0.0019,25192448,8.333333333333334
1,imagenet-1k,imagenet-1k,google/vit-large-patch16-224,Adam,0.01,Linear,identity,,,256,5,"[(4, 5), (8, 9)]",[],[],{},identity,identity,2,0.7864,0.7545,0.0319,250,0.0019,25192448,8.333333333333334
2,imagenet-1k,imagenet-1k,google/vit-large-patch16-224,Adam,0.01,Linear,identity,,,256,5,"[(4, 5), (8, 9)]",[],[],{},identity,identity,2,0.7835,0.7551,0.0283999999999999,250,0.0019,25192448,8.333333333333334
3,imagenet-1k,imagenet-1k,google/vit-large-patch16-224,Adam,0.01,Linear,identity,,,256,5,"[(4, 5), (8, 9)]",[],[],{},identity,identity,2,0.7838,0.7577,0.0261,250,0.0019,25192448,8.333333333333334
1,imagenet-1k,imagenet-1k,google/vit-large-patch16-224,Adam,0.01,Linear,identity,,,256,5,"[(5, 6), (9, 10)]",[],[],{},identity,identity,2,0.7864,0.767,0.0193999999999999,250,0.0019,25192448,8.333333333333334
2,imagenet-1k,imagenet-1k,google/vit-large-patch16-224,Adam,0.01,Linear,identity,,,256,5,"[(5, 6), (9, 10)]",[],[],{},identity,identity,2,0.7835,0.7661,0.0173999999999999,250,0.0019,25192448,8.333333333333334
3,imagenet-1k,imagenet-1k,google/vit-large-patch16-224,Adam,0.01,Linear,identity,,,256,5,"[(5, 6), (9, 10)]",[],[],{},identity,identity,2,0.7838,0.7618,0.022,250,0.0019,25192448,8.333333333333334
1,imagenet-1k,imagenet-1k,google/vit-large-patch16-224,Adam,0.01,Linear,identity,,,256,5,"[(6, 7), (10, 11)]",[],[],{},identity,identity,2,0.7864,0.7568,0.0295999999999999,250,0.0019,25192448,8.333333333333334
2,imagenet-1k,imagenet-1k,google/vit-large-patch16-224,Adam,0.01,Linear,identity,,,256,5,"[(6, 7), (10, 11)]",[],[],{},identity,identity,2,0.7835,0.7603,0.0232,250,0.0019,25192448,8.333333333333334
3,imagenet-1k,imagenet-1k,google/vit-large-patch16-224,Adam,0.01,Linear,identity,,,256,5,"[(6, 7), (10, 11)]",[],[],{},identity,identity,2,0.7838,0.7584,0.0254,250,0.0019,25192448,8.333333333333334
1,imagenet-1k,imagenet-1k,google/vit-large-patch16-224,Adam,0.01,Linear,identity,,,256,5,"[(7, 8), (11, 12)]",[],[],{},identity,identity,2,0.7864,0.7601,0.0262999999999999,250,0.0019,25192448,8.333333333333334
2,imagenet-1k,imagenet-1k,google/vit-large-patch16-224,Adam,0.01,Linear,identity,,,256,5,"[(7, 8), (11, 12)]",[],[],{},identity,identity,2,0.7835,0.759,0.0244999999999999,250,0.0019,25192448,8.333333333333334
3,imagenet-1k,imagenet-1k,google/vit-large-patch16-224,Adam,0.01,Linear,identity,,,256,5,"[(7, 8), (11, 12)]",[],[],{},identity,identity,2,0.7838,0.7583,0.0255,250,0.0019,25192448,8.333333333333334
1,imagenet-1k,imagenet-1k,google/vit-large-patch16-224,Adam,0.01,Linear,identity,,,256,5,"[(8, 9), (12, 13)]",[],[],{},identity,identity,2,0.7864,0.7627,0.0236999999999999,250,0.0019,25192448,8.333333333333334
2,imagenet-1k,imagenet-1k,google/vit-large-patch16-224,Adam,0.01,Linear,identity,,,256,5,"[(8, 9), (12, 13)]",[],[],{},identity,identity,2,0.7835,0.7612,0.0222999999999999,250,0.0019,25192448,8.333333333333334
3,imagenet-1k,imagenet-1k,google/vit-large-patch16-224,Adam,0.01,Linear,identity,,,256,5,"[(8, 9), (12, 13)]",[],[],{},identity,identity,2,0.7838,0.7619,0.0219,250,0.0019,25192448,8.333333333333334
1,imagenet-1k,imagenet-1k,google/vit-large-patch16-224,Adam,0.01,Linear,identity,,,256,5,"[(9, 10), (13, 14)]",[],[],{},identity,identity,2,0.7864,0.7655,0.0209,250,0.0019,25192448,8.333333333333334
2,imagenet-1k,imagenet-1k,google/vit-large-patch16-224,Adam,0.01,Linear,identity,,,256,5,"[(9, 10), (13, 14)]",[],[],{},identity,identity,2,0.7835,0.7627,0.0207999999999999,250,0.0019,25192448,8.333333333333334
3,imagenet-1k,imagenet-1k,google/vit-large-patch16-224,Adam,0.01,Linear,identity,,,256,5,"[(9, 10), (13, 14)]",[],[],{},identity,identity,2,0.7838,0.7603,0.0235,250,0.0019,25192448,8.333333333333334
1,imagenet-1k,imagenet-1k,google/vit-large-patch16-224,Adam,0.01,Linear,identity,,,256,5,"[(10, 11), (14, 15)]",[],[],{},identity,identity,2,0.7864,0.7666,0.0198,250,0.0019,25192448,8.333333333333334
2,imagenet-1k,imagenet-1k,google/vit-large-patch16-224,Adam,0.01,Linear,identity,,,256,5,"[(10, 11), (14, 15)]",[],[],{},identity,identity,2,0.7835,0.7647,0.0187999999999999,250,0.0019,25192448,8.333333333333334
3,imagenet-1k,imagenet-1k,google/vit-large-patch16-224,Adam,0.01,Linear,identity,,,256,5,"[(10, 11), (14, 15)]",[],[],{},identity,identity,2,0.7838,0.7688,0.015,250,0.0019,25192448,8.333333333333334
1,imagenet-1k,imagenet-1k,google/vit-large-patch16-224,Adam,0.01,Linear,identity,,,256,5,"[(11, 12), (15, 16)]",[],[],{},identity,identity,2,0.7864,0.7584,0.028,250,0.0019,25192448,8.333333333333334
2,imagenet-1k,imagenet-1k,google/vit-large-patch16-224,Adam,0.01,Linear,identity,,,256,5,"[(11, 12), (15, 16)]",[],[],{},identity,identity,2,0.7835,0.7616,0.0218999999999999,250,0.0019,25192448,8.333333333333334
3,imagenet-1k,imagenet-1k,google/vit-large-patch16-224,Adam,0.01,Linear,identity,,,256,5,"[(11, 12), (15, 16)]",[],[],{},identity,identity,2,0.7838,0.7618,0.022,250,0.0019,25192448,8.333333333333334
1,imagenet-1k,imagenet-1k,google/vit-large-patch16-224,Adam,0.01,Linear,identity,,,256,5,"[(12, 13), (16, 17)]",[],[],{},identity,identity,2,0.7864,0.7627,0.0236999999999999,250,0.0019,25192448,8.333333333333334
2,imagenet-1k,imagenet-1k,google/vit-large-patch16-224,Adam,0.01,Linear,identity,,,256,5,"[(12, 13), (16, 17)]",[],[],{},identity,identity,2,0.7835,0.768,0.0154999999999999,250,0.0019,25192448,8.333333333333334
3,imagenet-1k,imagenet-1k,google/vit-large-patch16-224,Adam,0.01,Linear,identity,,,256,5,"[(12, 13), (16, 17)]",[],[],{},identity,identity,2,0.7838,0.7646,0.0192000000000001,250,0.0019,25192448,8.333333333333334
1,imagenet-1k,imagenet-1k,google/vit-large-patch16-224,Adam,0.01,Linear,identity,,,256,5,"[(13, 14), (17, 18)]",[],[],{},identity,identity,2,0.7864,0.7627,0.0236999999999999,250,0.0019,25192448,8.333333333333334
2,imagenet-1k,imagenet-1k,google/vit-large-patch16-224,Adam,0.01,Linear,identity,,,256,5,"[(13, 14), (17, 18)]",[],[],{},identity,identity,2,0.7835,0.7638,0.0196999999999999,250,0.0019,25192448,8.333333333333334
3,imagenet-1k,imagenet-1k,google/vit-large-patch16-224,Adam,0.01,Linear,identity,,,256,5,"[(13, 14), (17, 18)]",[],[],{},identity,identity,2,0.7838,0.7662,0.0176,250,0.0019,25192448,8.333333333333334
1,imagenet-1k,imagenet-1k,google/vit-large-patch16-224,Adam,0.01,Linear,identity,,,256,5,"[(14, 15), (18, 19)]",[],[],{},identity,identity,2,0.7864,0.7589,0.0274999999999999,250,0.0019,25192448,8.333333333333334
2,imagenet-1k,imagenet-1k,google/vit-large-patch16-224,Adam,0.01,Linear,identity,,,256,5,"[(14, 15), (18, 19)]",[],[],{},identity,identity,2,0.7835,0.7617,0.0217999999999999,250,0.0019,25192448,8.333333333333334
3,imagenet-1k,imagenet-1k,google/vit-large-patch16-224,Adam,0.01,Linear,identity,,,256,5,"[(14, 15), (18, 19)]",[],[],{},identity,identity,2,0.7838,0.7637,0.0201,250,0.0019,25192448,8.333333333333334
1,imagenet-1k,imagenet-1k,google/vit-large-patch16-224,Adam,0.01,Linear,identity,,,256,5,"[(15, 16), (19, 20)]",[],[],{},identity,identity,2,0.7864,0.7622,0.0242,250,0.0019,25192448,8.333333333333334
2,imagenet-1k,imagenet-1k,google/vit-large-patch16-224,Adam,0.01,Linear,identity,,,256,5,"[(15, 16), (19, 20)]",[],[],{},identity,identity,2,0.7835,0.7629,0.0205999999999999,250,0.0019,25192448,8.333333333333334
3,imagenet-1k,imagenet-1k,google/vit-large-patch16-224,Adam,0.01,Linear,identity,,,256,5,"[(15, 16), (19, 20)]",[],[],{},identity,identity,2,0.7838,0.7622,0.0216,250,0.0019,25192448,8.333333333333334
1,imagenet-1k,imagenet-1k,google/vit-large-patch16-224,Adam,0.01,Linear,identity,,,256,5,"[(16, 17), (20, 21)]",[],[],{},identity,identity,2,0.7864,0.7605,0.0259,250,0.0019,25192448,8.333333333333334
2,imagenet-1k,imagenet-1k,google/vit-large-patch16-224,Adam,0.01,Linear,identity,,,256,5,"[(16, 17), (20, 21)]",[],[],{},identity,identity,2,0.7835,0.7607,0.0227999999999999,250,0.0019,25192448,8.333333333333334
3,imagenet-1k,imagenet-1k,google/vit-large-patch16-224,Adam,0.01,Linear,identity,,,256,5,"[(16, 17), (20, 21)]",[],[],{},identity,identity,2,0.7838,0.7604,0.0234,250,0.0019,25192448,8.333333333333334
1,imagenet-1k,imagenet-1k,google/vit-large-patch16-224,Adam,0.01,Linear,identity,,,256,5,"[(17, 18), (21, 22)]",[],[],{},identity,identity,2,0.7864,0.7607,0.0256999999999999,250,0.0019,25192448,8.333333333333334
2,imagenet-1k,imagenet-1k,google/vit-large-patch16-224,Adam,0.01,Linear,identity,,,256,5,"[(17, 18), (21, 22)]",[],[],{},identity,identity,2,0.7835,0.7582,0.0252999999999999,250,0.0019,25192448,8.333333333333334
3,imagenet-1k,imagenet-1k,google/vit-large-patch16-224,Adam,0.01,Linear,identity,,,256,5,"[(17, 18), (21, 22)]",[],[],{},identity,identity,2,0.7838,0.7619,0.0219,250,0.0019,25192448,8.333333333333334
1,imagenet-1k,imagenet-1k,google/vit-large-patch16-224,Adam,0.01,Linear,identity,,,256,5,"[(18, 19), (22, 23)]",[],[],{},identity,identity,2,0.7864,0.7713,0.0151,250,0.0019,25192448,8.333333333333334
2,imagenet-1k,imagenet-1k,google/vit-large-patch16-224,Adam,0.01,Linear,identity,,,256,5,"[(18, 19), (22, 23)]",[],[],{},identity,identity,2,0.7835,0.7712,0.0122999999999999,250,0.0019,25192448,8.333333333333334
3,imagenet-1k,imagenet-1k,google/vit-large-patch16-224,Adam,0.01,Linear,identity,,,256,5,"[(18, 19), (22, 23)]",[],[],{},identity,identity,2,0.7838,0.7704,0.0134,250,0.0019,25192448,8.333333333333334
1,imagenet-1k,imagenet-1k,google/vit-large-patch16-224,Adam,0.01,Linear,identity,,,256,5,"[(0, 1), (5, 6)]",[],[],{},identity,identity,2,0.7864,0.7519,0.0344999999999999,250,0.0019,25192448,8.333333333333334
2,imagenet-1k,imagenet-1k,google/vit-large-patch16-224,Adam,0.01,Linear,identity,,,256,5,"[(0, 1), (5, 6)]",[],[],{},identity,identity,2,0.7835,0.7506,0.0328999999999999,250,0.0019,25192448,8.333333333333334
3,imagenet-1k,imagenet-1k,google/vit-large-patch16-224,Adam,0.01,Linear,identity,,,256,5,"[(0, 1), (5, 6)]",[],[],{},identity,identity,2,0.7838,0.7543,0.0295,250,0.0019,25192448,8.333333333333334
1,imagenet-1k,imagenet-1k,google/vit-large-patch16-224,Adam,0.01,Linear,identity,,,256,5,"[(1, 2), (6, 7)]",[],[],{},identity,identity,2,0.7864,0.7537,0.0326999999999999,250,0.0019,25192448,8.333333333333334
2,imagenet-1k,imagenet-1k,google/vit-large-patch16-224,Adam,0.01,Linear,identity,,,256,5,"[(1, 2), (6, 7)]",[],[],{},identity,identity,2,0.7835,0.7551,0.0283999999999999,250,0.0019,25192448,8.333333333333334
3,imagenet-1k,imagenet-1k,google/vit-large-patch16-224,Adam,0.01,Linear,identity,,,256,5,"[(1, 2), (6, 7)]",[],[],{},identity,identity,2,0.7838,0.7534,0.0304,250,0.0019,25192448,8.333333333333334
1,imagenet-1k,imagenet-1k,google/vit-large-patch16-224,Adam,0.01,Linear,identity,,,256,5,"[(2, 3), (7, 8)]",[],[],{},identity,identity,2,0.7864,0.7611,0.0252999999999999,250,0.0019,25192448,8.333333333333334
2,imagenet-1k,imagenet-1k,google/vit-large-patch16-224,Adam,0.01,Linear,identity,,,256,5,"[(2, 3), (7, 8)]",[],[],{},identity,identity,2,0.7835,0.7633,0.0201999999999999,250,0.0019,25192448,8.333333333333334
3,imagenet-1k,imagenet-1k,google/vit-large-patch16-224,Adam,0.01,Linear,identity,,,256,5,"[(2, 3), (7, 8)]",[],[],{},identity,identity,2,0.7838,0.7574,0.0264,250,0.0019,25192448,8.333333333333334
1,imagenet-1k,imagenet-1k,google/vit-large-patch16-224,Adam,0.01,Linear,identity,,,256,5,"[(3, 4), (8, 9)]",[],[],{},identity,identity,2,0.7864,0.7688,0.0175999999999999,250,0.0019,25192448,8.333333333333334
2,imagenet-1k,imagenet-1k,google/vit-large-patch16-224,Adam,0.01,Linear,identity,,,256,5,"[(3, 4), (8, 9)]",[],[],{},identity,identity,2,0.7835,0.7634,0.0201,250,0.0019,25192448,8.333333333333334
3,imagenet-1k,imagenet-1k,google/vit-large-patch16-224,Adam,0.01,Linear,identity,,,256,5,"[(3, 4), (8, 9)]",[],[],{},identity,identity,2,0.7838,0.7699,0.0139,250,0.0019,25192448,8.333333333333334
1,imagenet-1k,imagenet-1k,google/vit-large-patch16-224,Adam,0.01,Linear,identity,,,256,5,"[(4, 5), (9, 10)]",[],[],{},identity,identity,2,0.7864,0.755,0.0313999999999999,250,0.0019,25192448,8.333333333333334
2,imagenet-1k,imagenet-1k,google/vit-large-patch16-224,Adam,0.01,Linear,identity,,,256,5,"[(4, 5), (9, 10)]",[],[],{},identity,identity,2,0.7835,0.7575,0.026,250,0.0019,25192448,8.333333333333334
3,imagenet-1k,imagenet-1k,google/vit-large-patch16-224,Adam,0.01,Linear,identity,,,256,5,"[(4, 5), (9, 10)]",[],[],{},identity,identity,2,0.7838,0.756,0.0278,250,0.0019,25192448,8.333333333333334
1,imagenet-1k,imagenet-1k,google/vit-large-patch16-224,Adam,0.01,Linear,identity,,,256,5,"[(5, 6), (10, 11)]",[],[],{},identity,identity,2,0.7864,0.7589,0.0274999999999999,250,0.0019,25192448,8.333333333333334
2,imagenet-1k,imagenet-1k,google/vit-large-patch16-224,Adam,0.01,Linear,identity,,,256,5,"[(5, 6), (10, 11)]",[],[],{},identity,identity,2,0.7835,0.7674,0.0161,250,0.0019,25192448,8.333333333333334
3,imagenet-1k,imagenet-1k,google/vit-large-patch16-224,Adam,0.01,Linear,identity,,,256,5,"[(5, 6), (10, 11)]",[],[],{},identity,identity,2,0.7838,0.7679,0.0159,250,0.0019,25192448,8.333333333333334
1,imagenet-1k,imagenet-1k,google/vit-large-patch16-224,Adam,0.01,Linear,identity,,,256,5,"[(6, 7), (11, 12)]",[],[],{},identity,identity,2,0.7864,0.7588,0.0275999999999999,250,0.0019,25192448,8.333333333333334
2,imagenet-1k,imagenet-1k,google/vit-large-patch16-224,Adam,0.01,Linear,identity,,,256,5,"[(6, 7), (11, 12)]",[],[],{},identity,identity,2,0.7835,0.7553,0.0282,250,0.0019,25192448,8.333333333333334
3,imagenet-1k,imagenet-1k,google/vit-large-patch16-224,Adam,0.01,Linear,identity,,,256,5,"[(6, 7), (11, 12)]",[],[],{},identity,identity,2,0.7838,0.7563,0.0275,250,0.0019,25192448,8.333333333333334
1,imagenet-1k,imagenet-1k,google/vit-large-patch16-224,Adam,0.01,Linear,identity,,,256,5,"[(7, 8), (12, 13)]",[],[],{},identity,identity,2,0.7864,0.7629,0.0234999999999999,250,0.0019,25192448,8.333333333333334
2,imagenet-1k,imagenet-1k,google/vit-large-patch16-224,Adam,0.01,Linear,identity,,,256,5,"[(7, 8), (12, 13)]",[],[],{},identity,identity,2,0.7835,0.7606,0.0228999999999999,250,0.0019,25192448,8.333333333333334
3,imagenet-1k,imagenet-1k,google/vit-large-patch16-224,Adam,0.01,Linear,identity,,,256,5,"[(7, 8), (12, 13)]",[],[],{},identity,identity,2,0.7838,0.767,0.0168,250,0.0019,25192448,8.333333333333334
1,imagenet-1k,imagenet-1k,google/vit-large-patch16-224,Adam,0.01,Linear,identity,,,256,5,"[(8, 9), (13, 14)]",[],[],{},identity,identity,2,0.7864,0.764,0.0223999999999999,250,0.0019,25192448,8.333333333333334
2,imagenet-1k,imagenet-1k,google/vit-large-patch16-224,Adam,0.01,Linear,identity,,,256,5,"[(8, 9), (13, 14)]",[],[],{},identity,identity,2,0.7835,0.763,0.0204999999999999,250,0.0019,25192448,8.333333333333334
3,imagenet-1k,imagenet-1k,google/vit-large-patch16-224,Adam,0.01,Linear,identity,,,256,5,"[(8, 9), (13, 14)]",[],[],{},identity,identity,2,0.7838,0.7638,0.02,250,0.0019,25192448,8.333333333333334
1,imagenet-1k,imagenet-1k,google/vit-large-patch16-224,Adam,0.01,Linear,identity,,,256,5,"[(9, 10), (14, 15)]",[],[],{},identity,identity,2,0.7864,0.7664,0.02,250,0.0019,25192448,8.333333333333334
2,imagenet-1k,imagenet-1k,google/vit-large-patch16-224,Adam,0.01,Linear,identity,,,256,5,"[(9, 10), (14, 15)]",[],[],{},identity,identity,2,0.7835,0.7689,0.0145999999999999,250,0.0019,25192448,8.333333333333334
3,imagenet-1k,imagenet-1k,google/vit-large-patch16-224,Adam,0.01,Linear,identity,,,256,5,"[(9, 10), (14, 15)]",[],[],{},identity,identity,2,0.7838,0.761,0.0228,250,0.0019,25192448,8.333333333333334
1,imagenet-1k,imagenet-1k,google/vit-large-patch16-224,Adam,0.01,Linear,identity,,,256,5,"[(10, 11), (15, 16)]",[],[],{},identity,identity,2,0.7864,0.7602,0.0262,250,0.0019,25192448,8.333333333333334
2,imagenet-1k,imagenet-1k,google/vit-large-patch16-224,Adam,0.01,Linear,identity,,,256,5,"[(10, 11), (15, 16)]",[],[],{},identity,identity,2,0.7835,0.7669,0.0165999999999999,250,0.0019,25192448,8.333333333333334
3,imagenet-1k,imagenet-1k,google/vit-large-patch16-224,Adam,0.01,Linear,identity,,,256,5,"[(10, 11), (15, 16)]",[],[],{},identity,identity,2,0.7838,0.7643,0.0195,250,0.0019,25192448,8.333333333333334
1,imagenet-1k,imagenet-1k,google/vit-large-patch16-224,Adam,0.01,Linear,identity,,,256,5,"[(11, 12), (16, 17)]",[],[],{},identity,identity,2,0.7864,0.7661,0.0202999999999999,250,0.0019,25192448,8.333333333333334
2,imagenet-1k,imagenet-1k,google/vit-large-patch16-224,Adam,0.01,Linear,identity,,,256,5,"[(11, 12), (16, 17)]",[],[],{},identity,identity,2,0.7835,0.7671,0.0163999999999999,250,0.0019,25192448,8.333333333333334
3,imagenet-1k,imagenet-1k,google/vit-large-patch16-224,Adam,0.01,Linear,identity,,,256,5,"[(11, 12), (16, 17)]",[],[],{},identity,identity,2,0.7838,0.7641,0.0197,250,0.0019,25192448,8.333333333333334
1,imagenet-1k,imagenet-1k,google/vit-large-patch16-224,Adam,0.01,Linear,identity,,,256,5,"[(12, 13), (17, 18)]",[],[],{},identity,identity,2,0.7864,0.7646,0.0218,250,0.0019,25192448,8.333333333333334
2,imagenet-1k,imagenet-1k,google/vit-large-patch16-224,Adam,0.01,Linear,identity,,,256,5,"[(12, 13), (17, 18)]",[],[],{},identity,identity,2,0.7835,0.7655,0.018,250,0.0019,25192448,8.333333333333334
3,imagenet-1k,imagenet-1k,google/vit-large-patch16-224,Adam,0.01,Linear,identity,,,256,5,"[(12, 13), (17, 18)]",[],[],{},identity,identity,2,0.7838,0.7596,0.0242,250,0.0019,25192448,8.333333333333334
1,imagenet-1k,imagenet-1k,google/vit-large-patch16-224,Adam,0.01,Linear,identity,,,256,5,"[(13, 14), (18, 19)]",[],[],{},identity,identity,2,0.7864,0.7656,0.0208,250,0.0019,25192448,8.333333333333334
2,imagenet-1k,imagenet-1k,google/vit-large-patch16-224,Adam,0.01,Linear,identity,,,256,5,"[(13, 14), (18, 19)]",[],[],{},identity,identity,2,0.7835,0.7592,0.0242999999999999,250,0.0019,25192448,8.333333333333334
3,imagenet-1k,imagenet-1k,google/vit-large-patch16-224,Adam,0.01,Linear,identity,,,256,5,"[(13, 14), (18, 19)]",[],[],{},identity,identity,2,0.7838,0.7636,0.0202000000000001,250,0.0019,25192448,8.333333333333334
1,imagenet-1k,imagenet-1k,google/vit-large-patch16-224,Adam,0.01,Linear,identity,,,256,5,"[(14, 15), (19, 20)]",[],[],{},identity,identity,2,0.7864,0.7544,0.032,250,0.0019,25192448,8.333333333333334
2,imagenet-1k,imagenet-1k,google/vit-large-patch16-224,Adam,0.01,Linear,identity,,,256,5,"[(14, 15), (19, 20)]",[],[],{},identity,identity,2,0.7835,0.7598,0.0236999999999999,250,0.0019,25192448,8.333333333333334
3,imagenet-1k,imagenet-1k,google/vit-large-patch16-224,Adam,0.01,Linear,identity,,,256,5,"[(14, 15), (19, 20)]",[],[],{},identity,identity,2,0.7838,0.7603,0.0235,250,0.0019,25192448,8.333333333333334
1,imagenet-1k,imagenet-1k,google/vit-large-patch16-224,Adam,0.01,Linear,identity,,,256,5,"[(15, 16), (20, 21)]",[],[],{},identity,identity,2,0.7864,0.7629,0.0234999999999999,250,0.0019,25192448,8.333333333333334
2,imagenet-1k,imagenet-1k,google/vit-large-patch16-224,Adam,0.01,Linear,identity,,,256,5,"[(15, 16), (20, 21)]",[],[],{},identity,identity,2,0.7835,0.767,0.0164999999999999,250,0.0019,25192448,8.333333333333334
3,imagenet-1k,imagenet-1k,google/vit-large-patch16-224,Adam,0.01,Linear,identity,,,256,5,"[(15, 16), (20, 21)]",[],[],{},identity,identity,2,0.7838,0.7602,0.0236,250,0.0019,25192448,8.333333333333334
1,imagenet-1k,imagenet-1k,google/vit-large-patch16-224,Adam,0.01,Linear,identity,,,256,5,"[(16, 17), (21, 22)]",[],[],{},identity,identity,2,0.7864,0.7652,0.0211999999999999,250,0.0019,25192448,8.333333333333334
2,imagenet-1k,imagenet-1k,google/vit-large-patch16-224,Adam,0.01,Linear,identity,,,256,5,"[(16, 17), (21, 22)]",[],[],{},identity,identity,2,0.7835,0.7614,0.0221,250,0.0019,25192448,8.333333333333334
3,imagenet-1k,imagenet-1k,google/vit-large-patch16-224,Adam,0.01,Linear,identity,,,256,5,"[(16, 17), (21, 22)]",[],[],{},identity,identity,2,0.7838,0.7718,0.012,250,0.0019,25192448,8.333333333333334
1,imagenet-1k,imagenet-1k,google/vit-large-patch16-224,Adam,0.01,Linear,identity,,,256,5,"[(17, 18), (22, 23)]",[],[],{},identity,identity,2,0.7864,0.7734,0.013,250,0.0019,25192448,8.333333333333334
2,imagenet-1k,imagenet-1k,google/vit-large-patch16-224,Adam,0.01,Linear,identity,,,256,5,"[(17, 18), (22, 23)]",[],[],{},identity,identity,2,0.7835,0.7722,0.0112999999999999,250,0.0019,25192448,8.333333333333334
3,imagenet-1k,imagenet-1k,google/vit-large-patch16-224,Adam,0.01,Linear,identity,,,256,5,"[(17, 18), (22, 23)]",[],[],{},identity,identity,2,0.7838,0.7744,0.0094,250,0.0019,25192448,8.333333333333334
1,imagenet-1k,imagenet-1k,google/vit-large-patch16-224,Adam,0.01,Linear,identity,,,256,5,"[(0, 1), (6, 7)]",[],[],{},identity,identity,2,0.7864,0.753,0.0333999999999999,250,0.0019,25192448,8.333333333333334
2,imagenet-1k,imagenet-1k,google/vit-large-patch16-224,Adam,0.01,Linear,identity,,,256,5,"[(0, 1), (6, 7)]",[],[],{},identity,identity,2,0.7835,0.752,0.0314999999999999,250,0.0019,25192448,8.333333333333334
3,imagenet-1k,imagenet-1k,google/vit-large-patch16-224,Adam,0.01,Linear,identity,,,256,5,"[(0, 1), (6, 7)]",[],[],{},identity,identity,2,0.7838,0.7508,0.033,250,0.0019,25192448,8.333333333333334
1,imagenet-1k,imagenet-1k,google/vit-large-patch16-224,Adam,0.01,Linear,identity,,,256,5,"[(1, 2), (7, 8)]",[],[],{},identity,identity,2,0.7864,0.7524,0.034,250,0.0019,25192448,8.333333333333334
2,imagenet-1k,imagenet-1k,google/vit-large-patch16-224,Adam,0.01,Linear,identity,,,256,5,"[(1, 2), (7, 8)]",[],[],{},identity,identity,2,0.7835,0.7541,0.0293999999999999,250,0.0019,25192448,8.333333333333334
3,imagenet-1k,imagenet-1k,google/vit-large-patch16-224,Adam,0.01,Linear,identity,,,256,5,"[(1, 2), (7, 8)]",[],[],{},identity,identity,2,0.7838,0.7547,0.0291,250,0.0019,25192448,8.333333333333334
1,imagenet-1k,imagenet-1k,google/vit-large-patch16-224,Adam,0.01,Linear,identity,,,256,5,"[(2, 3), (8, 9)]",[],[],{},identity,identity,2,0.7864,0.7584,0.028,250,0.0019,25192448,8.333333333333334
2,imagenet-1k,imagenet-1k,google/vit-large-patch16-224,Adam,0.01,Linear,identity,,,256,5,"[(2, 3), (8, 9)]",[],[],{},identity,identity,2,0.7835,0.7598,0.0236999999999999,250,0.0019,25192448,8.333333333333334
3,imagenet-1k,imagenet-1k,google/vit-large-patch16-224,Adam,0.01,Linear,identity,,,256,5,"[(2, 3), (8, 9)]",[],[],{},identity,identity,2,0.7838,0.7622,0.0216,250,0.0019,25192448,8.333333333333334
1,imagenet-1k,imagenet-1k,google/vit-large-patch16-224,Adam,0.01,Linear,identity,,,256,5,"[(3, 4), (9, 10)]",[],[],{},identity,identity,2,0.7864,0.7621,0.0242999999999999,250,0.0019,25192448,8.333333333333334
2,imagenet-1k,imagenet-1k,google/vit-large-patch16-224,Adam,0.01,Linear,identity,,,256,5,"[(3, 4), (9, 10)]",[],[],{},identity,identity,2,0.7835,0.7622,0.0212999999999999,250,0.0019,25192448,8.333333333333334
3,imagenet-1k,imagenet-1k,google/vit-large-patch16-224,Adam,0.01,Linear,identity,,,256,5,"[(3, 4), (9, 10)]",[],[],{},identity,identity,2,0.7838,0.7592,0.0246,250,0.0019,25192448,8.333333333333334
1,imagenet-1k,imagenet-1k,google/vit-large-patch16-224,Adam,0.01,Linear,identity,,,256,5,"[(4, 5), (10, 11)]",[],[],{},identity,identity,2,0.7864,0.7594,0.027,250,0.0019,25192448,8.333333333333334
2,imagenet-1k,imagenet-1k,google/vit-large-patch16-224,Adam,0.01,Linear,identity,,,256,5,"[(4, 5), (10, 11)]",[],[],{},identity,identity,2,0.7835,0.7634,0.0201,250,0.0019,25192448,8.333333333333334
3,imagenet-1k,imagenet-1k,google/vit-large-patch16-224,Adam,0.01,Linear,identity,,,256,5,"[(4, 5), (10, 11)]",[],[],{},identity,identity,2,0.7838,0.7625,0.0213,250,0.0019,25192448,8.333333333333334
1,imagenet-1k,imagenet-1k,google/vit-large-patch16-224,Adam,0.01,Linear,identity,,,256,5,"[(5, 6), (11, 12)]",[],[],{},identity,identity,2,0.7864,0.7625,0.0239,250,0.0019,25192448,8.333333333333334
2,imagenet-1k,imagenet-1k,google/vit-large-patch16-224,Adam,0.01,Linear,identity,,,256,5,"[(5, 6), (11, 12)]",[],[],{},identity,identity,2,0.7835,0.7653,0.0181999999999999,250,0.0019,25192448,8.333333333333334
3,imagenet-1k,imagenet-1k,google/vit-large-patch16-224,Adam,0.01,Linear,identity,,,256,5,"[(5, 6), (11, 12)]",[],[],{},identity,identity,2,0.7838,0.7653,0.0185,250,0.0019,25192448,8.333333333333334
1,imagenet-1k,imagenet-1k,google/vit-large-patch16-224,Adam,0.01,Linear,identity,,,256,5,"[(6, 7), (12, 13)]",[],[],{},identity,identity,2,0.7864,0.7678,0.0185999999999999,250,0.0019,25192448,8.333333333333334
2,imagenet-1k,imagenet-1k,google/vit-large-patch16-224,Adam,0.01,Linear,identity,,,256,5,"[(6, 7), (12, 13)]",[],[],{},identity,identity,2,0.7835,0.7656,0.0179,250,0.0019,25192448,8.333333333333334
3,imagenet-1k,imagenet-1k,google/vit-large-patch16-224,Adam,0.01,Linear,identity,,,256,5,"[(6, 7), (12, 13)]",[],[],{},identity,identity,2,0.7838,0.771,0.0128,250,0.0019,25192448,8.333333333333334
1,imagenet-1k,imagenet-1k,google/vit-large-patch16-224,Adam,0.01,Linear,identity,,,256,5,"[(7, 8), (13, 14)]",[],[],{},identity,identity,2,0.7864,0.7652,0.0211999999999999,250,0.0019,25192448,8.333333333333334
2,imagenet-1k,imagenet-1k,google/vit-large-patch16-224,Adam,0.01,Linear,identity,,,256,5,"[(7, 8), (13, 14)]",[],[],{},identity,identity,2,0.7835,0.7663,0.0171999999999999,250,0.0019,25192448,8.333333333333334
3,imagenet-1k,imagenet-1k,google/vit-large-patch16-224,Adam,0.01,Linear,identity,,,256,5,"[(7, 8), (13, 14)]",[],[],{},identity,identity,2,0.7838,0.7695,0.0143,250,0.0019,25192448,8.333333333333334
1,imagenet-1k,imagenet-1k,google/vit-large-patch16-224,Adam,0.01,Linear,identity,,,256,5,"[(8, 9), (14, 15)]",[],[],{},identity,identity,2,0.7864,0.7671,0.0192999999999999,250,0.0019,25192448,8.333333333333334
2,imagenet-1k,imagenet-1k,google/vit-large-patch16-224,Adam,0.01,Linear,identity,,,256,5,"[(8, 9), (14, 15)]",[],[],{},identity,identity,2,0.7835,0.7695,0.014,250,0.0019,25192448,8.333333333333334
3,imagenet-1k,imagenet-1k,google/vit-large-patch16-224,Adam,0.01,Linear,identity,,,256,5,"[(8, 9), (14, 15)]",[],[],{},identity,identity,2,0.7838,0.7642,0.0196,250,0.0019,25192448,8.333333333333334
1,imagenet-1k,imagenet-1k,google/vit-large-patch16-224,Adam,0.01,Linear,identity,,,256,5,"[(9, 10), (15, 16)]",[],[],{},identity,identity,2,0.7864,0.7647,0.0216999999999999,250,0.0019,25192448,8.333333333333334
2,imagenet-1k,imagenet-1k,google/vit-large-patch16-224,Adam,0.01,Linear,identity,,,256,5,"[(9, 10), (15, 16)]",[],[],{},identity,identity,2,0.7835,0.7656,0.0179,250,0.0019,25192448,8.333333333333334
3,imagenet-1k,imagenet-1k,google/vit-large-patch16-224,Adam,0.01,Linear,identity,,,256,5,"[(9, 10), (15, 16)]",[],[],{},identity,identity,2,0.7838,0.7697,0.0141,250,0.0019,25192448,8.333333333333334
1,imagenet-1k,imagenet-1k,google/vit-large-patch16-224,Adam,0.01,Linear,identity,,,256,5,"[(10, 11), (16, 17)]",[],[],{},identity,identity,2,0.7864,0.7676,0.0188,250,0.0019,25192448,8.333333333333334
2,imagenet-1k,imagenet-1k,google/vit-large-patch16-224,Adam,0.01,Linear,identity,,,256,5,"[(10, 11), (16, 17)]",[],[],{},identity,identity,2,0.7835,0.7717,0.0117999999999999,250,0.0019,25192448,8.333333333333334
3,imagenet-1k,imagenet-1k,google/vit-large-patch16-224,Adam,0.01,Linear,identity,,,256,5,"[(10, 11), (16, 17)]",[],[],{},identity,identity,2,0.7838,0.7682,0.0156,250,0.0019,25192448,8.333333333333334
1,imagenet-1k,imagenet-1k,google/vit-large-patch16-224,Adam,0.01,Linear,identity,,,256,5,"[(11, 12), (17, 18)]",[],[],{},identity,identity,2,0.7864,0.7595,0.0269,250,0.0019,25192448,8.333333333333334
2,imagenet-1k,imagenet-1k,google/vit-large-patch16-224,Adam,0.01,Linear,identity,,,256,5,"[(11, 12), (17, 18)]",[],[],{},identity,identity,2,0.7835,0.7583,0.0252,250,0.0019,25192448,8.333333333333334
3,imagenet-1k,imagenet-1k,google/vit-large-patch16-224,Adam,0.01,Linear,identity,,,256,5,"[(11, 12), (17, 18)]",[],[],{},identity,identity,2,0.7838,0.7586,0.0252,250,0.0019,25192448,8.333333333333334
1,imagenet-1k,imagenet-1k,google/vit-large-patch16-224,Adam,0.01,Linear,identity,,,256,5,"[(12, 13), (18, 19)]",[],[],{},identity,identity,2,0.7864,0.7601,0.0262999999999999,250,0.0019,25192448,8.333333333333334
2,imagenet-1k,imagenet-1k,google/vit-large-patch16-224,Adam,0.01,Linear,identity,,,256,5,"[(12, 13), (18, 19)]",[],[],{},identity,identity,2,0.7835,0.7612,0.0222999999999999,250,0.0019,25192448,8.333333333333334
3,imagenet-1k,imagenet-1k,google/vit-large-patch16-224,Adam,0.01,Linear,identity,,,256,5,"[(12, 13), (18, 19)]",[],[],{},identity,identity,2,0.7838,0.7542,0.0296,250,0.0019,25192448,8.333333333333334
1,imagenet-1k,imagenet-1k,google/vit-large-patch16-224,Adam,0.01,Linear,identity,,,256,5,"[(13, 14), (19, 20)]",[],[],{},identity,identity,2,0.7864,0.7577,0.0286999999999999,250,0.0019,25192448,8.333333333333334
2,imagenet-1k,imagenet-1k,google/vit-large-patch16-224,Adam,0.01,Linear,identity,,,256,5,"[(13, 14), (19, 20)]",[],[],{},identity,identity,2,0.7835,0.7581,0.0253999999999999,250,0.0019,25192448,8.333333333333334
3,imagenet-1k,imagenet-1k,google/vit-large-patch16-224,Adam,0.01,Linear,identity,,,256,5,"[(13, 14), (19, 20)]",[],[],{},identity,identity,2,0.7838,0.7579,0.0259,250,0.0019,25192448,8.333333333333334
1,imagenet-1k,imagenet-1k,google/vit-large-patch16-224,Adam,0.01,Linear,identity,,,256,5,"[(14, 15), (20, 21)]",[],[],{},identity,identity,2,0.7864,0.7599,0.0264999999999999,250,0.0019,25192448,8.333333333333334
2,imagenet-1k,imagenet-1k,google/vit-large-patch16-224,Adam,0.01,Linear,identity,,,256,5,"[(14, 15), (20, 21)]",[],[],{},identity,identity,2,0.7835,0.7622,0.0212999999999999,250,0.0019,25192448,8.333333333333334
3,imagenet-1k,imagenet-1k,google/vit-large-patch16-224,Adam,0.01,Linear,identity,,,256,5,"[(14, 15), (20, 21)]",[],[],{},identity,identity,2,0.7838,0.7656,0.0182000000000001,250,0.0019,25192448,8.333333333333334
1,imagenet-1k,imagenet-1k,google/vit-large-patch16-224,Adam,0.01,Linear,identity,,,256,5,"[(15, 16), (21, 22)]",[],[],{},identity,identity,2,0.7864,0.765,0.0213999999999999,250,0.0019,25192448,8.333333333333334
2,imagenet-1k,imagenet-1k,google/vit-large-patch16-224,Adam,0.01,Linear,identity,,,256,5,"[(15, 16), (21, 22)]",[],[],{},identity,identity,2,0.7835,0.7622,0.0212999999999999,250,0.0019,25192448,8.333333333333334
3,imagenet-1k,imagenet-1k,google/vit-large-patch16-224,Adam,0.01,Linear,identity,,,256,5,"[(15, 16), (21, 22)]",[],[],{},identity,identity,2,0.7838,0.7702,0.0136,250,0.0019,25192448,8.333333333333334
1,imagenet-1k,imagenet-1k,google/vit-large-patch16-224,Adam,0.01,Linear,identity,,,256,5,"[(16, 17), (22, 23)]",[],[],{},identity,identity,2,0.7864,0.78,0.0063999999999999,250,0.0019,25192448,8.333333333333334
2,imagenet-1k,imagenet-1k,google/vit-large-patch16-224,Adam,0.01,Linear,identity,,,256,5,"[(16, 17), (22, 23)]",[],[],{},identity,identity,2,0.7835,0.7755,0.008,250,0.0019,25192448,8.333333333333334
3,imagenet-1k,imagenet-1k,google/vit-large-patch16-224,Adam,0.01,Linear,identity,,,256,5,"[(16, 17), (22, 23)]",[],[],{},identity,identity,2,0.7838,0.7754,0.0084,250,0.0019,25192448,8.333333333333334
1,imagenet-1k,imagenet-1k,google/vit-large-patch16-224,Adam,0.01,Linear,identity,,,256,5,"[(0, 1), (7, 8)]",[],[],{},identity,identity,2,0.7864,0.7449,0.0414999999999999,250,0.0019,25192448,8.333333333333334
2,imagenet-1k,imagenet-1k,google/vit-large-patch16-224,Adam,0.01,Linear,identity,,,256,5,"[(0, 1), (7, 8)]",[],[],{},identity,identity,2,0.7835,0.7478,0.0356999999999999,250,0.0019,25192448,8.333333333333334
3,imagenet-1k,imagenet-1k,google/vit-large-patch16-224,Adam,0.01,Linear,identity,,,256,5,"[(0, 1), (7, 8)]",[],[],{},identity,identity,2,0.7838,0.745,0.0388,250,0.0019,25192448,8.333333333333334
1,imagenet-1k,imagenet-1k,google/vit-large-patch16-224,Adam,0.01,Linear,identity,,,256,5,"[(1, 2), (8, 9)]",[],[],{},identity,identity,2,0.7864,0.7549,0.0314999999999999,250,0.0019,25192448,8.333333333333334
2,imagenet-1k,imagenet-1k,google/vit-large-patch16-224,Adam,0.01,Linear,identity,,,256,5,"[(1, 2), (8, 9)]",[],[],{},identity,identity,2,0.7835,0.7572,0.0262999999999999,250,0.0019,25192448,8.333333333333334
3,imagenet-1k,imagenet-1k,google/vit-large-patch16-224,Adam,0.01,Linear,identity,,,256,5,"[(1, 2), (8, 9)]",[],[],{},identity,identity,2,0.7838,0.7549,0.0289,250,0.0019,25192448,8.333333333333334
1,imagenet-1k,imagenet-1k,google/vit-large-patch16-224,Adam,0.01,Linear,identity,,,256,5,"[(2, 3), (9, 10)]",[],[],{},identity,identity,2,0.7864,0.7615,0.0249,250,0.0019,25192448,8.333333333333334
2,imagenet-1k,imagenet-1k,google/vit-large-patch16-224,Adam,0.01,Linear,identity,,,256,5,"[(2, 3), (9, 10)]",[],[],{},identity,identity,2,0.7835,0.7571,0.0263999999999999,250,0.0019,25192448,8.333333333333334
3,imagenet-1k,imagenet-1k,google/vit-large-patch16-224,Adam,0.01,Linear,identity,,,256,5,"[(2, 3), (9, 10)]",[],[],{},identity,identity,2,0.7838,0.7569,0.0269,250,0.0019,25192448,8.333333333333334
1,imagenet-1k,imagenet-1k,google/vit-large-patch16-224,Adam,0.01,Linear,identity,,,256,5,"[(3, 4), (10, 11)]",[],[],{},identity,identity,2,0.7864,0.7623,0.0241,250,0.0019,25192448,8.333333333333334
2,imagenet-1k,imagenet-1k,google/vit-large-patch16-224,Adam,0.01,Linear,identity,,,256,5,"[(3, 4), (10, 11)]",[],[],{},identity,identity,2,0.7835,0.7634,0.0201,250,0.0019,25192448,8.333333333333334
3,imagenet-1k,imagenet-1k,google/vit-large-patch16-224,Adam,0.01,Linear,identity,,,256,5,"[(3, 4), (10, 11)]",[],[],{},identity,identity,2,0.7838,0.7642,0.0196,250,0.0019,25192448,8.333333333333334
1,imagenet-1k,imagenet-1k,google/vit-large-patch16-224,Adam,0.01,Linear,identity,,,256,5,"[(4, 5), (11, 12)]",[],[],{},identity,identity,2,0.7864,0.7607,0.0256999999999999,250,0.0019,25192448,8.333333333333334
2,imagenet-1k,imagenet-1k,google/vit-large-patch16-224,Adam,0.01,Linear,identity,,,256,5,"[(4, 5), (11, 12)]",[],[],{},identity,identity,2,0.7835,0.7621,0.0213999999999999,250,0.0019,25192448,8.333333333333334
3,imagenet-1k,imagenet-1k,google/vit-large-patch16-224,Adam,0.01,Linear,identity,,,256,5,"[(4, 5), (11, 12)]",[],[],{},identity,identity,2,0.7838,0.7516,0.0322,250,0.0019,25192448,8.333333333333334
1,imagenet-1k,imagenet-1k,google/vit-large-patch16-224,Adam,0.01,Linear,identity,,,256,5,"[(5, 6), (12, 13)]",[],[],{},identity,identity,2,0.7864,0.7646,0.0218,250,0.0019,25192448,8.333333333333334
2,imagenet-1k,imagenet-1k,google/vit-large-patch16-224,Adam,0.01,Linear,identity,,,256,5,"[(5, 6), (12, 13)]",[],[],{},identity,identity,2,0.7835,0.7632,0.0202999999999999,250,0.0019,25192448,8.333333333333334
3,imagenet-1k,imagenet-1k,google/vit-large-patch16-224,Adam,0.01,Linear,identity,,,256,5,"[(5, 6), (12, 13)]",[],[],{},identity,identity,2,0.7838,0.7656,0.0182000000000001,250,0.0019,25192448,8.333333333333334
1,imagenet-1k,imagenet-1k,google/vit-large-patch16-224,Adam,0.01,Linear,identity,,,256,5,"[(6, 7), (13, 14)]",[],[],{},identity,identity,2,0.7864,0.7652,0.0211999999999999,250,0.0019,25192448,8.333333333333334
2,imagenet-1k,imagenet-1k,google/vit-large-patch16-224,Adam,0.01,Linear,identity,,,256,5,"[(6, 7), (13, 14)]",[],[],{},identity,identity,2,0.7835,0.7696,0.0139,250,0.0019,25192448,8.333333333333334
3,imagenet-1k,imagenet-1k,google/vit-large-patch16-224,Adam,0.01,Linear,identity,,,256,5,"[(6, 7), (13, 14)]",[],[],{},identity,identity,2,0.7838,0.767,0.0168,250,0.0019,25192448,8.333333333333334
1,imagenet-1k,imagenet-1k,google/vit-large-patch16-224,Adam,0.01,Linear,identity,,,256,5,"[(7, 8), (14, 15)]",[],[],{},identity,identity,2,0.7864,0.7598,0.0265999999999999,250,0.0019,25192448,8.333333333333334
2,imagenet-1k,imagenet-1k,google/vit-large-patch16-224,Adam,0.01,Linear,identity,,,256,5,"[(7, 8), (14, 15)]",[],[],{},identity,identity,2,0.7835,0.7652,0.0182999999999999,250,0.0019,25192448,8.333333333333334
3,imagenet-1k,imagenet-1k,google/vit-large-patch16-224,Adam,0.01,Linear,identity,,,256,5,"[(7, 8), (14, 15)]",[],[],{},identity,identity,2,0.7838,0.7641,0.0197,250,0.0019,25192448,8.333333333333334
1,imagenet-1k,imagenet-1k,google/vit-large-patch16-224,Adam,0.01,Linear,identity,,,256,5,"[(8, 9), (15, 16)]",[],[],{},identity,identity,2,0.7864,0.7697,0.0166999999999999,250,0.0019,25192448,8.333333333333334
2,imagenet-1k,imagenet-1k,google/vit-large-patch16-224,Adam,0.01,Linear,identity,,,256,5,"[(8, 9), (15, 16)]",[],[],{},identity,identity,2,0.7835,0.7694,0.0141,250,0.0019,25192448,8.333333333333334
3,imagenet-1k,imagenet-1k,google/vit-large-patch16-224,Adam,0.01,Linear,identity,,,256,5,"[(8, 9), (15, 16)]",[],[],{},identity,identity,2,0.7838,0.7647,0.0191,250,0.0019,25192448,8.333333333333334
1,imagenet-1k,imagenet-1k,google/vit-large-patch16-224,Adam,0.01,Linear,identity,,,256,5,"[(9, 10), (16, 17)]",[],[],{},identity,identity,2,0.7864,0.7662,0.0201999999999999,250,0.0019,25192448,8.333333333333334
2,imagenet-1k,imagenet-1k,google/vit-large-patch16-224,Adam,0.01,Linear,identity,,,256,5,"[(9, 10), (16, 17)]",[],[],{},identity,identity,2,0.7835,0.7655,0.018,250,0.0019,25192448,8.333333333333334
3,imagenet-1k,imagenet-1k,google/vit-large-patch16-224,Adam,0.01,Linear,identity,,,256,5,"[(9, 10), (16, 17)]",[],[],{},identity,identity,2,0.7838,0.7657,0.0181,250,0.0019,25192448,8.333333333333334
1,imagenet-1k,imagenet-1k,google/vit-large-patch16-224,Adam,0.01,Linear,identity,,,256,5,"[(10, 11), (17, 18)]",[],[],{},identity,identity,2,0.7864,0.7624,0.024,250,0.0019,25192448,8.333333333333334
2,imagenet-1k,imagenet-1k,google/vit-large-patch16-224,Adam,0.01,Linear,identity,,,256,5,"[(10, 11), (17, 18)]",[],[],{},identity,identity,2,0.7835,0.7714,0.0121,250,0.0019,25192448,8.333333333333334
3,imagenet-1k,imagenet-1k,google/vit-large-patch16-224,Adam,0.01,Linear,identity,,,256,5,"[(10, 11), (17, 18)]",[],[],{},identity,identity,2,0.7838,0.7588,0.025,250,0.0019,25192448,8.333333333333334
1,imagenet-1k,imagenet-1k,google/vit-large-patch16-224,Adam,0.01,Linear,identity,,,256,5,"[(11, 12), (18, 19)]",[],[],{},identity,identity,2,0.7864,0.7592,0.0272,250,0.0019,25192448,8.333333333333334
2,imagenet-1k,imagenet-1k,google/vit-large-patch16-224,Adam,0.01,Linear,identity,,,256,5,"[(11, 12), (18, 19)]",[],[],{},identity,identity,2,0.7835,0.7552,0.0282999999999999,250,0.0019,25192448,8.333333333333334
3,imagenet-1k,imagenet-1k,google/vit-large-patch16-224,Adam,0.01,Linear,identity,,,256,5,"[(11, 12), (18, 19)]",[],[],{},identity,identity,2,0.7838,0.7593,0.0245,250,0.0019,25192448,8.333333333333334
1,imagenet-1k,imagenet-1k,google/vit-large-patch16-224,Adam,0.01,Linear,identity,,,256,5,"[(12, 13), (19, 20)]",[],[],{},identity,identity,2,0.7864,0.7589,0.0274999999999999,250,0.0019,25192448,8.333333333333334
2,imagenet-1k,imagenet-1k,google/vit-large-patch16-224,Adam,0.01,Linear,identity,,,256,5,"[(12, 13), (19, 20)]",[],[],{},identity,identity,2,0.7835,0.7538,0.0296999999999999,250,0.0019,25192448,8.333333333333334
3,imagenet-1k,imagenet-1k,google/vit-large-patch16-224,Adam,0.01,Linear,identity,,,256,5,"[(12, 13), (19, 20)]",[],[],{},identity,identity,2,0.7838,0.7545,0.0293000000000001,250,0.0019,25192448,8.333333333333334
1,imagenet-1k,imagenet-1k,google/vit-large-patch16-224,Adam,0.01,Linear,identity,,,256,5,"[(13, 14), (20, 21)]",[],[],{},identity,identity,2,0.7864,0.7603,0.0261,250,0.0019,25192448,8.333333333333334
2,imagenet-1k,imagenet-1k,google/vit-large-patch16-224,Adam,0.01,Linear,identity,,,256,5,"[(13, 14), (20, 21)]",[],[],{},identity,identity,2,0.7835,0.7604,0.0231,250,0.0019,25192448,8.333333333333334
3,imagenet-1k,imagenet-1k,google/vit-large-patch16-224,Adam,0.01,Linear,identity,,,256,5,"[(13, 14), (20, 21)]",[],[],{},identity,identity,2,0.7838,0.763,0.0208,250,0.0019,25192448,8.333333333333334
1,imagenet-1k,imagenet-1k,google/vit-large-patch16-224,Adam,0.01,Linear,identity,,,256,5,"[(14, 15), (21, 22)]",[],[],{},identity,identity,2,0.7864,0.7586,0.0277999999999999,250,0.0019,25192448,8.333333333333334
2,imagenet-1k,imagenet-1k,google/vit-large-patch16-224,Adam,0.01,Linear,identity,,,256,5,"[(14, 15), (21, 22)]",[],[],{},identity,identity,2,0.7835,0.7652,0.0182999999999999,250,0.0019,25192448,8.333333333333334
3,imagenet-1k,imagenet-1k,google/vit-large-patch16-224,Adam,0.01,Linear,identity,,,256,5,"[(14, 15), (21, 22)]",[],[],{},identity,identity,2,0.7838,0.7663,0.0175,250,0.0019,25192448,8.333333333333334
1,imagenet-1k,imagenet-1k,google/vit-large-patch16-224,Adam,0.01,Linear,identity,,,256,5,"[(15, 16), (22, 23)]",[],[],{},identity,identity,2,0.7864,0.7724,0.014,250,0.0019,25192448,8.333333333333334
2,imagenet-1k,imagenet-1k,google/vit-large-patch16-224,Adam,0.01,Linear,identity,,,256,5,"[(15, 16), (22, 23)]",[],[],{},identity,identity,2,0.7835,0.777,0.0064999999999999,250,0.0019,25192448,8.333333333333334
3,imagenet-1k,imagenet-1k,google/vit-large-patch16-224,Adam,0.01,Linear,identity,,,256,5,"[(15, 16), (22, 23)]",[],[],{},identity,identity,2,0.7838,0.7715,0.0123,250,0.0019,25192448,8.333333333333334
1,imagenet-1k,imagenet-1k,google/vit-large-patch16-224,Adam,0.01,Linear,identity,,,256,5,"[(0, 1), (8, 9)]",[],[],{},identity,identity,2,0.7864,0.7505,0.0359,250,0.0019,25192448,8.333333333333334
2,imagenet-1k,imagenet-1k,google/vit-large-patch16-224,Adam,0.01,Linear,identity,,,256,5,"[(0, 1), (8, 9)]",[],[],{},identity,identity,2,0.7835,0.7496,0.0338999999999999,250,0.0019,25192448,8.333333333333334
3,imagenet-1k,imagenet-1k,google/vit-large-patch16-224,Adam,0.01,Linear,identity,,,256,5,"[(0, 1), (8, 9)]",[],[],{},identity,identity,2,0.7838,0.7507,0.0331,250,0.0019,25192448,8.333333333333334
1,imagenet-1k,imagenet-1k,google/vit-large-patch16-224,Adam,0.01,Linear,identity,,,256,5,"[(1, 2), (9, 10)]",[],[],{},identity,identity,2,0.7864,0.7608,0.0255999999999999,250,0.0019,25192448,8.333333333333334
2,imagenet-1k,imagenet-1k,google/vit-large-patch16-224,Adam,0.01,Linear,identity,,,256,5,"[(1, 2), (9, 10)]",[],[],{},identity,identity,2,0.7835,0.7613,0.0221999999999999,250,0.0019,25192448,8.333333333333334
3,imagenet-1k,imagenet-1k,google/vit-large-patch16-224,Adam,0.01,Linear,identity,,,256,5,"[(1, 2), (9, 10)]",[],[],{},identity,identity,2,0.7838,0.7587,0.0251,250,0.0019,25192448,8.333333333333334
1,imagenet-1k,imagenet-1k,google/vit-large-patch16-224,Adam,0.01,Linear,identity,,,256,5,"[(2, 3), (10, 11)]",[],[],{},identity,identity,2,0.7864,0.7642,0.0221999999999999,250,0.0019,25192448,8.333333333333334
2,imagenet-1k,imagenet-1k,google/vit-large-patch16-224,Adam,0.01,Linear,identity,,,256,5,"[(2, 3), (10, 11)]",[],[],{},identity,identity,2,0.7835,0.7588,0.0246999999999999,250,0.0019,25192448,8.333333333333334
3,imagenet-1k,imagenet-1k,google/vit-large-patch16-224,Adam,0.01,Linear,identity,,,256,5,"[(2, 3), (10, 11)]",[],[],{},identity,identity,2,0.7838,0.7624,0.0214,250,0.0019,25192448,8.333333333333334
1,imagenet-1k,imagenet-1k,google/vit-large-patch16-224,Adam,0.01,Linear,identity,,,256,5,"[(3, 4), (11, 12)]",[],[],{},identity,identity,2,0.7864,0.7666,0.0198,250,0.0019,25192448,8.333333333333334
2,imagenet-1k,imagenet-1k,google/vit-large-patch16-224,Adam,0.01,Linear,identity,,,256,5,"[(3, 4), (11, 12)]",[],[],{},identity,identity,2,0.7835,0.7629,0.0205999999999999,250,0.0019,25192448,8.333333333333334
3,imagenet-1k,imagenet-1k,google/vit-large-patch16-224,Adam,0.01,Linear,identity,,,256,5,"[(3, 4), (11, 12)]",[],[],{},identity,identity,2,0.7838,0.7622,0.0216,250,0.0019,25192448,8.333333333333334
1,imagenet-1k,imagenet-1k,google/vit-large-patch16-224,Adam,0.01,Linear,identity,,,256,5,"[(4, 5), (12, 13)]",[],[],{},identity,identity,2,0.7864,0.7623,0.0241,250,0.0019,25192448,8.333333333333334
2,imagenet-1k,imagenet-1k,google/vit-large-patch16-224,Adam,0.01,Linear,identity,,,256,5,"[(4, 5), (12, 13)]",[],[],{},identity,identity,2,0.7835,0.7602,0.0232999999999999,250,0.0019,25192448,8.333333333333334
3,imagenet-1k,imagenet-1k,google/vit-large-patch16-224,Adam,0.01,Linear,identity,,,256,5,"[(4, 5), (12, 13)]",[],[],{},identity,identity,2,0.7838,0.7607,0.0231,250,0.0019,25192448,8.333333333333334
1,imagenet-1k,imagenet-1k,google/vit-large-patch16-224,Adam,0.01,Linear,identity,,,256,5,"[(5, 6), (13, 14)]",[],[],{},identity,identity,2,0.7864,0.7683,0.0181,250,0.0019,25192448,8.333333333333334
2,imagenet-1k,imagenet-1k,google/vit-large-patch16-224,Adam,0.01,Linear,identity,,,256,5,"[(5, 6), (13, 14)]",[],[],{},identity,identity,2,0.7835,0.77,0.0134999999999999,250,0.0019,25192448,8.333333333333334
3,imagenet-1k,imagenet-1k,google/vit-large-patch16-224,Adam,0.01,Linear,identity,,,256,5,"[(5, 6), (13, 14)]",[],[],{},identity,identity,2,0.7838,0.7698,0.014,250,0.0019,25192448,8.333333333333334
1,imagenet-1k,imagenet-1k,google/vit-large-patch16-224,Adam,0.01,Linear,identity,,,256,5,"[(6, 7), (14, 15)]",[],[],{},identity,identity,2,0.7864,0.7654,0.021,250,0.0019,25192448,8.333333333333334
2,imagenet-1k,imagenet-1k,google/vit-large-patch16-224,Adam,0.01,Linear,identity,,,256,5,"[(6, 7), (14, 15)]",[],[],{},identity,identity,2,0.7835,0.7648,0.0186999999999999,250,0.0019,25192448,8.333333333333334
3,imagenet-1k,imagenet-1k,google/vit-large-patch16-224,Adam,0.01,Linear,identity,,,256,5,"[(6, 7), (14, 15)]",[],[],{},identity,identity,2,0.7838,0.7684,0.0154,250,0.0019,25192448,8.333333333333334
1,imagenet-1k,imagenet-1k,google/vit-large-patch16-224,Adam,0.01,Linear,identity,,,256,5,"[(7, 8), (15, 16)]",[],[],{},identity,identity,2,0.7864,0.7686,0.0178,250,0.0019,25192448,8.333333333333334
2,imagenet-1k,imagenet-1k,google/vit-large-patch16-224,Adam,0.01,Linear,identity,,,256,5,"[(7, 8), (15, 16)]",[],[],{},identity,identity,2,0.7835,0.7681,0.0153999999999999,250,0.0019,25192448,8.333333333333334
3,imagenet-1k,imagenet-1k,google/vit-large-patch16-224,Adam,0.01,Linear,identity,,,256,5,"[(7, 8), (15, 16)]",[],[],{},identity,identity,2,0.7838,0.7675,0.0163,250,0.0019,25192448,8.333333333333334
1,imagenet-1k,imagenet-1k,google/vit-large-patch16-224,Adam,0.01,Linear,identity,,,256,5,"[(8, 9), (16, 17)]",[],[],{},identity,identity,2,0.7864,0.7672,0.0191999999999999,250,0.0019,25192448,8.333333333333334
2,imagenet-1k,imagenet-1k,google/vit-large-patch16-224,Adam,0.01,Linear,identity,,,256,5,"[(8, 9), (16, 17)]",[],[],{},identity,identity,2,0.7835,0.7713,0.0121999999999999,250,0.0019,25192448,8.333333333333334
3,imagenet-1k,imagenet-1k,google/vit-large-patch16-224,Adam,0.01,Linear,identity,,,256,5,"[(8, 9), (16, 17)]",[],[],{},identity,identity,2,0.7838,0.7708,0.013,250,0.0019,25192448,8.333333333333334
1,imagenet-1k,imagenet-1k,google/vit-large-patch16-224,Adam,0.01,Linear,identity,,,256,5,"[(9, 10), (17, 18)]",[],[],{},identity,identity,2,0.7864,0.7635,0.0229,250,0.0019,25192448,8.333333333333334
2,imagenet-1k,imagenet-1k,google/vit-large-patch16-224,Adam,0.01,Linear,identity,,,256,5,"[(9, 10), (17, 18)]",[],[],{},identity,identity,2,0.7835,0.7654,0.0181,250,0.0019,25192448,8.333333333333334
3,imagenet-1k,imagenet-1k,google/vit-large-patch16-224,Adam,0.01,Linear,identity,,,256,5,"[(9, 10), (17, 18)]",[],[],{},identity,identity,2,0.7838,0.7641,0.0197,250,0.0019,25192448,8.333333333333334
1,imagenet-1k,imagenet-1k,google/vit-large-patch16-224,Adam,0.01,Linear,identity,,,256,5,"[(10, 11), (18, 19)]",[],[],{},identity,identity,2,0.7864,0.7587,0.0276999999999999,250,0.0019,25192448,8.333333333333334
2,imagenet-1k,imagenet-1k,google/vit-large-patch16-224,Adam,0.01,Linear,identity,,,256,5,"[(10, 11), (18, 19)]",[],[],{},identity,identity,2,0.7835,0.7605,0.023,250,0.0019,25192448,8.333333333333334
3,imagenet-1k,imagenet-1k,google/vit-large-patch16-224,Adam,0.01,Linear,identity,,,256,5,"[(10, 11), (18, 19)]",[],[],{},identity,identity,2,0.7838,0.7614,0.0224,250,0.0019,25192448,8.333333333333334
1,imagenet-1k,imagenet-1k,google/vit-large-patch16-224,Adam,0.01,Linear,identity,,,256,5,"[(11, 12), (19, 20)]",[],[],{},identity,identity,2,0.7864,0.7601,0.0262999999999999,250,0.0019,25192448,8.333333333333334
2,imagenet-1k,imagenet-1k,google/vit-large-patch16-224,Adam,0.01,Linear,identity,,,256,5,"[(11, 12), (19, 20)]",[],[],{},identity,identity,2,0.7835,0.7568,0.0266999999999999,250,0.0019,25192448,8.333333333333334
3,imagenet-1k,imagenet-1k,google/vit-large-patch16-224,Adam,0.01,Linear,identity,,,256,5,"[(11, 12), (19, 20)]",[],[],{},identity,identity,2,0.7838,0.7537,0.0301,250,0.0019,25192448,8.333333333333334
1,imagenet-1k,imagenet-1k,google/vit-large-patch16-224,Adam,0.01,Linear,identity,,,256,5,"[(12, 13), (20, 21)]",[],[],{},identity,identity,2,0.7864,0.7576,0.0287999999999999,250,0.0019,25192448,8.333333333333334
2,imagenet-1k,imagenet-1k,google/vit-large-patch16-224,Adam,0.01,Linear,identity,,,256,5,"[(12, 13), (20, 21)]",[],[],{},identity,identity,2,0.7835,0.7607,0.0227999999999999,250,0.0019,25192448,8.333333333333334
3,imagenet-1k,imagenet-1k,google/vit-large-patch16-224,Adam,0.01,Linear,identity,,,256,5,"[(12, 13), (20, 21)]",[],[],{},identity,identity,2,0.7838,0.7645,0.0193,250,0.0019,25192448,8.333333333333334
1,imagenet-1k,imagenet-1k,google/vit-large-patch16-224,Adam,0.01,Linear,identity,,,256,5,"[(13, 14), (21, 22)]",[],[],{},identity,identity,2,0.7864,0.7642,0.0221999999999999,250,0.0019,25192448,8.333333333333334
2,imagenet-1k,imagenet-1k,google/vit-large-patch16-224,Adam,0.01,Linear,identity,,,256,5,"[(13, 14), (21, 22)]",[],[],{},identity,identity,2,0.7835,0.7654,0.0181,250,0.0019,25192448,8.333333333333334
3,imagenet-1k,imagenet-1k,google/vit-large-patch16-224,Adam,0.01,Linear,identity,,,256,5,"[(13, 14), (21, 22)]",[],[],{},identity,identity,2,0.7838,0.7653,0.0185,250,0.0019,25192448,8.333333333333334
1,imagenet-1k,imagenet-1k,google/vit-large-patch16-224,Adam,0.01,Linear,identity,,,256,5,"[(14, 15), (22, 23)]",[],[],{},identity,identity,2,0.7864,0.7767,0.0097,250,0.0019,25192448,8.333333333333334
2,imagenet-1k,imagenet-1k,google/vit-large-patch16-224,Adam,0.01,Linear,identity,,,256,5,"[(14, 15), (22, 23)]",[],[],{},identity,identity,2,0.7835,0.7729,0.0105999999999999,250,0.0019,25192448,8.333333333333334
3,imagenet-1k,imagenet-1k,google/vit-large-patch16-224,Adam,0.01,Linear,identity,,,256,5,"[(14, 15), (22, 23)]",[],[],{},identity,identity,2,0.7838,0.7741,0.0097,250,0.0019,25192448,8.333333333333334
1,imagenet-1k,imagenet-1k,google/vit-large-patch16-224,Adam,0.01,Linear,identity,,,256,5,"[(0, 1), (9, 10)]",[],[],{},identity,identity,2,0.7864,0.7497,0.0366999999999999,250,0.0019,25192448,8.333333333333334
2,imagenet-1k,imagenet-1k,google/vit-large-patch16-224,Adam,0.01,Linear,identity,,,256,5,"[(0, 1), (9, 10)]",[],[],{},identity,identity,2,0.7835,0.7489,0.0345999999999999,250,0.0019,25192448,8.333333333333334
3,imagenet-1k,imagenet-1k,google/vit-large-patch16-224,Adam,0.01,Linear,identity,,,256,5,"[(0, 1), (9, 10)]",[],[],{},identity,identity,2,0.7838,0.7485,0.0353,250,0.0019,25192448,8.333333333333334
1,imagenet-1k,imagenet-1k,google/vit-large-patch16-224,Adam,0.01,Linear,identity,,,256,5,"[(1, 2), (10, 11)]",[],[],{},identity,identity,2,0.7864,0.7548,0.0315999999999999,250,0.0019,25192448,8.333333333333334
2,imagenet-1k,imagenet-1k,google/vit-large-patch16-224,Adam,0.01,Linear,identity,,,256,5,"[(1, 2), (10, 11)]",[],[],{},identity,identity,2,0.7835,0.7634,0.0201,250,0.0019,25192448,8.333333333333334
3,imagenet-1k,imagenet-1k,google/vit-large-patch16-224,Adam,0.01,Linear,identity,,,256,5,"[(1, 2), (10, 11)]",[],[],{},identity,identity,2,0.7838,0.7548,0.029,250,0.0019,25192448,8.333333333333334
1,imagenet-1k,imagenet-1k,google/vit-large-patch16-224,Adam,0.01,Linear,identity,,,256,5,"[(2, 3), (11, 12)]",[],[],{},identity,identity,2,0.7864,0.7599,0.0264999999999999,250,0.0019,25192448,8.333333333333334
2,imagenet-1k,imagenet-1k,google/vit-large-patch16-224,Adam,0.01,Linear,identity,,,256,5,"[(2, 3), (11, 12)]",[],[],{},identity,identity,2,0.7835,0.7611,0.0223999999999999,250,0.0019,25192448,8.333333333333334
3,imagenet-1k,imagenet-1k,google/vit-large-patch16-224,Adam,0.01,Linear,identity,,,256,5,"[(2, 3), (11, 12)]",[],[],{},identity,identity,2,0.7838,0.7579,0.0259,250,0.0019,25192448,8.333333333333334
1,imagenet-1k,imagenet-1k,google/vit-large-patch16-224,Adam,0.01,Linear,identity,,,256,5,"[(3, 4), (12, 13)]",[],[],{},identity,identity,2,0.7864,0.7638,0.0225999999999999,250,0.0019,25192448,8.333333333333334
2,imagenet-1k,imagenet-1k,google/vit-large-patch16-224,Adam,0.01,Linear,identity,,,256,5,"[(3, 4), (12, 13)]",[],[],{},identity,identity,2,0.7835,0.7688,0.0146999999999999,250,0.0019,25192448,8.333333333333334
3,imagenet-1k,imagenet-1k,google/vit-large-patch16-224,Adam,0.01,Linear,identity,,,256,5,"[(3, 4), (12, 13)]",[],[],{},identity,identity,2,0.7838,0.7612,0.0226,250,0.0019,25192448,8.333333333333334
1,imagenet-1k,imagenet-1k,google/vit-large-patch16-224,Adam,0.01,Linear,identity,,,256,5,"[(4, 5), (13, 14)]",[],[],{},identity,identity,2,0.7864,0.7646,0.0218,250,0.0019,25192448,8.333333333333334
2,imagenet-1k,imagenet-1k,google/vit-large-patch16-224,Adam,0.01,Linear,identity,,,256,5,"[(4, 5), (13, 14)]",[],[],{},identity,identity,2,0.7835,0.762,0.0214999999999999,250,0.0019,25192448,8.333333333333334
3,imagenet-1k,imagenet-1k,google/vit-large-patch16-224,Adam,0.01,Linear,identity,,,256,5,"[(4, 5), (13, 14)]",[],[],{},identity,identity,2,0.7838,0.7609,0.0229,250,0.0019,25192448,8.333333333333334
1,imagenet-1k,imagenet-1k,google/vit-large-patch16-224,Adam,0.01,Linear,identity,,,256,5,"[(5, 6), (14, 15)]",[],[],{},identity,identity,2,0.7864,0.7711,0.0152999999999999,250,0.0019,25192448,8.333333333333334
2,imagenet-1k,imagenet-1k,google/vit-large-patch16-224,Adam,0.01,Linear,identity,,,256,5,"[(5, 6), (14, 15)]",[],[],{},identity,identity,2,0.7835,0.7688,0.0146999999999999,250,0.0019,25192448,8.333333333333334
3,imagenet-1k,imagenet-1k,google/vit-large-patch16-224,Adam,0.01,Linear,identity,,,256,5,"[(5, 6), (14, 15)]",[],[],{},identity,identity,2,0.7838,0.7712,0.0126,250,0.0019,25192448,8.333333333333334
1,imagenet-1k,imagenet-1k,google/vit-large-patch16-224,Adam,0.01,Linear,identity,,,256,5,"[(6, 7), (15, 16)]",[],[],{},identity,identity,2,0.7864,0.7712,0.0151999999999999,250,0.0019,25192448,8.333333333333334
2,imagenet-1k,imagenet-1k,google/vit-large-patch16-224,Adam,0.01,Linear,identity,,,256,5,"[(6, 7), (15, 16)]",[],[],{},identity,identity,2,0.7835,0.7695,0.014,250,0.0019,25192448,8.333333333333334
3,imagenet-1k,imagenet-1k,google/vit-large-patch16-224,Adam,0.01,Linear,identity,,,256,5,"[(6, 7), (15, 16)]",[],[],{},identity,identity,2,0.7838,0.763,0.0208,250,0.0019,25192448,8.333333333333334
1,imagenet-1k,imagenet-1k,google/vit-large-patch16-224,Adam,0.01,Linear,identity,,,256,5,"[(7, 8), (16, 17)]",[],[],{},identity,identity,2,0.7864,0.7666,0.0198,250,0.0019,25192448,8.333333333333334
2,imagenet-1k,imagenet-1k,google/vit-large-patch16-224,Adam,0.01,Linear,identity,,,256,5,"[(7, 8), (16, 17)]",[],[],{},identity,identity,2,0.7835,0.7635,0.02,250,0.0019,25192448,8.333333333333334
3,imagenet-1k,imagenet-1k,google/vit-large-patch16-224,Adam,0.01,Linear,identity,,,256,5,"[(7, 8), (16, 17)]",[],[],{},identity,identity,2,0.7838,0.7682,0.0156,250,0.0019,25192448,8.333333333333334
1,imagenet-1k,imagenet-1k,google/vit-large-patch16-224,Adam,0.01,Linear,identity,,,256,5,"[(8, 9), (17, 18)]",[],[],{},identity,identity,2,0.7864,0.7644,0.022,250,0.0019,25192448,8.333333333333334
2,imagenet-1k,imagenet-1k,google/vit-large-patch16-224,Adam,0.01,Linear,identity,,,256,5,"[(8, 9), (17, 18)]",[],[],{},identity,identity,2,0.7835,0.7641,0.0193999999999999,250,0.0019,25192448,8.333333333333334
3,imagenet-1k,imagenet-1k,google/vit-large-patch16-224,Adam,0.01,Linear,identity,,,256,5,"[(8, 9), (17, 18)]",[],[],{},identity,identity,2,0.7838,0.766,0.0178,250,0.0019,25192448,8.333333333333334
1,imagenet-1k,imagenet-1k,google/vit-large-patch16-224,Adam,0.01,Linear,identity,,,256,5,"[(9, 10), (18, 19)]",[],[],{},identity,identity,2,0.7864,0.7598,0.0265999999999999,250,0.0019,25192448,8.333333333333334
2,imagenet-1k,imagenet-1k,google/vit-large-patch16-224,Adam,0.01,Linear,identity,,,256,5,"[(9, 10), (18, 19)]",[],[],{},identity,identity,2,0.7835,0.7605,0.023,250,0.0019,25192448,8.333333333333334
3,imagenet-1k,imagenet-1k,google/vit-large-patch16-224,Adam,0.01,Linear,identity,,,256,5,"[(9, 10), (18, 19)]",[],[],{},identity,identity,2,0.7838,0.7634,0.0204,250,0.0019,25192448,8.333333333333334
1,imagenet-1k,imagenet-1k,google/vit-large-patch16-224,Adam,0.01,Linear,identity,,,256,5,"[(10, 11), (19, 20)]",[],[],{},identity,identity,2,0.7864,0.7586,0.0277999999999999,250,0.0019,25192448,8.333333333333334
2,imagenet-1k,imagenet-1k,google/vit-large-patch16-224,Adam,0.01,Linear,identity,,,256,5,"[(10, 11), (19, 20)]",[],[],{},identity,identity,2,0.7835,0.753,0.0304999999999999,250,0.0019,25192448,8.333333333333334
3,imagenet-1k,imagenet-1k,google/vit-large-patch16-224,Adam,0.01,Linear,identity,,,256,5,"[(10, 11), (19, 20)]",[],[],{},identity,identity,2,0.7838,0.7588,0.025,250,0.0019,25192448,8.333333333333334
1,imagenet-1k,imagenet-1k,google/vit-large-patch16-224,Adam,0.01,Linear,identity,,,256,5,"[(11, 12), (20, 21)]",[],[],{},identity,identity,2,0.7864,0.7606,0.0257999999999999,250,0.0019,25192448,8.333333333333334
2,imagenet-1k,imagenet-1k,google/vit-large-patch16-224,Adam,0.01,Linear,identity,,,256,5,"[(11, 12), (20, 21)]",[],[],{},identity,identity,2,0.7835,0.7634,0.0201,250,0.0019,25192448,8.333333333333334
3,imagenet-1k,imagenet-1k,google/vit-large-patch16-224,Adam,0.01,Linear,identity,,,256,5,"[(11, 12), (20, 21)]",[],[],{},identity,identity,2,0.7838,0.7604,0.0234,250,0.0019,25192448,8.333333333333334
1,imagenet-1k,imagenet-1k,google/vit-large-patch16-224,Adam,0.01,Linear,identity,,,256,5,"[(12, 13), (21, 22)]",[],[],{},identity,identity,2,0.7864,0.7566,0.0297999999999999,250,0.0019,25192448,8.333333333333334
2,imagenet-1k,imagenet-1k,google/vit-large-patch16-224,Adam,0.01,Linear,identity,,,256,5,"[(12, 13), (21, 22)]",[],[],{},identity,identity,2,0.7835,0.764,0.0194999999999999,250,0.0019,25192448,8.333333333333334
3,imagenet-1k,imagenet-1k,google/vit-large-patch16-224,Adam,0.01,Linear,identity,,,256,5,"[(12, 13), (21, 22)]",[],[],{},identity,identity,2,0.7838,0.7611,0.0227,250,0.0019,25192448,8.333333333333334
1,imagenet-1k,imagenet-1k,google/vit-large-patch16-224,Adam,0.01,Linear,identity,,,256,5,"[(13, 14), (22, 23)]",[],[],{},identity,identity,2,0.7864,0.7741,0.0122999999999999,250,0.0019,25192448,8.333333333333334
2,imagenet-1k,imagenet-1k,google/vit-large-patch16-224,Adam,0.01,Linear,identity,,,256,5,"[(13, 14), (22, 23)]",[],[],{},identity,identity,2,0.7835,0.7784,0.0050999999999999,250,0.0019,25192448,8.333333333333334
3,imagenet-1k,imagenet-1k,google/vit-large-patch16-224,Adam,0.01,Linear,identity,,,256,5,"[(13, 14), (22, 23)]",[],[],{},identity,identity,2,0.7838,0.7723,0.0115,250,0.0019,25192448,8.333333333333334
1,imagenet-1k,imagenet-1k,google/vit-large-patch16-224,Adam,0.01,Linear,identity,,,256,5,"[(0, 1), (10, 11)]",[],[],{},identity,identity,2,0.7864,0.7506,0.0357999999999999,250,0.0019,25192448,8.333333333333334
2,imagenet-1k,imagenet-1k,google/vit-large-patch16-224,Adam,0.01,Linear,identity,,,256,5,"[(0, 1), (10, 11)]",[],[],{},identity,identity,2,0.7835,0.7522,0.0312999999999999,250,0.0019,25192448,8.333333333333334
3,imagenet-1k,imagenet-1k,google/vit-large-patch16-224,Adam,0.01,Linear,identity,,,256,5,"[(0, 1), (10, 11)]",[],[],{},identity,identity,2,0.7838,0.7517,0.0321,250,0.0019,25192448,8.333333333333334
1,imagenet-1k,imagenet-1k,google/vit-large-patch16-224,Adam,0.01,Linear,identity,,,256,5,"[(1, 2), (11, 12)]",[],[],{},identity,identity,2,0.7864,0.7533,0.0331,250,0.0019,25192448,8.333333333333334
2,imagenet-1k,imagenet-1k,google/vit-large-patch16-224,Adam,0.01,Linear,identity,,,256,5,"[(1, 2), (11, 12)]",[],[],{},identity,identity,2,0.7835,0.7589,0.0245999999999999,250,0.0019,25192448,8.333333333333334
3,imagenet-1k,imagenet-1k,google/vit-large-patch16-224,Adam,0.01,Linear,identity,,,256,5,"[(1, 2), (11, 12)]",[],[],{},identity,identity,2,0.7838,0.7577,0.0261,250,0.0019,25192448,8.333333333333334
1,imagenet-1k,imagenet-1k,google/vit-large-patch16-224,Adam,0.01,Linear,identity,,,256,5,"[(2, 3), (12, 13)]",[],[],{},identity,identity,2,0.7864,0.7628,0.0235999999999999,250,0.0019,25192448,8.333333333333334
2,imagenet-1k,imagenet-1k,google/vit-large-patch16-224,Adam,0.01,Linear,identity,,,256,5,"[(2, 3), (12, 13)]",[],[],{},identity,identity,2,0.7835,0.7656,0.0179,250,0.0019,25192448,8.333333333333334
3,imagenet-1k,imagenet-1k,google/vit-large-patch16-224,Adam,0.01,Linear,identity,,,256,5,"[(2, 3), (12, 13)]",[],[],{},identity,identity,2,0.7838,0.757,0.0268,250,0.0019,25192448,8.333333333333334
1,imagenet-1k,imagenet-1k,google/vit-large-patch16-224,Adam,0.01,Linear,identity,,,256,5,"[(3, 4), (13, 14)]",[],[],{},identity,identity,2,0.7864,0.7661,0.0202999999999999,250,0.0019,25192448,8.333333333333334
2,imagenet-1k,imagenet-1k,google/vit-large-patch16-224,Adam,0.01,Linear,identity,,,256,5,"[(3, 4), (13, 14)]",[],[],{},identity,identity,2,0.7835,0.7678,0.0156999999999999,250,0.0019,25192448,8.333333333333334
3,imagenet-1k,imagenet-1k,google/vit-large-patch16-224,Adam,0.01,Linear,identity,,,256,5,"[(3, 4), (13, 14)]",[],[],{},identity,identity,2,0.7838,0.7715,0.0123,250,0.0019,25192448,8.333333333333334
1,imagenet-1k,imagenet-1k,google/vit-large-patch16-224,Adam,0.01,Linear,identity,,,256,5,"[(4, 5), (14, 15)]",[],[],{},identity,identity,2,0.7864,0.7627,0.0236999999999999,250,0.0019,25192448,8.333333333333334
2,imagenet-1k,imagenet-1k,google/vit-large-patch16-224,Adam,0.01,Linear,identity,,,256,5,"[(4, 5), (14, 15)]",[],[],{},identity,identity,2,0.7835,0.7618,0.0216999999999999,250,0.0019,25192448,8.333333333333334
3,imagenet-1k,imagenet-1k,google/vit-large-patch16-224,Adam,0.01,Linear,identity,,,256,5,"[(4, 5), (14, 15)]",[],[],{},identity,identity,2,0.7838,0.761,0.0228,250,0.0019,25192448,8.333333333333334
1,imagenet-1k,imagenet-1k,google/vit-large-patch16-224,Adam,0.01,Linear,identity,,,256,5,"[(5, 6), (15, 16)]",[],[],{},identity,identity,2,0.7864,0.7692,0.0171999999999999,250,0.0019,25192448,8.333333333333334
2,imagenet-1k,imagenet-1k,google/vit-large-patch16-224,Adam,0.01,Linear,identity,,,256,5,"[(5, 6), (15, 16)]",[],[],{},identity,identity,2,0.7835,0.7717,0.0117999999999999,250,0.0019,25192448,8.333333333333334
3,imagenet-1k,imagenet-1k,google/vit-large-patch16-224,Adam,0.01,Linear,identity,,,256,5,"[(5, 6), (15, 16)]",[],[],{},identity,identity,2,0.7838,0.7689,0.0149,250,0.0019,25192448,8.333333333333334
1,imagenet-1k,imagenet-1k,google/vit-large-patch16-224,Adam,0.01,Linear,identity,,,256,5,"[(6, 7), (16, 17)]",[],[],{},identity,identity,2,0.7864,0.7702,0.0161999999999999,250,0.0019,25192448,8.333333333333334
2,imagenet-1k,imagenet-1k,google/vit-large-patch16-224,Adam,0.01,Linear,identity,,,256,5,"[(6, 7), (16, 17)]",[],[],{},identity,identity,2,0.7835,0.7662,0.0172999999999999,250,0.0019,25192448,8.333333333333334
3,imagenet-1k,imagenet-1k,google/vit-large-patch16-224,Adam,0.01,Linear,identity,,,256,5,"[(6, 7), (16, 17)]",[],[],{},identity,identity,2,0.7838,0.7686,0.0152000000000001,250,0.0019,25192448,8.333333333333334
1,imagenet-1k,imagenet-1k,google/vit-large-patch16-224,Adam,0.01,Linear,identity,,,256,5,"[(7, 8), (17, 18)]",[],[],{},identity,identity,2,0.7864,0.7667,0.0196999999999999,250,0.0019,25192448,8.333333333333334
2,imagenet-1k,imagenet-1k,google/vit-large-patch16-224,Adam,0.01,Linear,identity,,,256,5,"[(7, 8), (17, 18)]",[],[],{},identity,identity,2,0.7835,0.7641,0.0193999999999999,250,0.0019,25192448,8.333333333333334
3,imagenet-1k,imagenet-1k,google/vit-large-patch16-224,Adam,0.01,Linear,identity,,,256,5,"[(7, 8), (17, 18)]",[],[],{},identity,identity,2,0.7838,0.7648,0.019,250,0.0019,25192448,8.333333333333334
1,imagenet-1k,imagenet-1k,google/vit-large-patch16-224,Adam,0.01,Linear,identity,,,256,5,"[(8, 9), (18, 19)]",[],[],{},identity,identity,2,0.7864,0.7656,0.0208,250,0.0019,25192448,8.333333333333334
2,imagenet-1k,imagenet-1k,google/vit-large-patch16-224,Adam,0.01,Linear,identity,,,256,5,"[(8, 9), (18, 19)]",[],[],{},identity,identity,2,0.7835,0.7631,0.0203999999999999,250,0.0019,25192448,8.333333333333334
3,imagenet-1k,imagenet-1k,google/vit-large-patch16-224,Adam,0.01,Linear,identity,,,256,5,"[(8, 9), (18, 19)]",[],[],{},identity,identity,2,0.7838,0.759,0.0248,250,0.0019,25192448,8.333333333333334
1,imagenet-1k,imagenet-1k,google/vit-large-patch16-224,Adam,0.01,Linear,identity,,,256,5,"[(9, 10), (19, 20)]",[],[],{},identity,identity,2,0.7864,0.7585,0.0279,250,0.0019,25192448,8.333333333333334
2,imagenet-1k,imagenet-1k,google/vit-large-patch16-224,Adam,0.01,Linear,identity,,,256,5,"[(9, 10), (19, 20)]",[],[],{},identity,identity,2,0.7835,0.7601,0.0233999999999999,250,0.0019,25192448,8.333333333333334
3,imagenet-1k,imagenet-1k,google/vit-large-patch16-224,Adam,0.01,Linear,identity,,,256,5,"[(9, 10), (19, 20)]",[],[],{},identity,identity,2,0.7838,0.7576,0.0262,250,0.0019,25192448,8.333333333333334
1,imagenet-1k,imagenet-1k,google/vit-large-patch16-224,Adam,0.01,Linear,identity,,,256,5,"[(10, 11), (20, 21)]",[],[],{},identity,identity,2,0.7864,0.7619,0.0244999999999999,250,0.0019,25192448,8.333333333333334
2,imagenet-1k,imagenet-1k,google/vit-large-patch16-224,Adam,0.01,Linear,identity,,,256,5,"[(10, 11), (20, 21)]",[],[],{},identity,identity,2,0.7835,0.7608,0.0226999999999999,250,0.0019,25192448,8.333333333333334
3,imagenet-1k,imagenet-1k,google/vit-large-patch16-224,Adam,0.01,Linear,identity,,,256,5,"[(10, 11), (20, 21)]",[],[],{},identity,identity,2,0.7838,0.7634,0.0204,250,0.0019,25192448,8.333333333333334
1,imagenet-1k,imagenet-1k,google/vit-large-patch16-224,Adam,0.01,Linear,identity,,,256,5,"[(11, 12), (21, 22)]",[],[],{},identity,identity,2,0.7864,0.7617,0.0246999999999999,250,0.0019,25192448,8.333333333333334
2,imagenet-1k,imagenet-1k,google/vit-large-patch16-224,Adam,0.01,Linear,identity,,,256,5,"[(11, 12), (21, 22)]",[],[],{},identity,identity,2,0.7835,0.7622,0.0212999999999999,250,0.0019,25192448,8.333333333333334
3,imagenet-1k,imagenet-1k,google/vit-large-patch16-224,Adam,0.01,Linear,identity,,,256,5,"[(11, 12), (21, 22)]",[],[],{},identity,identity,2,0.7838,0.7622,0.0216,250,0.0019,25192448,8.333333333333334
1,imagenet-1k,imagenet-1k,google/vit-large-patch16-224,Adam,0.01,Linear,identity,,,256,5,"[(12, 13), (22, 23)]",[],[],{},identity,identity,2,0.7864,0.768,0.0183999999999999,250,0.0019,25192448,8.333333333333334
2,imagenet-1k,imagenet-1k,google/vit-large-patch16-224,Adam,0.01,Linear,identity,,,256,5,"[(12, 13), (22, 23)]",[],[],{},identity,identity,2,0.7835,0.7734,0.0100999999999999,250,0.0019,25192448,8.333333333333334
3,imagenet-1k,imagenet-1k,google/vit-large-patch16-224,Adam,0.01,Linear,identity,,,256,5,"[(12, 13), (22, 23)]",[],[],{},identity,identity,2,0.7838,0.7729,0.0109,250,0.0019,25192448,8.333333333333334
1,imagenet-1k,imagenet-1k,google/vit-large-patch16-224,Adam,0.01,Linear,identity,,,256,5,"[(0, 1), (11, 12)]",[],[],{},identity,identity,2,0.7864,0.7474,0.039,250,0.0019,25192448,8.333333333333334
2,imagenet-1k,imagenet-1k,google/vit-large-patch16-224,Adam,0.01,Linear,identity,,,256,5,"[(0, 1), (11, 12)]",[],[],{},identity,identity,2,0.7835,0.7509,0.0325999999999999,250,0.0019,25192448,8.333333333333334
3,imagenet-1k,imagenet-1k,google/vit-large-patch16-224,Adam,0.01,Linear,identity,,,256,5,"[(0, 1), (11, 12)]",[],[],{},identity,identity,2,0.7838,0.7507,0.0331,250,0.0019,25192448,8.333333333333334
1,imagenet-1k,imagenet-1k,google/vit-large-patch16-224,Adam,0.01,Linear,identity,,,256,5,"[(1, 2), (12, 13)]",[],[],{},identity,identity,2,0.7864,0.7538,0.0325999999999999,250,0.0019,25192448,8.333333333333334
2,imagenet-1k,imagenet-1k,google/vit-large-patch16-224,Adam,0.01,Linear,identity,,,256,5,"[(1, 2), (12, 13)]",[],[],{},identity,identity,2,0.7835,0.7606,0.0228999999999999,250,0.0019,25192448,8.333333333333334
3,imagenet-1k,imagenet-1k,google/vit-large-patch16-224,Adam,0.01,Linear,identity,,,256,5,"[(1, 2), (12, 13)]",[],[],{},identity,identity,2,0.7838,0.7599,0.0239,250,0.0019,25192448,8.333333333333334
1,imagenet-1k,imagenet-1k,google/vit-large-patch16-224,Adam,0.01,Linear,identity,,,256,5,"[(2, 3), (13, 14)]",[],[],{},identity,identity,2,0.7864,0.7602,0.0262,250,0.0019,25192448,8.333333333333334
2,imagenet-1k,imagenet-1k,google/vit-large-patch16-224,Adam,0.01,Linear,identity,,,256,5,"[(2, 3), (13, 14)]",[],[],{},identity,identity,2,0.7835,0.762,0.0214999999999999,250,0.0019,25192448,8.333333333333334
3,imagenet-1k,imagenet-1k,google/vit-large-patch16-224,Adam,0.01,Linear,identity,,,256,5,"[(2, 3), (13, 14)]",[],[],{},identity,identity,2,0.7838,0.769,0.0148,250,0.0019,25192448,8.333333333333334
1,imagenet-1k,imagenet-1k,google/vit-large-patch16-224,Adam,0.01,Linear,identity,,,256,5,"[(3, 4), (14, 15)]",[],[],{},identity,identity,2,0.7864,0.7647,0.0216999999999999,250,0.0019,25192448,8.333333333333334
2,imagenet-1k,imagenet-1k,google/vit-large-patch16-224,Adam,0.01,Linear,identity,,,256,5,"[(3, 4), (14, 15)]",[],[],{},identity,identity,2,0.7835,0.7659,0.0175999999999999,250,0.0019,25192448,8.333333333333334
3,imagenet-1k,imagenet-1k,google/vit-large-patch16-224,Adam,0.01,Linear,identity,,,256,5,"[(3, 4), (14, 15)]",[],[],{},identity,identity,2,0.7838,0.7669,0.0169,250,0.0019,25192448,8.333333333333334
1,imagenet-1k,imagenet-1k,google/vit-large-patch16-224,Adam,0.01,Linear,identity,,,256,5,"[(4, 5), (15, 16)]",[],[],{},identity,identity,2,0.7864,0.7574,0.029,250,0.0019,25192448,8.333333333333334
2,imagenet-1k,imagenet-1k,google/vit-large-patch16-224,Adam,0.01,Linear,identity,,,256,5,"[(4, 5), (15, 16)]",[],[],{},identity,identity,2,0.7835,0.7702,0.0132999999999999,250,0.0019,25192448,8.333333333333334
3,imagenet-1k,imagenet-1k,google/vit-large-patch16-224,Adam,0.01,Linear,identity,,,256,5,"[(4, 5), (15, 16)]",[],[],{},identity,identity,2,0.7838,0.7642,0.0196,250,0.0019,25192448,8.333333333333334
1,imagenet-1k,imagenet-1k,google/vit-large-patch16-224,Adam,0.01,Linear,identity,,,256,5,"[(5, 6), (16, 17)]",[],[],{},identity,identity,2,0.7864,0.7674,0.019,250,0.0019,25192448,8.333333333333334
2,imagenet-1k,imagenet-1k,google/vit-large-patch16-224,Adam,0.01,Linear,identity,,,256,5,"[(5, 6), (16, 17)]",[],[],{},identity,identity,2,0.7835,0.7704,0.0131,250,0.0019,25192448,8.333333333333334
3,imagenet-1k,imagenet-1k,google/vit-large-patch16-224,Adam,0.01,Linear,identity,,,256,5,"[(5, 6), (16, 17)]",[],[],{},identity,identity,2,0.7838,0.7712,0.0126,250,0.0019,25192448,8.333333333333334
1,imagenet-1k,imagenet-1k,google/vit-large-patch16-224,Adam,0.01,Linear,identity,,,256,5,"[(6, 7), (17, 18)]",[],[],{},identity,identity,2,0.7864,0.7631,0.0232999999999999,250,0.0019,25192448,8.333333333333334
2,imagenet-1k,imagenet-1k,google/vit-large-patch16-224,Adam,0.01,Linear,identity,,,256,5,"[(6, 7), (17, 18)]",[],[],{},identity,identity,2,0.7835,0.7644,0.0191,250,0.0019,25192448,8.333333333333334
3,imagenet-1k,imagenet-1k,google/vit-large-patch16-224,Adam,0.01,Linear,identity,,,256,5,"[(6, 7), (17, 18)]",[],[],{},identity,identity,2,0.7838,0.7689,0.0149,250,0.0019,25192448,8.333333333333334
1,imagenet-1k,imagenet-1k,google/vit-large-patch16-224,Adam,0.01,Linear,identity,,,256,5,"[(7, 8), (18, 19)]",[],[],{},identity,identity,2,0.7864,0.7654,0.021,250,0.0019,25192448,8.333333333333334
2,imagenet-1k,imagenet-1k,google/vit-large-patch16-224,Adam,0.01,Linear,identity,,,256,5,"[(7, 8), (18, 19)]",[],[],{},identity,identity,2,0.7835,0.7595,0.024,250,0.0019,25192448,8.333333333333334
3,imagenet-1k,imagenet-1k,google/vit-large-patch16-224,Adam,0.01,Linear,identity,,,256,5,"[(7, 8), (18, 19)]",[],[],{},identity,identity,2,0.7838,0.7627,0.0211,250,0.0019,25192448,8.333333333333334
1,imagenet-1k,imagenet-1k,google/vit-large-patch16-224,Adam,0.01,Linear,identity,,,256,5,"[(8, 9), (19, 20)]",[],[],{},identity,identity,2,0.7864,0.7566,0.0297999999999999,250,0.0019,25192448,8.333333333333334
2,imagenet-1k,imagenet-1k,google/vit-large-patch16-224,Adam,0.01,Linear,identity,,,256,5,"[(8, 9), (19, 20)]",[],[],{},identity,identity,2,0.7835,0.7602,0.0232999999999999,250,0.0019,25192448,8.333333333333334
3,imagenet-1k,imagenet-1k,google/vit-large-patch16-224,Adam,0.01,Linear,identity,,,256,5,"[(8, 9), (19, 20)]",[],[],{},identity,identity,2,0.7838,0.7624,0.0214,250,0.0019,25192448,8.333333333333334
1,imagenet-1k,imagenet-1k,google/vit-large-patch16-224,Adam,0.01,Linear,identity,,,256,5,"[(9, 10), (20, 21)]",[],[],{},identity,identity,2,0.7864,0.7603,0.0261,250,0.0019,25192448,8.333333333333334
2,imagenet-1k,imagenet-1k,google/vit-large-patch16-224,Adam,0.01,Linear,identity,,,256,5,"[(9, 10), (20, 21)]",[],[],{},identity,identity,2,0.7835,0.7583,0.0252,250,0.0019,25192448,8.333333333333334
3,imagenet-1k,imagenet-1k,google/vit-large-patch16-224,Adam,0.01,Linear,identity,,,256,5,"[(9, 10), (20, 21)]",[],[],{},identity,identity,2,0.7838,0.7608,0.023,250,0.0019,25192448,8.333333333333334
1,imagenet-1k,imagenet-1k,google/vit-large-patch16-224,Adam,0.01,Linear,identity,,,256,5,"[(10, 11), (21, 22)]",[],[],{},identity,identity,2,0.7864,0.7657,0.0206999999999999,250,0.0019,25192448,8.333333333333334
2,imagenet-1k,imagenet-1k,google/vit-large-patch16-224,Adam,0.01,Linear,identity,,,256,5,"[(10, 11), (21, 22)]",[],[],{},identity,identity,2,0.7835,0.7642,0.0192999999999999,250,0.0019,25192448,8.333333333333334
3,imagenet-1k,imagenet-1k,google/vit-large-patch16-224,Adam,0.01,Linear,identity,,,256,5,"[(10, 11), (21, 22)]",[],[],{},identity,identity,2,0.7838,0.7653,0.0185,250,0.0019,25192448,8.333333333333334
1,imagenet-1k,imagenet-1k,google/vit-large-patch16-224,Adam,0.01,Linear,identity,,,256,5,"[(11, 12), (22, 23)]",[],[],{},identity,identity,2,0.7864,0.7699,0.0164999999999999,250,0.0019,25192448,8.333333333333334
2,imagenet-1k,imagenet-1k,google/vit-large-patch16-224,Adam,0.01,Linear,identity,,,256,5,"[(11, 12), (22, 23)]",[],[],{},identity,identity,2,0.7835,0.7689,0.0145999999999999,250,0.0019,25192448,8.333333333333334
3,imagenet-1k,imagenet-1k,google/vit-large-patch16-224,Adam,0.01,Linear,identity,,,256,5,"[(11, 12), (22, 23)]",[],[],{},identity,identity,2,0.7838,0.7707,0.0131,250,0.0019,25192448,8.333333333333334
1,imagenet-1k,imagenet-1k,google/vit-large-patch16-224,Adam,0.01,Linear,identity,,,256,5,"[(0, 1), (12, 13)]",[],[],{},identity,identity,2,0.7864,0.7461,0.0403,250,0.0019,25192448,8.333333333333334
2,imagenet-1k,imagenet-1k,google/vit-large-patch16-224,Adam,0.01,Linear,identity,,,256,5,"[(0, 1), (12, 13)]",[],[],{},identity,identity,2,0.7835,0.7558,0.0276999999999999,250,0.0019,25192448,8.333333333333334
3,imagenet-1k,imagenet-1k,google/vit-large-patch16-224,Adam,0.01,Linear,identity,,,256,5,"[(0, 1), (12, 13)]",[],[],{},identity,identity,2,0.7838,0.7523,0.0315,250,0.0019,25192448,8.333333333333334
1,imagenet-1k,imagenet-1k,google/vit-large-patch16-224,Adam,0.01,Linear,identity,,,256,5,"[(1, 2), (13, 14)]",[],[],{},identity,identity,2,0.7864,0.7609,0.0254999999999999,250,0.0019,25192448,8.333333333333334
2,imagenet-1k,imagenet-1k,google/vit-large-patch16-224,Adam,0.01,Linear,identity,,,256,5,"[(1, 2), (13, 14)]",[],[],{},identity,identity,2,0.7835,0.7613,0.0221999999999999,250,0.0019,25192448,8.333333333333334
3,imagenet-1k,imagenet-1k,google/vit-large-patch16-224,Adam,0.01,Linear,identity,,,256,5,"[(1, 2), (13, 14)]",[],[],{},identity,identity,2,0.7838,0.7602,0.0236,250,0.0019,25192448,8.333333333333334
1,imagenet-1k,imagenet-1k,google/vit-large-patch16-224,Adam,0.01,Linear,identity,,,256,5,"[(2, 3), (14, 15)]",[],[],{},identity,identity,2,0.7864,0.7642,0.0221999999999999,250,0.0019,25192448,8.333333333333334
2,imagenet-1k,imagenet-1k,google/vit-large-patch16-224,Adam,0.01,Linear,identity,,,256,5,"[(2, 3), (14, 15)]",[],[],{},identity,identity,2,0.7835,0.762,0.0214999999999999,250,0.0019,25192448,8.333333333333334
3,imagenet-1k,imagenet-1k,google/vit-large-patch16-224,Adam,0.01,Linear,identity,,,256,5,"[(2, 3), (14, 15)]",[],[],{},identity,identity,2,0.7838,0.7652,0.0186,250,0.0019,25192448,8.333333333333334
1,imagenet-1k,imagenet-1k,google/vit-large-patch16-224,Adam,0.01,Linear,identity,,,256,5,"[(3, 4), (15, 16)]",[],[],{},identity,identity,2,0.7864,0.7689,0.0174999999999999,250,0.0019,25192448,8.333333333333334
2,imagenet-1k,imagenet-1k,google/vit-large-patch16-224,Adam,0.01,Linear,identity,,,256,5,"[(3, 4), (15, 16)]",[],[],{},identity,identity,2,0.7835,0.7678,0.0156999999999999,250,0.0019,25192448,8.333333333333334
3,imagenet-1k,imagenet-1k,google/vit-large-patch16-224,Adam,0.01,Linear,identity,,,256,5,"[(3, 4), (15, 16)]",[],[],{},identity,identity,2,0.7838,0.7621,0.0217,250,0.0019,25192448,8.333333333333334
1,imagenet-1k,imagenet-1k,google/vit-large-patch16-224,Adam,0.01,Linear,identity,,,256,5,"[(4, 5), (16, 17)]",[],[],{},identity,identity,2,0.7864,0.7672,0.0191999999999999,250,0.0019,25192448,8.333333333333334
2,imagenet-1k,imagenet-1k,google/vit-large-patch16-224,Adam,0.01,Linear,identity,,,256,5,"[(4, 5), (16, 17)]",[],[],{},identity,identity,2,0.7835,0.7649,0.0185999999999999,250,0.0019,25192448,8.333333333333334
3,imagenet-1k,imagenet-1k,google/vit-large-patch16-224,Adam,0.01,Linear,identity,,,256,5,"[(4, 5), (16, 17)]",[],[],{},identity,identity,2,0.7838,0.7624,0.0214,250,0.0019,25192448,8.333333333333334
1,imagenet-1k,imagenet-1k,google/vit-large-patch16-224,Adam,0.01,Linear,identity,,,256,5,"[(5, 6), (17, 18)]",[],[],{},identity,identity,2,0.7864,0.7652,0.0211999999999999,250,0.0019,25192448,8.333333333333334
2,imagenet-1k,imagenet-1k,google/vit-large-patch16-224,Adam,0.01,Linear,identity,,,256,5,"[(5, 6), (17, 18)]",[],[],{},identity,identity,2,0.7835,0.7673,0.0161999999999999,250,0.0019,25192448,8.333333333333334
3,imagenet-1k,imagenet-1k,google/vit-large-patch16-224,Adam,0.01,Linear,identity,,,256,5,"[(5, 6), (17, 18)]",[],[],{},identity,identity,2,0.7838,0.768,0.0158,250,0.0019,25192448,8.333333333333334
1,imagenet-1k,imagenet-1k,google/vit-large-patch16-224,Adam,0.01,Linear,identity,,,256,5,"[(6, 7), (18, 19)]",[],[],{},identity,identity,2,0.7864,0.7602,0.0262,250,0.0019,25192448,8.333333333333334
2,imagenet-1k,imagenet-1k,google/vit-large-patch16-224,Adam,0.01,Linear,identity,,,256,5,"[(6, 7), (18, 19)]",[],[],{},identity,identity,2,0.7835,0.7609,0.0225999999999999,250,0.0019,25192448,8.333333333333334
3,imagenet-1k,imagenet-1k,google/vit-large-patch16-224,Adam,0.01,Linear,identity,,,256,5,"[(6, 7), (18, 19)]",[],[],{},identity,identity,2,0.7838,0.7615,0.0223,250,0.0019,25192448,8.333333333333334
1,imagenet-1k,imagenet-1k,google/vit-large-patch16-224,Adam,0.01,Linear,identity,,,256,5,"[(7, 8), (19, 20)]",[],[],{},identity,identity,2,0.7864,0.7578,0.0285999999999999,250,0.0019,25192448,8.333333333333334
2,imagenet-1k,imagenet-1k,google/vit-large-patch16-224,Adam,0.01,Linear,identity,,,256,5,"[(7, 8), (19, 20)]",[],[],{},identity,identity,2,0.7835,0.7543,0.0292,250,0.0019,25192448,8.333333333333334
3,imagenet-1k,imagenet-1k,google/vit-large-patch16-224,Adam,0.01,Linear,identity,,,256,5,"[(7, 8), (19, 20)]",[],[],{},identity,identity,2,0.7838,0.7601,0.0237,250,0.0019,25192448,8.333333333333334
1,imagenet-1k,imagenet-1k,google/vit-large-patch16-224,Adam,0.01,Linear,identity,,,256,5,"[(8, 9), (20, 21)]",[],[],{},identity,identity,2,0.7864,0.7624,0.024,250,0.0019,25192448,8.333333333333334
2,imagenet-1k,imagenet-1k,google/vit-large-patch16-224,Adam,0.01,Linear,identity,,,256,5,"[(8, 9), (20, 21)]",[],[],{},identity,identity,2,0.7835,0.7603,0.0232,250,0.0019,25192448,8.333333333333334
3,imagenet-1k,imagenet-1k,google/vit-large-patch16-224,Adam,0.01,Linear,identity,,,256,5,"[(8, 9), (20, 21)]",[],[],{},identity,identity,2,0.7838,0.7643,0.0195,250,0.0019,25192448,8.333333333333334
1,imagenet-1k,imagenet-1k,google/vit-large-patch16-224,Adam,0.01,Linear,identity,,,256,5,"[(9, 10), (21, 22)]",[],[],{},identity,identity,2,0.7864,0.7628,0.0235999999999999,250,0.0019,25192448,8.333333333333334
2,imagenet-1k,imagenet-1k,google/vit-large-patch16-224,Adam,0.01,Linear,identity,,,256,5,"[(9, 10), (21, 22)]",[],[],{},identity,identity,2,0.7835,0.7608,0.0226999999999999,250,0.0019,25192448,8.333333333333334
3,imagenet-1k,imagenet-1k,google/vit-large-patch16-224,Adam,0.01,Linear,identity,,,256,5,"[(9, 10), (21, 22)]",[],[],{},identity,identity,2,0.7838,0.7662,0.0176,250,0.0019,25192448,8.333333333333334
1,imagenet-1k,imagenet-1k,google/vit-large-patch16-224,Adam,0.01,Linear,identity,,,256,5,"[(10, 11), (22, 23)]",[],[],{},identity,identity,2,0.7864,0.7752,0.0111999999999999,250,0.0019,25192448,8.333333333333334
2,imagenet-1k,imagenet-1k,google/vit-large-patch16-224,Adam,0.01,Linear,identity,,,256,5,"[(10, 11), (22, 23)]",[],[],{},identity,identity,2,0.7835,0.7736,0.0099,250,0.0019,25192448,8.333333333333334
3,imagenet-1k,imagenet-1k,google/vit-large-patch16-224,Adam,0.01,Linear,identity,,,256,5,"[(10, 11), (22, 23)]",[],[],{},identity,identity,2,0.7838,0.774,0.0098,250,0.0019,25192448,8.333333333333334
1,imagenet-1k,imagenet-1k,google/vit-large-patch16-224,Adam,0.01,Linear,identity,,,256,5,"[(0, 1), (13, 14)]",[],[],{},identity,identity,2,0.7864,0.7521,0.0343,250,0.0019,25192448,8.333333333333334
2,imagenet-1k,imagenet-1k,google/vit-large-patch16-224,Adam,0.01,Linear,identity,,,256,5,"[(0, 1), (13, 14)]",[],[],{},identity,identity,2,0.7835,0.7495,0.0339999999999999,250,0.0019,25192448,8.333333333333334
3,imagenet-1k,imagenet-1k,google/vit-large-patch16-224,Adam,0.01,Linear,identity,,,256,5,"[(0, 1), (13, 14)]",[],[],{},identity,identity,2,0.7838,0.7467,0.0371,250,0.0019,25192448,8.333333333333334
1,imagenet-1k,imagenet-1k,google/vit-large-patch16-224,Adam,0.01,Linear,identity,,,256,5,"[(1, 2), (14, 15)]",[],[],{},identity,identity,2,0.7864,0.762,0.0243999999999999,250,0.0019,25192448,8.333333333333334
2,imagenet-1k,imagenet-1k,google/vit-large-patch16-224,Adam,0.01,Linear,identity,,,256,5,"[(1, 2), (14, 15)]",[],[],{},identity,identity,2,0.7835,0.7642,0.0192999999999999,250,0.0019,25192448,8.333333333333334
3,imagenet-1k,imagenet-1k,google/vit-large-patch16-224,Adam,0.01,Linear,identity,,,256,5,"[(1, 2), (14, 15)]",[],[],{},identity,identity,2,0.7838,0.7547,0.0291,250,0.0019,25192448,8.333333333333334
1,imagenet-1k,imagenet-1k,google/vit-large-patch16-224,Adam,0.01,Linear,identity,,,256,5,"[(2, 3), (15, 16)]",[],[],{},identity,identity,2,0.7864,0.7633,0.0231,250,0.0019,25192448,8.333333333333334
2,imagenet-1k,imagenet-1k,google/vit-large-patch16-224,Adam,0.01,Linear,identity,,,256,5,"[(2, 3), (15, 16)]",[],[],{},identity,identity,2,0.7835,0.7622,0.0212999999999999,250,0.0019,25192448,8.333333333333334
3,imagenet-1k,imagenet-1k,google/vit-large-patch16-224,Adam,0.01,Linear,identity,,,256,5,"[(2, 3), (15, 16)]",[],[],{},identity,identity,2,0.7838,0.7569,0.0269,250,0.0019,25192448,8.333333333333334
1,imagenet-1k,imagenet-1k,google/vit-large-patch16-224,Adam,0.01,Linear,identity,,,256,5,"[(3, 4), (16, 17)]",[],[],{},identity,identity,2,0.7864,0.767,0.0193999999999999,250,0.0019,25192448,8.333333333333334
2,imagenet-1k,imagenet-1k,google/vit-large-patch16-224,Adam,0.01,Linear,identity,,,256,5,"[(3, 4), (16, 17)]",[],[],{},identity,identity,2,0.7835,0.7641,0.0193999999999999,250,0.0019,25192448,8.333333333333334
3,imagenet-1k,imagenet-1k,google/vit-large-patch16-224,Adam,0.01,Linear,identity,,,256,5,"[(3, 4), (16, 17)]",[],[],{},identity,identity,2,0.7838,0.7655,0.0183,250,0.0019,25192448,8.333333333333334
1,imagenet-1k,imagenet-1k,google/vit-large-patch16-224,Adam,0.01,Linear,identity,,,256,5,"[(4, 5), (17, 18)]",[],[],{},identity,identity,2,0.7864,0.7583,0.0281,250,0.0019,25192448,8.333333333333334
2,imagenet-1k,imagenet-1k,google/vit-large-patch16-224,Adam,0.01,Linear,identity,,,256,5,"[(4, 5), (17, 18)]",[],[],{},identity,identity,2,0.7835,0.7633,0.0201999999999999,250,0.0019,25192448,8.333333333333334
3,imagenet-1k,imagenet-1k,google/vit-large-patch16-224,Adam,0.01,Linear,identity,,,256,5,"[(4, 5), (17, 18)]",[],[],{},identity,identity,2,0.7838,0.7604,0.0234,250,0.0019,25192448,8.333333333333334
1,imagenet-1k,imagenet-1k,google/vit-large-patch16-224,Adam,0.01,Linear,identity,,,256,5,"[(5, 6), (18, 19)]",[],[],{},identity,identity,2,0.7864,0.7608,0.0255999999999999,250,0.0019,25192448,8.333333333333334
2,imagenet-1k,imagenet-1k,google/vit-large-patch16-224,Adam,0.01,Linear,identity,,,256,5,"[(5, 6), (18, 19)]",[],[],{},identity,identity,2,0.7835,0.7643,0.0191999999999999,250,0.0019,25192448,8.333333333333334
3,imagenet-1k,imagenet-1k,google/vit-large-patch16-224,Adam,0.01,Linear,identity,,,256,5,"[(5, 6), (18, 19)]",[],[],{},identity,identity,2,0.7838,0.7632,0.0206,250,0.0019,25192448,8.333333333333334
1,imagenet-1k,imagenet-1k,google/vit-large-patch16-224,Adam,0.01,Linear,identity,,,256,5,"[(6, 7), (19, 20)]",[],[],{},identity,identity,2,0.7864,0.7605,0.0259,250,0.0019,25192448,8.333333333333334
2,imagenet-1k,imagenet-1k,google/vit-large-patch16-224,Adam,0.01,Linear,identity,,,256,5,"[(6, 7), (19, 20)]",[],[],{},identity,identity,2,0.7835,0.7605,0.023,250,0.0019,25192448,8.333333333333334
3,imagenet-1k,imagenet-1k,google/vit-large-patch16-224,Adam,0.01,Linear,identity,,,256,5,"[(6, 7), (19, 20)]",[],[],{},identity,identity,2,0.7838,0.7609,0.0229,250,0.0019,25192448,8.333333333333334
1,imagenet-1k,imagenet-1k,google/vit-large-patch16-224,Adam,0.01,Linear,identity,,,256,5,"[(7, 8), (20, 21)]",[],[],{},identity,identity,2,0.7864,0.7592,0.0272,250,0.0019,25192448,8.333333333333334
2,imagenet-1k,imagenet-1k,google/vit-large-patch16-224,Adam,0.01,Linear,identity,,,256,5,"[(7, 8), (20, 21)]",[],[],{},identity,identity,2,0.7835,0.7561,0.0273999999999999,250,0.0019,25192448,8.333333333333334
3,imagenet-1k,imagenet-1k,google/vit-large-patch16-224,Adam,0.01,Linear,identity,,,256,5,"[(7, 8), (20, 21)]",[],[],{},identity,identity,2,0.7838,0.7661,0.0177,250,0.0019,25192448,8.333333333333334
1,imagenet-1k,imagenet-1k,google/vit-large-patch16-224,Adam,0.01,Linear,identity,,,256,5,"[(8, 9), (21, 22)]",[],[],{},identity,identity,2,0.7864,0.764,0.0223999999999999,250,0.0019,25192448,8.333333333333334
2,imagenet-1k,imagenet-1k,google/vit-large-patch16-224,Adam,0.01,Linear,identity,,,256,5,"[(8, 9), (21, 22)]",[],[],{},identity,identity,2,0.7835,0.7638,0.0196999999999999,250,0.0019,25192448,8.333333333333334
3,imagenet-1k,imagenet-1k,google/vit-large-patch16-224,Adam,0.01,Linear,identity,,,256,5,"[(8, 9), (21, 22)]",[],[],{},identity,identity,2,0.7838,0.764,0.0198,250,0.0019,25192448,8.333333333333334
1,imagenet-1k,imagenet-1k,google/vit-large-patch16-224,Adam,0.01,Linear,identity,,,256,5,"[(9, 10), (22, 23)]",[],[],{},identity,identity,2,0.7864,0.7729,0.0134999999999999,250,0.0019,25192448,8.333333333333334
2,imagenet-1k,imagenet-1k,google/vit-large-patch16-224,Adam,0.01,Linear,identity,,,256,5,"[(9, 10), (22, 23)]",[],[],{},identity,identity,2,0.7835,0.7706,0.0129,250,0.0019,25192448,8.333333333333334
3,imagenet-1k,imagenet-1k,google/vit-large-patch16-224,Adam,0.01,Linear,identity,,,256,5,"[(9, 10), (22, 23)]",[],[],{},identity,identity,2,0.7838,0.772,0.0118,250,0.0019,25192448,8.333333333333334
1,imagenet-1k,imagenet-1k,google/vit-large-patch16-224,Adam,0.01,Linear,identity,,,256,5,"[(0, 1), (14, 15)]",[],[],{},identity,identity,2,0.7864,0.7519,0.0344999999999999,250,0.0019,25192448,8.333333333333334
2,imagenet-1k,imagenet-1k,google/vit-large-patch16-224,Adam,0.01,Linear,identity,,,256,5,"[(0, 1), (14, 15)]",[],[],{},identity,identity,2,0.7835,0.7573,0.0262,250,0.0019,25192448,8.333333333333334
3,imagenet-1k,imagenet-1k,google/vit-large-patch16-224,Adam,0.01,Linear,identity,,,256,5,"[(0, 1), (14, 15)]",[],[],{},identity,identity,2,0.7838,0.7538,0.03,250,0.0019,25192448,8.333333333333334
1,imagenet-1k,imagenet-1k,google/vit-large-patch16-224,Adam,0.01,Linear,identity,,,256,5,"[(1, 2), (15, 16)]",[],[],{},identity,identity,2,0.7864,0.7625,0.0239,250,0.0019,25192448,8.333333333333334
2,imagenet-1k,imagenet-1k,google/vit-large-patch16-224,Adam,0.01,Linear,identity,,,256,5,"[(1, 2), (15, 16)]",[],[],{},identity,identity,2,0.7835,0.7644,0.0191,250,0.0019,25192448,8.333333333333334
3,imagenet-1k,imagenet-1k,google/vit-large-patch16-224,Adam,0.01,Linear,identity,,,256,5,"[(1, 2), (15, 16)]",[],[],{},identity,identity,2,0.7838,0.7555,0.0283000000000001,250,0.0019,25192448,8.333333333333334
1,imagenet-1k,imagenet-1k,google/vit-large-patch16-224,Adam,0.01,Linear,identity,,,256,5,"[(2, 3), (16, 17)]",[],[],{},identity,identity,2,0.7864,0.7636,0.0228,250,0.0019,25192448,8.333333333333334
2,imagenet-1k,imagenet-1k,google/vit-large-patch16-224,Adam,0.01,Linear,identity,,,256,5,"[(2, 3), (16, 17)]",[],[],{},identity,identity,2,0.7835,0.7658,0.0176999999999999,250,0.0019,25192448,8.333333333333334
3,imagenet-1k,imagenet-1k,google/vit-large-patch16-224,Adam,0.01,Linear,identity,,,256,5,"[(2, 3), (16, 17)]",[],[],{},identity,identity,2,0.7838,0.7625,0.0213,250,0.0019,25192448,8.333333333333334
1,imagenet-1k,imagenet-1k,google/vit-large-patch16-224,Adam,0.01,Linear,identity,,,256,5,"[(3, 4), (17, 18)]",[],[],{},identity,identity,2,0.7864,0.7618,0.0245999999999999,250,0.0019,25192448,8.333333333333334
2,imagenet-1k,imagenet-1k,google/vit-large-patch16-224,Adam,0.01,Linear,identity,,,256,5,"[(3, 4), (17, 18)]",[],[],{},identity,identity,2,0.7835,0.7622,0.0212999999999999,250,0.0019,25192448,8.333333333333334
3,imagenet-1k,imagenet-1k,google/vit-large-patch16-224,Adam,0.01,Linear,identity,,,256,5,"[(3, 4), (17, 18)]",[],[],{},identity,identity,2,0.7838,0.7615,0.0223,250,0.0019,25192448,8.333333333333334
1,imagenet-1k,imagenet-1k,google/vit-large-patch16-224,Adam,0.01,Linear,identity,,,256,5,"[(4, 5), (18, 19)]",[],[],{},identity,identity,2,0.7864,0.755,0.0313999999999999,250,0.0019,25192448,8.333333333333334
2,imagenet-1k,imagenet-1k,google/vit-large-patch16-224,Adam,0.01,Linear,identity,,,256,5,"[(4, 5), (18, 19)]",[],[],{},identity,identity,2,0.7835,0.7599,0.0235999999999999,250,0.0019,25192448,8.333333333333334
3,imagenet-1k,imagenet-1k,google/vit-large-patch16-224,Adam,0.01,Linear,identity,,,256,5,"[(4, 5), (18, 19)]",[],[],{},identity,identity,2,0.7838,0.7558,0.028,250,0.0019,25192448,8.333333333333334
1,imagenet-1k,imagenet-1k,google/vit-large-patch16-224,Adam,0.01,Linear,identity,,,256,5,"[(5, 6), (19, 20)]",[],[],{},identity,identity,2,0.7864,0.7575,0.0289,250,0.0019,25192448,8.333333333333334
2,imagenet-1k,imagenet-1k,google/vit-large-patch16-224,Adam,0.01,Linear,identity,,,256,5,"[(5, 6), (19, 20)]",[],[],{},identity,identity,2,0.7835,0.7579,0.0255999999999999,250,0.0019,25192448,8.333333333333334
3,imagenet-1k,imagenet-1k,google/vit-large-patch16-224,Adam,0.01,Linear,identity,,,256,5,"[(5, 6), (19, 20)]",[],[],{},identity,identity,2,0.7838,0.761,0.0228,250,0.0019,25192448,8.333333333333334
1,imagenet-1k,imagenet-1k,google/vit-large-patch16-224,Adam,0.01,Linear,identity,,,256,5,"[(6, 7), (20, 21)]",[],[],{},identity,identity,2,0.7864,0.7583,0.0281,250,0.0019,25192448,8.333333333333334
2,imagenet-1k,imagenet-1k,google/vit-large-patch16-224,Adam,0.01,Linear,identity,,,256,5,"[(6, 7), (20, 21)]",[],[],{},identity,identity,2,0.7835,0.7597,0.0237999999999999,250,0.0019,25192448,8.333333333333334
3,imagenet-1k,imagenet-1k,google/vit-large-patch16-224,Adam,0.01,Linear,identity,,,256,5,"[(6, 7), (20, 21)]",[],[],{},identity,identity,2,0.7838,0.7574,0.0264,250,0.0019,25192448,8.333333333333334
1,imagenet-1k,imagenet-1k,google/vit-large-patch16-224,Adam,0.01,Linear,identity,,,256,5,"[(7, 8), (21, 22)]",[],[],{},identity,identity,2,0.7864,0.7609,0.0254999999999999,250,0.0019,25192448,8.333333333333334
2,imagenet-1k,imagenet-1k,google/vit-large-patch16-224,Adam,0.01,Linear,identity,,,256,5,"[(7, 8), (21, 22)]",[],[],{},identity,identity,2,0.7835,0.7613,0.0221999999999999,250,0.0019,25192448,8.333333333333334
3,imagenet-1k,imagenet-1k,google/vit-large-patch16-224,Adam,0.01,Linear,identity,,,256,5,"[(7, 8), (21, 22)]",[],[],{},identity,identity,2,0.7838,0.7617,0.0221,250,0.0019,25192448,8.333333333333334
1,imagenet-1k,imagenet-1k,google/vit-large-patch16-224,Adam,0.01,Linear,identity,,,256,5,"[(8, 9), (22, 23)]",[],[],{},identity,identity,2,0.7864,0.7711,0.0152999999999999,250,0.0019,25192448,8.333333333333334
2,imagenet-1k,imagenet-1k,google/vit-large-patch16-224,Adam,0.01,Linear,identity,,,256,5,"[(8, 9), (22, 23)]",[],[],{},identity,identity,2,0.7835,0.7755,0.008,250,0.0019,25192448,8.333333333333334
3,imagenet-1k,imagenet-1k,google/vit-large-patch16-224,Adam,0.01,Linear,identity,,,256,5,"[(8, 9), (22, 23)]",[],[],{},identity,identity,2,0.7838,0.773,0.0108,250,0.0019,25192448,8.333333333333334
1,imagenet-1k,imagenet-1k,google/vit-large-patch16-224,Adam,0.01,Linear,identity,,,256,5,"[(0, 1), (15, 16)]",[],[],{},identity,identity,2,0.7864,0.7548,0.0315999999999999,250,0.0019,25192448,8.333333333333334
2,imagenet-1k,imagenet-1k,google/vit-large-patch16-224,Adam,0.01,Linear,identity,,,256,5,"[(0, 1), (15, 16)]",[],[],{},identity,identity,2,0.7835,0.756,0.0274999999999999,250,0.0019,25192448,8.333333333333334
3,imagenet-1k,imagenet-1k,google/vit-large-patch16-224,Adam,0.01,Linear,identity,,,256,5,"[(0, 1), (15, 16)]",[],[],{},identity,identity,2,0.7838,0.7513,0.0325,250,0.0019,25192448,8.333333333333334
1,imagenet-1k,imagenet-1k,google/vit-large-patch16-224,Adam,0.01,Linear,identity,,,256,5,"[(1, 2), (16, 17)]",[],[],{},identity,identity,2,0.7864,0.7622,0.0242,250,0.0019,25192448,8.333333333333334
2,imagenet-1k,imagenet-1k,google/vit-large-patch16-224,Adam,0.01,Linear,identity,,,256,5,"[(1, 2), (16, 17)]",[],[],{},identity,identity,2,0.7835,0.7606,0.0228999999999999,250,0.0019,25192448,8.333333333333334
3,imagenet-1k,imagenet-1k,google/vit-large-patch16-224,Adam,0.01,Linear,identity,,,256,5,"[(1, 2), (16, 17)]",[],[],{},identity,identity,2,0.7838,0.7627,0.0211,250,0.0019,25192448,8.333333333333334
1,imagenet-1k,imagenet-1k,google/vit-large-patch16-224,Adam,0.01,Linear,identity,,,256,5,"[(2, 3), (17, 18)]",[],[],{},identity,identity,2,0.7864,0.7635,0.0229,250,0.0019,25192448,8.333333333333334
2,imagenet-1k,imagenet-1k,google/vit-large-patch16-224,Adam,0.01,Linear,identity,,,256,5,"[(2, 3), (17, 18)]",[],[],{},identity,identity,2,0.7835,0.7635,0.02,250,0.0019,25192448,8.333333333333334
3,imagenet-1k,imagenet-1k,google/vit-large-patch16-224,Adam,0.01,Linear,identity,,,256,5,"[(2, 3), (17, 18)]",[],[],{},identity,identity,2,0.7838,0.7582,0.0256,250,0.0019,25192448,8.333333333333334
1,imagenet-1k,imagenet-1k,google/vit-large-patch16-224,Adam,0.01,Linear,identity,,,256,5,"[(3, 4), (18, 19)]",[],[],{},identity,identity,2,0.7864,0.7627,0.0236999999999999,250,0.0019,25192448,8.333333333333334
2,imagenet-1k,imagenet-1k,google/vit-large-patch16-224,Adam,0.01,Linear,identity,,,256,5,"[(3, 4), (18, 19)]",[],[],{},identity,identity,2,0.7835,0.7615,0.022,250,0.0019,25192448,8.333333333333334
3,imagenet-1k,imagenet-1k,google/vit-large-patch16-224,Adam,0.01,Linear,identity,,,256,5,"[(3, 4), (18, 19)]",[],[],{},identity,identity,2,0.7838,0.7609,0.0229,250,0.0019,25192448,8.333333333333334
1,imagenet-1k,imagenet-1k,google/vit-large-patch16-224,Adam,0.01,Linear,identity,,,256,5,"[(4, 5), (19, 20)]",[],[],{},identity,identity,2,0.7864,0.759,0.0273999999999999,250,0.0019,25192448,8.333333333333334
2,imagenet-1k,imagenet-1k,google/vit-large-patch16-224,Adam,0.01,Linear,identity,,,256,5,"[(4, 5), (19, 20)]",[],[],{},identity,identity,2,0.7835,0.7564,0.0271,250,0.0019,25192448,8.333333333333334
3,imagenet-1k,imagenet-1k,google/vit-large-patch16-224,Adam,0.01,Linear,identity,,,256,5,"[(4, 5), (19, 20)]",[],[],{},identity,identity,2,0.7838,0.7535,0.0303000000000001,250,0.0019,25192448,8.333333333333334
1,imagenet-1k,imagenet-1k,google/vit-large-patch16-224,Adam,0.01,Linear,identity,,,256,5,"[(5, 6), (20, 21)]",[],[],{},identity,identity,2,0.7864,0.7684,0.018,250,0.0019,25192448,8.333333333333334
2,imagenet-1k,imagenet-1k,google/vit-large-patch16-224,Adam,0.01,Linear,identity,,,256,5,"[(5, 6), (20, 21)]",[],[],{},identity,identity,2,0.7835,0.7649,0.0185999999999999,250,0.0019,25192448,8.333333333333334
3,imagenet-1k,imagenet-1k,google/vit-large-patch16-224,Adam,0.01,Linear,identity,,,256,5,"[(5, 6), (20, 21)]",[],[],{},identity,identity,2,0.7838,0.7607,0.0231,250,0.0019,25192448,8.333333333333334
1,imagenet-1k,imagenet-1k,google/vit-large-patch16-224,Adam,0.01,Linear,identity,,,256,5,"[(6, 7), (21, 22)]",[],[],{},identity,identity,2,0.7864,0.7656,0.0208,250,0.0019,25192448,8.333333333333334
2,imagenet-1k,imagenet-1k,google/vit-large-patch16-224,Adam,0.01,Linear,identity,,,256,5,"[(6, 7), (21, 22)]",[],[],{},identity,identity,2,0.7835,0.7668,0.0166999999999999,250,0.0019,25192448,8.333333333333334
3,imagenet-1k,imagenet-1k,google/vit-large-patch16-224,Adam,0.01,Linear,identity,,,256,5,"[(6, 7), (21, 22)]",[],[],{},identity,identity,2,0.7838,0.7672,0.0166,250,0.0019,25192448,8.333333333333334
1,imagenet-1k,imagenet-1k,google/vit-large-patch16-224,Adam,0.01,Linear,identity,,,256,5,"[(7, 8), (22, 23)]",[],[],{},identity,identity,2,0.7864,0.7679,0.0184999999999999,250,0.0019,25192448,8.333333333333334
2,imagenet-1k,imagenet-1k,google/vit-large-patch16-224,Adam,0.01,Linear,identity,,,256,5,"[(7, 8), (22, 23)]",[],[],{},identity,identity,2,0.7835,0.7776,0.0059,250,0.0019,25192448,8.333333333333334
3,imagenet-1k,imagenet-1k,google/vit-large-patch16-224,Adam,0.01,Linear,identity,,,256,5,"[(7, 8), (22, 23)]",[],[],{},identity,identity,2,0.7838,0.7757,0.0081000000000001,250,0.0019,25192448,8.333333333333334
1,imagenet-1k,imagenet-1k,google/vit-large-patch16-224,Adam,0.01,Linear,identity,,,256,5,"[(0, 1), (16, 17)]",[],[],{},identity,identity,2,0.7864,0.7577,0.0286999999999999,250,0.0019,25192448,8.333333333333334
2,imagenet-1k,imagenet-1k,google/vit-large-patch16-224,Adam,0.01,Linear,identity,,,256,5,"[(0, 1), (16, 17)]",[],[],{},identity,identity,2,0.7835,0.7588,0.0246999999999999,250,0.0019,25192448,8.333333333333334
3,imagenet-1k,imagenet-1k,google/vit-large-patch16-224,Adam,0.01,Linear,identity,,,256,5,"[(0, 1), (16, 17)]",[],[],{},identity,identity,2,0.7838,0.7473,0.0365,250,0.0019,25192448,8.333333333333334
1,imagenet-1k,imagenet-1k,google/vit-large-patch16-224,Adam,0.01,Linear,identity,,,256,5,"[(1, 2), (17, 18)]",[],[],{},identity,identity,2,0.7864,0.7602,0.0262,250,0.0019,25192448,8.333333333333334
2,imagenet-1k,imagenet-1k,google/vit-large-patch16-224,Adam,0.01,Linear,identity,,,256,5,"[(1, 2), (17, 18)]",[],[],{},identity,identity,2,0.7835,0.7592,0.0242999999999999,250,0.0019,25192448,8.333333333333334
3,imagenet-1k,imagenet-1k,google/vit-large-patch16-224,Adam,0.01,Linear,identity,,,256,5,"[(1, 2), (17, 18)]",[],[],{},identity,identity,2,0.7838,0.76,0.0238,250,0.0019,25192448,8.333333333333334
1,imagenet-1k,imagenet-1k,google/vit-large-patch16-224,Adam,0.01,Linear,identity,,,256,5,"[(2, 3), (18, 19)]",[],[],{},identity,identity,2,0.7864,0.7567,0.0296999999999999,250,0.0019,25192448,8.333333333333334
2,imagenet-1k,imagenet-1k,google/vit-large-patch16-224,Adam,0.01,Linear,identity,,,256,5,"[(2, 3), (18, 19)]",[],[],{},identity,identity,2,0.7835,0.7589,0.0245999999999999,250,0.0019,25192448,8.333333333333334
3,imagenet-1k,imagenet-1k,google/vit-large-patch16-224,Adam,0.01,Linear,identity,,,256,5,"[(2, 3), (18, 19)]",[],[],{},identity,identity,2,0.7838,0.76,0.0238,250,0.0019,25192448,8.333333333333334
1,imagenet-1k,imagenet-1k,google/vit-large-patch16-224,Adam,0.01,Linear,identity,,,256,5,"[(3, 4), (19, 20)]",[],[],{},identity,identity,2,0.7864,0.758,0.0283999999999999,250,0.0019,25192448,8.333333333333334
2,imagenet-1k,imagenet-1k,google/vit-large-patch16-224,Adam,0.01,Linear,identity,,,256,5,"[(3, 4), (19, 20)]",[],[],{},identity,identity,2,0.7835,0.7587,0.0247999999999999,250,0.0019,25192448,8.333333333333334
3,imagenet-1k,imagenet-1k,google/vit-large-patch16-224,Adam,0.01,Linear,identity,,,256,5,"[(3, 4), (19, 20)]",[],[],{},identity,identity,2,0.7838,0.7598,0.024,250,0.0019,25192448,8.333333333333334
1,imagenet-1k,imagenet-1k,google/vit-large-patch16-224,Adam,0.01,Linear,identity,,,256,5,"[(4, 5), (20, 21)]",[],[],{},identity,identity,2,0.7864,0.7571,0.0292999999999999,250,0.0019,25192448,8.333333333333334
2,imagenet-1k,imagenet-1k,google/vit-large-patch16-224,Adam,0.01,Linear,identity,,,256,5,"[(4, 5), (20, 21)]",[],[],{},identity,identity,2,0.7835,0.7614,0.0221,250,0.0019,25192448,8.333333333333334
3,imagenet-1k,imagenet-1k,google/vit-large-patch16-224,Adam,0.01,Linear,identity,,,256,5,"[(4, 5), (20, 21)]",[],[],{},identity,identity,2,0.7838,0.7571,0.0267,250,0.0019,25192448,8.333333333333334
1,imagenet-1k,imagenet-1k,google/vit-large-patch16-224,Adam,0.01,Linear,identity,,,256,5,"[(5, 6), (21, 22)]",[],[],{},identity,identity,2,0.7864,0.7631,0.0232999999999999,250,0.0019,25192448,8.333333333333334
2,imagenet-1k,imagenet-1k,google/vit-large-patch16-224,Adam,0.01,Linear,identity,,,256,5,"[(5, 6), (21, 22)]",[],[],{},identity,identity,2,0.7835,0.7663,0.0171999999999999,250,0.0019,25192448,8.333333333333334
3,imagenet-1k,imagenet-1k,google/vit-large-patch16-224,Adam,0.01,Linear,identity,,,256,5,"[(5, 6), (21, 22)]",[],[],{},identity,identity,2,0.7838,0.7671,0.0167,250,0.0019,25192448,8.333333333333334
1,imagenet-1k,imagenet-1k,google/vit-large-patch16-224,Adam,0.01,Linear,identity,,,256,5,"[(6, 7), (22, 23)]",[],[],{},identity,identity,2,0.7864,0.7721,0.0142999999999999,250,0.0019,25192448,8.333333333333334
2,imagenet-1k,imagenet-1k,google/vit-large-patch16-224,Adam,0.01,Linear,identity,,,256,5,"[(6, 7), (22, 23)]",[],[],{},identity,identity,2,0.7835,0.7731,0.0103999999999999,250,0.0019,25192448,8.333333333333334
3,imagenet-1k,imagenet-1k,google/vit-large-patch16-224,Adam,0.01,Linear,identity,,,256,5,"[(6, 7), (22, 23)]",[],[],{},identity,identity,2,0.7838,0.7733,0.0105,250,0.0019,25192448,8.333333333333334
1,imagenet-1k,imagenet-1k,google/vit-large-patch16-224,Adam,0.01,Linear,identity,,,256,5,"[(0, 1), (17, 18)]",[],[],{},identity,identity,2,0.7864,0.7464,0.04,250,0.0019,25192448,8.333333333333334
2,imagenet-1k,imagenet-1k,google/vit-large-patch16-224,Adam,0.01,Linear,identity,,,256,5,"[(0, 1), (17, 18)]",[],[],{},identity,identity,2,0.7835,0.7525,0.031,250,0.0019,25192448,8.333333333333334
3,imagenet-1k,imagenet-1k,google/vit-large-patch16-224,Adam,0.01,Linear,identity,,,256,5,"[(0, 1), (17, 18)]",[],[],{},identity,identity,2,0.7838,0.7544,0.0294,250,0.0019,25192448,8.333333333333334
1,imagenet-1k,imagenet-1k,google/vit-large-patch16-224,Adam,0.01,Linear,identity,,,256,5,"[(1, 2), (18, 19)]",[],[],{},identity,identity,2,0.7864,0.759,0.0273999999999999,250,0.0019,25192448,8.333333333333334
2,imagenet-1k,imagenet-1k,google/vit-large-patch16-224,Adam,0.01,Linear,identity,,,256,5,"[(1, 2), (18, 19)]",[],[],{},identity,identity,2,0.7835,0.7568,0.0266999999999999,250,0.0019,25192448,8.333333333333334
3,imagenet-1k,imagenet-1k,google/vit-large-patch16-224,Adam,0.01,Linear,identity,,,256,5,"[(1, 2), (18, 19)]",[],[],{},identity,identity,2,0.7838,0.7593,0.0245,250,0.0019,25192448,8.333333333333334
1,imagenet-1k,imagenet-1k,google/vit-large-patch16-224,Adam,0.01,Linear,identity,,,256,5,"[(2, 3), (19, 20)]",[],[],{},identity,identity,2,0.7864,0.7512,0.0352,250,0.0019,25192448,8.333333333333334
2,imagenet-1k,imagenet-1k,google/vit-large-patch16-224,Adam,0.01,Linear,identity,,,256,5,"[(2, 3), (19, 20)]",[],[],{},identity,identity,2,0.7835,0.7528,0.0306999999999999,250,0.0019,25192448,8.333333333333334
3,imagenet-1k,imagenet-1k,google/vit-large-patch16-224,Adam,0.01,Linear,identity,,,256,5,"[(2, 3), (19, 20)]",[],[],{},identity,identity,2,0.7838,0.7582,0.0256,250,0.0019,25192448,8.333333333333334
1,imagenet-1k,imagenet-1k,google/vit-large-patch16-224,Adam,0.01,Linear,identity,,,256,5,"[(3, 4), (20, 21)]",[],[],{},identity,identity,2,0.7864,0.7573,0.0291,250,0.0019,25192448,8.333333333333334
2,imagenet-1k,imagenet-1k,google/vit-large-patch16-224,Adam,0.01,Linear,identity,,,256,5,"[(3, 4), (20, 21)]",[],[],{},identity,identity,2,0.7835,0.7628,0.0206999999999999,250,0.0019,25192448,8.333333333333334
3,imagenet-1k,imagenet-1k,google/vit-large-patch16-224,Adam,0.01,Linear,identity,,,256,5,"[(3, 4), (20, 21)]",[],[],{},identity,identity,2,0.7838,0.758,0.0258,250,0.0019,25192448,8.333333333333334
1,imagenet-1k,imagenet-1k,google/vit-large-patch16-224,Adam,0.01,Linear,identity,,,256,5,"[(4, 5), (21, 22)]",[],[],{},identity,identity,2,0.7864,0.7598,0.0265999999999999,250,0.0019,25192448,8.333333333333334
2,imagenet-1k,imagenet-1k,google/vit-large-patch16-224,Adam,0.01,Linear,identity,,,256,5,"[(4, 5), (21, 22)]",[],[],{},identity,identity,2,0.7835,0.7632,0.0202999999999999,250,0.0019,25192448,8.333333333333334
3,imagenet-1k,imagenet-1k,google/vit-large-patch16-224,Adam,0.01,Linear,identity,,,256,5,"[(4, 5), (21, 22)]",[],[],{},identity,identity,2,0.7838,0.7662,0.0176,250,0.0019,25192448,8.333333333333334
1,imagenet-1k,imagenet-1k,google/vit-large-patch16-224,Adam,0.01,Linear,identity,,,256,5,"[(5, 6), (22, 23)]",[],[],{},identity,identity,2,0.7864,0.7757,0.0107,250,0.0019,25192448,8.333333333333334
2,imagenet-1k,imagenet-1k,google/vit-large-patch16-224,Adam,0.01,Linear,identity,,,256,5,"[(5, 6), (22, 23)]",[],[],{},identity,identity,2,0.7835,0.7718,0.0116999999999999,250,0.0019,25192448,8.333333333333334
3,imagenet-1k,imagenet-1k,google/vit-large-patch16-224,Adam,0.01,Linear,identity,,,256,5,"[(5, 6), (22, 23)]",[],[],{},identity,identity,2,0.7838,0.7779,0.0059,250,0.0019,25192448,8.333333333333334
1,imagenet-1k,imagenet-1k,google/vit-large-patch16-224,Adam,0.01,Linear,identity,,,256,5,"[(0, 1), (18, 19)]",[],[],{},identity,identity,2,0.7864,0.7484,0.038,250,0.0019,25192448,8.333333333333334
2,imagenet-1k,imagenet-1k,google/vit-large-patch16-224,Adam,0.01,Linear,identity,,,256,5,"[(0, 1), (18, 19)]",[],[],{},identity,identity,2,0.7835,0.7481,0.0353999999999999,250,0.0019,25192448,8.333333333333334
3,imagenet-1k,imagenet-1k,google/vit-large-patch16-224,Adam,0.01,Linear,identity,,,256,5,"[(0, 1), (18, 19)]",[],[],{},identity,identity,2,0.7838,0.7504,0.0334,250,0.0019,25192448,8.333333333333334
1,imagenet-1k,imagenet-1k,google/vit-large-patch16-224,Adam,0.01,Linear,identity,,,256,5,"[(1, 2), (19, 20)]",[],[],{},identity,identity,2,0.7864,0.7507,0.0356999999999999,250,0.0019,25192448,8.333333333333334
2,imagenet-1k,imagenet-1k,google/vit-large-patch16-224,Adam,0.01,Linear,identity,,,256,5,"[(1, 2), (19, 20)]",[],[],{},identity,identity,2,0.7835,0.7508,0.0326999999999999,250,0.0019,25192448,8.333333333333334
3,imagenet-1k,imagenet-1k,google/vit-large-patch16-224,Adam,0.01,Linear,identity,,,256,5,"[(1, 2), (19, 20)]",[],[],{},identity,identity,2,0.7838,0.7536,0.0302,250,0.0019,25192448,8.333333333333334
1,imagenet-1k,imagenet-1k,google/vit-large-patch16-224,Adam,0.01,Linear,identity,,,256,5,"[(2, 3), (20, 21)]",[],[],{},identity,identity,2,0.7864,0.7539,0.0324999999999999,250,0.0019,25192448,8.333333333333334
2,imagenet-1k,imagenet-1k,google/vit-large-patch16-224,Adam,0.01,Linear,identity,,,256,5,"[(2, 3), (20, 21)]",[],[],{},identity,identity,2,0.7835,0.7611,0.0223999999999999,250,0.0019,25192448,8.333333333333334
3,imagenet-1k,imagenet-1k,google/vit-large-patch16-224,Adam,0.01,Linear,identity,,,256,5,"[(2, 3), (20, 21)]",[],[],{},identity,identity,2,0.7838,0.761,0.0228,250,0.0019,25192448,8.333333333333334
1,imagenet-1k,imagenet-1k,google/vit-large-patch16-224,Adam,0.01,Linear,identity,,,256,5,"[(3, 4), (21, 22)]",[],[],{},identity,identity,2,0.7864,0.7638,0.0225999999999999,250,0.0019,25192448,8.333333333333334
2,imagenet-1k,imagenet-1k,google/vit-large-patch16-224,Adam,0.01,Linear,identity,,,256,5,"[(3, 4), (21, 22)]",[],[],{},identity,identity,2,0.7835,0.7654,0.0181,250,0.0019,25192448,8.333333333333334
3,imagenet-1k,imagenet-1k,google/vit-large-patch16-224,Adam,0.01,Linear,identity,,,256,5,"[(3, 4), (21, 22)]",[],[],{},identity,identity,2,0.7838,0.7634,0.0204,250,0.0019,25192448,8.333333333333334
1,imagenet-1k,imagenet-1k,google/vit-large-patch16-224,Adam,0.01,Linear,identity,,,256,5,"[(4, 5), (22, 23)]",[],[],{},identity,identity,2,0.7864,0.7703,0.0161,250,0.0019,25192448,8.333333333333334
2,imagenet-1k,imagenet-1k,google/vit-large-patch16-224,Adam,0.01,Linear,identity,,,256,5,"[(4, 5), (22, 23)]",[],[],{},identity,identity,2,0.7835,0.7689,0.0145999999999999,250,0.0019,25192448,8.333333333333334
3,imagenet-1k,imagenet-1k,google/vit-large-patch16-224,Adam,0.01,Linear,identity,,,256,5,"[(4, 5), (22, 23)]",[],[],{},identity,identity,2,0.7838,0.7682,0.0156,250,0.0019,25192448,8.333333333333334
1,imagenet-1k,imagenet-1k,google/vit-large-patch16-224,Adam,0.01,Linear,identity,,,256,5,"[(0, 1), (19, 20)]",[],[],{},identity,identity,2,0.7864,0.7456,0.0407999999999999,250,0.0019,25192448,8.333333333333334
2,imagenet-1k,imagenet-1k,google/vit-large-patch16-224,Adam,0.01,Linear,identity,,,256,5,"[(0, 1), (19, 20)]",[],[],{},identity,identity,2,0.7835,0.7499,0.0335999999999999,250,0.0019,25192448,8.333333333333334
3,imagenet-1k,imagenet-1k,google/vit-large-patch16-224,Adam,0.01,Linear,identity,,,256,5,"[(0, 1), (19, 20)]",[],[],{},identity,identity,2,0.7838,0.7453,0.0385,250,0.0019,25192448,8.333333333333334
1,imagenet-1k,imagenet-1k,google/vit-large-patch16-224,Adam,0.01,Linear,identity,,,256,5,"[(1, 2), (20, 21)]",[],[],{},identity,identity,2,0.7864,0.7551,0.0312999999999999,250,0.0019,25192448,8.333333333333334
2,imagenet-1k,imagenet-1k,google/vit-large-patch16-224,Adam,0.01,Linear,identity,,,256,5,"[(1, 2), (20, 21)]",[],[],{},identity,identity,2,0.7835,0.7564,0.0271,250,0.0019,25192448,8.333333333333334
3,imagenet-1k,imagenet-1k,google/vit-large-patch16-224,Adam,0.01,Linear,identity,,,256,5,"[(1, 2), (20, 21)]",[],[],{},identity,identity,2,0.7838,0.758,0.0258,250,0.0019,25192448,8.333333333333334
1,imagenet-1k,imagenet-1k,google/vit-large-patch16-224,Adam,0.01,Linear,identity,,,256,5,"[(2, 3), (21, 22)]",[],[],{},identity,identity,2,0.7864,0.7604,0.026,250,0.0019,25192448,8.333333333333334
2,imagenet-1k,imagenet-1k,google/vit-large-patch16-224,Adam,0.01,Linear,identity,,,256,5,"[(2, 3), (21, 22)]",[],[],{},identity,identity,2,0.7835,0.7571,0.0263999999999999,250,0.0019,25192448,8.333333333333334
3,imagenet-1k,imagenet-1k,google/vit-large-patch16-224,Adam,0.01,Linear,identity,,,256,5,"[(2, 3), (21, 22)]",[],[],{},identity,identity,2,0.7838,0.7587,0.0251,250,0.0019,25192448,8.333333333333334
1,imagenet-1k,imagenet-1k,google/vit-large-patch16-224,Adam,0.01,Linear,identity,,,256,5,"[(3, 4), (22, 23)]",[],[],{},identity,identity,2,0.7864,0.7739,0.0124999999999999,250,0.0019,25192448,8.333333333333334
2,imagenet-1k,imagenet-1k,google/vit-large-patch16-224,Adam,0.01,Linear,identity,,,256,5,"[(3, 4), (22, 23)]",[],[],{},identity,identity,2,0.7835,0.7753,0.0081999999999999,250,0.0019,25192448,8.333333333333334
3,imagenet-1k,imagenet-1k,google/vit-large-patch16-224,Adam,0.01,Linear,identity,,,256,5,"[(3, 4), (22, 23)]",[],[],{},identity,identity,2,0.7838,0.7779,0.0059,250,0.0019,25192448,8.333333333333334
1,imagenet-1k,imagenet-1k,google/vit-large-patch16-224,Adam,0.01,Linear,identity,,,256,5,"[(0, 1), (20, 21)]",[],[],{},identity,identity,2,0.7864,0.7508,0.0355999999999999,250,0.0019,25192448,8.333333333333334
2,imagenet-1k,imagenet-1k,google/vit-large-patch16-224,Adam,0.01,Linear,identity,,,256,5,"[(0, 1), (20, 21)]",[],[],{},identity,identity,2,0.7835,0.7485,0.0349999999999999,250,0.0019,25192448,8.333333333333334
3,imagenet-1k,imagenet-1k,google/vit-large-patch16-224,Adam,0.01,Linear,identity,,,256,5,"[(0, 1), (20, 21)]",[],[],{},identity,identity,2,0.7838,0.7524,0.0314,250,0.0019,25192448,8.333333333333334
1,imagenet-1k,imagenet-1k,google/vit-large-patch16-224,Adam,0.01,Linear,identity,,,256,5,"[(1, 2), (21, 22)]",[],[],{},identity,identity,2,0.7864,0.7598,0.0265999999999999,250,0.0019,25192448,8.333333333333334
2,imagenet-1k,imagenet-1k,google/vit-large-patch16-224,Adam,0.01,Linear,identity,,,256,5,"[(1, 2), (21, 22)]",[],[],{},identity,identity,2,0.7835,0.7579,0.0255999999999999,250,0.0019,25192448,8.333333333333334
3,imagenet-1k,imagenet-1k,google/vit-large-patch16-224,Adam,0.01,Linear,identity,,,256,5,"[(1, 2), (21, 22)]",[],[],{},identity,identity,2,0.7838,0.7597,0.0241,250,0.0019,25192448,8.333333333333334
1,imagenet-1k,imagenet-1k,google/vit-large-patch16-224,Adam,0.01,Linear,identity,,,256,5,"[(2, 3), (22, 23)]",[],[],{},identity,identity,2,0.7864,0.769,0.0173999999999999,250,0.0019,25192448,8.333333333333334
2,imagenet-1k,imagenet-1k,google/vit-large-patch16-224,Adam,0.01,Linear,identity,,,256,5,"[(2, 3), (22, 23)]",[],[],{},identity,identity,2,0.7835,0.7712,0.0122999999999999,250,0.0019,25192448,8.333333333333334
3,imagenet-1k,imagenet-1k,google/vit-large-patch16-224,Adam,0.01,Linear,identity,,,256,5,"[(2, 3), (22, 23)]",[],[],{},identity,identity,2,0.7838,0.7683,0.0155,250,0.0019,25192448,8.333333333333334
1,imagenet-1k,imagenet-1k,google/vit-large-patch16-224,Adam,0.01,Linear,identity,,,256,5,"[(0, 1), (21, 22)]",[],[],{},identity,identity,2,0.7864,0.7534,0.033,250,0.0019,25192448,8.333333333333334
2,imagenet-1k,imagenet-1k,google/vit-large-patch16-224,Adam,0.01,Linear,identity,,,256,5,"[(0, 1), (21, 22)]",[],[],{},identity,identity,2,0.7835,0.7549,0.0285999999999999,250,0.0019,25192448,8.333333333333334
3,imagenet-1k,imagenet-1k,google/vit-large-patch16-224,Adam,0.01,Linear,identity,,,256,5,"[(0, 1), (21, 22)]",[],[],{},identity,identity,2,0.7838,0.753,0.0308,250,0.0019,25192448,8.333333333333334
1,imagenet-1k,imagenet-1k,google/vit-large-patch16-224,Adam,0.01,Linear,identity,,,256,5,"[(1, 2), (22, 23)]",[],[],{},identity,identity,2,0.7864,0.7668,0.0195999999999999,250,0.0019,25192448,8.333333333333334
2,imagenet-1k,imagenet-1k,google/vit-large-patch16-224,Adam,0.01,Linear,identity,,,256,5,"[(1, 2), (22, 23)]",[],[],{},identity,identity,2,0.7835,0.7621,0.0213999999999999,250,0.0019,25192448,8.333333333333334
3,imagenet-1k,imagenet-1k,google/vit-large-patch16-224,Adam,0.01,Linear,identity,,,256,5,"[(1, 2), (22, 23)]",[],[],{},identity,identity,2,0.7838,0.766,0.0178,250,0.0019,25192448,8.333333333333334
1,imagenet-1k,imagenet-1k,google/vit-large-patch16-224,Adam,0.01,Linear,identity,,,256,5,"[(0, 1), (22, 23)]",[],[],{},identity,identity,2,0.7864,0.759,0.0273999999999999,250,0.0019,25192448,8.333333333333334
2,imagenet-1k,imagenet-1k,google/vit-large-patch16-224,Adam,0.01,Linear,identity,,,256,5,"[(0, 1), (22, 23)]",[],[],{},identity,identity,2,0.7835,0.7579,0.0255999999999999,250,0.0019,25192448,8.333333333333334
3,imagenet-1k,imagenet-1k,google/vit-large-patch16-224,Adam,0.01,Linear,identity,,,256,5,"[(0, 1), (22, 23)]",[],[],{},identity,identity,2,0.7838,0.7592,0.0246,250,0.0019,25192448,8.333333333333334
1,imagenet-1k,imagenet-1k,google/vit-large-patch16-224,Adam,0.01,Linear,linear,,,256,5,[],[],[],{},identity,identity,0,0.7864,0.7864,0.0,250,0.0019,0,0.0
2,imagenet-1k,imagenet-1k,google/vit-large-patch16-224,Adam,0.01,Linear,linear,,,256,5,[],[],[],{},identity,identity,0,0.7835,0.7835,0.0,250,0.0019,0,0.0
3,imagenet-1k,imagenet-1k,google/vit-large-patch16-224,Adam,0.01,Linear,linear,,,256,5,[],[],[],{},identity,identity,0,0.7838,0.7838,0.0,250,0.0019,0,0.0
1,imagenet-1k,imagenet-1k,google/vit-large-patch16-224,Adam,0.01,Linear,linear,,,256,5,"[(0, 1)]",[],[],{},identity,identity,1,0.7864,0.7641,0.0222999999999999,250,0.0019,11546624,3.8194726715985152
2,imagenet-1k,imagenet-1k,google/vit-large-patch16-224,Adam,0.01,Linear,linear,,,256,5,"[(0, 1)]",[],[],{},identity,identity,1,0.7835,0.7672,0.0162999999999999,250,0.0019,11546624,3.8194726715985152
3,imagenet-1k,imagenet-1k,google/vit-large-patch16-224,Adam,0.01,Linear,linear,,,256,5,"[(0, 1)]",[],[],{},identity,identity,1,0.7838,0.7665,0.0173,250,0.0019,11546624,3.8194726715985152
1,imagenet-1k,imagenet-1k,google/vit-large-patch16-224,Adam,0.01,Linear,linear,,,256,5,"[(1, 2)]",[],[],{},identity,identity,1,0.7864,0.7739,0.0124999999999999,250,0.0019,11546624,3.8194726715985152
2,imagenet-1k,imagenet-1k,google/vit-large-patch16-224,Adam,0.01,Linear,linear,,,256,5,"[(1, 2)]",[],[],{},identity,identity,1,0.7835,0.7752,0.0082999999999999,250,0.0019,11546624,3.8194726715985152
3,imagenet-1k,imagenet-1k,google/vit-large-patch16-224,Adam,0.01,Linear,linear,,,256,5,"[(1, 2)]",[],[],{},identity,identity,1,0.7838,0.7733,0.0105,250,0.0019,11546624,3.8194726715985152
1,imagenet-1k,imagenet-1k,google/vit-large-patch16-224,Adam,0.01,Linear,linear,,,256,5,"[(2, 3)]",[],[],{},identity,identity,1,0.7864,0.778,0.0083999999999999,250,0.0019,11546624,3.8194726715985152
2,imagenet-1k,imagenet-1k,google/vit-large-patch16-224,Adam,0.01,Linear,linear,,,256,5,"[(2, 3)]",[],[],{},identity,identity,1,0.7835,0.7826,0.0009,250,0.0019,11546624,3.8194726715985152
3,imagenet-1k,imagenet-1k,google/vit-large-patch16-224,Adam,0.01,Linear,linear,,,256,5,"[(2, 3)]",[],[],{},identity,identity,1,0.7838,0.7811,0.0027,250,0.0019,11546624,3.8194726715985152
1,imagenet-1k,imagenet-1k,google/vit-large-patch16-224,Adam,0.01,Linear,linear,,,256,5,"[(3, 4)]",[],[],{},identity,identity,1,0.7864,0.7831,0.0032999999999999,250,0.0019,11546624,3.8194726715985152
2,imagenet-1k,imagenet-1k,google/vit-large-patch16-224,Adam,0.01,Linear,linear,,,256,5,"[(3, 4)]",[],[],{},identity,identity,1,0.7835,0.78,0.0034999999999999,250,0.0019,11546624,3.8194726715985152
3,imagenet-1k,imagenet-1k,google/vit-large-patch16-224,Adam,0.01,Linear,linear,,,256,5,"[(3, 4)]",[],[],{},identity,identity,1,0.7838,0.7824,0.0014,250,0.0019,11546624,3.8194726715985152
1,imagenet-1k,imagenet-1k,google/vit-large-patch16-224,Adam,0.01,Linear,linear,,,256,5,"[(4, 5)]",[],[],{},identity,identity,1,0.7864,0.2172,0.5691999999999999,250,0.0019,11546624,3.8194726715985152
2,imagenet-1k,imagenet-1k,google/vit-large-patch16-224,Adam,0.01,Linear,linear,,,256,5,"[(4, 5)]",[],[],{},identity,identity,1,0.7835,0.2199,0.5636,250,0.0019,11546624,3.8194726715985152
3,imagenet-1k,imagenet-1k,google/vit-large-patch16-224,Adam,0.01,Linear,linear,,,256,5,"[(4, 5)]",[],[],{},identity,identity,1,0.7838,0.2206,0.5632,250,0.0019,11546624,3.8194726715985152
1,imagenet-1k,imagenet-1k,google/vit-large-patch16-224,Adam,0.01,Linear,linear,,,256,5,"[(5, 6)]",[],[],{},identity,identity,1,0.7864,0.1605,0.6259,250,0.0019,11546624,3.8194726715985152
2,imagenet-1k,imagenet-1k,google/vit-large-patch16-224,Adam,0.01,Linear,linear,,,256,5,"[(5, 6)]",[],[],{},identity,identity,1,0.7835,0.1634,0.6201,250,0.0019,11546624,3.8194726715985152
3,imagenet-1k,imagenet-1k,google/vit-large-patch16-224,Adam,0.01,Linear,linear,,,256,5,"[(5, 6)]",[],[],{},identity,identity,1,0.7838,0.1562,0.6276,250,0.0019,11546624,3.8194726715985152
1,imagenet-1k,imagenet-1k,google/vit-large-patch16-224,Adam,0.01,Linear,linear,,,256,5,"[(6, 7)]",[],[],{},identity,identity,1,0.7864,0.7764,0.01,250,0.0019,11546624,3.8194726715985152
2,imagenet-1k,imagenet-1k,google/vit-large-patch16-224,Adam,0.01,Linear,linear,,,256,5,"[(6, 7)]",[],[],{},identity,identity,1,0.7835,0.7754,0.0080999999999999,250,0.0019,11546624,3.8194726715985152
3,imagenet-1k,imagenet-1k,google/vit-large-patch16-224,Adam,0.01,Linear,linear,,,256,5,"[(6, 7)]",[],[],{},identity,identity,1,0.7838,0.7752,0.0086,250,0.0019,11546624,3.8194726715985152
1,imagenet-1k,imagenet-1k,google/vit-large-patch16-224,Adam,0.01,Linear,linear,,,256,5,"[(7, 8)]",[],[],{},identity,identity,1,0.7864,0.7844,0.002,250,0.0019,11546624,3.8194726715985152
2,imagenet-1k,imagenet-1k,google/vit-large-patch16-224,Adam,0.01,Linear,linear,,,256,5,"[(7, 8)]",[],[],{},identity,identity,1,0.7835,0.781,0.0024999999999999,250,0.0019,11546624,3.8194726715985152
3,imagenet-1k,imagenet-1k,google/vit-large-patch16-224,Adam,0.01,Linear,linear,,,256,5,"[(7, 8)]",[],[],{},identity,identity,1,0.7838,0.7786,0.0052,250,0.0019,11546624,3.8194726715985152
1,imagenet-1k,imagenet-1k,google/vit-large-patch16-224,Adam,0.01,Linear,linear,,,256,5,"[(8, 9)]",[],[],{},identity,identity,1,0.7864,0.7752,0.0111999999999999,250,0.0019,11546624,3.8194726715985152
2,imagenet-1k,imagenet-1k,google/vit-large-patch16-224,Adam,0.01,Linear,linear,,,256,5,"[(8, 9)]",[],[],{},identity,identity,1,0.7835,0.7727,0.0107999999999999,250,0.0019,11546624,3.8194726715985152
3,imagenet-1k,imagenet-1k,google/vit-large-patch16-224,Adam,0.01,Linear,linear,,,256,5,"[(8, 9)]",[],[],{},identity,identity,1,0.7838,0.7751,0.0087,250,0.0019,11546624,3.8194726715985152
1,imagenet-1k,imagenet-1k,google/vit-large-patch16-224,Adam,0.01,Linear,linear,,,256,5,"[(9, 10)]",[],[],{},identity,identity,1,0.7864,0.7798,0.0065999999999999,250,0.0019,11546624,3.8194726715985152
2,imagenet-1k,imagenet-1k,google/vit-large-patch16-224,Adam,0.01,Linear,linear,,,256,5,"[(9, 10)]",[],[],{},identity,identity,1,0.7835,0.7764,0.0070999999999999,250,0.0019,11546624,3.8194726715985152
3,imagenet-1k,imagenet-1k,google/vit-large-patch16-224,Adam,0.01,Linear,linear,,,256,5,"[(9, 10)]",[],[],{},identity,identity,1,0.7838,0.7742,0.0096,250,0.0019,11546624,3.8194726715985152
1,imagenet-1k,imagenet-1k,google/vit-large-patch16-224,Adam,0.01,Linear,linear,,,256,5,"[(10, 11)]",[],[],{},identity,identity,1,0.7864,0.7736,0.0128,250,0.0019,11546624,3.8194726715985152
2,imagenet-1k,imagenet-1k,google/vit-large-patch16-224,Adam,0.01,Linear,linear,,,256,5,"[(10, 11)]",[],[],{},identity,identity,1,0.7835,0.7774,0.0060999999999999,250,0.0019,11546624,3.8194726715985152
3,imagenet-1k,imagenet-1k,google/vit-large-patch16-224,Adam,0.01,Linear,linear,,,256,5,"[(10, 11)]",[],[],{},identity,identity,1,0.7838,0.7772,0.0066,250,0.0019,11546624,3.8194726715985152
1,imagenet-1k,imagenet-1k,google/vit-large-patch16-224,Adam,0.01,Linear,linear,,,256,5,"[(11, 12)]",[],[],{},identity,identity,1,0.7864,0.7765,0.0099,250,0.0019,11546624,3.8194726715985152
2,imagenet-1k,imagenet-1k,google/vit-large-patch16-224,Adam,0.01,Linear,linear,,,256,5,"[(11, 12)]",[],[],{},identity,identity,1,0.7835,0.771,0.0124999999999999,250,0.0019,11546624,3.8194726715985152
3,imagenet-1k,imagenet-1k,google/vit-large-patch16-224,Adam,0.01,Linear,linear,,,256,5,"[(11, 12)]",[],[],{},identity,identity,1,0.7838,0.7769,0.0069,250,0.0019,11546624,3.8194726715985152
1,imagenet-1k,imagenet-1k,google/vit-large-patch16-224,Adam,0.01,Linear,linear,,,256,5,"[(12, 13)]",[],[],{},identity,identity,1,0.7864,0.7755,0.0109,250,0.0019,11546624,3.8194726715985152
2,imagenet-1k,imagenet-1k,google/vit-large-patch16-224,Adam,0.01,Linear,linear,,,256,5,"[(12, 13)]",[],[],{},identity,identity,1,0.7835,0.7786,0.0049,250,0.0019,11546624,3.8194726715985152
3,imagenet-1k,imagenet-1k,google/vit-large-patch16-224,Adam,0.01,Linear,linear,,,256,5,"[(12, 13)]",[],[],{},identity,identity,1,0.7838,0.7785,0.0053,250,0.0019,11546624,3.8194726715985152
1,imagenet-1k,imagenet-1k,google/vit-large-patch16-224,Adam,0.01,Linear,linear,,,256,5,"[(13, 14)]",[],[],{},identity,identity,1,0.7864,0.7783,0.0080999999999999,250,0.0019,11546624,3.8194726715985152
2,imagenet-1k,imagenet-1k,google/vit-large-patch16-224,Adam,0.01,Linear,linear,,,256,5,"[(13, 14)]",[],[],{},identity,identity,1,0.7835,0.7815,0.002,250,0.0019,11546624,3.8194726715985152
3,imagenet-1k,imagenet-1k,google/vit-large-patch16-224,Adam,0.01,Linear,linear,,,256,5,"[(13, 14)]",[],[],{},identity,identity,1,0.7838,0.7796,0.0042,250,0.0019,11546624,3.8194726715985152
1,imagenet-1k,imagenet-1k,google/vit-large-patch16-224,Adam,0.01,Linear,linear,,,256,5,"[(14, 15)]",[],[],{},identity,identity,1,0.7864,0.7785,0.0079,250,0.0019,11546624,3.8194726715985152
2,imagenet-1k,imagenet-1k,google/vit-large-patch16-224,Adam,0.01,Linear,linear,,,256,5,"[(14, 15)]",[],[],{},identity,identity,1,0.7835,0.7823,0.0011999999999999,250,0.0019,11546624,3.8194726715985152
3,imagenet-1k,imagenet-1k,google/vit-large-patch16-224,Adam,0.01,Linear,linear,,,256,5,"[(14, 15)]",[],[],{},identity,identity,1,0.7838,0.7812,0.0026,250,0.0019,11546624,3.8194726715985152
1,imagenet-1k,imagenet-1k,google/vit-large-patch16-224,Adam,0.01,Linear,linear,,,256,5,"[(15, 16)]",[],[],{},identity,identity,1,0.7864,0.7813,0.0050999999999999,250,0.0019,11546624,3.8194726715985152
2,imagenet-1k,imagenet-1k,google/vit-large-patch16-224,Adam,0.01,Linear,linear,,,256,5,"[(15, 16)]",[],[],{},identity,identity,1,0.7835,0.7817,0.0018,250,0.0019,11546624,3.8194726715985152
3,imagenet-1k,imagenet-1k,google/vit-large-patch16-224,Adam,0.01,Linear,linear,,,256,5,"[(15, 16)]",[],[],{},identity,identity,1,0.7838,0.78,0.0038,250,0.0019,11546624,3.8194726715985152
1,imagenet-1k,imagenet-1k,google/vit-large-patch16-224,Adam,0.01,Linear,linear,,,256,5,"[(16, 17)]",[],[],{},identity,identity,1,0.7864,0.7794,0.007,250,0.0019,11546624,3.8194726715985152
2,imagenet-1k,imagenet-1k,google/vit-large-patch16-224,Adam,0.01,Linear,linear,,,256,5,"[(16, 17)]",[],[],{},identity,identity,1,0.7835,0.778,0.0054999999999999,250,0.0019,11546624,3.8194726715985152
3,imagenet-1k,imagenet-1k,google/vit-large-patch16-224,Adam,0.01,Linear,linear,,,256,5,"[(16, 17)]",[],[],{},identity,identity,1,0.7838,0.7784,0.0054,250,0.0019,11546624,3.8194726715985152
1,imagenet-1k,imagenet-1k,google/vit-large-patch16-224,Adam,0.01,Linear,linear,,,256,5,"[(17, 18)]",[],[],{},identity,identity,1,0.7864,0.7759,0.0104999999999999,250,0.0019,11546624,3.8194726715985152
2,imagenet-1k,imagenet-1k,google/vit-large-patch16-224,Adam,0.01,Linear,linear,,,256,5,"[(17, 18)]",[],[],{},identity,identity,1,0.7835,0.7788,0.0046999999999999,250,0.0019,11546624,3.8194726715985152
3,imagenet-1k,imagenet-1k,google/vit-large-patch16-224,Adam,0.01,Linear,linear,,,256,5,"[(17, 18)]",[],[],{},identity,identity,1,0.7838,0.779,0.0048,250,0.0019,11546624,3.8194726715985152
1,imagenet-1k,imagenet-1k,google/vit-large-patch16-224,Adam,0.01,Linear,linear,,,256,5,"[(18, 19)]",[],[],{},identity,identity,1,0.7864,0.7707,0.0156999999999999,250,0.0019,11546624,3.8194726715985152
2,imagenet-1k,imagenet-1k,google/vit-large-patch16-224,Adam,0.01,Linear,linear,,,256,5,"[(18, 19)]",[],[],{},identity,identity,1,0.7835,0.7697,0.0137999999999999,250,0.0019,11546624,3.8194726715985152
3,imagenet-1k,imagenet-1k,google/vit-large-patch16-224,Adam,0.01,Linear,linear,,,256,5,"[(18, 19)]",[],[],{},identity,identity,1,0.7838,0.773,0.0108,250,0.0019,11546624,3.8194726715985152
1,imagenet-1k,imagenet-1k,google/vit-large-patch16-224,Adam,0.01,Linear,linear,,,256,5,"[(19, 20)]",[],[],{},identity,identity,1,0.7864,0.773,0.0133999999999999,250,0.0019,11546624,3.8194726715985152
2,imagenet-1k,imagenet-1k,google/vit-large-patch16-224,Adam,0.01,Linear,linear,,,256,5,"[(19, 20)]",[],[],{},identity,identity,1,0.7835,0.7722,0.0112999999999999,250,0.0019,11546624,3.8194726715985152
3,imagenet-1k,imagenet-1k,google/vit-large-patch16-224,Adam,0.01,Linear,linear,,,256,5,"[(19, 20)]",[],[],{},identity,identity,1,0.7838,0.773,0.0108,250,0.0019,11546624,3.8194726715985152
1,imagenet-1k,imagenet-1k,google/vit-large-patch16-224,Adam,0.01,Linear,linear,,,256,5,"[(20, 21)]",[],[],{},identity,identity,1,0.7864,0.7713,0.0151,250,0.0019,11546624,3.8194726715985152
2,imagenet-1k,imagenet-1k,google/vit-large-patch16-224,Adam,0.01,Linear,linear,,,256,5,"[(20, 21)]",[],[],{},identity,identity,1,0.7835,0.7714,0.0121,250,0.0019,11546624,3.8194726715985152
3,imagenet-1k,imagenet-1k,google/vit-large-patch16-224,Adam,0.01,Linear,linear,,,256,5,"[(20, 21)]",[],[],{},identity,identity,1,0.7838,0.7764,0.0074,250,0.0019,11546624,3.8194726715985152
1,imagenet-1k,imagenet-1k,google/vit-large-patch16-224,Adam,0.01,Linear,linear,,,256,5,"[(21, 22)]",[],[],{},identity,identity,1,0.7864,0.7694,0.017,250,0.0019,11546624,3.8194726715985152
2,imagenet-1k,imagenet-1k,google/vit-large-patch16-224,Adam,0.01,Linear,linear,,,256,5,"[(21, 22)]",[],[],{},identity,identity,1,0.7835,0.7699,0.0135999999999999,250,0.0019,11546624,3.8194726715985152
3,imagenet-1k,imagenet-1k,google/vit-large-patch16-224,Adam,0.01,Linear,linear,,,256,5,"[(21, 22)]",[],[],{},identity,identity,1,0.7838,0.7715,0.0123,250,0.0019,11546624,3.8194726715985152
1,imagenet-1k,imagenet-1k,google/vit-large-patch16-224,Adam,0.01,Linear,linear,,,256,5,"[(22, 23)]",[],[],{},identity,identity,1,0.7864,0.7816,0.0048,250,0.0019,11546624,3.8194726715985152
2,imagenet-1k,imagenet-1k,google/vit-large-patch16-224,Adam,0.01,Linear,linear,,,256,5,"[(22, 23)]",[],[],{},identity,identity,1,0.7835,0.7816,0.0019,250,0.0019,11546624,3.8194726715985152
3,imagenet-1k,imagenet-1k,google/vit-large-patch16-224,Adam,0.01,Linear,linear,,,256,5,"[(22, 23)]",[],[],{},identity,identity,1,0.7838,0.7877,-0.0038999999999999,250,0.0019,11546624,3.8194726715985152
1,imagenet-1k,imagenet-1k,google/vit-large-patch16-224,Adam,0.01,Linear,linear,,,256,5,"[(0, 2)]",[],[],{},identity,identity,2,0.7864,0.7119,0.0745,250,0.0019,24142848,7.986139338265182
2,imagenet-1k,imagenet-1k,google/vit-large-patch16-224,Adam,0.01,Linear,linear,,,256,5,"[(0, 2)]",[],[],{},identity,identity,2,0.7835,0.7208,0.0626999999999999,250,0.0019,24142848,7.986139338265182
3,imagenet-1k,imagenet-1k,google/vit-large-patch16-224,Adam,0.01,Linear,linear,,,256,5,"[(0, 2)]",[],[],{},identity,identity,2,0.7838,0.7169,0.0669,250,0.0019,24142848,7.986139338265182
1,imagenet-1k,imagenet-1k,google/vit-large-patch16-224,Adam,0.01,Linear,linear,,,256,5,"[(1, 3)]",[],[],{},identity,identity,2,0.7864,0.7552,0.0312,250,0.0019,24142848,7.986139338265182
2,imagenet-1k,imagenet-1k,google/vit-large-patch16-224,Adam,0.01,Linear,linear,,,256,5,"[(1, 3)]",[],[],{},identity,identity,2,0.7835,0.7549,0.0285999999999999,250,0.0019,24142848,7.986139338265182
3,imagenet-1k,imagenet-1k,google/vit-large-patch16-224,Adam,0.01,Linear,linear,,,256,5,"[(1, 3)]",[],[],{},identity,identity,2,0.7838,0.7516,0.0322,250,0.0019,24142848,7.986139338265182
1,imagenet-1k,imagenet-1k,google/vit-large-patch16-224,Adam,0.01,Linear,linear,,,256,5,"[(2, 4)]",[],[],{},identity,identity,2,0.7864,0.7627,0.0236999999999999,250,0.0019,24142848,7.986139338265182
2,imagenet-1k,imagenet-1k,google/vit-large-patch16-224,Adam,0.01,Linear,linear,,,256,5,"[(2, 4)]",[],[],{},identity,identity,2,0.7835,0.7664,0.0171,250,0.0019,24142848,7.986139338265182
3,imagenet-1k,imagenet-1k,google/vit-large-patch16-224,Adam,0.01,Linear,linear,,,256,5,"[(2, 4)]",[],[],{},identity,identity,2,0.7838,0.7643,0.0195,250,0.0019,24142848,7.986139338265182
1,imagenet-1k,imagenet-1k,google/vit-large-patch16-224,Adam,0.01,Linear,linear,,,256,5,"[(3, 5)]",[],[],{},identity,identity,2,0.7864,0.2575,0.5288999999999999,250,0.0019,24142848,7.986139338265182
2,imagenet-1k,imagenet-1k,google/vit-large-patch16-224,Adam,0.01,Linear,linear,,,256,5,"[(3, 5)]",[],[],{},identity,identity,2,0.7835,0.2526,0.5308999999999999,250,0.0019,24142848,7.986139338265182
3,imagenet-1k,imagenet-1k,google/vit-large-patch16-224,Adam,0.01,Linear,linear,,,256,5,"[(3, 5)]",[],[],{},identity,identity,2,0.7838,0.2517,0.5321,250,0.0019,24142848,7.986139338265182
1,imagenet-1k,imagenet-1k,google/vit-large-patch16-224,Adam,0.01,Linear,linear,,,256,5,"[(4, 6)]",[],[],{},identity,identity,2,0.7864,0.3041,0.4823,250,0.0019,24142848,7.986139338265182
2,imagenet-1k,imagenet-1k,google/vit-large-patch16-224,Adam,0.01,Linear,linear,,,256,5,"[(4, 6)]",[],[],{},identity,identity,2,0.7835,0.3126,0.4709,250,0.0019,24142848,7.986139338265182
3,imagenet-1k,imagenet-1k,google/vit-large-patch16-224,Adam,0.01,Linear,linear,,,256,5,"[(4, 6)]",[],[],{},identity,identity,2,0.7838,0.3102,0.4736000000000001,250,0.0019,24142848,7.986139338265182
1,imagenet-1k,imagenet-1k,google/vit-large-patch16-224,Adam,0.01,Linear,linear,,,256,5,"[(5, 7)]",[],[],{},identity,identity,2,0.7864,0.0777,0.7087,250,0.0019,24142848,7.986139338265182
2,imagenet-1k,imagenet-1k,google/vit-large-patch16-224,Adam,0.01,Linear,linear,,,256,5,"[(5, 7)]",[],[],{},identity,identity,2,0.7835,0.0807,0.7028,250,0.0019,24142848,7.986139338265182
3,imagenet-1k,imagenet-1k,google/vit-large-patch16-224,Adam,0.01,Linear,linear,,,256,5,"[(5, 7)]",[],[],{},identity,identity,2,0.7838,0.0736,0.7102,250,0.0019,24142848,7.986139338265182
1,imagenet-1k,imagenet-1k,google/vit-large-patch16-224,Adam,0.01,Linear,linear,,,256,5,"[(6, 8)]",[],[],{},identity,identity,2,0.7864,0.7697,0.0166999999999999,250,0.0019,24142848,7.986139338265182
2,imagenet-1k,imagenet-1k,google/vit-large-patch16-224,Adam,0.01,Linear,linear,,,256,5,"[(6, 8)]",[],[],{},identity,identity,2,0.7835,0.7722,0.0112999999999999,250,0.0019,24142848,7.986139338265182
3,imagenet-1k,imagenet-1k,google/vit-large-patch16-224,Adam,0.01,Linear,linear,,,256,5,"[(6, 8)]",[],[],{},identity,identity,2,0.7838,0.7713,0.0125,250,0.0019,24142848,7.986139338265182
1,imagenet-1k,imagenet-1k,google/vit-large-patch16-224,Adam,0.01,Linear,linear,,,256,5,"[(7, 9)]",[],[],{},identity,identity,2,0.7864,0.7654,0.021,250,0.0019,24142848,7.986139338265182
2,imagenet-1k,imagenet-1k,google/vit-large-patch16-224,Adam,0.01,Linear,linear,,,256,5,"[(7, 9)]",[],[],{},identity,identity,2,0.7835,0.763,0.0204999999999999,250,0.0019,24142848,7.986139338265182
3,imagenet-1k,imagenet-1k,google/vit-large-patch16-224,Adam,0.01,Linear,linear,,,256,5,"[(7, 9)]",[],[],{},identity,identity,2,0.7838,0.7693,0.0145,250,0.0019,24142848,7.986139338265182
1,imagenet-1k,imagenet-1k,google/vit-large-patch16-224,Adam,0.01,Linear,linear,,,256,5,"[(8, 10)]",[],[],{},identity,identity,2,0.7864,0.762,0.0243999999999999,250,0.0019,24142848,7.986139338265182
2,imagenet-1k,imagenet-1k,google/vit-large-patch16-224,Adam,0.01,Linear,linear,,,256,5,"[(8, 10)]",[],[],{},identity,identity,2,0.7835,0.7644,0.0191,250,0.0019,24142848,7.986139338265182
3,imagenet-1k,imagenet-1k,google/vit-large-patch16-224,Adam,0.01,Linear,linear,,,256,5,"[(8, 10)]",[],[],{},identity,identity,2,0.7838,0.7624,0.0214,250,0.0019,24142848,7.986139338265182
1,imagenet-1k,imagenet-1k,google/vit-large-patch16-224,Adam,0.01,Linear,linear,,,256,5,"[(9, 11)]",[],[],{},identity,identity,2,0.7864,0.7576,0.0287999999999999,250,0.0019,24142848,7.986139338265182
2,imagenet-1k,imagenet-1k,google/vit-large-patch16-224,Adam,0.01,Linear,linear,,,256,5,"[(9, 11)]",[],[],{},identity,identity,2,0.7835,0.7532,0.0302999999999999,250,0.0019,24142848,7.986139338265182
3,imagenet-1k,imagenet-1k,google/vit-large-patch16-224,Adam,0.01,Linear,linear,,,256,5,"[(9, 11)]",[],[],{},identity,identity,2,0.7838,0.7606,0.0232,250,0.0019,24142848,7.986139338265182
1,imagenet-1k,imagenet-1k,google/vit-large-patch16-224,Adam,0.01,Linear,linear,,,256,5,"[(10, 12)]",[],[],{},identity,identity,2,0.7864,0.7579,0.0284999999999999,250,0.0019,24142848,7.986139338265182
2,imagenet-1k,imagenet-1k,google/vit-large-patch16-224,Adam,0.01,Linear,linear,,,256,5,"[(10, 12)]",[],[],{},identity,identity,2,0.7835,0.7584,0.0251,250,0.0019,24142848,7.986139338265182
3,imagenet-1k,imagenet-1k,google/vit-large-patch16-224,Adam,0.01,Linear,linear,,,256,5,"[(10, 12)]",[],[],{},identity,identity,2,0.7838,0.7593,0.0245,250,0.0019,24142848,7.986139338265182
1,imagenet-1k,imagenet-1k,google/vit-large-patch16-224,Adam,0.01,Linear,linear,,,256,5,"[(11, 13)]",[],[],{},identity,identity,2,0.7864,0.7634,0.023,250,0.0019,24142848,7.986139338265182
2,imagenet-1k,imagenet-1k,google/vit-large-patch16-224,Adam,0.01,Linear,linear,,,256,5,"[(11, 13)]",[],[],{},identity,identity,2,0.7835,0.761,0.0224999999999999,250,0.0019,24142848,7.986139338265182
3,imagenet-1k,imagenet-1k,google/vit-large-patch16-224,Adam,0.01,Linear,linear,,,256,5,"[(11, 13)]",[],[],{},identity,identity,2,0.7838,0.7624,0.0214,250,0.0019,24142848,7.986139338265182
1,imagenet-1k,imagenet-1k,google/vit-large-patch16-224,Adam,0.01,Linear,linear,,,256,5,"[(12, 14)]",[],[],{},identity,identity,2,0.7864,0.7633,0.0231,250,0.0019,24142848,7.986139338265182
2,imagenet-1k,imagenet-1k,google/vit-large-patch16-224,Adam,0.01,Linear,linear,,,256,5,"[(12, 14)]",[],[],{},identity,identity,2,0.7835,0.7692,0.0142999999999999,250,0.0019,24142848,7.986139338265182
3,imagenet-1k,imagenet-1k,google/vit-large-patch16-224,Adam,0.01,Linear,linear,,,256,5,"[(12, 14)]",[],[],{},identity,identity,2,0.7838,0.7644,0.0194,250,0.0019,24142848,7.986139338265182
1,imagenet-1k,imagenet-1k,google/vit-large-patch16-224,Adam,0.01,Linear,linear,,,256,5,"[(13, 15)]",[],[],{},identity,identity,2,0.7864,0.7693,0.0171,250,0.0019,24142848,7.986139338265182
2,imagenet-1k,imagenet-1k,google/vit-large-patch16-224,Adam,0.01,Linear,linear,,,256,5,"[(13, 15)]",[],[],{},identity,identity,2,0.7835,0.7716,0.0119,250,0.0019,24142848,7.986139338265182
3,imagenet-1k,imagenet-1k,google/vit-large-patch16-224,Adam,0.01,Linear,linear,,,256,5,"[(13, 15)]",[],[],{},identity,identity,2,0.7838,0.7653,0.0185,250,0.0019,24142848,7.986139338265182
1,imagenet-1k,imagenet-1k,google/vit-large-patch16-224,Adam,0.01,Linear,linear,,,256,5,"[(14, 16)]",[],[],{},identity,identity,2,0.7864,0.7727,0.0136999999999999,250,0.0019,24142848,7.986139338265182
2,imagenet-1k,imagenet-1k,google/vit-large-patch16-224,Adam,0.01,Linear,linear,,,256,5,"[(14, 16)]",[],[],{},identity,identity,2,0.7835,0.7725,0.011,250,0.0019,24142848,7.986139338265182
3,imagenet-1k,imagenet-1k,google/vit-large-patch16-224,Adam,0.01,Linear,linear,,,256,5,"[(14, 16)]",[],[],{},identity,identity,2,0.7838,0.7715,0.0123,250,0.0019,24142848,7.986139338265182
1,imagenet-1k,imagenet-1k,google/vit-large-patch16-224,Adam,0.01,Linear,linear,,,256,5,"[(15, 17)]",[],[],{},identity,identity,2,0.7864,0.7676,0.0188,250,0.0019,24142848,7.986139338265182
2,imagenet-1k,imagenet-1k,google/vit-large-patch16-224,Adam,0.01,Linear,linear,,,256,5,"[(15, 17)]",[],[],{},identity,identity,2,0.7835,0.7684,0.0151,250,0.0019,24142848,7.986139338265182
3,imagenet-1k,imagenet-1k,google/vit-large-patch16-224,Adam,0.01,Linear,linear,,,256,5,"[(15, 17)]",[],[],{},identity,identity,2,0.7838,0.7651,0.0187,250,0.0019,24142848,7.986139338265182
1,imagenet-1k,imagenet-1k,google/vit-large-patch16-224,Adam,0.01,Linear,linear,,,256,5,"[(16, 18)]",[],[],{},identity,identity,2,0.7864,0.7682,0.0181999999999999,250,0.0019,24142848,7.986139338265182
2,imagenet-1k,imagenet-1k,google/vit-large-patch16-224,Adam,0.01,Linear,linear,,,256,5,"[(16, 18)]",[],[],{},identity,identity,2,0.7835,0.7633,0.0201999999999999,250,0.0019,24142848,7.986139338265182
3,imagenet-1k,imagenet-1k,google/vit-large-patch16-224,Adam,0.01,Linear,linear,,,256,5,"[(16, 18)]",[],[],{},identity,identity,2,0.7838,0.7621,0.0217,250,0.0019,24142848,7.986139338265182
1,imagenet-1k,imagenet-1k,google/vit-large-patch16-224,Adam,0.01,Linear,linear,,,256,5,"[(17, 19)]",[],[],{},identity,identity,2,0.7864,0.7459,0.0404999999999999,250,0.0019,24142848,7.986139338265182
2,imagenet-1k,imagenet-1k,google/vit-large-patch16-224,Adam,0.01,Linear,linear,,,256,5,"[(17, 19)]",[],[],{},identity,identity,2,0.7835,0.7457,0.0377999999999999,250,0.0019,24142848,7.986139338265182
3,imagenet-1k,imagenet-1k,google/vit-large-patch16-224,Adam,0.01,Linear,linear,,,256,5,"[(17, 19)]",[],[],{},identity,identity,2,0.7838,0.7467,0.0371,250,0.0019,24142848,7.986139338265182
1,imagenet-1k,imagenet-1k,google/vit-large-patch16-224,Adam,0.01,Linear,linear,,,256,5,"[(18, 20)]",[],[],{},identity,identity,2,0.7864,0.7303,0.0561,250,0.0019,24142848,7.986139338265182
2,imagenet-1k,imagenet-1k,google/vit-large-patch16-224,Adam,0.01,Linear,linear,,,256,5,"[(18, 20)]",[],[],{},identity,identity,2,0.7835,0.7352,0.0483,250,0.0019,24142848,7.986139338265182
3,imagenet-1k,imagenet-1k,google/vit-large-patch16-224,Adam,0.01,Linear,linear,,,256,5,"[(18, 20)]",[],[],{},identity,identity,2,0.7838,0.7346,0.0492,250,0.0019,24142848,7.986139338265182
1,imagenet-1k,imagenet-1k,google/vit-large-patch16-224,Adam,0.01,Linear,linear,,,256,5,"[(19, 21)]",[],[],{},identity,identity,2,0.7864,0.7403,0.0461,250,0.0019,24142848,7.986139338265182
2,imagenet-1k,imagenet-1k,google/vit-large-patch16-224,Adam,0.01,Linear,linear,,,256,5,"[(19, 21)]",[],[],{},identity,identity,2,0.7835,0.7448,0.0386999999999999,250,0.0019,24142848,7.986139338265182
3,imagenet-1k,imagenet-1k,google/vit-large-patch16-224,Adam,0.01,Linear,linear,,,256,5,"[(19, 21)]",[],[],{},identity,identity,2,0.7838,0.7508,0.033,250,0.0019,24142848,7.986139338265182
1,imagenet-1k,imagenet-1k,google/vit-large-patch16-224,Adam,0.01,Linear,linear,,,256,5,"[(20, 22)]",[],[],{},identity,identity,2,0.7864,0.7505,0.0359,250,0.0019,24142848,7.986139338265182
2,imagenet-1k,imagenet-1k,google/vit-large-patch16-224,Adam,0.01,Linear,linear,,,256,5,"[(20, 22)]",[],[],{},identity,identity,2,0.7835,0.7449,0.0385999999999999,250,0.0019,24142848,7.986139338265182
3,imagenet-1k,imagenet-1k,google/vit-large-patch16-224,Adam,0.01,Linear,linear,,,256,5,"[(20, 22)]",[],[],{},identity,identity,2,0.7838,0.7505,0.0333000000000001,250,0.0019,24142848,7.986139338265182
1,imagenet-1k,imagenet-1k,google/vit-large-patch16-224,Adam,0.01,Linear,linear,,,256,5,"[(21, 23)]",[],[],{},identity,identity,2,0.7864,0.7654,0.021,250,0.0019,24142848,7.986139338265182
2,imagenet-1k,imagenet-1k,google/vit-large-patch16-224,Adam,0.01,Linear,linear,,,256,5,"[(21, 23)]",[],[],{},identity,identity,2,0.7835,0.7675,0.016,250,0.0019,24142848,7.986139338265182
3,imagenet-1k,imagenet-1k,google/vit-large-patch16-224,Adam,0.01,Linear,linear,,,256,5,"[(21, 23)]",[],[],{},identity,identity,2,0.7838,0.768,0.0158,250,0.0019,24142848,7.986139338265182
1,imagenet-1k,imagenet-1k,google/vit-large-patch16-224,Adam,0.01,Linear,linear,,,256,5,"[(0, 1), (2, 3)]",[],[],{},identity,identity,2,0.7864,0.7552,0.0312,250,0.0019,23093248,7.6389453431970304
2,imagenet-1k,imagenet-1k,google/vit-large-patch16-224,Adam,0.01,Linear,linear,,,256,5,"[(0, 1), (2, 3)]",[],[],{},identity,identity,2,0.7835,0.7549,0.0285999999999999,250,0.0019,23093248,7.6389453431970304
3,imagenet-1k,imagenet-1k,google/vit-large-patch16-224,Adam,0.01,Linear,linear,,,256,5,"[(0, 1), (2, 3)]",[],[],{},identity,identity,2,0.7838,0.7549,0.0289,250,0.0019,23093248,7.6389453431970304
1,imagenet-1k,imagenet-1k,google/vit-large-patch16-224,Adam,0.01,Linear,linear,,,256,5,"[(1, 2), (3, 4)]",[],[],{},identity,identity,2,0.7864,0.7651,0.0212999999999999,250,0.0019,23093248,7.6389453431970304
2,imagenet-1k,imagenet-1k,google/vit-large-patch16-224,Adam,0.01,Linear,linear,,,256,5,"[(1, 2), (3, 4)]",[],[],{},identity,identity,2,0.7835,0.7698,0.0136999999999999,250,0.0019,23093248,7.6389453431970304
3,imagenet-1k,imagenet-1k,google/vit-large-patch16-224,Adam,0.01,Linear,linear,,,256,5,"[(1, 2), (3, 4)]",[],[],{},identity,identity,2,0.7838,0.7704,0.0134,250,0.0019,23093248,7.6389453431970304
1,imagenet-1k,imagenet-1k,google/vit-large-patch16-224,Adam,0.01,Linear,linear,,,256,5,"[(2, 3), (4, 5)]",[],[],{},identity,identity,2,0.7864,0.1739,0.6125,250,0.0019,23093248,7.6389453431970304
2,imagenet-1k,imagenet-1k,google/vit-large-patch16-224,Adam,0.01,Linear,linear,,,256,5,"[(2, 3), (4, 5)]",[],[],{},identity,identity,2,0.7835,0.1736,0.6099,250,0.0019,23093248,7.6389453431970304
3,imagenet-1k,imagenet-1k,google/vit-large-patch16-224,Adam,0.01,Linear,linear,,,256,5,"[(2, 3), (4, 5)]",[],[],{},identity,identity,2,0.7838,0.1722,0.6116,250,0.0019,23093248,7.6389453431970304
1,imagenet-1k,imagenet-1k,google/vit-large-patch16-224,Adam,0.01,Linear,linear,,,256,5,"[(3, 4), (5, 6)]",[],[],{},identity,identity,2,0.7864,0.1633,0.6231,250,0.0019,23093248,7.6389453431970304
2,imagenet-1k,imagenet-1k,google/vit-large-patch16-224,Adam,0.01,Linear,linear,,,256,5,"[(3, 4), (5, 6)]",[],[],{},identity,identity,2,0.7835,0.1648,0.6187,250,0.0019,23093248,7.6389453431970304
3,imagenet-1k,imagenet-1k,google/vit-large-patch16-224,Adam,0.01,Linear,linear,,,256,5,"[(3, 4), (5, 6)]",[],[],{},identity,identity,2,0.7838,0.1642,0.6196,250,0.0019,23093248,7.6389453431970304
1,imagenet-1k,imagenet-1k,google/vit-large-patch16-224,Adam,0.01,Linear,linear,,,256,5,"[(4, 5), (6, 7)]",[],[],{},identity,identity,2,0.7864,0.2084,0.578,250,0.0019,23093248,7.6389453431970304
2,imagenet-1k,imagenet-1k,google/vit-large-patch16-224,Adam,0.01,Linear,linear,,,256,5,"[(4, 5), (6, 7)]",[],[],{},identity,identity,2,0.7835,0.2138,0.5697,250,0.0019,23093248,7.6389453431970304
3,imagenet-1k,imagenet-1k,google/vit-large-patch16-224,Adam,0.01,Linear,linear,,,256,5,"[(4, 5), (6, 7)]",[],[],{},identity,identity,2,0.7838,0.2143,0.5695000000000001,250,0.0019,23093248,7.6389453431970304
1,imagenet-1k,imagenet-1k,google/vit-large-patch16-224,Adam,0.01,Linear,linear,,,256,5,"[(5, 6), (7, 8)]",[],[],{},identity,identity,2,0.7864,0.1428,0.6436,250,0.0019,23093248,7.6389453431970304
2,imagenet-1k,imagenet-1k,google/vit-large-patch16-224,Adam,0.01,Linear,linear,,,256,5,"[(5, 6), (7, 8)]",[],[],{},identity,identity,2,0.7835,0.151,0.6325,250,0.0019,23093248,7.6389453431970304
3,imagenet-1k,imagenet-1k,google/vit-large-patch16-224,Adam,0.01,Linear,linear,,,256,5,"[(5, 6), (7, 8)]",[],[],{},identity,identity,2,0.7838,0.1478,0.6360000000000001,250,0.0019,23093248,7.6389453431970304
1,imagenet-1k,imagenet-1k,google/vit-large-patch16-224,Adam,0.01,Linear,linear,,,256,5,"[(6, 7), (8, 9)]",[],[],{},identity,identity,2,0.7864,0.761,0.0253999999999999,250,0.0019,23093248,7.6389453431970304
2,imagenet-1k,imagenet-1k,google/vit-large-patch16-224,Adam,0.01,Linear,linear,,,256,5,"[(6, 7), (8, 9)]",[],[],{},identity,identity,2,0.7835,0.7649,0.0185999999999999,250,0.0019,23093248,7.6389453431970304
3,imagenet-1k,imagenet-1k,google/vit-large-patch16-224,Adam,0.01,Linear,linear,,,256,5,"[(6, 7), (8, 9)]",[],[],{},identity,identity,2,0.7838,0.7674,0.0164,250,0.0019,23093248,7.6389453431970304
1,imagenet-1k,imagenet-1k,google/vit-large-patch16-224,Adam,0.01,Linear,linear,,,256,5,"[(7, 8), (9, 10)]",[],[],{},identity,identity,2,0.7864,0.7662,0.0201999999999999,250,0.0019,23093248,7.6389453431970304
2,imagenet-1k,imagenet-1k,google/vit-large-patch16-224,Adam,0.01,Linear,linear,,,256,5,"[(7, 8), (9, 10)]",[],[],{},identity,identity,2,0.7835,0.7646,0.0189,250,0.0019,23093248,7.6389453431970304
3,imagenet-1k,imagenet-1k,google/vit-large-patch16-224,Adam,0.01,Linear,linear,,,256,5,"[(7, 8), (9, 10)]",[],[],{},identity,identity,2,0.7838,0.7607,0.0231,250,0.0019,23093248,7.6389453431970304
1,imagenet-1k,imagenet-1k,google/vit-large-patch16-224,Adam,0.01,Linear,linear,,,256,5,"[(8, 9), (10, 11)]",[],[],{},identity,identity,2,0.7864,0.7624,0.024,250,0.0019,23093248,7.6389453431970304
2,imagenet-1k,imagenet-1k,google/vit-large-patch16-224,Adam,0.01,Linear,linear,,,256,5,"[(8, 9), (10, 11)]",[],[],{},identity,identity,2,0.7835,0.763,0.0204999999999999,250,0.0019,23093248,7.6389453431970304
3,imagenet-1k,imagenet-1k,google/vit-large-patch16-224,Adam,0.01,Linear,linear,,,256,5,"[(8, 9), (10, 11)]",[],[],{},identity,identity,2,0.7838,0.7581,0.0257,250,0.0019,23093248,7.6389453431970304
1,imagenet-1k,imagenet-1k,google/vit-large-patch16-224,Adam,0.01,Linear,linear,,,256,5,"[(9, 10), (11, 12)]",[],[],{},identity,identity,2,0.7864,0.7622,0.0242,250,0.0019,23093248,7.6389453431970304
2,imagenet-1k,imagenet-1k,google/vit-large-patch16-224,Adam,0.01,Linear,linear,,,256,5,"[(9, 10), (11, 12)]",[],[],{},identity,identity,2,0.7835,0.7604,0.0231,250,0.0019,23093248,7.6389453431970304
3,imagenet-1k,imagenet-1k,google/vit-large-patch16-224,Adam,0.01,Linear,linear,,,256,5,"[(9, 10), (11, 12)]",[],[],{},identity,identity,2,0.7838,0.763,0.0208,250,0.0019,23093248,7.6389453431970304
1,imagenet-1k,imagenet-1k,google/vit-large-patch16-224,Adam,0.01,Linear,linear,,,256,5,"[(10, 11), (12, 13)]",[],[],{},identity,identity,2,0.7864,0.7647,0.0216999999999999,250,0.0019,23093248,7.6389453431970304
2,imagenet-1k,imagenet-1k,google/vit-large-patch16-224,Adam,0.01,Linear,linear,,,256,5,"[(10, 11), (12, 13)]",[],[],{},identity,identity,2,0.7835,0.7652,0.0182999999999999,250,0.0019,23093248,7.6389453431970304
3,imagenet-1k,imagenet-1k,google/vit-large-patch16-224,Adam,0.01,Linear,linear,,,256,5,"[(10, 11), (12, 13)]",[],[],{},identity,identity,2,0.7838,0.7621,0.0217,250,0.0019,23093248,7.6389453431970304
1,imagenet-1k,imagenet-1k,google/vit-large-patch16-224,Adam,0.01,Linear,linear,,,256,5,"[(11, 12), (13, 14)]",[],[],{},identity,identity,2,0.7864,0.7674,0.019,250,0.0019,23093248,7.6389453431970304
2,imagenet-1k,imagenet-1k,google/vit-large-patch16-224,Adam,0.01,Linear,linear,,,256,5,"[(11, 12), (13, 14)]",[],[],{},identity,identity,2,0.7835,0.7687,0.0147999999999999,250,0.0019,23093248,7.6389453431970304
3,imagenet-1k,imagenet-1k,google/vit-large-patch16-224,Adam,0.01,Linear,linear,,,256,5,"[(11, 12), (13, 14)]",[],[],{},identity,identity,2,0.7838,0.7691,0.0147,250,0.0019,23093248,7.6389453431970304
1,imagenet-1k,imagenet-1k,google/vit-large-patch16-224,Adam,0.01,Linear,linear,,,256,5,"[(12, 13), (14, 15)]",[],[],{},identity,identity,2,0.7864,0.7691,0.0172999999999999,250,0.0019,23093248,7.6389453431970304
2,imagenet-1k,imagenet-1k,google/vit-large-patch16-224,Adam,0.01,Linear,linear,,,256,5,"[(12, 13), (14, 15)]",[],[],{},identity,identity,2,0.7835,0.7607,0.0227999999999999,250,0.0019,23093248,7.6389453431970304
3,imagenet-1k,imagenet-1k,google/vit-large-patch16-224,Adam,0.01,Linear,linear,,,256,5,"[(12, 13), (14, 15)]",[],[],{},identity,identity,2,0.7838,0.7711,0.0127,250,0.0019,23093248,7.6389453431970304
1,imagenet-1k,imagenet-1k,google/vit-large-patch16-224,Adam,0.01,Linear,linear,,,256,5,"[(13, 14), (15, 16)]",[],[],{},identity,identity,2,0.7864,0.7623,0.0241,250,0.0019,23093248,7.6389453431970304
2,imagenet-1k,imagenet-1k,google/vit-large-patch16-224,Adam,0.01,Linear,linear,,,256,5,"[(13, 14), (15, 16)]",[],[],{},identity,identity,2,0.7835,0.7732,0.0102999999999999,250,0.0019,23093248,7.6389453431970304
3,imagenet-1k,imagenet-1k,google/vit-large-patch16-224,Adam,0.01,Linear,linear,,,256,5,"[(13, 14), (15, 16)]",[],[],{},identity,identity,2,0.7838,0.7706,0.0132000000000001,250,0.0019,23093248,7.6389453431970304
1,imagenet-1k,imagenet-1k,google/vit-large-patch16-224,Adam,0.01,Linear,linear,,,256,5,"[(14, 15), (16, 17)]",[],[],{},identity,identity,2,0.7864,0.7692,0.0171999999999999,250,0.0019,23093248,7.6389453431970304
2,imagenet-1k,imagenet-1k,google/vit-large-patch16-224,Adam,0.01,Linear,linear,,,256,5,"[(14, 15), (16, 17)]",[],[],{},identity,identity,2,0.7835,0.7718,0.0116999999999999,250,0.0019,23093248,7.6389453431970304
3,imagenet-1k,imagenet-1k,google/vit-large-patch16-224,Adam,0.01,Linear,linear,,,256,5,"[(14, 15), (16, 17)]",[],[],{},identity,identity,2,0.7838,0.771,0.0128,250,0.0019,23093248,7.6389453431970304
1,imagenet-1k,imagenet-1k,google/vit-large-patch16-224,Adam,0.01,Linear,linear,,,256,5,"[(15, 16), (17, 18)]",[],[],{},identity,identity,2,0.7864,0.7683,0.0181,250,0.0019,23093248,7.6389453431970304
2,imagenet-1k,imagenet-1k,google/vit-large-patch16-224,Adam,0.01,Linear,linear,,,256,5,"[(15, 16), (17, 18)]",[],[],{},identity,identity,2,0.7835,0.7662,0.0172999999999999,250,0.0019,23093248,7.6389453431970304
3,imagenet-1k,imagenet-1k,google/vit-large-patch16-224,Adam,0.01,Linear,linear,,,256,5,"[(15, 16), (17, 18)]",[],[],{},identity,identity,2,0.7838,0.7637,0.0201,250,0.0019,23093248,7.6389453431970304
1,imagenet-1k,imagenet-1k,google/vit-large-patch16-224,Adam,0.01,Linear,linear,,,256,5,"[(16, 17), (18, 19)]",[],[],{},identity,identity,2,0.7864,0.7567,0.0296999999999999,250,0.0019,23093248,7.6389453431970304
2,imagenet-1k,imagenet-1k,google/vit-large-patch16-224,Adam,0.01,Linear,linear,,,256,5,"[(16, 17), (18, 19)]",[],[],{},identity,identity,2,0.7835,0.761,0.0224999999999999,250,0.0019,23093248,7.6389453431970304
3,imagenet-1k,imagenet-1k,google/vit-large-patch16-224,Adam,0.01,Linear,linear,,,256,5,"[(16, 17), (18, 19)]",[],[],{},identity,identity,2,0.7838,0.7602,0.0236,250,0.0019,23093248,7.6389453431970304
1,imagenet-1k,imagenet-1k,google/vit-large-patch16-224,Adam,0.01,Linear,linear,,,256,5,"[(17, 18), (19, 20)]",[],[],{},identity,identity,2,0.7864,0.7547,0.0316999999999999,250,0.0019,23093248,7.6389453431970304
2,imagenet-1k,imagenet-1k,google/vit-large-patch16-224,Adam,0.01,Linear,linear,,,256,5,"[(17, 18), (19, 20)]",[],[],{},identity,identity,2,0.7835,0.7507,0.0327999999999999,250,0.0019,23093248,7.6389453431970304
3,imagenet-1k,imagenet-1k,google/vit-large-patch16-224,Adam,0.01,Linear,linear,,,256,5,"[(17, 18), (19, 20)]",[],[],{},identity,identity,2,0.7838,0.7546,0.0292,250,0.0019,23093248,7.6389453431970304
1,imagenet-1k,imagenet-1k,google/vit-large-patch16-224,Adam,0.01,Linear,linear,,,256,5,"[(18, 19), (20, 21)]",[],[],{},identity,identity,2,0.7864,0.752,0.0343999999999999,250,0.0019,23093248,7.6389453431970304
2,imagenet-1k,imagenet-1k,google/vit-large-patch16-224,Adam,0.01,Linear,linear,,,256,5,"[(18, 19), (20, 21)]",[],[],{},identity,identity,2,0.7835,0.7527,0.0307999999999999,250,0.0019,23093248,7.6389453431970304
3,imagenet-1k,imagenet-1k,google/vit-large-patch16-224,Adam,0.01,Linear,linear,,,256,5,"[(18, 19), (20, 21)]",[],[],{},identity,identity,2,0.7838,0.7535,0.0303000000000001,250,0.0019,23093248,7.6389453431970304
1,imagenet-1k,imagenet-1k,google/vit-large-patch16-224,Adam,0.01,Linear,linear,,,256,5,"[(19, 20), (21, 22)]",[],[],{},identity,identity,2,0.7864,0.7461,0.0403,250,0.0019,23093248,7.6389453431970304
2,imagenet-1k,imagenet-1k,google/vit-large-patch16-224,Adam,0.01,Linear,linear,,,256,5,"[(19, 20), (21, 22)]",[],[],{},identity,identity,2,0.7835,0.7503,0.0332,250,0.0019,23093248,7.6389453431970304
3,imagenet-1k,imagenet-1k,google/vit-large-patch16-224,Adam,0.01,Linear,linear,,,256,5,"[(19, 20), (21, 22)]",[],[],{},identity,identity,2,0.7838,0.756,0.0278,250,0.0019,23093248,7.6389453431970304
1,imagenet-1k,imagenet-1k,google/vit-large-patch16-224,Adam,0.01,Linear,linear,,,256,5,"[(20, 21), (22, 23)]",[],[],{},identity,identity,2,0.7864,0.763,0.0233999999999999,250,0.0019,23093248,7.6389453431970304
2,imagenet-1k,imagenet-1k,google/vit-large-patch16-224,Adam,0.01,Linear,linear,,,256,5,"[(20, 21), (22, 23)]",[],[],{},identity,identity,2,0.7835,0.7631,0.0203999999999999,250,0.0019,23093248,7.6389453431970304
3,imagenet-1k,imagenet-1k,google/vit-large-patch16-224,Adam,0.01,Linear,linear,,,256,5,"[(20, 21), (22, 23)]",[],[],{},identity,identity,2,0.7838,0.7684,0.0154,250,0.0019,23093248,7.6389453431970304
1,imagenet-1k,imagenet-1k,google/vit-large-patch16-224,Adam,0.01,Linear,linear,,,256,5,"[(0, 1), (3, 4)]",[],[],{},identity,identity,2,0.7864,0.7594,0.027,250,0.0019,23093248,7.6389453431970304
2,imagenet-1k,imagenet-1k,google/vit-large-patch16-224,Adam,0.01,Linear,linear,,,256,5,"[(0, 1), (3, 4)]",[],[],{},identity,identity,2,0.7835,0.761,0.0224999999999999,250,0.0019,23093248,7.6389453431970304
3,imagenet-1k,imagenet-1k,google/vit-large-patch16-224,Adam,0.01,Linear,linear,,,256,5,"[(0, 1), (3, 4)]",[],[],{},identity,identity,2,0.7838,0.7597,0.0241,250,0.0019,23093248,7.6389453431970304
1,imagenet-1k,imagenet-1k,google/vit-large-patch16-224,Adam,0.01,Linear,linear,,,256,5,"[(1, 2), (4, 5)]",[],[],{},identity,identity,2,0.7864,0.2023,0.5841,250,0.0019,23093248,7.6389453431970304
2,imagenet-1k,imagenet-1k,google/vit-large-patch16-224,Adam,0.01,Linear,linear,,,256,5,"[(1, 2), (4, 5)]",[],[],{},identity,identity,2,0.7835,0.1991,0.5844,250,0.0019,23093248,7.6389453431970304
3,imagenet-1k,imagenet-1k,google/vit-large-patch16-224,Adam,0.01,Linear,linear,,,256,5,"[(1, 2), (4, 5)]",[],[],{},identity,identity,2,0.7838,0.2026,0.5812,250,0.0019,23093248,7.6389453431970304
1,imagenet-1k,imagenet-1k,google/vit-large-patch16-224,Adam,0.01,Linear,linear,,,256,5,"[(2, 3), (5, 6)]",[],[],{},identity,identity,2,0.7864,0.1741,0.6123,250,0.0019,23093248,7.6389453431970304
2,imagenet-1k,imagenet-1k,google/vit-large-patch16-224,Adam,0.01,Linear,linear,,,256,5,"[(2, 3), (5, 6)]",[],[],{},identity,identity,2,0.7835,0.1825,0.601,250,0.0019,23093248,7.6389453431970304
3,imagenet-1k,imagenet-1k,google/vit-large-patch16-224,Adam,0.01,Linear,linear,,,256,5,"[(2, 3), (5, 6)]",[],[],{},identity,identity,2,0.7838,0.1837,0.6001000000000001,250,0.0019,23093248,7.6389453431970304
1,imagenet-1k,imagenet-1k,google/vit-large-patch16-224,Adam,0.01,Linear,linear,,,256,5,"[(3, 4), (6, 7)]",[],[],{},identity,identity,2,0.7864,0.7688,0.0175999999999999,250,0.0019,23093248,7.6389453431970304
2,imagenet-1k,imagenet-1k,google/vit-large-patch16-224,Adam,0.01,Linear,linear,,,256,5,"[(3, 4), (6, 7)]",[],[],{},identity,identity,2,0.7835,0.7685,0.015,250,0.0019,23093248,7.6389453431970304
3,imagenet-1k,imagenet-1k,google/vit-large-patch16-224,Adam,0.01,Linear,linear,,,256,5,"[(3, 4), (6, 7)]",[],[],{},identity,identity,2,0.7838,0.7753,0.0085,250,0.0019,23093248,7.6389453431970304
1,imagenet-1k,imagenet-1k,google/vit-large-patch16-224,Adam,0.01,Linear,linear,,,256,5,"[(4, 5), (7, 8)]",[],[],{},identity,identity,2,0.7864,0.2134,0.573,250,0.0019,23093248,7.6389453431970304
2,imagenet-1k,imagenet-1k,google/vit-large-patch16-224,Adam,0.01,Linear,linear,,,256,5,"[(4, 5), (7, 8)]",[],[],{},identity,identity,2,0.7835,0.2176,0.5659,250,0.0019,23093248,7.6389453431970304
3,imagenet-1k,imagenet-1k,google/vit-large-patch16-224,Adam,0.01,Linear,linear,,,256,5,"[(4, 5), (7, 8)]",[],[],{},identity,identity,2,0.7838,0.2171,0.5667000000000001,250,0.0019,23093248,7.6389453431970304
1,imagenet-1k,imagenet-1k,google/vit-large-patch16-224,Adam,0.01,Linear,linear,,,256,5,"[(5, 6), (8, 9)]",[],[],{},identity,identity,2,0.7864,0.2203,0.5661,250,0.0019,23093248,7.6389453431970304
2,imagenet-1k,imagenet-1k,google/vit-large-patch16-224,Adam,0.01,Linear,linear,,,256,5,"[(5, 6), (8, 9)]",[],[],{},identity,identity,2,0.7835,0.2131,0.5704,250,0.0019,23093248,7.6389453431970304
3,imagenet-1k,imagenet-1k,google/vit-large-patch16-224,Adam,0.01,Linear,linear,,,256,5,"[(5, 6), (8, 9)]",[],[],{},identity,identity,2,0.7838,0.2168,0.5670000000000001,250,0.0019,23093248,7.6389453431970304
1,imagenet-1k,imagenet-1k,google/vit-large-patch16-224,Adam,0.01,Linear,linear,,,256,5,"[(6, 7), (9, 10)]",[],[],{},identity,identity,2,0.7864,0.7678,0.0185999999999999,250,0.0019,23093248,7.6389453431970304
2,imagenet-1k,imagenet-1k,google/vit-large-patch16-224,Adam,0.01,Linear,linear,,,256,5,"[(6, 7), (9, 10)]",[],[],{},identity,identity,2,0.7835,0.7643,0.0191999999999999,250,0.0019,23093248,7.6389453431970304
3,imagenet-1k,imagenet-1k,google/vit-large-patch16-224,Adam,0.01,Linear,linear,,,256,5,"[(6, 7), (9, 10)]",[],[],{},identity,identity,2,0.7838,0.7659,0.0179,250,0.0019,23093248,7.6389453431970304
1,imagenet-1k,imagenet-1k,google/vit-large-patch16-224,Adam,0.01,Linear,linear,,,256,5,"[(7, 8), (10, 11)]",[],[],{},identity,identity,2,0.7864,0.7698,0.0165999999999999,250,0.0019,23093248,7.6389453431970304
2,imagenet-1k,imagenet-1k,google/vit-large-patch16-224,Adam,0.01,Linear,linear,,,256,5,"[(7, 8), (10, 11)]",[],[],{},identity,identity,2,0.7835,0.766,0.0174999999999999,250,0.0019,23093248,7.6389453431970304
3,imagenet-1k,imagenet-1k,google/vit-large-patch16-224,Adam,0.01,Linear,linear,,,256,5,"[(7, 8), (10, 11)]",[],[],{},identity,identity,2,0.7838,0.768,0.0158,250,0.0019,23093248,7.6389453431970304
1,imagenet-1k,imagenet-1k,google/vit-large-patch16-224,Adam,0.01,Linear,linear,,,256,5,"[(8, 9), (11, 12)]",[],[],{},identity,identity,2,0.7864,0.7601,0.0262999999999999,250,0.0019,23093248,7.6389453431970304
2,imagenet-1k,imagenet-1k,google/vit-large-patch16-224,Adam,0.01,Linear,linear,,,256,5,"[(8, 9), (11, 12)]",[],[],{},identity,identity,2,0.7835,0.7646,0.0189,250,0.0019,23093248,7.6389453431970304
3,imagenet-1k,imagenet-1k,google/vit-large-patch16-224,Adam,0.01,Linear,linear,,,256,5,"[(8, 9), (11, 12)]",[],[],{},identity,identity,2,0.7838,0.7673,0.0165,250,0.0019,23093248,7.6389453431970304
1,imagenet-1k,imagenet-1k,google/vit-large-patch16-224,Adam,0.01,Linear,linear,,,256,5,"[(9, 10), (12, 13)]",[],[],{},identity,identity,2,0.7864,0.7663,0.0201,250,0.0019,23093248,7.6389453431970304
2,imagenet-1k,imagenet-1k,google/vit-large-patch16-224,Adam,0.01,Linear,linear,,,256,5,"[(9, 10), (12, 13)]",[],[],{},identity,identity,2,0.7835,0.765,0.0184999999999999,250,0.0019,23093248,7.6389453431970304
3,imagenet-1k,imagenet-1k,google/vit-large-patch16-224,Adam,0.01,Linear,linear,,,256,5,"[(9, 10), (12, 13)]",[],[],{},identity,identity,2,0.7838,0.7605,0.0233000000000001,250,0.0019,23093248,7.6389453431970304
1,imagenet-1k,imagenet-1k,google/vit-large-patch16-224,Adam,0.01,Linear,linear,,,256,5,"[(10, 11), (13, 14)]",[],[],{},identity,identity,2,0.7864,0.7675,0.0189,250,0.0019,23093248,7.6389453431970304
2,imagenet-1k,imagenet-1k,google/vit-large-patch16-224,Adam,0.01,Linear,linear,,,256,5,"[(10, 11), (13, 14)]",[],[],{},identity,identity,2,0.7835,0.7708,0.0126999999999999,250,0.0019,23093248,7.6389453431970304
3,imagenet-1k,imagenet-1k,google/vit-large-patch16-224,Adam,0.01,Linear,linear,,,256,5,"[(10, 11), (13, 14)]",[],[],{},identity,identity,2,0.7838,0.7671,0.0167,250,0.0019,23093248,7.6389453431970304
1,imagenet-1k,imagenet-1k,google/vit-large-patch16-224,Adam,0.01,Linear,linear,,,256,5,"[(11, 12), (14, 15)]",[],[],{},identity,identity,2,0.7864,0.7684,0.018,250,0.0019,23093248,7.6389453431970304
2,imagenet-1k,imagenet-1k,google/vit-large-patch16-224,Adam,0.01,Linear,linear,,,256,5,"[(11, 12), (14, 15)]",[],[],{},identity,identity,2,0.7835,0.7673,0.0161999999999999,250,0.0019,23093248,7.6389453431970304
3,imagenet-1k,imagenet-1k,google/vit-large-patch16-224,Adam,0.01,Linear,linear,,,256,5,"[(11, 12), (14, 15)]",[],[],{},identity,identity,2,0.7838,0.767,0.0168,250,0.0019,23093248,7.6389453431970304
1,imagenet-1k,imagenet-1k,google/vit-large-patch16-224,Adam,0.01,Linear,linear,,,256,5,"[(12, 13), (15, 16)]",[],[],{},identity,identity,2,0.7864,0.772,0.0143999999999999,250,0.0019,23093248,7.6389453431970304
2,imagenet-1k,imagenet-1k,google/vit-large-patch16-224,Adam,0.01,Linear,linear,,,256,5,"[(12, 13), (15, 16)]",[],[],{},identity,identity,2,0.7835,0.7686,0.0149,250,0.0019,23093248,7.6389453431970304
3,imagenet-1k,imagenet-1k,google/vit-large-patch16-224,Adam,0.01,Linear,linear,,,256,5,"[(12, 13), (15, 16)]",[],[],{},identity,identity,2,0.7838,0.7673,0.0165,250,0.0019,23093248,7.6389453431970304
1,imagenet-1k,imagenet-1k,google/vit-large-patch16-224,Adam,0.01,Linear,linear,,,256,5,"[(13, 14), (16, 17)]",[],[],{},identity,identity,2,0.7864,0.773,0.0133999999999999,250,0.0019,23093248,7.6389453431970304
2,imagenet-1k,imagenet-1k,google/vit-large-patch16-224,Adam,0.01,Linear,linear,,,256,5,"[(13, 14), (16, 17)]",[],[],{},identity,identity,2,0.7835,0.7726,0.0109,250,0.0019,23093248,7.6389453431970304
3,imagenet-1k,imagenet-1k,google/vit-large-patch16-224,Adam,0.01,Linear,linear,,,256,5,"[(13, 14), (16, 17)]",[],[],{},identity,identity,2,0.7838,0.7721,0.0117,250,0.0019,23093248,7.6389453431970304
1,imagenet-1k,imagenet-1k,google/vit-large-patch16-224,Adam,0.01,Linear,linear,,,256,5,"[(14, 15), (17, 18)]",[],[],{},identity,identity,2,0.7864,0.7709,0.0154999999999999,250,0.0019,23093248,7.6389453431970304
2,imagenet-1k,imagenet-1k,google/vit-large-patch16-224,Adam,0.01,Linear,linear,,,256,5,"[(14, 15), (17, 18)]",[],[],{},identity,identity,2,0.7835,0.7689,0.0145999999999999,250,0.0019,23093248,7.6389453431970304
3,imagenet-1k,imagenet-1k,google/vit-large-patch16-224,Adam,0.01,Linear,linear,,,256,5,"[(14, 15), (17, 18)]",[],[],{},identity,identity,2,0.7838,0.7686,0.0152000000000001,250,0.0019,23093248,7.6389453431970304
1,imagenet-1k,imagenet-1k,google/vit-large-patch16-224,Adam,0.01,Linear,linear,,,256,5,"[(15, 16), (18, 19)]",[],[],{},identity,identity,2,0.7864,0.7604,0.026,250,0.0019,23093248,7.6389453431970304
2,imagenet-1k,imagenet-1k,google/vit-large-patch16-224,Adam,0.01,Linear,linear,,,256,5,"[(15, 16), (18, 19)]",[],[],{},identity,identity,2,0.7835,0.7588,0.0246999999999999,250,0.0019,23093248,7.6389453431970304
3,imagenet-1k,imagenet-1k,google/vit-large-patch16-224,Adam,0.01,Linear,linear,,,256,5,"[(15, 16), (18, 19)]",[],[],{},identity,identity,2,0.7838,0.7571,0.0267,250,0.0019,23093248,7.6389453431970304
1,imagenet-1k,imagenet-1k,google/vit-large-patch16-224,Adam,0.01,Linear,linear,,,256,5,"[(16, 17), (19, 20)]",[],[],{},identity,identity,2,0.7864,0.7579,0.0284999999999999,250,0.0019,23093248,7.6389453431970304
2,imagenet-1k,imagenet-1k,google/vit-large-patch16-224,Adam,0.01,Linear,linear,,,256,5,"[(16, 17), (19, 20)]",[],[],{},identity,identity,2,0.7835,0.7572,0.0262999999999999,250,0.0019,23093248,7.6389453431970304
3,imagenet-1k,imagenet-1k,google/vit-large-patch16-224,Adam,0.01,Linear,linear,,,256,5,"[(16, 17), (19, 20)]",[],[],{},identity,identity,2,0.7838,0.7599,0.0239,250,0.0019,23093248,7.6389453431970304
1,imagenet-1k,imagenet-1k,google/vit-large-patch16-224,Adam,0.01,Linear,linear,,,256,5,"[(17, 18), (20, 21)]",[],[],{},identity,identity,2,0.7864,0.759,0.0273999999999999,250,0.0019,23093248,7.6389453431970304
2,imagenet-1k,imagenet-1k,google/vit-large-patch16-224,Adam,0.01,Linear,linear,,,256,5,"[(17, 18), (20, 21)]",[],[],{},identity,identity,2,0.7835,0.7616,0.0218999999999999,250,0.0019,23093248,7.6389453431970304
3,imagenet-1k,imagenet-1k,google/vit-large-patch16-224,Adam,0.01,Linear,linear,,,256,5,"[(17, 18), (20, 21)]",[],[],{},identity,identity,2,0.7838,0.7593,0.0245,250,0.0019,23093248,7.6389453431970304
1,imagenet-1k,imagenet-1k,google/vit-large-patch16-224,Adam,0.01,Linear,linear,,,256,5,"[(18, 19), (21, 22)]",[],[],{},identity,identity,2,0.7864,0.7502,0.0362,250,0.0019,23093248,7.6389453431970304
2,imagenet-1k,imagenet-1k,google/vit-large-patch16-224,Adam,0.01,Linear,linear,,,256,5,"[(18, 19), (21, 22)]",[],[],{},identity,identity,2,0.7835,0.7579,0.0255999999999999,250,0.0019,23093248,7.6389453431970304
3,imagenet-1k,imagenet-1k,google/vit-large-patch16-224,Adam,0.01,Linear,linear,,,256,5,"[(18, 19), (21, 22)]",[],[],{},identity,identity,2,0.7838,0.753,0.0308,250,0.0019,23093248,7.6389453431970304
1,imagenet-1k,imagenet-1k,google/vit-large-patch16-224,Adam,0.01,Linear,linear,,,256,5,"[(19, 20), (22, 23)]",[],[],{},identity,identity,2,0.7864,0.7631,0.0232999999999999,250,0.0019,23093248,7.6389453431970304
2,imagenet-1k,imagenet-1k,google/vit-large-patch16-224,Adam,0.01,Linear,linear,,,256,5,"[(19, 20), (22, 23)]",[],[],{},identity,identity,2,0.7835,0.7637,0.0197999999999999,250,0.0019,23093248,7.6389453431970304
3,imagenet-1k,imagenet-1k,google/vit-large-patch16-224,Adam,0.01,Linear,linear,,,256,5,"[(19, 20), (22, 23)]",[],[],{},identity,identity,2,0.7838,0.7637,0.0201,250,0.0019,23093248,7.6389453431970304
1,imagenet-1k,imagenet-1k,google/vit-large-patch16-224,Adam,0.01,Linear,linear,,,256,5,"[(0, 1), (4, 5)]",[],[],{},identity,identity,2,0.7864,0.2372,0.5492,250,0.0019,23093248,7.6389453431970304
2,imagenet-1k,imagenet-1k,google/vit-large-patch16-224,Adam,0.01,Linear,linear,,,256,5,"[(0, 1), (4, 5)]",[],[],{},identity,identity,2,0.7835,0.2332,0.5503,250,0.0019,23093248,7.6389453431970304
3,imagenet-1k,imagenet-1k,google/vit-large-patch16-224,Adam,0.01,Linear,linear,,,256,5,"[(0, 1), (4, 5)]",[],[],{},identity,identity,2,0.7838,0.2343,0.5495000000000001,250,0.0019,23093248,7.6389453431970304
1,imagenet-1k,imagenet-1k,google/vit-large-patch16-224,Adam,0.01,Linear,linear,,,256,5,"[(1, 2), (5, 6)]",[],[],{},identity,identity,2,0.7864,0.2014,0.585,250,0.0019,23093248,7.6389453431970304
2,imagenet-1k,imagenet-1k,google/vit-large-patch16-224,Adam,0.01,Linear,linear,,,256,5,"[(1, 2), (5, 6)]",[],[],{},identity,identity,2,0.7835,0.2053,0.5781999999999999,250,0.0019,23093248,7.6389453431970304
3,imagenet-1k,imagenet-1k,google/vit-large-patch16-224,Adam,0.01,Linear,linear,,,256,5,"[(1, 2), (5, 6)]",[],[],{},identity,identity,2,0.7838,0.2078,0.5760000000000001,250,0.0019,23093248,7.6389453431970304
1,imagenet-1k,imagenet-1k,google/vit-large-patch16-224,Adam,0.01,Linear,linear,,,256,5,"[(2, 3), (6, 7)]",[],[],{},identity,identity,2,0.7864,0.7725,0.0139,250,0.0019,23093248,7.6389453431970304
2,imagenet-1k,imagenet-1k,google/vit-large-patch16-224,Adam,0.01,Linear,linear,,,256,5,"[(2, 3), (6, 7)]",[],[],{},identity,identity,2,0.7835,0.7696,0.0139,250,0.0019,23093248,7.6389453431970304
3,imagenet-1k,imagenet-1k,google/vit-large-patch16-224,Adam,0.01,Linear,linear,,,256,5,"[(2, 3), (6, 7)]",[],[],{},identity,identity,2,0.7838,0.7682,0.0156,250,0.0019,23093248,7.6389453431970304
1,imagenet-1k,imagenet-1k,google/vit-large-patch16-224,Adam,0.01,Linear,linear,,,256,5,"[(3, 4), (7, 8)]",[],[],{},identity,identity,2,0.7864,0.7742,0.0121999999999999,250,0.0019,23093248,7.6389453431970304
2,imagenet-1k,imagenet-1k,google/vit-large-patch16-224,Adam,0.01,Linear,linear,,,256,5,"[(3, 4), (7, 8)]",[],[],{},identity,identity,2,0.7835,0.7789,0.0045999999999999,250,0.0019,23093248,7.6389453431970304
3,imagenet-1k,imagenet-1k,google/vit-large-patch16-224,Adam,0.01,Linear,linear,,,256,5,"[(3, 4), (7, 8)]",[],[],{},identity,identity,2,0.7838,0.7758,0.008,250,0.0019,23093248,7.6389453431970304
1,imagenet-1k,imagenet-1k,google/vit-large-patch16-224,Adam,0.01,Linear,linear,,,256,5,"[(4, 5), (8, 9)]",[],[],{},identity,identity,2,0.7864,0.2142,0.5722,250,0.0019,23093248,7.6389453431970304
2,imagenet-1k,imagenet-1k,google/vit-large-patch16-224,Adam,0.01,Linear,linear,,,256,5,"[(4, 5), (8, 9)]",[],[],{},identity,identity,2,0.7835,0.2199,0.5636,250,0.0019,23093248,7.6389453431970304
3,imagenet-1k,imagenet-1k,google/vit-large-patch16-224,Adam,0.01,Linear,linear,,,256,5,"[(4, 5), (8, 9)]",[],[],{},identity,identity,2,0.7838,0.2151,0.5687,250,0.0019,23093248,7.6389453431970304
1,imagenet-1k,imagenet-1k,google/vit-large-patch16-224,Adam,0.01,Linear,linear,,,256,5,"[(5, 6), (9, 10)]",[],[],{},identity,identity,2,0.7864,0.1661,0.6203,250,0.0019,23093248,7.6389453431970304
2,imagenet-1k,imagenet-1k,google/vit-large-patch16-224,Adam,0.01,Linear,linear,,,256,5,"[(5, 6), (9, 10)]",[],[],{},identity,identity,2,0.7835,0.1658,0.6176999999999999,250,0.0019,23093248,7.6389453431970304
3,imagenet-1k,imagenet-1k,google/vit-large-patch16-224,Adam,0.01,Linear,linear,,,256,5,"[(5, 6), (9, 10)]",[],[],{},identity,identity,2,0.7838,0.1614,0.6224000000000001,250,0.0019,23093248,7.6389453431970304
1,imagenet-1k,imagenet-1k,google/vit-large-patch16-224,Adam,0.01,Linear,linear,,,256,5,"[(6, 7), (10, 11)]",[],[],{},identity,identity,2,0.7864,0.7668,0.0195999999999999,250,0.0019,23093248,7.6389453431970304
2,imagenet-1k,imagenet-1k,google/vit-large-patch16-224,Adam,0.01,Linear,linear,,,256,5,"[(6, 7), (10, 11)]",[],[],{},identity,identity,2,0.7835,0.767,0.0164999999999999,250,0.0019,23093248,7.6389453431970304
3,imagenet-1k,imagenet-1k,google/vit-large-patch16-224,Adam,0.01,Linear,linear,,,256,5,"[(6, 7), (10, 11)]",[],[],{},identity,identity,2,0.7838,0.7698,0.014,250,0.0019,23093248,7.6389453431970304
1,imagenet-1k,imagenet-1k,google/vit-large-patch16-224,Adam,0.01,Linear,linear,,,256,5,"[(7, 8), (11, 12)]",[],[],{},identity,identity,2,0.7864,0.7674,0.019,250,0.0019,23093248,7.6389453431970304
2,imagenet-1k,imagenet-1k,google/vit-large-patch16-224,Adam,0.01,Linear,linear,,,256,5,"[(7, 8), (11, 12)]",[],[],{},identity,identity,2,0.7835,0.7701,0.0133999999999999,250,0.0019,23093248,7.6389453431970304
3,imagenet-1k,imagenet-1k,google/vit-large-patch16-224,Adam,0.01,Linear,linear,,,256,5,"[(7, 8), (11, 12)]",[],[],{},identity,identity,2,0.7838,0.7696,0.0142000000000001,250,0.0019,23093248,7.6389453431970304
1,imagenet-1k,imagenet-1k,google/vit-large-patch16-224,Adam,0.01,Linear,linear,,,256,5,"[(8, 9), (12, 13)]",[],[],{},identity,identity,2,0.7864,0.7638,0.0225999999999999,250,0.0019,23093248,7.6389453431970304
2,imagenet-1k,imagenet-1k,google/vit-large-patch16-224,Adam,0.01,Linear,linear,,,256,5,"[(8, 9), (12, 13)]",[],[],{},identity,identity,2,0.7835,0.7667,0.0167999999999999,250,0.0019,23093248,7.6389453431970304
3,imagenet-1k,imagenet-1k,google/vit-large-patch16-224,Adam,0.01,Linear,linear,,,256,5,"[(8, 9), (12, 13)]",[],[],{},identity,identity,2,0.7838,0.7652,0.0186,250,0.0019,23093248,7.6389453431970304
1,imagenet-1k,imagenet-1k,google/vit-large-patch16-224,Adam,0.01,Linear,linear,,,256,5,"[(9, 10), (13, 14)]",[],[],{},identity,identity,2,0.7864,0.7651,0.0212999999999999,250,0.0019,23093248,7.6389453431970304
2,imagenet-1k,imagenet-1k,google/vit-large-patch16-224,Adam,0.01,Linear,linear,,,256,5,"[(9, 10), (13, 14)]",[],[],{},identity,identity,2,0.7835,0.7697,0.0137999999999999,250,0.0019,23093248,7.6389453431970304
3,imagenet-1k,imagenet-1k,google/vit-large-patch16-224,Adam,0.01,Linear,linear,,,256,5,"[(9, 10), (13, 14)]",[],[],{},identity,identity,2,0.7838,0.7642,0.0196,250,0.0019,23093248,7.6389453431970304
1,imagenet-1k,imagenet-1k,google/vit-large-patch16-224,Adam,0.01,Linear,linear,,,256,5,"[(10, 11), (14, 15)]",[],[],{},identity,identity,2,0.7864,0.7665,0.0199,250,0.0019,23093248,7.6389453431970304
2,imagenet-1k,imagenet-1k,google/vit-large-patch16-224,Adam,0.01,Linear,linear,,,256,5,"[(10, 11), (14, 15)]",[],[],{},identity,identity,2,0.7835,0.7663,0.0171999999999999,250,0.0019,23093248,7.6389453431970304
3,imagenet-1k,imagenet-1k,google/vit-large-patch16-224,Adam,0.01,Linear,linear,,,256,5,"[(10, 11), (14, 15)]",[],[],{},identity,identity,2,0.7838,0.7663,0.0175,250,0.0019,23093248,7.6389453431970304
1,imagenet-1k,imagenet-1k,google/vit-large-patch16-224,Adam,0.01,Linear,linear,,,256,5,"[(11, 12), (15, 16)]",[],[],{},identity,identity,2,0.7864,0.7698,0.0165999999999999,250,0.0019,23093248,7.6389453431970304
2,imagenet-1k,imagenet-1k,google/vit-large-patch16-224,Adam,0.01,Linear,linear,,,256,5,"[(11, 12), (15, 16)]",[],[],{},identity,identity,2,0.7835,0.7668,0.0166999999999999,250,0.0019,23093248,7.6389453431970304
3,imagenet-1k,imagenet-1k,google/vit-large-patch16-224,Adam,0.01,Linear,linear,,,256,5,"[(11, 12), (15, 16)]",[],[],{},identity,identity,2,0.7838,0.7689,0.0149,250,0.0019,23093248,7.6389453431970304
1,imagenet-1k,imagenet-1k,google/vit-large-patch16-224,Adam,0.01,Linear,linear,,,256,5,"[(12, 13), (16, 17)]",[],[],{},identity,identity,2,0.7864,0.7677,0.0186999999999999,250,0.0019,23093248,7.6389453431970304
2,imagenet-1k,imagenet-1k,google/vit-large-patch16-224,Adam,0.01,Linear,linear,,,256,5,"[(12, 13), (16, 17)]",[],[],{},identity,identity,2,0.7835,0.7716,0.0119,250,0.0019,23093248,7.6389453431970304
3,imagenet-1k,imagenet-1k,google/vit-large-patch16-224,Adam,0.01,Linear,linear,,,256,5,"[(12, 13), (16, 17)]",[],[],{},identity,identity,2,0.7838,0.7699,0.0139,250,0.0019,23093248,7.6389453431970304
1,imagenet-1k,imagenet-1k,google/vit-large-patch16-224,Adam,0.01,Linear,linear,,,256,5,"[(13, 14), (17, 18)]",[],[],{},identity,identity,2,0.7864,0.7636,0.0228,250,0.0019,23093248,7.6389453431970304
2,imagenet-1k,imagenet-1k,google/vit-large-patch16-224,Adam,0.01,Linear,linear,,,256,5,"[(13, 14), (17, 18)]",[],[],{},identity,identity,2,0.7835,0.7666,0.0169,250,0.0019,23093248,7.6389453431970304
3,imagenet-1k,imagenet-1k,google/vit-large-patch16-224,Adam,0.01,Linear,linear,,,256,5,"[(13, 14), (17, 18)]",[],[],{},identity,identity,2,0.7838,0.7633,0.0205,250,0.0019,23093248,7.6389453431970304
1,imagenet-1k,imagenet-1k,google/vit-large-patch16-224,Adam,0.01,Linear,linear,,,256,5,"[(14, 15), (18, 19)]",[],[],{},identity,identity,2,0.7864,0.7588,0.0275999999999999,250,0.0019,23093248,7.6389453431970304
2,imagenet-1k,imagenet-1k,google/vit-large-patch16-224,Adam,0.01,Linear,linear,,,256,5,"[(14, 15), (18, 19)]",[],[],{},identity,identity,2,0.7835,0.7623,0.0211999999999999,250,0.0019,23093248,7.6389453431970304
3,imagenet-1k,imagenet-1k,google/vit-large-patch16-224,Adam,0.01,Linear,linear,,,256,5,"[(14, 15), (18, 19)]",[],[],{},identity,identity,2,0.7838,0.765,0.0188,250,0.0019,23093248,7.6389453431970304
1,imagenet-1k,imagenet-1k,google/vit-large-patch16-224,Adam,0.01,Linear,linear,,,256,5,"[(15, 16), (19, 20)]",[],[],{},identity,identity,2,0.7864,0.7626,0.0238,250,0.0019,23093248,7.6389453431970304
2,imagenet-1k,imagenet-1k,google/vit-large-patch16-224,Adam,0.01,Linear,linear,,,256,5,"[(15, 16), (19, 20)]",[],[],{},identity,identity,2,0.7835,0.7606,0.0228999999999999,250,0.0019,23093248,7.6389453431970304
3,imagenet-1k,imagenet-1k,google/vit-large-patch16-224,Adam,0.01,Linear,linear,,,256,5,"[(15, 16), (19, 20)]",[],[],{},identity,identity,2,0.7838,0.762,0.0218,250,0.0019,23093248,7.6389453431970304
1,imagenet-1k,imagenet-1k,google/vit-large-patch16-224,Adam,0.01,Linear,linear,,,256,5,"[(16, 17), (20, 21)]",[],[],{},identity,identity,2,0.7864,0.7645,0.0219,250,0.0019,23093248,7.6389453431970304
2,imagenet-1k,imagenet-1k,google/vit-large-patch16-224,Adam,0.01,Linear,linear,,,256,5,"[(16, 17), (20, 21)]",[],[],{},identity,identity,2,0.7835,0.7633,0.0201999999999999,250,0.0019,23093248,7.6389453431970304
3,imagenet-1k,imagenet-1k,google/vit-large-patch16-224,Adam,0.01,Linear,linear,,,256,5,"[(16, 17), (20, 21)]",[],[],{},identity,identity,2,0.7838,0.768,0.0158,250,0.0019,23093248,7.6389453431970304
1,imagenet-1k,imagenet-1k,google/vit-large-patch16-224,Adam,0.01,Linear,linear,,,256,5,"[(17, 18), (21, 22)]",[],[],{},identity,identity,2,0.7864,0.7532,0.0332,250,0.0019,23093248,7.6389453431970304
2,imagenet-1k,imagenet-1k,google/vit-large-patch16-224,Adam,0.01,Linear,linear,,,256,5,"[(17, 18), (21, 22)]",[],[],{},identity,identity,2,0.7835,0.7601,0.0233999999999999,250,0.0019,23093248,7.6389453431970304
3,imagenet-1k,imagenet-1k,google/vit-large-patch16-224,Adam,0.01,Linear,linear,,,256,5,"[(17, 18), (21, 22)]",[],[],{},identity,identity,2,0.7838,0.7605,0.0233000000000001,250,0.0019,23093248,7.6389453431970304
1,imagenet-1k,imagenet-1k,google/vit-large-patch16-224,Adam,0.01,Linear,linear,,,256,5,"[(18, 19), (22, 23)]",[],[],{},identity,identity,2,0.7864,0.7606,0.0257999999999999,250,0.0019,23093248,7.6389453431970304
2,imagenet-1k,imagenet-1k,google/vit-large-patch16-224,Adam,0.01,Linear,linear,,,256,5,"[(18, 19), (22, 23)]",[],[],{},identity,identity,2,0.7835,0.7673,0.0161999999999999,250,0.0019,23093248,7.6389453431970304
3,imagenet-1k,imagenet-1k,google/vit-large-patch16-224,Adam,0.01,Linear,linear,,,256,5,"[(18, 19), (22, 23)]",[],[],{},identity,identity,2,0.7838,0.768,0.0158,250,0.0019,23093248,7.6389453431970304
1,imagenet-1k,imagenet-1k,google/vit-large-patch16-224,Adam,0.01,Linear,linear,,,256,5,"[(0, 1), (5, 6)]",[],[],{},identity,identity,2,0.7864,0.1826,0.6038,250,0.0019,23093248,7.6389453431970304
2,imagenet-1k,imagenet-1k,google/vit-large-patch16-224,Adam,0.01,Linear,linear,,,256,5,"[(0, 1), (5, 6)]",[],[],{},identity,identity,2,0.7835,0.1817,0.6018,250,0.0019,23093248,7.6389453431970304
3,imagenet-1k,imagenet-1k,google/vit-large-patch16-224,Adam,0.01,Linear,linear,,,256,5,"[(0, 1), (5, 6)]",[],[],{},identity,identity,2,0.7838,0.1849,0.5989,250,0.0019,23093248,7.6389453431970304
1,imagenet-1k,imagenet-1k,google/vit-large-patch16-224,Adam,0.01,Linear,linear,,,256,5,"[(1, 2), (6, 7)]",[],[],{},identity,identity,2,0.7864,0.7617,0.0246999999999999,250,0.0019,23093248,7.6389453431970304
2,imagenet-1k,imagenet-1k,google/vit-large-patch16-224,Adam,0.01,Linear,linear,,,256,5,"[(1, 2), (6, 7)]",[],[],{},identity,identity,2,0.7835,0.7672,0.0162999999999999,250,0.0019,23093248,7.6389453431970304
3,imagenet-1k,imagenet-1k,google/vit-large-patch16-224,Adam,0.01,Linear,linear,,,256,5,"[(1, 2), (6, 7)]",[],[],{},identity,identity,2,0.7838,0.7613,0.0225,250,0.0019,23093248,7.6389453431970304
1,imagenet-1k,imagenet-1k,google/vit-large-patch16-224,Adam,0.01,Linear,linear,,,256,5,"[(2, 3), (7, 8)]",[],[],{},identity,identity,2,0.7864,0.7732,0.0131999999999999,250,0.0019,23093248,7.6389453431970304
2,imagenet-1k,imagenet-1k,google/vit-large-patch16-224,Adam,0.01,Linear,linear,,,256,5,"[(2, 3), (7, 8)]",[],[],{},identity,identity,2,0.7835,0.7701,0.0133999999999999,250,0.0019,23093248,7.6389453431970304
3,imagenet-1k,imagenet-1k,google/vit-large-patch16-224,Adam,0.01,Linear,linear,,,256,5,"[(2, 3), (7, 8)]",[],[],{},identity,identity,2,0.7838,0.7729,0.0109,250,0.0019,23093248,7.6389453431970304
1,imagenet-1k,imagenet-1k,google/vit-large-patch16-224,Adam,0.01,Linear,linear,,,256,5,"[(3, 4), (8, 9)]",[],[],{},identity,identity,2,0.7864,0.7695,0.0169,250,0.0019,23093248,7.6389453431970304
2,imagenet-1k,imagenet-1k,google/vit-large-patch16-224,Adam,0.01,Linear,linear,,,256,5,"[(3, 4), (8, 9)]",[],[],{},identity,identity,2,0.7835,0.7745,0.009,250,0.0019,23093248,7.6389453431970304
3,imagenet-1k,imagenet-1k,google/vit-large-patch16-224,Adam,0.01,Linear,linear,,,256,5,"[(3, 4), (8, 9)]",[],[],{},identity,identity,2,0.7838,0.7704,0.0134,250,0.0019,23093248,7.6389453431970304
1,imagenet-1k,imagenet-1k,google/vit-large-patch16-224,Adam,0.01,Linear,linear,,,256,5,"[(4, 5), (9, 10)]",[],[],{},identity,identity,2,0.7864,0.2138,0.5726,250,0.0019,23093248,7.6389453431970304
2,imagenet-1k,imagenet-1k,google/vit-large-patch16-224,Adam,0.01,Linear,linear,,,256,5,"[(4, 5), (9, 10)]",[],[],{},identity,identity,2,0.7835,0.2161,0.5674,250,0.0019,23093248,7.6389453431970304
3,imagenet-1k,imagenet-1k,google/vit-large-patch16-224,Adam,0.01,Linear,linear,,,256,5,"[(4, 5), (9, 10)]",[],[],{},identity,identity,2,0.7838,0.2142,0.5696000000000001,250,0.0019,23093248,7.6389453431970304
1,imagenet-1k,imagenet-1k,google/vit-large-patch16-224,Adam,0.01,Linear,linear,,,256,5,"[(5, 6), (10, 11)]",[],[],{},identity,identity,2,0.7864,0.1838,0.6026,250,0.0019,23093248,7.6389453431970304
2,imagenet-1k,imagenet-1k,google/vit-large-patch16-224,Adam,0.01,Linear,linear,,,256,5,"[(5, 6), (10, 11)]",[],[],{},identity,identity,2,0.7835,0.1924,0.5911,250,0.0019,23093248,7.6389453431970304
3,imagenet-1k,imagenet-1k,google/vit-large-patch16-224,Adam,0.01,Linear,linear,,,256,5,"[(5, 6), (10, 11)]",[],[],{},identity,identity,2,0.7838,0.1837,0.6001000000000001,250,0.0019,23093248,7.6389453431970304
1,imagenet-1k,imagenet-1k,google/vit-large-patch16-224,Adam,0.01,Linear,linear,,,256,5,"[(6, 7), (11, 12)]",[],[],{},identity,identity,2,0.7864,0.7659,0.0204999999999999,250,0.0019,23093248,7.6389453431970304
2,imagenet-1k,imagenet-1k,google/vit-large-patch16-224,Adam,0.01,Linear,linear,,,256,5,"[(6, 7), (11, 12)]",[],[],{},identity,identity,2,0.7835,0.7683,0.0151999999999999,250,0.0019,23093248,7.6389453431970304
3,imagenet-1k,imagenet-1k,google/vit-large-patch16-224,Adam,0.01,Linear,linear,,,256,5,"[(6, 7), (11, 12)]",[],[],{},identity,identity,2,0.7838,0.7722,0.0116,250,0.0019,23093248,7.6389453431970304
1,imagenet-1k,imagenet-1k,google/vit-large-patch16-224,Adam,0.01,Linear,linear,,,256,5,"[(7, 8), (12, 13)]",[],[],{},identity,identity,2,0.7864,0.7719,0.0144999999999999,250,0.0019,23093248,7.6389453431970304
2,imagenet-1k,imagenet-1k,google/vit-large-patch16-224,Adam,0.01,Linear,linear,,,256,5,"[(7, 8), (12, 13)]",[],[],{},identity,identity,2,0.7835,0.7738,0.0096999999999999,250,0.0019,23093248,7.6389453431970304
3,imagenet-1k,imagenet-1k,google/vit-large-patch16-224,Adam,0.01,Linear,linear,,,256,5,"[(7, 8), (12, 13)]",[],[],{},identity,identity,2,0.7838,0.7691,0.0147,250,0.0019,23093248,7.6389453431970304
1,imagenet-1k,imagenet-1k,google/vit-large-patch16-224,Adam,0.01,Linear,linear,,,256,5,"[(8, 9), (13, 14)]",[],[],{},identity,identity,2,0.7864,0.7681,0.0182999999999999,250,0.0019,23093248,7.6389453431970304
2,imagenet-1k,imagenet-1k,google/vit-large-patch16-224,Adam,0.01,Linear,linear,,,256,5,"[(8, 9), (13, 14)]",[],[],{},identity,identity,2,0.7835,0.7706,0.0129,250,0.0019,23093248,7.6389453431970304
3,imagenet-1k,imagenet-1k,google/vit-large-patch16-224,Adam,0.01,Linear,linear,,,256,5,"[(8, 9), (13, 14)]",[],[],{},identity,identity,2,0.7838,0.775,0.0088,250,0.0019,23093248,7.6389453431970304
1,imagenet-1k,imagenet-1k,google/vit-large-patch16-224,Adam,0.01,Linear,linear,,,256,5,"[(9, 10), (14, 15)]",[],[],{},identity,identity,2,0.7864,0.7693,0.0171,250,0.0019,23093248,7.6389453431970304
2,imagenet-1k,imagenet-1k,google/vit-large-patch16-224,Adam,0.01,Linear,linear,,,256,5,"[(9, 10), (14, 15)]",[],[],{},identity,identity,2,0.7835,0.7691,0.0143999999999999,250,0.0019,23093248,7.6389453431970304
3,imagenet-1k,imagenet-1k,google/vit-large-patch16-224,Adam,0.01,Linear,linear,,,256,5,"[(9, 10), (14, 15)]",[],[],{},identity,identity,2,0.7838,0.7682,0.0156,250,0.0019,23093248,7.6389453431970304
1,imagenet-1k,imagenet-1k,google/vit-large-patch16-224,Adam,0.01,Linear,linear,,,256,5,"[(10, 11), (15, 16)]",[],[],{},identity,identity,2,0.7864,0.7669,0.0194999999999999,250,0.0019,23093248,7.6389453431970304
2,imagenet-1k,imagenet-1k,google/vit-large-patch16-224,Adam,0.01,Linear,linear,,,256,5,"[(10, 11), (15, 16)]",[],[],{},identity,identity,2,0.7835,0.7628,0.0206999999999999,250,0.0019,23093248,7.6389453431970304
3,imagenet-1k,imagenet-1k,google/vit-large-patch16-224,Adam,0.01,Linear,linear,,,256,5,"[(10, 11), (15, 16)]",[],[],{},identity,identity,2,0.7838,0.7698,0.014,250,0.0019,23093248,7.6389453431970304
1,imagenet-1k,imagenet-1k,google/vit-large-patch16-224,Adam,0.01,Linear,linear,,,256,5,"[(11, 12), (16, 17)]",[],[],{},identity,identity,2,0.7864,0.7652,0.0211999999999999,250,0.0019,23093248,7.6389453431970304
2,imagenet-1k,imagenet-1k,google/vit-large-patch16-224,Adam,0.01,Linear,linear,,,256,5,"[(11, 12), (16, 17)]",[],[],{},identity,identity,2,0.7835,0.7696,0.0139,250,0.0019,23093248,7.6389453431970304
3,imagenet-1k,imagenet-1k,google/vit-large-patch16-224,Adam,0.01,Linear,linear,,,256,5,"[(11, 12), (16, 17)]",[],[],{},identity,identity,2,0.7838,0.7674,0.0164,250,0.0019,23093248,7.6389453431970304
1,imagenet-1k,imagenet-1k,google/vit-large-patch16-224,Adam,0.01,Linear,linear,,,256,5,"[(12, 13), (17, 18)]",[],[],{},identity,identity,2,0.7864,0.7708,0.0155999999999999,250,0.0019,23093248,7.6389453431970304
2,imagenet-1k,imagenet-1k,google/vit-large-patch16-224,Adam,0.01,Linear,linear,,,256,5,"[(12, 13), (17, 18)]",[],[],{},identity,identity,2,0.7835,0.772,0.0114999999999999,250,0.0019,23093248,7.6389453431970304
3,imagenet-1k,imagenet-1k,google/vit-large-patch16-224,Adam,0.01,Linear,linear,,,256,5,"[(12, 13), (17, 18)]",[],[],{},identity,identity,2,0.7838,0.7643,0.0195,250,0.0019,23093248,7.6389453431970304
1,imagenet-1k,imagenet-1k,google/vit-large-patch16-224,Adam,0.01,Linear,linear,,,256,5,"[(13, 14), (18, 19)]",[],[],{},identity,identity,2,0.7864,0.7635,0.0229,250,0.0019,23093248,7.6389453431970304
2,imagenet-1k,imagenet-1k,google/vit-large-patch16-224,Adam,0.01,Linear,linear,,,256,5,"[(13, 14), (18, 19)]",[],[],{},identity,identity,2,0.7835,0.7603,0.0232,250,0.0019,23093248,7.6389453431970304
3,imagenet-1k,imagenet-1k,google/vit-large-patch16-224,Adam,0.01,Linear,linear,,,256,5,"[(13, 14), (18, 19)]",[],[],{},identity,identity,2,0.7838,0.7589,0.0249,250,0.0019,23093248,7.6389453431970304
1,imagenet-1k,imagenet-1k,google/vit-large-patch16-224,Adam,0.01,Linear,linear,,,256,5,"[(14, 15), (19, 20)]",[],[],{},identity,identity,2,0.7864,0.7667,0.0196999999999999,250,0.0019,23093248,7.6389453431970304
2,imagenet-1k,imagenet-1k,google/vit-large-patch16-224,Adam,0.01,Linear,linear,,,256,5,"[(14, 15), (19, 20)]",[],[],{},identity,identity,2,0.7835,0.7629,0.0205999999999999,250,0.0019,23093248,7.6389453431970304
3,imagenet-1k,imagenet-1k,google/vit-large-patch16-224,Adam,0.01,Linear,linear,,,256,5,"[(14, 15), (19, 20)]",[],[],{},identity,identity,2,0.7838,0.7639,0.0199,250,0.0019,23093248,7.6389453431970304
1,imagenet-1k,imagenet-1k,google/vit-large-patch16-224,Adam,0.01,Linear,linear,,,256,5,"[(15, 16), (20, 21)]",[],[],{},identity,identity,2,0.7864,0.7618,0.0245999999999999,250,0.0019,23093248,7.6389453431970304
2,imagenet-1k,imagenet-1k,google/vit-large-patch16-224,Adam,0.01,Linear,linear,,,256,5,"[(15, 16), (20, 21)]",[],[],{},identity,identity,2,0.7835,0.7617,0.0217999999999999,250,0.0019,23093248,7.6389453431970304
3,imagenet-1k,imagenet-1k,google/vit-large-patch16-224,Adam,0.01,Linear,linear,,,256,5,"[(15, 16), (20, 21)]",[],[],{},identity,identity,2,0.7838,0.7617,0.0221,250,0.0019,23093248,7.6389453431970304
1,imagenet-1k,imagenet-1k,google/vit-large-patch16-224,Adam,0.01,Linear,linear,,,256,5,"[(16, 17), (21, 22)]",[],[],{},identity,identity,2,0.7864,0.7655,0.0209,250,0.0019,23093248,7.6389453431970304
2,imagenet-1k,imagenet-1k,google/vit-large-patch16-224,Adam,0.01,Linear,linear,,,256,5,"[(16, 17), (21, 22)]",[],[],{},identity,identity,2,0.7835,0.7627,0.0207999999999999,250,0.0019,23093248,7.6389453431970304
3,imagenet-1k,imagenet-1k,google/vit-large-patch16-224,Adam,0.01,Linear,linear,,,256,5,"[(16, 17), (21, 22)]",[],[],{},identity,identity,2,0.7838,0.7651,0.0187,250,0.0019,23093248,7.6389453431970304
1,imagenet-1k,imagenet-1k,google/vit-large-patch16-224,Adam,0.01,Linear,linear,,,256,5,"[(17, 18), (22, 23)]",[],[],{},identity,identity,2,0.7864,0.7704,0.016,250,0.0019,23093248,7.6389453431970304
2,imagenet-1k,imagenet-1k,google/vit-large-patch16-224,Adam,0.01,Linear,linear,,,256,5,"[(17, 18), (22, 23)]",[],[],{},identity,identity,2,0.7835,0.7724,0.0110999999999999,250,0.0019,23093248,7.6389453431970304
3,imagenet-1k,imagenet-1k,google/vit-large-patch16-224,Adam,0.01,Linear,linear,,,256,5,"[(17, 18), (22, 23)]",[],[],{},identity,identity,2,0.7838,0.7696,0.0142000000000001,250,0.0019,23093248,7.6389453431970304
1,imagenet-1k,imagenet-1k,google/vit-large-patch16-224,Adam,0.01,Linear,linear,,,256,5,"[(0, 1), (6, 7)]",[],[],{},identity,identity,2,0.7864,0.7615,0.0249,250,0.0019,23093248,7.6389453431970304
2,imagenet-1k,imagenet-1k,google/vit-large-patch16-224,Adam,0.01,Linear,linear,,,256,5,"[(0, 1), (6, 7)]",[],[],{},identity,identity,2,0.7835,0.7646,0.0189,250,0.0019,23093248,7.6389453431970304
3,imagenet-1k,imagenet-1k,google/vit-large-patch16-224,Adam,0.01,Linear,linear,,,256,5,"[(0, 1), (6, 7)]",[],[],{},identity,identity,2,0.7838,0.76,0.0238,250,0.0019,23093248,7.6389453431970304
1,imagenet-1k,imagenet-1k,google/vit-large-patch16-224,Adam,0.01,Linear,linear,,,256,5,"[(1, 2), (7, 8)]",[],[],{},identity,identity,2,0.7864,0.7696,0.0168,250,0.0019,23093248,7.6389453431970304
2,imagenet-1k,imagenet-1k,google/vit-large-patch16-224,Adam,0.01,Linear,linear,,,256,5,"[(1, 2), (7, 8)]",[],[],{},identity,identity,2,0.7835,0.7707,0.0127999999999999,250,0.0019,23093248,7.6389453431970304
3,imagenet-1k,imagenet-1k,google/vit-large-patch16-224,Adam,0.01,Linear,linear,,,256,5,"[(1, 2), (7, 8)]",[],[],{},identity,identity,2,0.7838,0.7673,0.0165,250,0.0019,23093248,7.6389453431970304
1,imagenet-1k,imagenet-1k,google/vit-large-patch16-224,Adam,0.01,Linear,linear,,,256,5,"[(2, 3), (8, 9)]",[],[],{},identity,identity,2,0.7864,0.7671,0.0192999999999999,250,0.0019,23093248,7.6389453431970304
2,imagenet-1k,imagenet-1k,google/vit-large-patch16-224,Adam,0.01,Linear,linear,,,256,5,"[(2, 3), (8, 9)]",[],[],{},identity,identity,2,0.7835,0.7663,0.0171999999999999,250,0.0019,23093248,7.6389453431970304
3,imagenet-1k,imagenet-1k,google/vit-large-patch16-224,Adam,0.01,Linear,linear,,,256,5,"[(2, 3), (8, 9)]",[],[],{},identity,identity,2,0.7838,0.7695,0.0143,250,0.0019,23093248,7.6389453431970304
1,imagenet-1k,imagenet-1k,google/vit-large-patch16-224,Adam,0.01,Linear,linear,,,256,5,"[(3, 4), (9, 10)]",[],[],{},identity,identity,2,0.7864,0.7729,0.0134999999999999,250,0.0019,23093248,7.6389453431970304
2,imagenet-1k,imagenet-1k,google/vit-large-patch16-224,Adam,0.01,Linear,linear,,,256,5,"[(3, 4), (9, 10)]",[],[],{},identity,identity,2,0.7835,0.7693,0.0141999999999999,250,0.0019,23093248,7.6389453431970304
3,imagenet-1k,imagenet-1k,google/vit-large-patch16-224,Adam,0.01,Linear,linear,,,256,5,"[(3, 4), (9, 10)]",[],[],{},identity,identity,2,0.7838,0.7715,0.0123,250,0.0019,23093248,7.6389453431970304
1,imagenet-1k,imagenet-1k,google/vit-large-patch16-224,Adam,0.01,Linear,linear,,,256,5,"[(4, 5), (10, 11)]",[],[],{},identity,identity,2,0.7864,0.2125,0.5739,250,0.0019,23093248,7.6389453431970304
2,imagenet-1k,imagenet-1k,google/vit-large-patch16-224,Adam,0.01,Linear,linear,,,256,5,"[(4, 5), (10, 11)]",[],[],{},identity,identity,2,0.7835,0.2165,0.567,250,0.0019,23093248,7.6389453431970304
3,imagenet-1k,imagenet-1k,google/vit-large-patch16-224,Adam,0.01,Linear,linear,,,256,5,"[(4, 5), (10, 11)]",[],[],{},identity,identity,2,0.7838,0.2138,0.5700000000000001,250,0.0019,23093248,7.6389453431970304
1,imagenet-1k,imagenet-1k,google/vit-large-patch16-224,Adam,0.01,Linear,linear,,,256,5,"[(5, 6), (11, 12)]",[],[],{},identity,identity,2,0.7864,0.1588,0.6275999999999999,250,0.0019,23093248,7.6389453431970304
2,imagenet-1k,imagenet-1k,google/vit-large-patch16-224,Adam,0.01,Linear,linear,,,256,5,"[(5, 6), (11, 12)]",[],[],{},identity,identity,2,0.7835,0.1617,0.6217999999999999,250,0.0019,23093248,7.6389453431970304
3,imagenet-1k,imagenet-1k,google/vit-large-patch16-224,Adam,0.01,Linear,linear,,,256,5,"[(5, 6), (11, 12)]",[],[],{},identity,identity,2,0.7838,0.1548,0.629,250,0.0019,23093248,7.6389453431970304
1,imagenet-1k,imagenet-1k,google/vit-large-patch16-224,Adam,0.01,Linear,linear,,,256,5,"[(6, 7), (12, 13)]",[],[],{},identity,identity,2,0.7864,0.7728,0.0135999999999999,250,0.0019,23093248,7.6389453431970304
2,imagenet-1k,imagenet-1k,google/vit-large-patch16-224,Adam,0.01,Linear,linear,,,256,5,"[(6, 7), (12, 13)]",[],[],{},identity,identity,2,0.7835,0.7661,0.0173999999999999,250,0.0019,23093248,7.6389453431970304
3,imagenet-1k,imagenet-1k,google/vit-large-patch16-224,Adam,0.01,Linear,linear,,,256,5,"[(6, 7), (12, 13)]",[],[],{},identity,identity,2,0.7838,0.7693,0.0145,250,0.0019,23093248,7.6389453431970304
1,imagenet-1k,imagenet-1k,google/vit-large-patch16-224,Adam,0.01,Linear,linear,,,256,5,"[(7, 8), (13, 14)]",[],[],{},identity,identity,2,0.7864,0.7782,0.0081999999999999,250,0.0019,23093248,7.6389453431970304
2,imagenet-1k,imagenet-1k,google/vit-large-patch16-224,Adam,0.01,Linear,linear,,,256,5,"[(7, 8), (13, 14)]",[],[],{},identity,identity,2,0.7835,0.7764,0.0070999999999999,250,0.0019,23093248,7.6389453431970304
3,imagenet-1k,imagenet-1k,google/vit-large-patch16-224,Adam,0.01,Linear,linear,,,256,5,"[(7, 8), (13, 14)]",[],[],{},identity,identity,2,0.7838,0.7772,0.0066,250,0.0019,23093248,7.6389453431970304
1,imagenet-1k,imagenet-1k,google/vit-large-patch16-224,Adam,0.01,Linear,linear,,,256,5,"[(8, 9), (14, 15)]",[],[],{},identity,identity,2,0.7864,0.7685,0.0179,250,0.0019,23093248,7.6389453431970304
2,imagenet-1k,imagenet-1k,google/vit-large-patch16-224,Adam,0.01,Linear,linear,,,256,5,"[(8, 9), (14, 15)]",[],[],{},identity,identity,2,0.7835,0.7703,0.0131999999999999,250,0.0019,23093248,7.6389453431970304
3,imagenet-1k,imagenet-1k,google/vit-large-patch16-224,Adam,0.01,Linear,linear,,,256,5,"[(8, 9), (14, 15)]",[],[],{},identity,identity,2,0.7838,0.7762,0.0076,250,0.0019,23093248,7.6389453431970304
1,imagenet-1k,imagenet-1k,google/vit-large-patch16-224,Adam,0.01,Linear,linear,,,256,5,"[(9, 10), (15, 16)]",[],[],{},identity,identity,2,0.7864,0.769,0.0173999999999999,250,0.0019,23093248,7.6389453431970304
2,imagenet-1k,imagenet-1k,google/vit-large-patch16-224,Adam,0.01,Linear,linear,,,256,5,"[(9, 10), (15, 16)]",[],[],{},identity,identity,2,0.7835,0.7662,0.0172999999999999,250,0.0019,23093248,7.6389453431970304
3,imagenet-1k,imagenet-1k,google/vit-large-patch16-224,Adam,0.01,Linear,linear,,,256,5,"[(9, 10), (15, 16)]",[],[],{},identity,identity,2,0.7838,0.7659,0.0179,250,0.0019,23093248,7.6389453431970304
1,imagenet-1k,imagenet-1k,google/vit-large-patch16-224,Adam,0.01,Linear,linear,,,256,5,"[(10, 11), (16, 17)]",[],[],{},identity,identity,2,0.7864,0.7679,0.0184999999999999,250,0.0019,23093248,7.6389453431970304
2,imagenet-1k,imagenet-1k,google/vit-large-patch16-224,Adam,0.01,Linear,linear,,,256,5,"[(10, 11), (16, 17)]",[],[],{},identity,identity,2,0.7835,0.7714,0.0121,250,0.0019,23093248,7.6389453431970304
3,imagenet-1k,imagenet-1k,google/vit-large-patch16-224,Adam,0.01,Linear,linear,,,256,5,"[(10, 11), (16, 17)]",[],[],{},identity,identity,2,0.7838,0.7636,0.0202000000000001,250,0.0019,23093248,7.6389453431970304
1,imagenet-1k,imagenet-1k,google/vit-large-patch16-224,Adam,0.01,Linear,linear,,,256,5,"[(11, 12), (17, 18)]",[],[],{},identity,identity,2,0.7864,0.7636,0.0228,250,0.0019,23093248,7.6389453431970304
2,imagenet-1k,imagenet-1k,google/vit-large-patch16-224,Adam,0.01,Linear,linear,,,256,5,"[(11, 12), (17, 18)]",[],[],{},identity,identity,2,0.7835,0.768,0.0154999999999999,250,0.0019,23093248,7.6389453431970304
3,imagenet-1k,imagenet-1k,google/vit-large-patch16-224,Adam,0.01,Linear,linear,,,256,5,"[(11, 12), (17, 18)]",[],[],{},identity,identity,2,0.7838,0.7664,0.0174,250,0.0019,23093248,7.6389453431970304
1,imagenet-1k,imagenet-1k,google/vit-large-patch16-224,Adam,0.01,Linear,linear,,,256,5,"[(12, 13), (18, 19)]",[],[],{},identity,identity,2,0.7864,0.7609,0.0254999999999999,250,0.0019,23093248,7.6389453431970304
2,imagenet-1k,imagenet-1k,google/vit-large-patch16-224,Adam,0.01,Linear,linear,,,256,5,"[(12, 13), (18, 19)]",[],[],{},identity,identity,2,0.7835,0.7658,0.0176999999999999,250,0.0019,23093248,7.6389453431970304
3,imagenet-1k,imagenet-1k,google/vit-large-patch16-224,Adam,0.01,Linear,linear,,,256,5,"[(12, 13), (18, 19)]",[],[],{},identity,identity,2,0.7838,0.7588,0.025,250,0.0019,23093248,7.6389453431970304
1,imagenet-1k,imagenet-1k,google/vit-large-patch16-224,Adam,0.01,Linear,linear,,,256,5,"[(13, 14), (19, 20)]",[],[],{},identity,identity,2,0.7864,0.7625,0.0239,250,0.0019,23093248,7.6389453431970304
2,imagenet-1k,imagenet-1k,google/vit-large-patch16-224,Adam,0.01,Linear,linear,,,256,5,"[(13, 14), (19, 20)]",[],[],{},identity,identity,2,0.7835,0.7631,0.0203999999999999,250,0.0019,23093248,7.6389453431970304
3,imagenet-1k,imagenet-1k,google/vit-large-patch16-224,Adam,0.01,Linear,linear,,,256,5,"[(13, 14), (19, 20)]",[],[],{},identity,identity,2,0.7838,0.7602,0.0236,250,0.0019,23093248,7.6389453431970304
1,imagenet-1k,imagenet-1k,google/vit-large-patch16-224,Adam,0.01,Linear,linear,,,256,5,"[(14, 15), (20, 21)]",[],[],{},identity,identity,2,0.7864,0.7605,0.0259,250,0.0019,23093248,7.6389453431970304
2,imagenet-1k,imagenet-1k,google/vit-large-patch16-224,Adam,0.01,Linear,linear,,,256,5,"[(14, 15), (20, 21)]",[],[],{},identity,identity,2,0.7835,0.7641,0.0193999999999999,250,0.0019,23093248,7.6389453431970304
3,imagenet-1k,imagenet-1k,google/vit-large-patch16-224,Adam,0.01,Linear,linear,,,256,5,"[(14, 15), (20, 21)]",[],[],{},identity,identity,2,0.7838,0.7667,0.0171,250,0.0019,23093248,7.6389453431970304
1,imagenet-1k,imagenet-1k,google/vit-large-patch16-224,Adam,0.01,Linear,linear,,,256,5,"[(15, 16), (21, 22)]",[],[],{},identity,identity,2,0.7864,0.7645,0.0219,250,0.0019,23093248,7.6389453431970304
2,imagenet-1k,imagenet-1k,google/vit-large-patch16-224,Adam,0.01,Linear,linear,,,256,5,"[(15, 16), (21, 22)]",[],[],{},identity,identity,2,0.7835,0.763,0.0204999999999999,250,0.0019,23093248,7.6389453431970304
3,imagenet-1k,imagenet-1k,google/vit-large-patch16-224,Adam,0.01,Linear,linear,,,256,5,"[(15, 16), (21, 22)]",[],[],{},identity,identity,2,0.7838,0.7694,0.0144,250,0.0019,23093248,7.6389453431970304
1,imagenet-1k,imagenet-1k,google/vit-large-patch16-224,Adam,0.01,Linear,linear,,,256,5,"[(16, 17), (22, 23)]",[],[],{},identity,identity,2,0.7864,0.777,0.0093999999999999,250,0.0019,23093248,7.6389453431970304
2,imagenet-1k,imagenet-1k,google/vit-large-patch16-224,Adam,0.01,Linear,linear,,,256,5,"[(16, 17), (22, 23)]",[],[],{},identity,identity,2,0.7835,0.7766,0.0069,250,0.0019,23093248,7.6389453431970304
3,imagenet-1k,imagenet-1k,google/vit-large-patch16-224,Adam,0.01,Linear,linear,,,256,5,"[(16, 17), (22, 23)]",[],[],{},identity,identity,2,0.7838,0.7733,0.0105,250,0.0019,23093248,7.6389453431970304
1,imagenet-1k,imagenet-1k,google/vit-large-patch16-224,Adam,0.01,Linear,linear,,,256,5,"[(0, 1), (7, 8)]",[],[],{},identity,identity,2,0.7864,0.7657,0.0206999999999999,250,0.0019,23093248,7.6389453431970304
2,imagenet-1k,imagenet-1k,google/vit-large-patch16-224,Adam,0.01,Linear,linear,,,256,5,"[(0, 1), (7, 8)]",[],[],{},identity,identity,2,0.7835,0.7634,0.0201,250,0.0019,23093248,7.6389453431970304
3,imagenet-1k,imagenet-1k,google/vit-large-patch16-224,Adam,0.01,Linear,linear,,,256,5,"[(0, 1), (7, 8)]",[],[],{},identity,identity,2,0.7838,0.7662,0.0176,250,0.0019,23093248,7.6389453431970304
1,imagenet-1k,imagenet-1k,google/vit-large-patch16-224,Adam,0.01,Linear,linear,,,256,5,"[(1, 2), (8, 9)]",[],[],{},identity,identity,2,0.7864,0.7666,0.0198,250,0.0019,23093248,7.6389453431970304
2,imagenet-1k,imagenet-1k,google/vit-large-patch16-224,Adam,0.01,Linear,linear,,,256,5,"[(1, 2), (8, 9)]",[],[],{},identity,identity,2,0.7835,0.7672,0.0162999999999999,250,0.0019,23093248,7.6389453431970304
3,imagenet-1k,imagenet-1k,google/vit-large-patch16-224,Adam,0.01,Linear,linear,,,256,5,"[(1, 2), (8, 9)]",[],[],{},identity,identity,2,0.7838,0.7687,0.0151,250,0.0019,23093248,7.6389453431970304
1,imagenet-1k,imagenet-1k,google/vit-large-patch16-224,Adam,0.01,Linear,linear,,,256,5,"[(2, 3), (9, 10)]",[],[],{},identity,identity,2,0.7864,0.7663,0.0201,250,0.0019,23093248,7.6389453431970304
2,imagenet-1k,imagenet-1k,google/vit-large-patch16-224,Adam,0.01,Linear,linear,,,256,5,"[(2, 3), (9, 10)]",[],[],{},identity,identity,2,0.7835,0.7746,0.0089,250,0.0019,23093248,7.6389453431970304
3,imagenet-1k,imagenet-1k,google/vit-large-patch16-224,Adam,0.01,Linear,linear,,,256,5,"[(2, 3), (9, 10)]",[],[],{},identity,identity,2,0.7838,0.7703,0.0135,250,0.0019,23093248,7.6389453431970304
1,imagenet-1k,imagenet-1k,google/vit-large-patch16-224,Adam,0.01,Linear,linear,,,256,5,"[(3, 4), (10, 11)]",[],[],{},identity,identity,2,0.7864,0.7734,0.013,250,0.0019,23093248,7.6389453431970304
2,imagenet-1k,imagenet-1k,google/vit-large-patch16-224,Adam,0.01,Linear,linear,,,256,5,"[(3, 4), (10, 11)]",[],[],{},identity,identity,2,0.7835,0.7735,0.01,250,0.0019,23093248,7.6389453431970304
3,imagenet-1k,imagenet-1k,google/vit-large-patch16-224,Adam,0.01,Linear,linear,,,256,5,"[(3, 4), (10, 11)]",[],[],{},identity,identity,2,0.7838,0.7705,0.0133,250,0.0019,23093248,7.6389453431970304
1,imagenet-1k,imagenet-1k,google/vit-large-patch16-224,Adam,0.01,Linear,linear,,,256,5,"[(4, 5), (11, 12)]",[],[],{},identity,identity,2,0.7864,0.2104,0.576,250,0.0019,23093248,7.6389453431970304
2,imagenet-1k,imagenet-1k,google/vit-large-patch16-224,Adam,0.01,Linear,linear,,,256,5,"[(4, 5), (11, 12)]",[],[],{},identity,identity,2,0.7835,0.2119,0.5716,250,0.0019,23093248,7.6389453431970304
3,imagenet-1k,imagenet-1k,google/vit-large-patch16-224,Adam,0.01,Linear,linear,,,256,5,"[(4, 5), (11, 12)]",[],[],{},identity,identity,2,0.7838,0.2097,0.5741,250,0.0019,23093248,7.6389453431970304
1,imagenet-1k,imagenet-1k,google/vit-large-patch16-224,Adam,0.01,Linear,linear,,,256,5,"[(5, 6), (12, 13)]",[],[],{},identity,identity,2,0.7864,0.1698,0.6166,250,0.0019,23093248,7.6389453431970304
2,imagenet-1k,imagenet-1k,google/vit-large-patch16-224,Adam,0.01,Linear,linear,,,256,5,"[(5, 6), (12, 13)]",[],[],{},identity,identity,2,0.7835,0.1726,0.6109,250,0.0019,23093248,7.6389453431970304
3,imagenet-1k,imagenet-1k,google/vit-large-patch16-224,Adam,0.01,Linear,linear,,,256,5,"[(5, 6), (12, 13)]",[],[],{},identity,identity,2,0.7838,0.1671,0.6167,250,0.0019,23093248,7.6389453431970304
1,imagenet-1k,imagenet-1k,google/vit-large-patch16-224,Adam,0.01,Linear,linear,,,256,5,"[(6, 7), (13, 14)]",[],[],{},identity,identity,2,0.7864,0.7674,0.019,250,0.0019,23093248,7.6389453431970304
2,imagenet-1k,imagenet-1k,google/vit-large-patch16-224,Adam,0.01,Linear,linear,,,256,5,"[(6, 7), (13, 14)]",[],[],{},identity,identity,2,0.7835,0.7715,0.012,250,0.0019,23093248,7.6389453431970304
3,imagenet-1k,imagenet-1k,google/vit-large-patch16-224,Adam,0.01,Linear,linear,,,256,5,"[(6, 7), (13, 14)]",[],[],{},identity,identity,2,0.7838,0.7758,0.008,250,0.0019,23093248,7.6389453431970304
1,imagenet-1k,imagenet-1k,google/vit-large-patch16-224,Adam,0.01,Linear,linear,,,256,5,"[(7, 8), (14, 15)]",[],[],{},identity,identity,2,0.7864,0.7687,0.0176999999999999,250,0.0019,23093248,7.6389453431970304
2,imagenet-1k,imagenet-1k,google/vit-large-patch16-224,Adam,0.01,Linear,linear,,,256,5,"[(7, 8), (14, 15)]",[],[],{},identity,identity,2,0.7835,0.7722,0.0112999999999999,250,0.0019,23093248,7.6389453431970304
3,imagenet-1k,imagenet-1k,google/vit-large-patch16-224,Adam,0.01,Linear,linear,,,256,5,"[(7, 8), (14, 15)]",[],[],{},identity,identity,2,0.7838,0.7763,0.0075,250,0.0019,23093248,7.6389453431970304
1,imagenet-1k,imagenet-1k,google/vit-large-patch16-224,Adam,0.01,Linear,linear,,,256,5,"[(8, 9), (15, 16)]",[],[],{},identity,identity,2,0.7864,0.7673,0.0191,250,0.0019,23093248,7.6389453431970304
2,imagenet-1k,imagenet-1k,google/vit-large-patch16-224,Adam,0.01,Linear,linear,,,256,5,"[(8, 9), (15, 16)]",[],[],{},identity,identity,2,0.7835,0.7722,0.0112999999999999,250,0.0019,23093248,7.6389453431970304
3,imagenet-1k,imagenet-1k,google/vit-large-patch16-224,Adam,0.01,Linear,linear,,,256,5,"[(8, 9), (15, 16)]",[],[],{},identity,identity,2,0.7838,0.7713,0.0125,250,0.0019,23093248,7.6389453431970304
1,imagenet-1k,imagenet-1k,google/vit-large-patch16-224,Adam,0.01,Linear,linear,,,256,5,"[(9, 10), (16, 17)]",[],[],{},identity,identity,2,0.7864,0.7689,0.0174999999999999,250,0.0019,23093248,7.6389453431970304
2,imagenet-1k,imagenet-1k,google/vit-large-patch16-224,Adam,0.01,Linear,linear,,,256,5,"[(9, 10), (16, 17)]",[],[],{},identity,identity,2,0.7835,0.7688,0.0146999999999999,250,0.0019,23093248,7.6389453431970304
3,imagenet-1k,imagenet-1k,google/vit-large-patch16-224,Adam,0.01,Linear,linear,,,256,5,"[(9, 10), (16, 17)]",[],[],{},identity,identity,2,0.7838,0.7661,0.0177,250,0.0019,23093248,7.6389453431970304
1,imagenet-1k,imagenet-1k,google/vit-large-patch16-224,Adam,0.01,Linear,linear,,,256,5,"[(10, 11), (17, 18)]",[],[],{},identity,identity,2,0.7864,0.7621,0.0242999999999999,250,0.0019,23093248,7.6389453431970304
2,imagenet-1k,imagenet-1k,google/vit-large-patch16-224,Adam,0.01,Linear,linear,,,256,5,"[(10, 11), (17, 18)]",[],[],{},identity,identity,2,0.7835,0.771,0.0124999999999999,250,0.0019,23093248,7.6389453431970304
3,imagenet-1k,imagenet-1k,google/vit-large-patch16-224,Adam,0.01,Linear,linear,,,256,5,"[(10, 11), (17, 18)]",[],[],{},identity,identity,2,0.7838,0.764,0.0198,250,0.0019,23093248,7.6389453431970304
1,imagenet-1k,imagenet-1k,google/vit-large-patch16-224,Adam,0.01,Linear,linear,,,256,5,"[(11, 12), (18, 19)]",[],[],{},identity,identity,2,0.7864,0.7613,0.0251,250,0.0019,23093248,7.6389453431970304
2,imagenet-1k,imagenet-1k,google/vit-large-patch16-224,Adam,0.01,Linear,linear,,,256,5,"[(11, 12), (18, 19)]",[],[],{},identity,identity,2,0.7835,0.7576,0.0258999999999999,250,0.0019,23093248,7.6389453431970304
3,imagenet-1k,imagenet-1k,google/vit-large-patch16-224,Adam,0.01,Linear,linear,,,256,5,"[(11, 12), (18, 19)]",[],[],{},identity,identity,2,0.7838,0.76,0.0238,250,0.0019,23093248,7.6389453431970304
1,imagenet-1k,imagenet-1k,google/vit-large-patch16-224,Adam,0.01,Linear,linear,,,256,5,"[(12, 13), (19, 20)]",[],[],{},identity,identity,2,0.7864,0.7653,0.0211,250,0.0019,23093248,7.6389453431970304
2,imagenet-1k,imagenet-1k,google/vit-large-patch16-224,Adam,0.01,Linear,linear,,,256,5,"[(12, 13), (19, 20)]",[],[],{},identity,identity,2,0.7835,0.7645,0.019,250,0.0019,23093248,7.6389453431970304
3,imagenet-1k,imagenet-1k,google/vit-large-patch16-224,Adam,0.01,Linear,linear,,,256,5,"[(12, 13), (19, 20)]",[],[],{},identity,identity,2,0.7838,0.7626,0.0212000000000001,250,0.0019,23093248,7.6389453431970304
1,imagenet-1k,imagenet-1k,google/vit-large-patch16-224,Adam,0.01,Linear,linear,,,256,5,"[(13, 14), (20, 21)]",[],[],{},identity,identity,2,0.7864,0.7669,0.0194999999999999,250,0.0019,23093248,7.6389453431970304
2,imagenet-1k,imagenet-1k,google/vit-large-patch16-224,Adam,0.01,Linear,linear,,,256,5,"[(13, 14), (20, 21)]",[],[],{},identity,identity,2,0.7835,0.7639,0.0195999999999999,250,0.0019,23093248,7.6389453431970304
3,imagenet-1k,imagenet-1k,google/vit-large-patch16-224,Adam,0.01,Linear,linear,,,256,5,"[(13, 14), (20, 21)]",[],[],{},identity,identity,2,0.7838,0.761,0.0228,250,0.0019,23093248,7.6389453431970304
1,imagenet-1k,imagenet-1k,google/vit-large-patch16-224,Adam,0.01,Linear,linear,,,256,5,"[(14, 15), (21, 22)]",[],[],{},identity,identity,2,0.7864,0.7618,0.0245999999999999,250,0.0019,23093248,7.6389453431970304
2,imagenet-1k,imagenet-1k,google/vit-large-patch16-224,Adam,0.01,Linear,linear,,,256,5,"[(14, 15), (21, 22)]",[],[],{},identity,identity,2,0.7835,0.7636,0.0199,250,0.0019,23093248,7.6389453431970304
3,imagenet-1k,imagenet-1k,google/vit-large-patch16-224,Adam,0.01,Linear,linear,,,256,5,"[(14, 15), (21, 22)]",[],[],{},identity,identity,2,0.7838,0.7649,0.0189,250,0.0019,23093248,7.6389453431970304
1,imagenet-1k,imagenet-1k,google/vit-large-patch16-224,Adam,0.01,Linear,linear,,,256,5,"[(15, 16), (22, 23)]",[],[],{},identity,identity,2,0.7864,0.7739,0.0124999999999999,250,0.0019,23093248,7.6389453431970304
2,imagenet-1k,imagenet-1k,google/vit-large-patch16-224,Adam,0.01,Linear,linear,,,256,5,"[(15, 16), (22, 23)]",[],[],{},identity,identity,2,0.7835,0.7732,0.0102999999999999,250,0.0019,23093248,7.6389453431970304
3,imagenet-1k,imagenet-1k,google/vit-large-patch16-224,Adam,0.01,Linear,linear,,,256,5,"[(15, 16), (22, 23)]",[],[],{},identity,identity,2,0.7838,0.7787,0.0051000000000001,250,0.0019,23093248,7.6389453431970304
1,imagenet-1k,imagenet-1k,google/vit-large-patch16-224,Adam,0.01,Linear,linear,,,256,5,"[(0, 1), (8, 9)]",[],[],{},identity,identity,2,0.7864,0.7567,0.0296999999999999,250,0.0019,23093248,7.6389453431970304
2,imagenet-1k,imagenet-1k,google/vit-large-patch16-224,Adam,0.01,Linear,linear,,,256,5,"[(0, 1), (8, 9)]",[],[],{},identity,identity,2,0.7835,0.7622,0.0212999999999999,250,0.0019,23093248,7.6389453431970304
3,imagenet-1k,imagenet-1k,google/vit-large-patch16-224,Adam,0.01,Linear,linear,,,256,5,"[(0, 1), (8, 9)]",[],[],{},identity,identity,2,0.7838,0.7592,0.0246,250,0.0019,23093248,7.6389453431970304
1,imagenet-1k,imagenet-1k,google/vit-large-patch16-224,Adam,0.01,Linear,linear,,,256,5,"[(1, 2), (9, 10)]",[],[],{},identity,identity,2,0.7864,0.7715,0.0149,250,0.0019,23093248,7.6389453431970304
2,imagenet-1k,imagenet-1k,google/vit-large-patch16-224,Adam,0.01,Linear,linear,,,256,5,"[(1, 2), (9, 10)]",[],[],{},identity,identity,2,0.7835,0.7625,0.021,250,0.0019,23093248,7.6389453431970304
3,imagenet-1k,imagenet-1k,google/vit-large-patch16-224,Adam,0.01,Linear,linear,,,256,5,"[(1, 2), (9, 10)]",[],[],{},identity,identity,2,0.7838,0.7656,0.0182000000000001,250,0.0019,23093248,7.6389453431970304
1,imagenet-1k,imagenet-1k,google/vit-large-patch16-224,Adam,0.01,Linear,linear,,,256,5,"[(2, 3), (10, 11)]",[],[],{},identity,identity,2,0.7864,0.7678,0.0185999999999999,250,0.0019,23093248,7.6389453431970304
2,imagenet-1k,imagenet-1k,google/vit-large-patch16-224,Adam,0.01,Linear,linear,,,256,5,"[(2, 3), (10, 11)]",[],[],{},identity,identity,2,0.7835,0.7708,0.0126999999999999,250,0.0019,23093248,7.6389453431970304
3,imagenet-1k,imagenet-1k,google/vit-large-patch16-224,Adam,0.01,Linear,linear,,,256,5,"[(2, 3), (10, 11)]",[],[],{},identity,identity,2,0.7838,0.7676,0.0162000000000001,250,0.0019,23093248,7.6389453431970304
1,imagenet-1k,imagenet-1k,google/vit-large-patch16-224,Adam,0.01,Linear,linear,,,256,5,"[(3, 4), (11, 12)]",[],[],{},identity,identity,2,0.7864,0.7755,0.0109,250,0.0019,23093248,7.6389453431970304
2,imagenet-1k,imagenet-1k,google/vit-large-patch16-224,Adam,0.01,Linear,linear,,,256,5,"[(3, 4), (11, 12)]",[],[],{},identity,identity,2,0.7835,0.7762,0.0072999999999999,250,0.0019,23093248,7.6389453431970304
3,imagenet-1k,imagenet-1k,google/vit-large-patch16-224,Adam,0.01,Linear,linear,,,256,5,"[(3, 4), (11, 12)]",[],[],{},identity,identity,2,0.7838,0.7714,0.0124,250,0.0019,23093248,7.6389453431970304
1,imagenet-1k,imagenet-1k,google/vit-large-patch16-224,Adam,0.01,Linear,linear,,,256,5,"[(4, 5), (12, 13)]",[],[],{},identity,identity,2,0.7864,0.2225,0.5639,250,0.0019,23093248,7.6389453431970304
2,imagenet-1k,imagenet-1k,google/vit-large-patch16-224,Adam,0.01,Linear,linear,,,256,5,"[(4, 5), (12, 13)]",[],[],{},identity,identity,2,0.7835,0.223,0.5605,250,0.0019,23093248,7.6389453431970304
3,imagenet-1k,imagenet-1k,google/vit-large-patch16-224,Adam,0.01,Linear,linear,,,256,5,"[(4, 5), (12, 13)]",[],[],{},identity,identity,2,0.7838,0.2246,0.5592,250,0.0019,23093248,7.6389453431970304
1,imagenet-1k,imagenet-1k,google/vit-large-patch16-224,Adam,0.01,Linear,linear,,,256,5,"[(5, 6), (13, 14)]",[],[],{},identity,identity,2,0.7864,0.1737,0.6127,250,0.0019,23093248,7.6389453431970304
2,imagenet-1k,imagenet-1k,google/vit-large-patch16-224,Adam,0.01,Linear,linear,,,256,5,"[(5, 6), (13, 14)]",[],[],{},identity,identity,2,0.7835,0.1745,0.609,250,0.0019,23093248,7.6389453431970304
3,imagenet-1k,imagenet-1k,google/vit-large-patch16-224,Adam,0.01,Linear,linear,,,256,5,"[(5, 6), (13, 14)]",[],[],{},identity,identity,2,0.7838,0.1672,0.6166,250,0.0019,23093248,7.6389453431970304
1,imagenet-1k,imagenet-1k,google/vit-large-patch16-224,Adam,0.01,Linear,linear,,,256,5,"[(6, 7), (14, 15)]",[],[],{},identity,identity,2,0.7864,0.773,0.0133999999999999,250,0.0019,23093248,7.6389453431970304
2,imagenet-1k,imagenet-1k,google/vit-large-patch16-224,Adam,0.01,Linear,linear,,,256,5,"[(6, 7), (14, 15)]",[],[],{},identity,identity,2,0.7835,0.7763,0.0071999999999999,250,0.0019,23093248,7.6389453431970304
3,imagenet-1k,imagenet-1k,google/vit-large-patch16-224,Adam,0.01,Linear,linear,,,256,5,"[(6, 7), (14, 15)]",[],[],{},identity,identity,2,0.7838,0.7759,0.0079,250,0.0019,23093248,7.6389453431970304
1,imagenet-1k,imagenet-1k,google/vit-large-patch16-224,Adam,0.01,Linear,linear,,,256,5,"[(7, 8), (15, 16)]",[],[],{},identity,identity,2,0.7864,0.7702,0.0161999999999999,250,0.0019,23093248,7.6389453431970304
2,imagenet-1k,imagenet-1k,google/vit-large-patch16-224,Adam,0.01,Linear,linear,,,256,5,"[(7, 8), (15, 16)]",[],[],{},identity,identity,2,0.7835,0.7754,0.0080999999999999,250,0.0019,23093248,7.6389453431970304
3,imagenet-1k,imagenet-1k,google/vit-large-patch16-224,Adam,0.01,Linear,linear,,,256,5,"[(7, 8), (15, 16)]",[],[],{},identity,identity,2,0.7838,0.7709,0.0129,250,0.0019,23093248,7.6389453431970304
1,imagenet-1k,imagenet-1k,google/vit-large-patch16-224,Adam,0.01,Linear,linear,,,256,5,"[(8, 9), (16, 17)]",[],[],{},identity,identity,2,0.7864,0.7704,0.016,250,0.0019,23093248,7.6389453431970304
2,imagenet-1k,imagenet-1k,google/vit-large-patch16-224,Adam,0.01,Linear,linear,,,256,5,"[(8, 9), (16, 17)]",[],[],{},identity,identity,2,0.7835,0.7711,0.0123999999999999,250,0.0019,23093248,7.6389453431970304
3,imagenet-1k,imagenet-1k,google/vit-large-patch16-224,Adam,0.01,Linear,linear,,,256,5,"[(8, 9), (16, 17)]",[],[],{},identity,identity,2,0.7838,0.7709,0.0129,250,0.0019,23093248,7.6389453431970304
1,imagenet-1k,imagenet-1k,google/vit-large-patch16-224,Adam,0.01,Linear,linear,,,256,5,"[(9, 10), (17, 18)]",[],[],{},identity,identity,2,0.7864,0.7663,0.0201,250,0.0019,23093248,7.6389453431970304
2,imagenet-1k,imagenet-1k,google/vit-large-patch16-224,Adam,0.01,Linear,linear,,,256,5,"[(9, 10), (17, 18)]",[],[],{},identity,identity,2,0.7835,0.7679,0.0155999999999999,250,0.0019,23093248,7.6389453431970304
3,imagenet-1k,imagenet-1k,google/vit-large-patch16-224,Adam,0.01,Linear,linear,,,256,5,"[(9, 10), (17, 18)]",[],[],{},identity,identity,2,0.7838,0.7649,0.0189,250,0.0019,23093248,7.6389453431970304
1,imagenet-1k,imagenet-1k,google/vit-large-patch16-224,Adam,0.01,Linear,linear,,,256,5,"[(10, 11), (18, 19)]",[],[],{},identity,identity,2,0.7864,0.7587,0.0276999999999999,250,0.0019,23093248,7.6389453431970304
2,imagenet-1k,imagenet-1k,google/vit-large-patch16-224,Adam,0.01,Linear,linear,,,256,5,"[(10, 11), (18, 19)]",[],[],{},identity,identity,2,0.7835,0.7628,0.0206999999999999,250,0.0019,23093248,7.6389453431970304
3,imagenet-1k,imagenet-1k,google/vit-large-patch16-224,Adam,0.01,Linear,linear,,,256,5,"[(10, 11), (18, 19)]",[],[],{},identity,identity,2,0.7838,0.7568,0.027,250,0.0019,23093248,7.6389453431970304
1,imagenet-1k,imagenet-1k,google/vit-large-patch16-224,Adam,0.01,Linear,linear,,,256,5,"[(11, 12), (19, 20)]",[],[],{},identity,identity,2,0.7864,0.7616,0.0247999999999999,250,0.0019,23093248,7.6389453431970304
2,imagenet-1k,imagenet-1k,google/vit-large-patch16-224,Adam,0.01,Linear,linear,,,256,5,"[(11, 12), (19, 20)]",[],[],{},identity,identity,2,0.7835,0.7596,0.0238999999999999,250,0.0019,23093248,7.6389453431970304
3,imagenet-1k,imagenet-1k,google/vit-large-patch16-224,Adam,0.01,Linear,linear,,,256,5,"[(11, 12), (19, 20)]",[],[],{},identity,identity,2,0.7838,0.765,0.0188,250,0.0019,23093248,7.6389453431970304
1,imagenet-1k,imagenet-1k,google/vit-large-patch16-224,Adam,0.01,Linear,linear,,,256,5,"[(12, 13), (20, 21)]",[],[],{},identity,identity,2,0.7864,0.7641,0.0222999999999999,250,0.0019,23093248,7.6389453431970304
2,imagenet-1k,imagenet-1k,google/vit-large-patch16-224,Adam,0.01,Linear,linear,,,256,5,"[(12, 13), (20, 21)]",[],[],{},identity,identity,2,0.7835,0.7661,0.0173999999999999,250,0.0019,23093248,7.6389453431970304
3,imagenet-1k,imagenet-1k,google/vit-large-patch16-224,Adam,0.01,Linear,linear,,,256,5,"[(12, 13), (20, 21)]",[],[],{},identity,identity,2,0.7838,0.7616,0.0221999999999999,250,0.0019,23093248,7.6389453431970304
1,imagenet-1k,imagenet-1k,google/vit-large-patch16-224,Adam,0.01,Linear,linear,,,256,5,"[(13, 14), (21, 22)]",[],[],{},identity,identity,2,0.7864,0.7602,0.0262,250,0.0019,23093248,7.6389453431970304
2,imagenet-1k,imagenet-1k,google/vit-large-patch16-224,Adam,0.01,Linear,linear,,,256,5,"[(13, 14), (21, 22)]",[],[],{},identity,identity,2,0.7835,0.7657,0.0177999999999999,250,0.0019,23093248,7.6389453431970304
3,imagenet-1k,imagenet-1k,google/vit-large-patch16-224,Adam,0.01,Linear,linear,,,256,5,"[(13, 14), (21, 22)]",[],[],{},identity,identity,2,0.7838,0.7612,0.0226,250,0.0019,23093248,7.6389453431970304
1,imagenet-1k,imagenet-1k,google/vit-large-patch16-224,Adam,0.01,Linear,linear,,,256,5,"[(14, 15), (22, 23)]",[],[],{},identity,identity,2,0.7864,0.7734,0.013,250,0.0019,23093248,7.6389453431970304
2,imagenet-1k,imagenet-1k,google/vit-large-patch16-224,Adam,0.01,Linear,linear,,,256,5,"[(14, 15), (22, 23)]",[],[],{},identity,identity,2,0.7835,0.7708,0.0126999999999999,250,0.0019,23093248,7.6389453431970304
3,imagenet-1k,imagenet-1k,google/vit-large-patch16-224,Adam,0.01,Linear,linear,,,256,5,"[(14, 15), (22, 23)]",[],[],{},identity,identity,2,0.7838,0.7726,0.0112,250,0.0019,23093248,7.6389453431970304
1,imagenet-1k,imagenet-1k,google/vit-large-patch16-224,Adam,0.01,Linear,linear,,,256,5,"[(0, 1), (9, 10)]",[],[],{},identity,identity,2,0.7864,0.7549,0.0314999999999999,250,0.0019,23093248,7.6389453431970304
2,imagenet-1k,imagenet-1k,google/vit-large-patch16-224,Adam,0.01,Linear,linear,,,256,5,"[(0, 1), (9, 10)]",[],[],{},identity,identity,2,0.7835,0.7615,0.022,250,0.0019,23093248,7.6389453431970304
3,imagenet-1k,imagenet-1k,google/vit-large-patch16-224,Adam,0.01,Linear,linear,,,256,5,"[(0, 1), (9, 10)]",[],[],{},identity,identity,2,0.7838,0.7548,0.029,250,0.0019,23093248,7.6389453431970304
1,imagenet-1k,imagenet-1k,google/vit-large-patch16-224,Adam,0.01,Linear,linear,,,256,5,"[(1, 2), (10, 11)]",[],[],{},identity,identity,2,0.7864,0.764,0.0223999999999999,250,0.0019,23093248,7.6389453431970304
2,imagenet-1k,imagenet-1k,google/vit-large-patch16-224,Adam,0.01,Linear,linear,,,256,5,"[(1, 2), (10, 11)]",[],[],{},identity,identity,2,0.7835,0.767,0.0164999999999999,250,0.0019,23093248,7.6389453431970304
3,imagenet-1k,imagenet-1k,google/vit-large-patch16-224,Adam,0.01,Linear,linear,,,256,5,"[(1, 2), (10, 11)]",[],[],{},identity,identity,2,0.7838,0.7668,0.017,250,0.0019,23093248,7.6389453431970304
1,imagenet-1k,imagenet-1k,google/vit-large-patch16-224,Adam,0.01,Linear,linear,,,256,5,"[(2, 3), (11, 12)]",[],[],{},identity,identity,2,0.7864,0.7697,0.0166999999999999,250,0.0019,23093248,7.6389453431970304
2,imagenet-1k,imagenet-1k,google/vit-large-patch16-224,Adam,0.01,Linear,linear,,,256,5,"[(2, 3), (11, 12)]",[],[],{},identity,identity,2,0.7835,0.7715,0.012,250,0.0019,23093248,7.6389453431970304
3,imagenet-1k,imagenet-1k,google/vit-large-patch16-224,Adam,0.01,Linear,linear,,,256,5,"[(2, 3), (11, 12)]",[],[],{},identity,identity,2,0.7838,0.767,0.0168,250,0.0019,23093248,7.6389453431970304
1,imagenet-1k,imagenet-1k,google/vit-large-patch16-224,Adam,0.01,Linear,linear,,,256,5,"[(3, 4), (12, 13)]",[],[],{},identity,identity,2,0.7864,0.7771,0.0092999999999999,250,0.0019,23093248,7.6389453431970304
2,imagenet-1k,imagenet-1k,google/vit-large-patch16-224,Adam,0.01,Linear,linear,,,256,5,"[(3, 4), (12, 13)]",[],[],{},identity,identity,2,0.7835,0.7755,0.008,250,0.0019,23093248,7.6389453431970304
3,imagenet-1k,imagenet-1k,google/vit-large-patch16-224,Adam,0.01,Linear,linear,,,256,5,"[(3, 4), (12, 13)]",[],[],{},identity,identity,2,0.7838,0.7749,0.0089,250,0.0019,23093248,7.6389453431970304
1,imagenet-1k,imagenet-1k,google/vit-large-patch16-224,Adam,0.01,Linear,linear,,,256,5,"[(4, 5), (13, 14)]",[],[],{},identity,identity,2,0.7864,0.2127,0.5737,250,0.0019,23093248,7.6389453431970304
2,imagenet-1k,imagenet-1k,google/vit-large-patch16-224,Adam,0.01,Linear,linear,,,256,5,"[(4, 5), (13, 14)]",[],[],{},identity,identity,2,0.7835,0.2191,0.5644,250,0.0019,23093248,7.6389453431970304
3,imagenet-1k,imagenet-1k,google/vit-large-patch16-224,Adam,0.01,Linear,linear,,,256,5,"[(4, 5), (13, 14)]",[],[],{},identity,identity,2,0.7838,0.2151,0.5687,250,0.0019,23093248,7.6389453431970304
1,imagenet-1k,imagenet-1k,google/vit-large-patch16-224,Adam,0.01,Linear,linear,,,256,5,"[(5, 6), (14, 15)]",[],[],{},identity,identity,2,0.7864,0.1716,0.6148,250,0.0019,23093248,7.6389453431970304
2,imagenet-1k,imagenet-1k,google/vit-large-patch16-224,Adam,0.01,Linear,linear,,,256,5,"[(5, 6), (14, 15)]",[],[],{},identity,identity,2,0.7835,0.174,0.6094999999999999,250,0.0019,23093248,7.6389453431970304
3,imagenet-1k,imagenet-1k,google/vit-large-patch16-224,Adam,0.01,Linear,linear,,,256,5,"[(5, 6), (14, 15)]",[],[],{},identity,identity,2,0.7838,0.1645,0.6193000000000001,250,0.0019,23093248,7.6389453431970304
1,imagenet-1k,imagenet-1k,google/vit-large-patch16-224,Adam,0.01,Linear,linear,,,256,5,"[(6, 7), (15, 16)]",[],[],{},identity,identity,2,0.7864,0.7702,0.0161999999999999,250,0.0019,23093248,7.6389453431970304
2,imagenet-1k,imagenet-1k,google/vit-large-patch16-224,Adam,0.01,Linear,linear,,,256,5,"[(6, 7), (15, 16)]",[],[],{},identity,identity,2,0.7835,0.7765,0.007,250,0.0019,23093248,7.6389453431970304
3,imagenet-1k,imagenet-1k,google/vit-large-patch16-224,Adam,0.01,Linear,linear,,,256,5,"[(6, 7), (15, 16)]",[],[],{},identity,identity,2,0.7838,0.7704,0.0134,250,0.0019,23093248,7.6389453431970304
1,imagenet-1k,imagenet-1k,google/vit-large-patch16-224,Adam,0.01,Linear,linear,,,256,5,"[(7, 8), (16, 17)]",[],[],{},identity,identity,2,0.7864,0.775,0.0113999999999999,250,0.0019,23093248,7.6389453431970304
2,imagenet-1k,imagenet-1k,google/vit-large-patch16-224,Adam,0.01,Linear,linear,,,256,5,"[(7, 8), (16, 17)]",[],[],{},identity,identity,2,0.7835,0.7774,0.0060999999999999,250,0.0019,23093248,7.6389453431970304
3,imagenet-1k,imagenet-1k,google/vit-large-patch16-224,Adam,0.01,Linear,linear,,,256,5,"[(7, 8), (16, 17)]",[],[],{},identity,identity,2,0.7838,0.7704,0.0134,250,0.0019,23093248,7.6389453431970304
1,imagenet-1k,imagenet-1k,google/vit-large-patch16-224,Adam,0.01,Linear,linear,,,256,5,"[(8, 9), (17, 18)]",[],[],{},identity,identity,2,0.7864,0.7633,0.0231,250,0.0019,23093248,7.6389453431970304
2,imagenet-1k,imagenet-1k,google/vit-large-patch16-224,Adam,0.01,Linear,linear,,,256,5,"[(8, 9), (17, 18)]",[],[],{},identity,identity,2,0.7835,0.7707,0.0127999999999999,250,0.0019,23093248,7.6389453431970304
3,imagenet-1k,imagenet-1k,google/vit-large-patch16-224,Adam,0.01,Linear,linear,,,256,5,"[(8, 9), (17, 18)]",[],[],{},identity,identity,2,0.7838,0.7636,0.0202000000000001,250,0.0019,23093248,7.6389453431970304
1,imagenet-1k,imagenet-1k,google/vit-large-patch16-224,Adam,0.01,Linear,linear,,,256,5,"[(9, 10), (18, 19)]",[],[],{},identity,identity,2,0.7864,0.7597,0.0266999999999999,250,0.0019,23093248,7.6389453431970304
2,imagenet-1k,imagenet-1k,google/vit-large-patch16-224,Adam,0.01,Linear,linear,,,256,5,"[(9, 10), (18, 19)]",[],[],{},identity,identity,2,0.7835,0.761,0.0224999999999999,250,0.0019,23093248,7.6389453431970304
3,imagenet-1k,imagenet-1k,google/vit-large-patch16-224,Adam,0.01,Linear,linear,,,256,5,"[(9, 10), (18, 19)]",[],[],{},identity,identity,2,0.7838,0.7576,0.0262,250,0.0019,23093248,7.6389453431970304
1,imagenet-1k,imagenet-1k,google/vit-large-patch16-224,Adam,0.01,Linear,linear,,,256,5,"[(10, 11), (19, 20)]",[],[],{},identity,identity,2,0.7864,0.7624,0.024,250,0.0019,23093248,7.6389453431970304
2,imagenet-1k,imagenet-1k,google/vit-large-patch16-224,Adam,0.01,Linear,linear,,,256,5,"[(10, 11), (19, 20)]",[],[],{},identity,identity,2,0.7835,0.7623,0.0211999999999999,250,0.0019,23093248,7.6389453431970304
3,imagenet-1k,imagenet-1k,google/vit-large-patch16-224,Adam,0.01,Linear,linear,,,256,5,"[(10, 11), (19, 20)]",[],[],{},identity,identity,2,0.7838,0.7622,0.0216,250,0.0019,23093248,7.6389453431970304
1,imagenet-1k,imagenet-1k,google/vit-large-patch16-224,Adam,0.01,Linear,linear,,,256,5,"[(11, 12), (20, 21)]",[],[],{},identity,identity,2,0.7864,0.7602,0.0262,250,0.0019,23093248,7.6389453431970304
2,imagenet-1k,imagenet-1k,google/vit-large-patch16-224,Adam,0.01,Linear,linear,,,256,5,"[(11, 12), (20, 21)]",[],[],{},identity,identity,2,0.7835,0.7631,0.0203999999999999,250,0.0019,23093248,7.6389453431970304
3,imagenet-1k,imagenet-1k,google/vit-large-patch16-224,Adam,0.01,Linear,linear,,,256,5,"[(11, 12), (20, 21)]",[],[],{},identity,identity,2,0.7838,0.7615,0.0223,250,0.0019,23093248,7.6389453431970304
1,imagenet-1k,imagenet-1k,google/vit-large-patch16-224,Adam,0.01,Linear,linear,,,256,5,"[(12, 13), (21, 22)]",[],[],{},identity,identity,2,0.7864,0.7645,0.0219,250,0.0019,23093248,7.6389453431970304
2,imagenet-1k,imagenet-1k,google/vit-large-patch16-224,Adam,0.01,Linear,linear,,,256,5,"[(12, 13), (21, 22)]",[],[],{},identity,identity,2,0.7835,0.7646,0.0189,250,0.0019,23093248,7.6389453431970304
3,imagenet-1k,imagenet-1k,google/vit-large-patch16-224,Adam,0.01,Linear,linear,,,256,5,"[(12, 13), (21, 22)]",[],[],{},identity,identity,2,0.7838,0.7655,0.0183,250,0.0019,23093248,7.6389453431970304
1,imagenet-1k,imagenet-1k,google/vit-large-patch16-224,Adam,0.01,Linear,linear,,,256,5,"[(13, 14), (22, 23)]",[],[],{},identity,identity,2,0.7864,0.7746,0.0118,250,0.0019,23093248,7.6389453431970304
2,imagenet-1k,imagenet-1k,google/vit-large-patch16-224,Adam,0.01,Linear,linear,,,256,5,"[(13, 14), (22, 23)]",[],[],{},identity,identity,2,0.7835,0.7784,0.0050999999999999,250,0.0019,23093248,7.6389453431970304
3,imagenet-1k,imagenet-1k,google/vit-large-patch16-224,Adam,0.01,Linear,linear,,,256,5,"[(13, 14), (22, 23)]",[],[],{},identity,identity,2,0.7838,0.7736,0.0102,250,0.0019,23093248,7.6389453431970304
1,imagenet-1k,imagenet-1k,google/vit-large-patch16-224,Adam,0.01,Linear,linear,,,256,5,"[(0, 1), (10, 11)]",[],[],{},identity,identity,2,0.7864,0.7609,0.0254999999999999,250,0.0019,23093248,7.6389453431970304
2,imagenet-1k,imagenet-1k,google/vit-large-patch16-224,Adam,0.01,Linear,linear,,,256,5,"[(0, 1), (10, 11)]",[],[],{},identity,identity,2,0.7835,0.7575,0.026,250,0.0019,23093248,7.6389453431970304
3,imagenet-1k,imagenet-1k,google/vit-large-patch16-224,Adam,0.01,Linear,linear,,,256,5,"[(0, 1), (10, 11)]",[],[],{},identity,identity,2,0.7838,0.757,0.0268,250,0.0019,23093248,7.6389453431970304
1,imagenet-1k,imagenet-1k,google/vit-large-patch16-224,Adam,0.01,Linear,linear,,,256,5,"[(1, 2), (11, 12)]",[],[],{},identity,identity,2,0.7864,0.7624,0.024,250,0.0019,23093248,7.6389453431970304
2,imagenet-1k,imagenet-1k,google/vit-large-patch16-224,Adam,0.01,Linear,linear,,,256,5,"[(1, 2), (11, 12)]",[],[],{},identity,identity,2,0.7835,0.7719,0.0115999999999999,250,0.0019,23093248,7.6389453431970304
3,imagenet-1k,imagenet-1k,google/vit-large-patch16-224,Adam,0.01,Linear,linear,,,256,5,"[(1, 2), (11, 12)]",[],[],{},identity,identity,2,0.7838,0.7671,0.0167,250,0.0019,23093248,7.6389453431970304
1,imagenet-1k,imagenet-1k,google/vit-large-patch16-224,Adam,0.01,Linear,linear,,,256,5,"[(2, 3), (12, 13)]",[],[],{},identity,identity,2,0.7864,0.7694,0.017,250,0.0019,23093248,7.6389453431970304
2,imagenet-1k,imagenet-1k,google/vit-large-patch16-224,Adam,0.01,Linear,linear,,,256,5,"[(2, 3), (12, 13)]",[],[],{},identity,identity,2,0.7835,0.7734,0.0100999999999999,250,0.0019,23093248,7.6389453431970304
3,imagenet-1k,imagenet-1k,google/vit-large-patch16-224,Adam,0.01,Linear,linear,,,256,5,"[(2, 3), (12, 13)]",[],[],{},identity,identity,2,0.7838,0.7704,0.0134,250,0.0019,23093248,7.6389453431970304
1,imagenet-1k,imagenet-1k,google/vit-large-patch16-224,Adam,0.01,Linear,linear,,,256,5,"[(3, 4), (13, 14)]",[],[],{},identity,identity,2,0.7864,0.7755,0.0109,250,0.0019,23093248,7.6389453431970304
2,imagenet-1k,imagenet-1k,google/vit-large-patch16-224,Adam,0.01,Linear,linear,,,256,5,"[(3, 4), (13, 14)]",[],[],{},identity,identity,2,0.7835,0.7747,0.0087999999999999,250,0.0019,23093248,7.6389453431970304
3,imagenet-1k,imagenet-1k,google/vit-large-patch16-224,Adam,0.01,Linear,linear,,,256,5,"[(3, 4), (13, 14)]",[],[],{},identity,identity,2,0.7838,0.7697,0.0141,250,0.0019,23093248,7.6389453431970304
1,imagenet-1k,imagenet-1k,google/vit-large-patch16-224,Adam,0.01,Linear,linear,,,256,5,"[(4, 5), (14, 15)]",[],[],{},identity,identity,2,0.7864,0.2169,0.5695,250,0.0019,23093248,7.6389453431970304
2,imagenet-1k,imagenet-1k,google/vit-large-patch16-224,Adam,0.01,Linear,linear,,,256,5,"[(4, 5), (14, 15)]",[],[],{},identity,identity,2,0.7835,0.2181,0.5654,250,0.0019,23093248,7.6389453431970304
3,imagenet-1k,imagenet-1k,google/vit-large-patch16-224,Adam,0.01,Linear,linear,,,256,5,"[(4, 5), (14, 15)]",[],[],{},identity,identity,2,0.7838,0.2198,0.5640000000000001,250,0.0019,23093248,7.6389453431970304
1,imagenet-1k,imagenet-1k,google/vit-large-patch16-224,Adam,0.01,Linear,linear,,,256,5,"[(5, 6), (15, 16)]",[],[],{},identity,identity,2,0.7864,0.162,0.6244,250,0.0019,23093248,7.6389453431970304
2,imagenet-1k,imagenet-1k,google/vit-large-patch16-224,Adam,0.01,Linear,linear,,,256,5,"[(5, 6), (15, 16)]",[],[],{},identity,identity,2,0.7835,0.1701,0.6134,250,0.0019,23093248,7.6389453431970304
3,imagenet-1k,imagenet-1k,google/vit-large-patch16-224,Adam,0.01,Linear,linear,,,256,5,"[(5, 6), (15, 16)]",[],[],{},identity,identity,2,0.7838,0.1611,0.6227,250,0.0019,23093248,7.6389453431970304
1,imagenet-1k,imagenet-1k,google/vit-large-patch16-224,Adam,0.01,Linear,linear,,,256,5,"[(6, 7), (16, 17)]",[],[],{},identity,identity,2,0.7864,0.7731,0.0132999999999999,250,0.0019,23093248,7.6389453431970304
2,imagenet-1k,imagenet-1k,google/vit-large-patch16-224,Adam,0.01,Linear,linear,,,256,5,"[(6, 7), (16, 17)]",[],[],{},identity,identity,2,0.7835,0.7737,0.0097999999999999,250,0.0019,23093248,7.6389453431970304
3,imagenet-1k,imagenet-1k,google/vit-large-patch16-224,Adam,0.01,Linear,linear,,,256,5,"[(6, 7), (16, 17)]",[],[],{},identity,identity,2,0.7838,0.7734,0.0104,250,0.0019,23093248,7.6389453431970304
1,imagenet-1k,imagenet-1k,google/vit-large-patch16-224,Adam,0.01,Linear,linear,,,256,5,"[(7, 8), (17, 18)]",[],[],{},identity,identity,2,0.7864,0.7704,0.016,250,0.0019,23093248,7.6389453431970304
2,imagenet-1k,imagenet-1k,google/vit-large-patch16-224,Adam,0.01,Linear,linear,,,256,5,"[(7, 8), (17, 18)]",[],[],{},identity,identity,2,0.7835,0.7715,0.012,250,0.0019,23093248,7.6389453431970304
3,imagenet-1k,imagenet-1k,google/vit-large-patch16-224,Adam,0.01,Linear,linear,,,256,5,"[(7, 8), (17, 18)]",[],[],{},identity,identity,2,0.7838,0.7693,0.0145,250,0.0019,23093248,7.6389453431970304
1,imagenet-1k,imagenet-1k,google/vit-large-patch16-224,Adam,0.01,Linear,linear,,,256,5,"[(8, 9), (18, 19)]",[],[],{},identity,identity,2,0.7864,0.7606,0.0257999999999999,250,0.0019,23093248,7.6389453431970304
2,imagenet-1k,imagenet-1k,google/vit-large-patch16-224,Adam,0.01,Linear,linear,,,256,5,"[(8, 9), (18, 19)]",[],[],{},identity,identity,2,0.7835,0.7635,0.02,250,0.0019,23093248,7.6389453431970304
3,imagenet-1k,imagenet-1k,google/vit-large-patch16-224,Adam,0.01,Linear,linear,,,256,5,"[(8, 9), (18, 19)]",[],[],{},identity,identity,2,0.7838,0.7645,0.0193,250,0.0019,23093248,7.6389453431970304
1,imagenet-1k,imagenet-1k,google/vit-large-patch16-224,Adam,0.01,Linear,linear,,,256,5,"[(9, 10), (19, 20)]",[],[],{},identity,identity,2,0.7864,0.7665,0.0199,250,0.0019,23093248,7.6389453431970304
2,imagenet-1k,imagenet-1k,google/vit-large-patch16-224,Adam,0.01,Linear,linear,,,256,5,"[(9, 10), (19, 20)]",[],[],{},identity,identity,2,0.7835,0.76,0.0234999999999999,250,0.0019,23093248,7.6389453431970304
3,imagenet-1k,imagenet-1k,google/vit-large-patch16-224,Adam,0.01,Linear,linear,,,256,5,"[(9, 10), (19, 20)]",[],[],{},identity,identity,2,0.7838,0.7632,0.0206,250,0.0019,23093248,7.6389453431970304
1,imagenet-1k,imagenet-1k,google/vit-large-patch16-224,Adam,0.01,Linear,linear,,,256,5,"[(10, 11), (20, 21)]",[],[],{},identity,identity,2,0.7864,0.7667,0.0196999999999999,250,0.0019,23093248,7.6389453431970304
2,imagenet-1k,imagenet-1k,google/vit-large-patch16-224,Adam,0.01,Linear,linear,,,256,5,"[(10, 11), (20, 21)]",[],[],{},identity,identity,2,0.7835,0.7672,0.0162999999999999,250,0.0019,23093248,7.6389453431970304
3,imagenet-1k,imagenet-1k,google/vit-large-patch16-224,Adam,0.01,Linear,linear,,,256,5,"[(10, 11), (20, 21)]",[],[],{},identity,identity,2,0.7838,0.7644,0.0194,250,0.0019,23093248,7.6389453431970304
1,imagenet-1k,imagenet-1k,google/vit-large-patch16-224,Adam,0.01,Linear,linear,,,256,5,"[(11, 12), (21, 22)]",[],[],{},identity,identity,2,0.7864,0.7611,0.0252999999999999,250,0.0019,23093248,7.6389453431970304
2,imagenet-1k,imagenet-1k,google/vit-large-patch16-224,Adam,0.01,Linear,linear,,,256,5,"[(11, 12), (21, 22)]",[],[],{},identity,identity,2,0.7835,0.758,0.0254999999999999,250,0.0019,23093248,7.6389453431970304
3,imagenet-1k,imagenet-1k,google/vit-large-patch16-224,Adam,0.01,Linear,linear,,,256,5,"[(11, 12), (21, 22)]",[],[],{},identity,identity,2,0.7838,0.7639,0.0199,250,0.0019,23093248,7.6389453431970304
1,imagenet-1k,imagenet-1k,google/vit-large-patch16-224,Adam,0.01,Linear,linear,,,256,5,"[(12, 13), (22, 23)]",[],[],{},identity,identity,2,0.7864,0.7757,0.0107,250,0.0019,23093248,7.6389453431970304
2,imagenet-1k,imagenet-1k,google/vit-large-patch16-224,Adam,0.01,Linear,linear,,,256,5,"[(12, 13), (22, 23)]",[],[],{},identity,identity,2,0.7835,0.7743,0.0091999999999999,250,0.0019,23093248,7.6389453431970304
3,imagenet-1k,imagenet-1k,google/vit-large-patch16-224,Adam,0.01,Linear,linear,,,256,5,"[(12, 13), (22, 23)]",[],[],{},identity,identity,2,0.7838,0.7736,0.0102,250,0.0019,23093248,7.6389453431970304
1,imagenet-1k,imagenet-1k,google/vit-large-patch16-224,Adam,0.01,Linear,linear,,,256,5,"[(0, 1), (11, 12)]",[],[],{},identity,identity,2,0.7864,0.7586,0.0277999999999999,250,0.0019,23093248,7.6389453431970304
2,imagenet-1k,imagenet-1k,google/vit-large-patch16-224,Adam,0.01,Linear,linear,,,256,5,"[(0, 1), (11, 12)]",[],[],{},identity,identity,2,0.7835,0.7542,0.0292999999999999,250,0.0019,23093248,7.6389453431970304
3,imagenet-1k,imagenet-1k,google/vit-large-patch16-224,Adam,0.01,Linear,linear,,,256,5,"[(0, 1), (11, 12)]",[],[],{},identity,identity,2,0.7838,0.7565,0.0273000000000001,250,0.0019,23093248,7.6389453431970304
1,imagenet-1k,imagenet-1k,google/vit-large-patch16-224,Adam,0.01,Linear,linear,,,256,5,"[(1, 2), (12, 13)]",[],[],{},identity,identity,2,0.7864,0.7671,0.0192999999999999,250,0.0019,23093248,7.6389453431970304
2,imagenet-1k,imagenet-1k,google/vit-large-patch16-224,Adam,0.01,Linear,linear,,,256,5,"[(1, 2), (12, 13)]",[],[],{},identity,identity,2,0.7835,0.7719,0.0115999999999999,250,0.0019,23093248,7.6389453431970304
3,imagenet-1k,imagenet-1k,google/vit-large-patch16-224,Adam,0.01,Linear,linear,,,256,5,"[(1, 2), (12, 13)]",[],[],{},identity,identity,2,0.7838,0.7691,0.0147,250,0.0019,23093248,7.6389453431970304
1,imagenet-1k,imagenet-1k,google/vit-large-patch16-224,Adam,0.01,Linear,linear,,,256,5,"[(2, 3), (13, 14)]",[],[],{},identity,identity,2,0.7864,0.7731,0.0132999999999999,250,0.0019,23093248,7.6389453431970304
2,imagenet-1k,imagenet-1k,google/vit-large-patch16-224,Adam,0.01,Linear,linear,,,256,5,"[(2, 3), (13, 14)]",[],[],{},identity,identity,2,0.7835,0.7783,0.0051999999999999,250,0.0019,23093248,7.6389453431970304
3,imagenet-1k,imagenet-1k,google/vit-large-patch16-224,Adam,0.01,Linear,linear,,,256,5,"[(2, 3), (13, 14)]",[],[],{},identity,identity,2,0.7838,0.7694,0.0144,250,0.0019,23093248,7.6389453431970304
1,imagenet-1k,imagenet-1k,google/vit-large-patch16-224,Adam,0.01,Linear,linear,,,256,5,"[(3, 4), (14, 15)]",[],[],{},identity,identity,2,0.7864,0.7782,0.0081999999999999,250,0.0019,23093248,7.6389453431970304
2,imagenet-1k,imagenet-1k,google/vit-large-patch16-224,Adam,0.01,Linear,linear,,,256,5,"[(3, 4), (14, 15)]",[],[],{},identity,identity,2,0.7835,0.7767,0.0068,250,0.0019,23093248,7.6389453431970304
3,imagenet-1k,imagenet-1k,google/vit-large-patch16-224,Adam,0.01,Linear,linear,,,256,5,"[(3, 4), (14, 15)]",[],[],{},identity,identity,2,0.7838,0.7791,0.0047,250,0.0019,23093248,7.6389453431970304
1,imagenet-1k,imagenet-1k,google/vit-large-patch16-224,Adam,0.01,Linear,linear,,,256,5,"[(4, 5), (15, 16)]",[],[],{},identity,identity,2,0.7864,0.2122,0.5742,250,0.0019,23093248,7.6389453431970304
2,imagenet-1k,imagenet-1k,google/vit-large-patch16-224,Adam,0.01,Linear,linear,,,256,5,"[(4, 5), (15, 16)]",[],[],{},identity,identity,2,0.7835,0.2119,0.5716,250,0.0019,23093248,7.6389453431970304
3,imagenet-1k,imagenet-1k,google/vit-large-patch16-224,Adam,0.01,Linear,linear,,,256,5,"[(4, 5), (15, 16)]",[],[],{},identity,identity,2,0.7838,0.2117,0.5721,250,0.0019,23093248,7.6389453431970304
1,imagenet-1k,imagenet-1k,google/vit-large-patch16-224,Adam,0.01,Linear,linear,,,256,5,"[(5, 6), (16, 17)]",[],[],{},identity,identity,2,0.7864,0.1726,0.6138,250,0.0019,23093248,7.6389453431970304
2,imagenet-1k,imagenet-1k,google/vit-large-patch16-224,Adam,0.01,Linear,linear,,,256,5,"[(5, 6), (16, 17)]",[],[],{},identity,identity,2,0.7835,0.1766,0.6069,250,0.0019,23093248,7.6389453431970304
3,imagenet-1k,imagenet-1k,google/vit-large-patch16-224,Adam,0.01,Linear,linear,,,256,5,"[(5, 6), (16, 17)]",[],[],{},identity,identity,2,0.7838,0.166,0.6178,250,0.0019,23093248,7.6389453431970304
1,imagenet-1k,imagenet-1k,google/vit-large-patch16-224,Adam,0.01,Linear,linear,,,256,5,"[(6, 7), (17, 18)]",[],[],{},identity,identity,2,0.7864,0.7708,0.0155999999999999,250,0.0019,23093248,7.6389453431970304
2,imagenet-1k,imagenet-1k,google/vit-large-patch16-224,Adam,0.01,Linear,linear,,,256,5,"[(6, 7), (17, 18)]",[],[],{},identity,identity,2,0.7835,0.7709,0.0125999999999999,250,0.0019,23093248,7.6389453431970304
3,imagenet-1k,imagenet-1k,google/vit-large-patch16-224,Adam,0.01,Linear,linear,,,256,5,"[(6, 7), (17, 18)]",[],[],{},identity,identity,2,0.7838,0.7681,0.0157,250,0.0019,23093248,7.6389453431970304
1,imagenet-1k,imagenet-1k,google/vit-large-patch16-224,Adam,0.01,Linear,linear,,,256,5,"[(7, 8), (18, 19)]",[],[],{},identity,identity,2,0.7864,0.7637,0.0226999999999999,250,0.0019,23093248,7.6389453431970304
2,imagenet-1k,imagenet-1k,google/vit-large-patch16-224,Adam,0.01,Linear,linear,,,256,5,"[(7, 8), (18, 19)]",[],[],{},identity,identity,2,0.7835,0.7668,0.0166999999999999,250,0.0019,23093248,7.6389453431970304
3,imagenet-1k,imagenet-1k,google/vit-large-patch16-224,Adam,0.01,Linear,linear,,,256,5,"[(7, 8), (18, 19)]",[],[],{},identity,identity,2,0.7838,0.7649,0.0189,250,0.0019,23093248,7.6389453431970304
1,imagenet-1k,imagenet-1k,google/vit-large-patch16-224,Adam,0.01,Linear,linear,,,256,5,"[(8, 9), (19, 20)]",[],[],{},identity,identity,2,0.7864,0.7671,0.0192999999999999,250,0.0019,23093248,7.6389453431970304
2,imagenet-1k,imagenet-1k,google/vit-large-patch16-224,Adam,0.01,Linear,linear,,,256,5,"[(8, 9), (19, 20)]",[],[],{},identity,identity,2,0.7835,0.7603,0.0232,250,0.0019,23093248,7.6389453431970304
3,imagenet-1k,imagenet-1k,google/vit-large-patch16-224,Adam,0.01,Linear,linear,,,256,5,"[(8, 9), (19, 20)]",[],[],{},identity,identity,2,0.7838,0.7596,0.0242,250,0.0019,23093248,7.6389453431970304
1,imagenet-1k,imagenet-1k,google/vit-large-patch16-224,Adam,0.01,Linear,linear,,,256,5,"[(9, 10), (20, 21)]",[],[],{},identity,identity,2,0.7864,0.7625,0.0239,250,0.0019,23093248,7.6389453431970304
2,imagenet-1k,imagenet-1k,google/vit-large-patch16-224,Adam,0.01,Linear,linear,,,256,5,"[(9, 10), (20, 21)]",[],[],{},identity,identity,2,0.7835,0.7618,0.0216999999999999,250,0.0019,23093248,7.6389453431970304
3,imagenet-1k,imagenet-1k,google/vit-large-patch16-224,Adam,0.01,Linear,linear,,,256,5,"[(9, 10), (20, 21)]",[],[],{},identity,identity,2,0.7838,0.7585,0.0253000000000001,250,0.0019,23093248,7.6389453431970304
1,imagenet-1k,imagenet-1k,google/vit-large-patch16-224,Adam,0.01,Linear,linear,,,256,5,"[(10, 11), (21, 22)]",[],[],{},identity,identity,2,0.7864,0.76,0.0263999999999999,250,0.0019,23093248,7.6389453431970304
2,imagenet-1k,imagenet-1k,google/vit-large-patch16-224,Adam,0.01,Linear,linear,,,256,5,"[(10, 11), (21, 22)]",[],[],{},identity,identity,2,0.7835,0.7606,0.0228999999999999,250,0.0019,23093248,7.6389453431970304
3,imagenet-1k,imagenet-1k,google/vit-large-patch16-224,Adam,0.01,Linear,linear,,,256,5,"[(10, 11), (21, 22)]",[],[],{},identity,identity,2,0.7838,0.7647,0.0191,250,0.0019,23093248,7.6389453431970304
1,imagenet-1k,imagenet-1k,google/vit-large-patch16-224,Adam,0.01,Linear,linear,,,256,5,"[(11, 12), (22, 23)]",[],[],{},identity,identity,2,0.7864,0.7734,0.013,250,0.0019,23093248,7.6389453431970304
2,imagenet-1k,imagenet-1k,google/vit-large-patch16-224,Adam,0.01,Linear,linear,,,256,5,"[(11, 12), (22, 23)]",[],[],{},identity,identity,2,0.7835,0.7753,0.0081999999999999,250,0.0019,23093248,7.6389453431970304
3,imagenet-1k,imagenet-1k,google/vit-large-patch16-224,Adam,0.01,Linear,linear,,,256,5,"[(11, 12), (22, 23)]",[],[],{},identity,identity,2,0.7838,0.774,0.0098,250,0.0019,23093248,7.6389453431970304
1,imagenet-1k,imagenet-1k,google/vit-large-patch16-224,Adam,0.01,Linear,linear,,,256,5,"[(0, 1), (12, 13)]",[],[],{},identity,identity,2,0.7864,0.7606,0.0257999999999999,250,0.0019,23093248,7.6389453431970304
2,imagenet-1k,imagenet-1k,google/vit-large-patch16-224,Adam,0.01,Linear,linear,,,256,5,"[(0, 1), (12, 13)]",[],[],{},identity,identity,2,0.7835,0.7606,0.0228999999999999,250,0.0019,23093248,7.6389453431970304
3,imagenet-1k,imagenet-1k,google/vit-large-patch16-224,Adam,0.01,Linear,linear,,,256,5,"[(0, 1), (12, 13)]",[],[],{},identity,identity,2,0.7838,0.7613,0.0225,250,0.0019,23093248,7.6389453431970304
1,imagenet-1k,imagenet-1k,google/vit-large-patch16-224,Adam,0.01,Linear,linear,,,256,5,"[(1, 2), (13, 14)]",[],[],{},identity,identity,2,0.7864,0.7666,0.0198,250,0.0019,23093248,7.6389453431970304
2,imagenet-1k,imagenet-1k,google/vit-large-patch16-224,Adam,0.01,Linear,linear,,,256,5,"[(1, 2), (13, 14)]",[],[],{},identity,identity,2,0.7835,0.7721,0.0113999999999999,250,0.0019,23093248,7.6389453431970304
3,imagenet-1k,imagenet-1k,google/vit-large-patch16-224,Adam,0.01,Linear,linear,,,256,5,"[(1, 2), (13, 14)]",[],[],{},identity,identity,2,0.7838,0.7645,0.0193,250,0.0019,23093248,7.6389453431970304
1,imagenet-1k,imagenet-1k,google/vit-large-patch16-224,Adam,0.01,Linear,linear,,,256,5,"[(2, 3), (14, 15)]",[],[],{},identity,identity,2,0.7864,0.7754,0.011,250,0.0019,23093248,7.6389453431970304
2,imagenet-1k,imagenet-1k,google/vit-large-patch16-224,Adam,0.01,Linear,linear,,,256,5,"[(2, 3), (14, 15)]",[],[],{},identity,identity,2,0.7835,0.7725,0.011,250,0.0019,23093248,7.6389453431970304
3,imagenet-1k,imagenet-1k,google/vit-large-patch16-224,Adam,0.01,Linear,linear,,,256,5,"[(2, 3), (14, 15)]",[],[],{},identity,identity,2,0.7838,0.7711,0.0127,250,0.0019,23093248,7.6389453431970304
1,imagenet-1k,imagenet-1k,google/vit-large-patch16-224,Adam,0.01,Linear,linear,,,256,5,"[(3, 4), (15, 16)]",[],[],{},identity,identity,2,0.7864,0.7746,0.0118,250,0.0019,23093248,7.6389453431970304
2,imagenet-1k,imagenet-1k,google/vit-large-patch16-224,Adam,0.01,Linear,linear,,,256,5,"[(3, 4), (15, 16)]",[],[],{},identity,identity,2,0.7835,0.7776,0.0059,250,0.0019,23093248,7.6389453431970304
3,imagenet-1k,imagenet-1k,google/vit-large-patch16-224,Adam,0.01,Linear,linear,,,256,5,"[(3, 4), (15, 16)]",[],[],{},identity,identity,2,0.7838,0.7747,0.0090999999999999,250,0.0019,23093248,7.6389453431970304
1,imagenet-1k,imagenet-1k,google/vit-large-patch16-224,Adam,0.01,Linear,linear,,,256,5,"[(4, 5), (16, 17)]",[],[],{},identity,identity,2,0.7864,0.2077,0.5787,250,0.0019,23093248,7.6389453431970304
2,imagenet-1k,imagenet-1k,google/vit-large-patch16-224,Adam,0.01,Linear,linear,,,256,5,"[(4, 5), (16, 17)]",[],[],{},identity,identity,2,0.7835,0.21,0.5735,250,0.0019,23093248,7.6389453431970304
3,imagenet-1k,imagenet-1k,google/vit-large-patch16-224,Adam,0.01,Linear,linear,,,256,5,"[(4, 5), (16, 17)]",[],[],{},identity,identity,2,0.7838,0.2076,0.5762,250,0.0019,23093248,7.6389453431970304
1,imagenet-1k,imagenet-1k,google/vit-large-patch16-224,Adam,0.01,Linear,linear,,,256,5,"[(5, 6), (17, 18)]",[],[],{},identity,identity,2,0.7864,0.1612,0.6252,250,0.0019,23093248,7.6389453431970304
2,imagenet-1k,imagenet-1k,google/vit-large-patch16-224,Adam,0.01,Linear,linear,,,256,5,"[(5, 6), (17, 18)]",[],[],{},identity,identity,2,0.7835,0.166,0.6174999999999999,250,0.0019,23093248,7.6389453431970304
3,imagenet-1k,imagenet-1k,google/vit-large-patch16-224,Adam,0.01,Linear,linear,,,256,5,"[(5, 6), (17, 18)]",[],[],{},identity,identity,2,0.7838,0.1564,0.6274000000000001,250,0.0019,23093248,7.6389453431970304
1,imagenet-1k,imagenet-1k,google/vit-large-patch16-224,Adam,0.01,Linear,linear,,,256,5,"[(6, 7), (18, 19)]",[],[],{},identity,identity,2,0.7864,0.7641,0.0222999999999999,250,0.0019,23093248,7.6389453431970304
2,imagenet-1k,imagenet-1k,google/vit-large-patch16-224,Adam,0.01,Linear,linear,,,256,5,"[(6, 7), (18, 19)]",[],[],{},identity,identity,2,0.7835,0.7639,0.0195999999999999,250,0.0019,23093248,7.6389453431970304
3,imagenet-1k,imagenet-1k,google/vit-large-patch16-224,Adam,0.01,Linear,linear,,,256,5,"[(6, 7), (18, 19)]",[],[],{},identity,identity,2,0.7838,0.7641,0.0197,250,0.0019,23093248,7.6389453431970304
1,imagenet-1k,imagenet-1k,google/vit-large-patch16-224,Adam,0.01,Linear,linear,,,256,5,"[(7, 8), (19, 20)]",[],[],{},identity,identity,2,0.7864,0.7675,0.0189,250,0.0019,23093248,7.6389453431970304
2,imagenet-1k,imagenet-1k,google/vit-large-patch16-224,Adam,0.01,Linear,linear,,,256,5,"[(7, 8), (19, 20)]",[],[],{},identity,identity,2,0.7835,0.7656,0.0179,250,0.0019,23093248,7.6389453431970304
3,imagenet-1k,imagenet-1k,google/vit-large-patch16-224,Adam,0.01,Linear,linear,,,256,5,"[(7, 8), (19, 20)]",[],[],{},identity,identity,2,0.7838,0.7691,0.0147,250,0.0019,23093248,7.6389453431970304
1,imagenet-1k,imagenet-1k,google/vit-large-patch16-224,Adam,0.01,Linear,linear,,,256,5,"[(8, 9), (20, 21)]",[],[],{},identity,identity,2,0.7864,0.7668,0.0195999999999999,250,0.0019,23093248,7.6389453431970304
2,imagenet-1k,imagenet-1k,google/vit-large-patch16-224,Adam,0.01,Linear,linear,,,256,5,"[(8, 9), (20, 21)]",[],[],{},identity,identity,2,0.7835,0.7642,0.0192999999999999,250,0.0019,23093248,7.6389453431970304
3,imagenet-1k,imagenet-1k,google/vit-large-patch16-224,Adam,0.01,Linear,linear,,,256,5,"[(8, 9), (20, 21)]",[],[],{},identity,identity,2,0.7838,0.7648,0.019,250,0.0019,23093248,7.6389453431970304
1,imagenet-1k,imagenet-1k,google/vit-large-patch16-224,Adam,0.01,Linear,linear,,,256,5,"[(9, 10), (21, 22)]",[],[],{},identity,identity,2,0.7864,0.7585,0.0279,250,0.0019,23093248,7.6389453431970304
2,imagenet-1k,imagenet-1k,google/vit-large-patch16-224,Adam,0.01,Linear,linear,,,256,5,"[(9, 10), (21, 22)]",[],[],{},identity,identity,2,0.7835,0.7666,0.0169,250,0.0019,23093248,7.6389453431970304
3,imagenet-1k,imagenet-1k,google/vit-large-patch16-224,Adam,0.01,Linear,linear,,,256,5,"[(9, 10), (21, 22)]",[],[],{},identity,identity,2,0.7838,0.7635,0.0203,250,0.0019,23093248,7.6389453431970304
1,imagenet-1k,imagenet-1k,google/vit-large-patch16-224,Adam,0.01,Linear,linear,,,256,5,"[(10, 11), (22, 23)]",[],[],{},identity,identity,2,0.7864,0.7674,0.019,250,0.0019,23093248,7.6389453431970304
2,imagenet-1k,imagenet-1k,google/vit-large-patch16-224,Adam,0.01,Linear,linear,,,256,5,"[(10, 11), (22, 23)]",[],[],{},identity,identity,2,0.7835,0.7751,0.0083999999999999,250,0.0019,23093248,7.6389453431970304
3,imagenet-1k,imagenet-1k,google/vit-large-patch16-224,Adam,0.01,Linear,linear,,,256,5,"[(10, 11), (22, 23)]",[],[],{},identity,identity,2,0.7838,0.7712,0.0126,250,0.0019,23093248,7.6389453431970304
1,imagenet-1k,imagenet-1k,google/vit-large-patch16-224,Adam,0.01,Linear,linear,,,256,5,"[(0, 1), (13, 14)]",[],[],{},identity,identity,2,0.7864,0.76,0.0263999999999999,250,0.0019,23093248,7.6389453431970304
2,imagenet-1k,imagenet-1k,google/vit-large-patch16-224,Adam,0.01,Linear,linear,,,256,5,"[(0, 1), (13, 14)]",[],[],{},identity,identity,2,0.7835,0.7598,0.0236999999999999,250,0.0019,23093248,7.6389453431970304
3,imagenet-1k,imagenet-1k,google/vit-large-patch16-224,Adam,0.01,Linear,linear,,,256,5,"[(0, 1), (13, 14)]",[],[],{},identity,identity,2,0.7838,0.7578,0.026,250,0.0019,23093248,7.6389453431970304
1,imagenet-1k,imagenet-1k,google/vit-large-patch16-224,Adam,0.01,Linear,linear,,,256,5,"[(1, 2), (14, 15)]",[],[],{},identity,identity,2,0.7864,0.77,0.0163999999999999,250,0.0019,23093248,7.6389453431970304
2,imagenet-1k,imagenet-1k,google/vit-large-patch16-224,Adam,0.01,Linear,linear,,,256,5,"[(1, 2), (14, 15)]",[],[],{},identity,identity,2,0.7835,0.7696,0.0139,250,0.0019,23093248,7.6389453431970304
3,imagenet-1k,imagenet-1k,google/vit-large-patch16-224,Adam,0.01,Linear,linear,,,256,5,"[(1, 2), (14, 15)]",[],[],{},identity,identity,2,0.7838,0.7666,0.0172000000000001,250,0.0019,23093248,7.6389453431970304
1,imagenet-1k,imagenet-1k,google/vit-large-patch16-224,Adam,0.01,Linear,linear,,,256,5,"[(2, 3), (15, 16)]",[],[],{},identity,identity,2,0.7864,0.7695,0.0169,250,0.0019,23093248,7.6389453431970304
2,imagenet-1k,imagenet-1k,google/vit-large-patch16-224,Adam,0.01,Linear,linear,,,256,5,"[(2, 3), (15, 16)]",[],[],{},identity,identity,2,0.7835,0.7746,0.0089,250,0.0019,23093248,7.6389453431970304
3,imagenet-1k,imagenet-1k,google/vit-large-patch16-224,Adam,0.01,Linear,linear,,,256,5,"[(2, 3), (15, 16)]",[],[],{},identity,identity,2,0.7838,0.766,0.0178,250,0.0019,23093248,7.6389453431970304
1,imagenet-1k,imagenet-1k,google/vit-large-patch16-224,Adam,0.01,Linear,linear,,,256,5,"[(3, 4), (16, 17)]",[],[],{},identity,identity,2,0.7864,0.7757,0.0107,250,0.0019,23093248,7.6389453431970304
2,imagenet-1k,imagenet-1k,google/vit-large-patch16-224,Adam,0.01,Linear,linear,,,256,5,"[(3, 4), (16, 17)]",[],[],{},identity,identity,2,0.7835,0.7765,0.007,250,0.0019,23093248,7.6389453431970304
3,imagenet-1k,imagenet-1k,google/vit-large-patch16-224,Adam,0.01,Linear,linear,,,256,5,"[(3, 4), (16, 17)]",[],[],{},identity,identity,2,0.7838,0.7694,0.0144,250,0.0019,23093248,7.6389453431970304
1,imagenet-1k,imagenet-1k,google/vit-large-patch16-224,Adam,0.01,Linear,linear,,,256,5,"[(4, 5), (17, 18)]",[],[],{},identity,identity,2,0.7864,0.2069,0.5795,250,0.0019,23093248,7.6389453431970304
2,imagenet-1k,imagenet-1k,google/vit-large-patch16-224,Adam,0.01,Linear,linear,,,256,5,"[(4, 5), (17, 18)]",[],[],{},identity,identity,2,0.7835,0.208,0.5755,250,0.0019,23093248,7.6389453431970304
3,imagenet-1k,imagenet-1k,google/vit-large-patch16-224,Adam,0.01,Linear,linear,,,256,5,"[(4, 5), (17, 18)]",[],[],{},identity,identity,2,0.7838,0.2077,0.5761000000000001,250,0.0019,23093248,7.6389453431970304
1,imagenet-1k,imagenet-1k,google/vit-large-patch16-224,Adam,0.01,Linear,linear,,,256,5,"[(5, 6), (18, 19)]",[],[],{},identity,identity,2,0.7864,0.1602,0.6262,250,0.0019,23093248,7.6389453431970304
2,imagenet-1k,imagenet-1k,google/vit-large-patch16-224,Adam,0.01,Linear,linear,,,256,5,"[(5, 6), (18, 19)]",[],[],{},identity,identity,2,0.7835,0.1614,0.6221,250,0.0019,23093248,7.6389453431970304
3,imagenet-1k,imagenet-1k,google/vit-large-patch16-224,Adam,0.01,Linear,linear,,,256,5,"[(5, 6), (18, 19)]",[],[],{},identity,identity,2,0.7838,0.1552,0.6286,250,0.0019,23093248,7.6389453431970304
1,imagenet-1k,imagenet-1k,google/vit-large-patch16-224,Adam,0.01,Linear,linear,,,256,5,"[(6, 7), (19, 20)]",[],[],{},identity,identity,2,0.7864,0.7643,0.0221,250,0.0019,23093248,7.6389453431970304
2,imagenet-1k,imagenet-1k,google/vit-large-patch16-224,Adam,0.01,Linear,linear,,,256,5,"[(6, 7), (19, 20)]",[],[],{},identity,identity,2,0.7835,0.766,0.0174999999999999,250,0.0019,23093248,7.6389453431970304
3,imagenet-1k,imagenet-1k,google/vit-large-patch16-224,Adam,0.01,Linear,linear,,,256,5,"[(6, 7), (19, 20)]",[],[],{},identity,identity,2,0.7838,0.7615,0.0223,250,0.0019,23093248,7.6389453431970304
1,imagenet-1k,imagenet-1k,google/vit-large-patch16-224,Adam,0.01,Linear,linear,,,256,5,"[(7, 8), (20, 21)]",[],[],{},identity,identity,2,0.7864,0.7667,0.0196999999999999,250,0.0019,23093248,7.6389453431970304
2,imagenet-1k,imagenet-1k,google/vit-large-patch16-224,Adam,0.01,Linear,linear,,,256,5,"[(7, 8), (20, 21)]",[],[],{},identity,identity,2,0.7835,0.77,0.0134999999999999,250,0.0019,23093248,7.6389453431970304
3,imagenet-1k,imagenet-1k,google/vit-large-patch16-224,Adam,0.01,Linear,linear,,,256,5,"[(7, 8), (20, 21)]",[],[],{},identity,identity,2,0.7838,0.7695,0.0143,250,0.0019,23093248,7.6389453431970304
1,imagenet-1k,imagenet-1k,google/vit-large-patch16-224,Adam,0.01,Linear,linear,,,256,5,"[(8, 9), (21, 22)]",[],[],{},identity,identity,2,0.7864,0.76,0.0263999999999999,250,0.0019,23093248,7.6389453431970304
2,imagenet-1k,imagenet-1k,google/vit-large-patch16-224,Adam,0.01,Linear,linear,,,256,5,"[(8, 9), (21, 22)]",[],[],{},identity,identity,2,0.7835,0.7663,0.0171999999999999,250,0.0019,23093248,7.6389453431970304
3,imagenet-1k,imagenet-1k,google/vit-large-patch16-224,Adam,0.01,Linear,linear,,,256,5,"[(8, 9), (21, 22)]",[],[],{},identity,identity,2,0.7838,0.7665,0.0173,250,0.0019,23093248,7.6389453431970304
1,imagenet-1k,imagenet-1k,google/vit-large-patch16-224,Adam,0.01,Linear,linear,,,256,5,"[(9, 10), (22, 23)]",[],[],{},identity,identity,2,0.7864,0.7741,0.0122999999999999,250,0.0019,23093248,7.6389453431970304
2,imagenet-1k,imagenet-1k,google/vit-large-patch16-224,Adam,0.01,Linear,linear,,,256,5,"[(9, 10), (22, 23)]",[],[],{},identity,identity,2,0.7835,0.7723,0.0111999999999999,250,0.0019,23093248,7.6389453431970304
3,imagenet-1k,imagenet-1k,google/vit-large-patch16-224,Adam,0.01,Linear,linear,,,256,5,"[(9, 10), (22, 23)]",[],[],{},identity,identity,2,0.7838,0.7721,0.011700000000000044,250,0.0019,23093248,7.6389453431970304
