model,dataset,shape,cka_screened_fit,approx_layer_str,cka,block_drop_sum,cka_safe,actual_delta_acc,predicted_delta_acc_in_sample,predicted_delta_acc_loo_cv,residual_loo_cv,cka_1,cka_2
facebook/deit-base-patch16-224,cifar100,contiguous,False,"[(0, 2)]",0.854781448841095,0.01873333333333327,True,0.03499999999999992,0.044704227578705055,0.04656142608418037,-0.011561426084180447,,
facebook/deit-base-patch16-224,cifar100,contiguous,False,"[(1, 3)]",0.8491140604019165,0.031033333333333135,True,0.06919999999999993,0.0608565988055082,0.05960647148542786,0.00959352851457207,,
facebook/deit-base-patch16-224,cifar100,contiguous,False,"[(2, 4)]",0.8145501017570496,0.04609999999999981,True,0.0738333333333332,0.08041349523565068,0.0834034646052603,-0.009570131271927101,,
facebook/deit-base-patch16-224,cifar100,contiguous,False,"[(3, 5)]",0.32130447030067444,0.048799999999999955,False,0.07876666666666665,0.0798861563947225,0.0812291516661825,-0.002462484999515846,,
facebook/deit-base-patch16-224,cifar100,contiguous,False,"[(4, 6)]",0.3740924298763275,0.04806666666666648,False,0.08136666666666659,0.07935734454318168,0.07775897643152081,0.0036076902351457746,,
facebook/deit-base-patch16-224,cifar100,contiguous,False,"[(5, 7)]",0.8406212329864502,0.04049999999999976,True,0.07713333333333328,0.07325403661865382,0.07208897141352784,0.005044361919805437,,
facebook/deit-base-patch16-224,cifar100,contiguous,False,"[(6, 8)]",0.9266098141670227,0.03376666666666661,True,0.0679333333333334,0.0650979807415476,0.06422286825034557,0.003710465082987835,,
facebook/deit-base-patch16-224,cifar100,contiguous,False,"[(7, 9)]",0.8709887266159058,0.027966666666666695,True,0.05356666666666654,0.05699883894893806,0.05751979731010017,-0.003953130643433632,,
facebook/deit-base-patch16-224,cifar100,contiguous,False,"[(8, 10)]",0.8589127063751221,0.014599999999999946,True,0.04133333333333333,0.039294764539119315,0.03874378620979133,0.0025895471235420006,,
facebook/deit-base-patch16-224,cifar100,contiguous,False,"[(9, 11)]",0.8834910988807678,-0.0013666666666668492,True,0.020199999999999996,0.018469889927306006,0.015908717343200086,0.00429128265679991,,
facebook/deit-base-patch16-224,cifar100,contiguous,True,"[(0, 2)]",0.854781448841095,0.01873333333333327,True,0.03499999999999992,0.04392765491095698,0.0460195605254588,-0.011019560525458882,,
facebook/deit-base-patch16-224,cifar100,contiguous,True,"[(1, 3)]",0.8491140604019165,0.031033333333333135,True,0.06919999999999993,0.06017064149836061,0.0585533389672454,0.01064666103275453,,
facebook/deit-base-patch16-224,cifar100,contiguous,True,"[(2, 4)]",0.8145501017570496,0.04609999999999981,True,0.0738333333333332,0.07832948146217714,0.08315474937824235,-0.009321416044909159,,
facebook/deit-base-patch16-224,cifar100,contiguous,True,"[(5, 7)]",0.8406212329864502,0.04049999999999976,True,0.07713333333333328,0.0724121369232136,0.07072765265928015,0.00640568067405313,,
facebook/deit-base-patch16-224,cifar100,contiguous,True,"[(6, 8)]",0.9266098141670227,0.03376666666666661,True,0.0679333333333334,0.06873477102396641,0.0761973383133977,-0.008264004980064299,,
facebook/deit-base-patch16-224,cifar100,contiguous,True,"[(7, 9)]",0.8709887266159058,0.027966666666666695,True,0.05356666666666654,0.05740816566100366,0.05803958478622181,-0.004472918119555268,,
facebook/deit-base-patch16-224,cifar100,contiguous,True,"[(8, 10)]",0.8589127063751221,0.014599999999999946,True,0.04133333333333333,0.03860939568610924,0.03776862781937373,0.0035647055139596054,,
facebook/deit-base-patch16-224,cifar100,contiguous,True,"[(9, 11)]",0.8834910988807678,-0.0013666666666668492,True,0.020199999999999996,0.018607752834212295,0.01624320674321726,0.003956793256782734,,
facebook/deit-base-patch16-224,dermamnist,contiguous,False,"[(0, 2)]",0.8932756781578064,-0.0048212801330008714,True,-0.0016625103906898753,-0.00205105774139703,-0.0021094331018221006,0.00044692271113222536,,
facebook/deit-base-patch16-224,dermamnist,contiguous,False,"[(1, 3)]",0.8650048971176147,-0.008146300914380844,True,-0.007980049875311757,-0.004302039750228838,-0.0036665069885441917,-0.004313542886767565,,
facebook/deit-base-patch16-224,dermamnist,contiguous,False,"[(2, 4)]",0.7345855832099915,-0.013798836242726598,True,-0.009143807148794703,-0.008529930223335931,-0.008264965543338675,-0.0008788416054560273,,
facebook/deit-base-patch16-224,dermamnist,contiguous,False,"[(3, 5)]",0.25938838720321655,-0.014962593516209544,False,-0.010972568578553665,-0.011584546978128484,-0.012824310850988889,0.0018517422724352237,,
facebook/deit-base-patch16-224,dermamnist,contiguous,False,"[(4, 6)]",0.4778963029384613,-0.004987531172069959,False,-0.004488778054862919,-0.004180287942314521,-0.003931853342025917,-0.0005569247128370015,,
facebook/deit-base-patch16-224,dermamnist,contiguous,False,"[(5, 7)]",0.8044310212135315,-0.009642560266001854,True,-0.0048212801330008714,-0.005548098169790636,-0.005677312541385508,0.0008560324083846365,,
facebook/deit-base-patch16-224,dermamnist,contiguous,False,"[(6, 8)]",0.9334381818771362,-0.01130507065669173,True,-0.003158769742310885,-0.005976254146952249,-0.0075614907915542,0.004402721049243315,,
facebook/deit-base-patch16-224,dermamnist,contiguous,False,"[(7, 9)]",0.9361196160316467,-0.00199501246882805,True,-0.00199501246882805,-4.606961923905861e-05,0.00041084547244435356,-0.0024058579412724037,,
facebook/deit-base-patch16-224,dermamnist,contiguous,False,"[(8, 10)]",0.9102481007575989,-0.0008312551953451042,True,0.0,0.0005675345886356001,0.0007308722388383879,-0.0007308722388383879,,
facebook/deit-base-patch16-224,dermamnist,contiguous,False,"[(9, 11)]",0.9332978129386902,0.0021612635078968045,True,0.005153782211138824,0.0025817558015372483,0.0010016262767283436,0.004152155934410481,,
facebook/deit-base-patch16-224,dermamnist,contiguous,True,"[(0, 2)]",0.8932756781578064,-0.0048212801330008714,True,-0.0016625103906898753,-0.0019942612137464795,-0.002045455926005097,0.0003829455353152218,,
facebook/deit-base-patch16-224,dermamnist,contiguous,True,"[(1, 3)]",0.8650048971176147,-0.008146300914380844,True,-0.007980049875311757,-0.004310835221044763,-0.0036705906564615046,-0.004309459218850252,,
facebook/deit-base-patch16-224,dermamnist,contiguous,True,"[(2, 4)]",0.7345855832099915,-0.013798836242726598,True,-0.009143807148794703,-0.009537166711809052,-0.010333127633652057,0.0011893204848573546,,
facebook/deit-base-patch16-224,dermamnist,contiguous,True,"[(5, 7)]",0.8044310212135315,-0.009642560266001854,True,-0.0048212801330008714,-0.006101734707102512,-0.006564910392965986,0.001743630259965115,,
facebook/deit-base-patch16-224,dermamnist,contiguous,True,"[(6, 8)]",0.9334381818771362,-0.01130507065669173,True,-0.003158769742310885,-0.005021165955412762,-0.014986645153480818,0.011827875411169933,,
facebook/deit-base-patch16-224,dermamnist,contiguous,True,"[(7, 9)]",0.9361196160316467,-0.00199501246882805,True,-0.00199501246882805,0.00026908808313442015,0.0009384671799239769,-0.002933479648752027,,
facebook/deit-base-patch16-224,dermamnist,contiguous,True,"[(8, 10)]",0.9102481007575989,-0.0008312551953451042,True,0.0,0.000520477682045134,0.000703442077347724,-0.000703442077347724,,
facebook/deit-base-patch16-224,dermamnist,contiguous,True,"[(9, 11)]",0.9332978129386902,0.0021612635078968045,True,0.005153782211138824,0.0025679504961429057,0.0004349051691826672,0.004718877041956157,,
facebook/deit-base-patch16-224,imagenet-1k,contiguous,False,"[(0, 2)]",0.8747473955154419,0.031199999999999672,True,0.05386666666666662,0.06753882656531027,0.07097023333086504,-0.01710356666419842,,
facebook/deit-base-patch16-224,imagenet-1k,contiguous,False,"[(1, 3)]",0.9010348320007324,0.02066666666666639,True,0.04606666666666659,0.0486947952804709,0.049681327385934435,-0.0036146607192678454,,
facebook/deit-base-patch16-224,imagenet-1k,contiguous,False,"[(2, 4)]",0.8791826963424683,0.020166666666666555,True,0.04376666666666651,0.04811348231082565,0.04958514680255012,-0.005818480135883611,,
facebook/deit-base-patch16-224,imagenet-1k,contiguous,False,"[(3, 5)]",0.4114774167537689,0.012433333333333185,False,0.03903333333333325,0.040881288328833004,0.04201808139220001,-0.002984748058866754,,
facebook/deit-base-patch16-224,imagenet-1k,contiguous,False,"[(4, 6)]",0.27837055921554565,0.016799999999999926,False,0.0512999999999999,0.050350088068097446,0.04888521799539998,0.002414782004599922,,
facebook/deit-base-patch16-224,imagenet-1k,contiguous,False,"[(5, 7)]",0.7649721503257751,0.03149999999999997,True,0.07889999999999997,0.06955367247191735,0.06809420396660681,0.010805796033393156,,
facebook/deit-base-patch16-224,imagenet-1k,contiguous,False,"[(6, 8)]",0.8999144434928894,0.05933333333333324,True,0.1258999999999999,0.11657598420964538,0.11474430415771074,0.011155695842289162,,
facebook/deit-base-patch16-224,imagenet-1k,contiguous,False,"[(7, 9)]",0.7901331782341003,0.10783333333333311,True,0.22176666666666656,0.20318938985165488,0.1963299163349764,0.025436750331690156,,
facebook/deit-base-patch16-224,imagenet-1k,contiguous,False,"[(8, 10)]",0.7503988742828369,0.1365666666666664,True,0.23533333333333317,0.2541595533601981,0.27444368301690636,-0.03911034968357319,,
facebook/deit-base-patch16-224,imagenet-1k,contiguous,False,"[(9, 11)]",0.8174431920051575,0.09466666666666634,True,0.18283333333333318,0.17970958621971306,0.17893612951294008,0.0038972038203931025,,
facebook/deit-base-patch16-224,imagenet-1k,contiguous,True,"[(0, 2)]",0.8747473955154419,0.031199999999999672,True,0.05386666666666662,0.06753362579625384,0.07104506265274108,-0.017178395986074457,,
facebook/deit-base-patch16-224,imagenet-1k,contiguous,True,"[(1, 3)]",0.9010348320007324,0.02066666666666639,True,0.04606666666666659,0.048391268593127104,0.049405976744414076,-0.003339310077747487,,
facebook/deit-base-patch16-224,imagenet-1k,contiguous,True,"[(2, 4)]",0.8791826963424683,0.020166666666666555,True,0.04376666666666651,0.048258937377173745,0.04980546891592918,-0.006038802249262669,,
facebook/deit-base-patch16-224,imagenet-1k,contiguous,True,"[(5, 7)]",0.7649721503257751,0.03149999999999997,True,0.07889999999999997,0.07174289716147232,0.03381654371255419,0.04508345628744578,,
facebook/deit-base-patch16-224,imagenet-1k,contiguous,True,"[(6, 8)]",0.8999144434928894,0.05933333333333324,True,0.1258999999999999,0.11545530000905627,0.10892187285818322,0.01697812714181668,,
facebook/deit-base-patch16-224,imagenet-1k,contiguous,True,"[(7, 9)]",0.7901331782341003,0.10783333333333311,True,0.22176666666666656,0.20321662111229824,0.19634092620046167,0.025425740466204882,,
facebook/deit-base-patch16-224,imagenet-1k,contiguous,True,"[(8, 10)]",0.7503988742828369,0.1365666666666664,True,0.23533333333333317,0.2543595128257958,0.2760295198219613,-0.040696186488628106,,
facebook/deit-base-patch16-224,imagenet-1k,contiguous,True,"[(9, 11)]",0.8174431920051575,0.09466666666666634,True,0.18283333333333318,0.1794751704581552,0.1786004110952344,0.004232922238098791,,
facebook/deit-base-patch16-224,pneumoniamnist,contiguous,False,"[(0, 2)]",0.9067456126213074,-0.009081196581196438,True,-0.007478632478632452,-0.011636278952614203,-0.012456829738520185,0.004978197259887733,,
facebook/deit-base-patch16-224,pneumoniamnist,contiguous,False,"[(1, 3)]",0.8834157586097717,-0.004273504273504036,True,-0.01602564102564097,-0.0044544218696609544,-0.0028069837306265444,-0.013218657295014424,,
facebook/deit-base-patch16-224,pneumoniamnist,contiguous,False,"[(2, 4)]",0.7973421812057495,-0.013354700854700696,True,-0.020299145299145227,-0.010941884141134603,-0.009586599318449192,-0.010712545980696035,,
facebook/deit-base-patch16-224,pneumoniamnist,contiguous,False,"[(3, 5)]",0.30580955743789673,-0.030982905982905873,False,-0.004273504273504258,-0.005888695889962756,-0.0077445323066379634,0.003471028033133705,,
facebook/deit-base-patch16-224,pneumoniamnist,contiguous,False,"[(4, 6)]",0.3765315115451813,-0.029914529914529808,False,-0.008012820512820373,-0.008421213346945178,-0.00871645547424215,0.0007036349614217771,,
facebook/deit-base-patch16-224,pneumoniamnist,contiguous,False,"[(5, 7)]",0.7753275036811829,-0.0064102564102561654,True,0.002136752136752129,-0.0012035738886771868,-0.0017223785846915626,0.003859130721443692,,
facebook/deit-base-patch16-224,pneumoniamnist,contiguous,False,"[(6, 8)]",0.946837306022644,-0.0005341880341876992,True,-0.009615384615384581,-0.003304895436548494,-0.0020637516676665704,-0.007551632947718011,,
facebook/deit-base-patch16-224,pneumoniamnist,contiguous,False,"[(7, 9)]",0.9615597724914551,-0.015491452991452825,True,-0.018162393162393098,-0.02250153031359517,-0.026689146155541035,0.008526752993147937,,
facebook/deit-base-patch16-224,pneumoniamnist,contiguous,False,"[(8, 10)]",0.9362581968307495,-0.0064102564102563875,True,-0.0016025641025639858,-0.00995646378486318,-0.011570824909147508,0.009968260806583522,,
facebook/deit-base-patch16-224,pneumoniamnist,contiguous,False,"[(9, 11)]",0.9268630146980286,0.012820512820512997,True,0.019230769230769384,0.014206393521438543,0.003631375861841181,0.015599393368928204,,
facebook/deit-base-patch16-224,pneumoniamnist,contiguous,True,"[(0, 2)]",0.9067456126213074,-0.009081196581196438,True,-0.007478632478632452,-0.011530420693288475,-0.012334429054893882,0.00485579657626143,,
facebook/deit-base-patch16-224,pneumoniamnist,contiguous,True,"[(1, 3)]",0.8834157586097717,-0.004273504273504036,True,-0.01602564102564097,-0.004945829349894355,-0.003284136522063639,-0.01274150450357733,,
facebook/deit-base-patch16-224,pneumoniamnist,contiguous,True,"[(2, 4)]",0.7973421812057495,-0.013354700854700696,True,-0.020299145299145227,-0.014613971746097604,-0.010074645468839384,-0.010224499830305843,,
facebook/deit-base-patch16-224,pneumoniamnist,contiguous,True,"[(5, 7)]",0.7753275036811829,-0.0064102564102561654,True,0.002136752136752129,-0.005351532405351526,-0.013972473168260072,0.0161092253050122,,
facebook/deit-base-patch16-224,pneumoniamnist,contiguous,True,"[(6, 8)]",0.946837306022644,-0.0005341880341876992,True,-0.009615384615384581,-0.0015602366293112416,0.0009148539077164508,-0.010530238523101032,,
facebook/deit-base-patch16-224,pneumoniamnist,contiguous,True,"[(7, 9)]",0.9615597724914551,-0.015491452991452825,True,-0.018162393162393098,-0.02081437848673965,-0.024149460982871115,0.0059870678204780176,,
facebook/deit-base-patch16-224,pneumoniamnist,contiguous,True,"[(8, 10)]",0.9362581968307495,-0.0064102564102563875,True,-0.0016025641025639858,-0.00877615840445457,-0.01050281528478824,0.008900251182224254,,
facebook/deit-base-patch16-224,pneumoniamnist,contiguous,True,"[(9, 11)]",0.9268630146980286,0.012820512820512997,True,0.019230769230769384,0.015776288398898535,0.006005777509412197,0.013224991721357188,,
facebook/deit-small-patch16-224,cifar100,contiguous,False,"[(0, 2)]",0.7154413461685181,0.15860000000000007,True,0.22460000000000008,0.2169338607097295,0.19139356475798358,0.0332064352420165,,
facebook/deit-small-patch16-224,cifar100,contiguous,False,"[(1, 3)]",0.6414890885353088,0.0824666666666668,True,0.09283333333333332,0.11614054338339364,0.1233442939580276,-0.030510960624694272,,
facebook/deit-small-patch16-224,cifar100,contiguous,False,"[(2, 4)]",0.4340918958187103,0.02410000000000012,False,0.04569999999999996,0.0370690872351515,0.00835916942510019,0.03734083057489977,,
facebook/deit-small-patch16-224,cifar100,contiguous,False,"[(3, 5)]",0.7101641297340393,0.027700000000000058,True,0.04830000000000001,0.04508993511541402,0.044498334891909117,0.003801665108090893,,
facebook/deit-small-patch16-224,cifar100,contiguous,False,"[(4, 6)]",0.9328395128250122,0.042366666666666775,True,0.07653333333333334,0.06699603550344577,0.06492578247203129,0.011607550861302052,,
facebook/deit-small-patch16-224,cifar100,contiguous,False,"[(5, 7)]",0.9156127572059631,0.030566666666666742,True,0.04976666666666674,0.051305117111358274,0.05156263663544235,-0.0017959699687756098,,
facebook/deit-small-patch16-224,cifar100,contiguous,False,"[(6, 8)]",0.9060594439506531,0.009399999999999964,True,0.024333333333333318,0.023413889510137686,0.023258671388071094,0.0010746619452622237,,
facebook/deit-small-patch16-224,cifar100,contiguous,False,"[(7, 9)]",0.9175431728363037,0.0037333333333333663,True,0.01550000000000007,0.016114612237494854,0.016231854786070372,-0.0007318547860703031,,
facebook/deit-small-patch16-224,cifar100,contiguous,False,"[(8, 10)]",0.9526458382606506,-0.0072666666666666435,True,-0.00046666666666661527,0.0020983981962378853,0.002768600804200968,-0.003235267470867583,,
facebook/deit-small-patch16-224,cifar100,contiguous,False,"[(9, 11)]",0.9663639664649963,-0.014066666666666672,True,-0.008599999999999941,-0.006661479002362004,-0.006060169582058443,-0.002539830417941498,,
facebook/deit-small-patch16-224,cifar100,contiguous,True,"[(0, 2)]",0.7154413461685181,0.15860000000000007,True,0.22460000000000008,0.22070391886074642,0.20373871875923744,0.02086128124076264,,
facebook/deit-small-patch16-224,cifar100,contiguous,True,"[(1, 3)]",0.6414890885353088,0.0824666666666668,True,0.09283333333333332,0.10691500530539853,0.12100727483560535,-0.028173941502272024,,
facebook/deit-small-patch16-224,cifar100,contiguous,True,"[(3, 5)]",0.7101641297340393,0.027700000000000058,True,0.04830000000000001,0.034215971164718556,0.018804317686717142,0.029495682313282867,,
facebook/deit-small-patch16-224,cifar100,contiguous,True,"[(4, 6)]",0.9328395128250122,0.042366666666666775,True,0.07653333333333334,0.07179424522716897,0.07021631716126062,0.006317016172072726,,
facebook/deit-small-patch16-224,cifar100,contiguous,True,"[(5, 7)]",0.9156127572059631,0.030566666666666742,True,0.04976666666666674,0.053724899999282996,0.05448759214384266,-0.004720925477175925,,
facebook/deit-small-patch16-224,cifar100,contiguous,True,"[(6, 8)]",0.9060594439506531,0.009399999999999964,True,0.024333333333333318,0.022916049433605826,0.022675296920010447,0.0016580364133228706,,
facebook/deit-small-patch16-224,cifar100,contiguous,True,"[(7, 9)]",0.9175431728363037,0.0037333333333333663,True,0.01550000000000007,0.015722813319287515,0.01576546743223669,-0.0002654674322366199,,
facebook/deit-small-patch16-224,cifar100,contiguous,True,"[(8, 10)]",0.9526458382606506,-0.0072666666666666435,True,-0.00046666666666661527,0.0027218317897613684,0.0035610522004072345,-0.00402771886707385,,
facebook/deit-small-patch16-224,cifar100,contiguous,True,"[(9, 11)]",0.9663639664649963,-0.014066666666666672,True,-0.008599999999999941,-0.0059147350999707304,-0.005073799719171532,-0.0035262002808284093,,
facebook/deit-small-patch16-224,dermamnist,contiguous,False,"[(0, 2)]",0.7078908085823059,-0.012136325852036611,True,-0.013466334164588534,-0.014399040624553897,-0.01803039657813423,0.004564062413545695,,
facebook/deit-small-patch16-224,dermamnist,contiguous,False,"[(1, 3)]",0.520904004573822,-0.0036575228595179254,False,-0.003823773898586902,-0.004923278408514927,-0.005785219390715146,0.0019614454921282444,,
facebook/deit-small-patch16-224,dermamnist,contiguous,False,"[(2, 4)]",0.46767258644104004,-0.005818786367414841,False,-0.00831255195344971,-0.007163098567019244,-0.005974145042811435,-0.0023384069106382743,,
facebook/deit-small-patch16-224,dermamnist,contiguous,False,"[(3, 5)]",0.8100075721740723,-0.0006650041562760167,True,-0.002660016625103956,-0.0021968109933912195,-0.002143330625075412,-0.0005166860000285437,,
facebook/deit-small-patch16-224,dermamnist,contiguous,False,"[(4, 6)]",0.9650177955627441,0.0006650041562760167,True,-0.0006650041562759057,-0.0010311955818292531,-0.001132525082488621,0.0004675209262127154,,
facebook/deit-small-patch16-224,dermamnist,contiguous,False,"[(5, 7)]",0.9528174996376038,0.002327514546965892,True,-0.001163757273482946,0.0007842267786248081,0.0011393597210045665,-0.0023031169944875123,,
facebook/deit-small-patch16-224,dermamnist,contiguous,False,"[(6, 8)]",0.9283744692802429,0.0056525353283456425,True,0.003823773898586902,0.004415145348169709,0.004553637183695123,-0.0007298632851082208,,
facebook/deit-small-patch16-224,dermamnist,contiguous,False,"[(7, 9)]",0.9457303285598755,0.00581878636741473,True,0.004322527015793831,0.00456436307130164,0.004621748305307085,-0.0002992212895132542,,
facebook/deit-small-patch16-224,dermamnist,contiguous,False,"[(8, 10)]",0.9759659171104431,0.004156275976724855,True,0.0014962593516210099,0.0027175569071769493,0.0029621699852905806,-0.0014659106336695708,,
facebook/deit-small-patch16-224,dermamnist,contiguous,False,"[(9, 11)]",0.9799157977104187,0.006982543640897676,True,0.008977556109725726,0.0057608103742755636,0.004780175889797002,0.004197380219928724,,
facebook/deit-small-patch16-224,dermamnist,contiguous,True,"[(0, 2)]",0.7078908085823059,-0.012136325852036611,True,-0.013466334164588534,-0.01423244561610389,-0.018244599131898256,0.004778264967309723,,
facebook/deit-small-patch16-224,dermamnist,contiguous,True,"[(3, 5)]",0.8100075721740723,-0.0006650041562760167,True,-0.002660016625103956,-0.001961446277389164,-0.0013394207406035603,-0.0013205958845003956,,
facebook/deit-small-patch16-224,dermamnist,contiguous,True,"[(4, 6)]",0.9650177955627441,0.0006650041562760167,True,-0.0006650041562759057,-0.0012330935835979514,-0.0017896309113120835,0.0011246267550361778,,
facebook/deit-small-patch16-224,dermamnist,contiguous,True,"[(5, 7)]",0.9528174996376038,0.002327514546965892,True,-0.001163757273482946,0.0006762602340081342,0.001179890826515379,-0.002343648099998325,,
facebook/deit-small-patch16-224,dermamnist,contiguous,True,"[(6, 8)]",0.9283744692802429,0.0056525353283456425,True,0.003823773898586902,0.004495173694338637,0.004770159373717653,-0.0009463854751307508,,
facebook/deit-small-patch16-224,dermamnist,contiguous,True,"[(7, 9)]",0.9457303285598755,0.00581878636741473,True,0.004322527015793831,0.004596016733360411,0.004677296342214999,-0.00035476932642116744,,
facebook/deit-small-patch16-224,dermamnist,contiguous,True,"[(8, 10)]",0.9759659171104431,0.004156275976724855,True,0.0014962593516210099,0.002599192443908236,0.0029175857844048587,-0.0014213264327838488,,
facebook/deit-small-patch16-224,dermamnist,contiguous,True,"[(9, 11)]",0.9799157977104187,0.006982543640897676,True,0.008977556109725726,0.0057253465277517105,0.004721423049595649,0.004256133060130077,,
facebook/deit-small-patch16-224,imagenet-1k,contiguous,False,"[(0, 2)]",0.7672877907752991,0.14506666666666657,True,0.32549999999999996,0.3048402637558511,0.23645694440752085,0.0890430555924791,,
facebook/deit-small-patch16-224,imagenet-1k,contiguous,False,"[(1, 3)]",0.7195568084716797,0.038899999999999935,True,0.07976666666666654,0.07352732359947424,0.07247678761444348,0.007289879052223058,,
facebook/deit-small-patch16-224,imagenet-1k,contiguous,False,"[(2, 4)]",0.45396071672439575,0.01646666666666663,True,0.04179999999999995,0.04539407946081931,0.05201608867625246,-0.01021608867625251,,
facebook/deit-small-patch16-224,imagenet-1k,contiguous,False,"[(3, 5)]",0.6272746920585632,0.028066666666666684,True,0.05459999999999987,0.05702056229951074,0.05786400603066755,-0.0032640060306676766,,
facebook/deit-small-patch16-224,imagenet-1k,contiguous,False,"[(4, 6)]",0.8956812620162964,0.048800000000000066,True,0.09660000000000002,0.08115967276910428,0.0782730632088699,0.018326936791130122,,
facebook/deit-small-patch16-224,imagenet-1k,contiguous,False,"[(5, 7)]",0.889209508895874,0.06529999999999991,True,0.1119,0.11823707416234014,0.11921253955529917,-0.0073125395552991745,,
facebook/deit-small-patch16-224,imagenet-1k,contiguous,False,"[(6, 8)]",0.8697728514671326,0.07956666666666645,True,0.1325333333333334,0.1514196039748631,0.1546138201865738,-0.022080486853240405,,
facebook/deit-small-patch16-224,imagenet-1k,contiguous,False,"[(7, 9)]",0.8968217968940735,0.08079999999999987,True,0.13286666666666658,0.15195577655874082,0.1556512956029783,-0.022784628936311724,,
facebook/deit-small-patch16-224,imagenet-1k,contiguous,False,"[(8, 10)]",0.9332864284515381,0.05466666666666664,True,0.07409999999999994,0.09110292077246299,0.09500058487015764,-0.020900584870157696,,
facebook/deit-small-patch16-224,imagenet-1k,contiguous,False,"[(9, 11)]",0.9615078568458557,0.02089999999999992,True,0.038999999999999924,0.014009389313499071,-0.0024482418976292386,0.04144824189762916,,
facebook/deit-small-patch16-224,imagenet-1k,disjoint,False,"[(0, 1), (2, 3)]",,0.11863333333333326,,0.15399999999999991,0.14793514216548487,0.14604655001670397,0.007953449983295946,0.8894514441490173,0.8360613584518433
facebook/deit-small-patch16-224,imagenet-1k,disjoint,False,"[(1, 2), (3, 4)]",,0.04289999999999994,,0.07389999999999985,0.07659345219685984,0.07846365495032204,-0.004563654950322182,0.9143833518028259,0.8039373755455017
facebook/deit-small-patch16-224,imagenet-1k,disjoint,False,"[(2, 3), (4, 5)]",,0.02406666666666668,,0.039899999999999936,0.03271894223538681,0.03213611108662874,0.007763888913371195,0.8360613584518433,0.9432975053787231
facebook/deit-small-patch16-224,imagenet-1k,disjoint,False,"[(3, 4), (5, 6)]",,0.041200000000000014,,0.06036666666666657,0.04453206087145048,0.042961488691192,0.01740517797547457,0.8039373755455017,0.9702770709991455
facebook/deit-small-patch16-224,imagenet-1k,disjoint,False,"[(4, 5), (6, 7)]",,0.052166666666666583,,0.07306666666666661,0.06477708882923447,0.06441777810807416,0.008648888558592457,0.9432975053787231,0.9606139659881592
facebook/deit-small-patch16-224,imagenet-1k,disjoint,False,"[(5, 6), (7, 8)]",,0.07619999999999993,,0.10699999999999998,0.09077012851392377,0.08969768377576168,0.017302316224238307,0.9702770709991455,0.9609171748161316
facebook/deit-small-patch16-224,imagenet-1k,disjoint,False,"[(6, 7), (8, 9)]",,0.06989999999999985,,0.10266666666666657,0.08346164166979683,0.08241125125762368,0.020255415409042896,0.9606139659881592,0.9632560014724731
facebook/deit-small-patch16-224,imagenet-1k,disjoint,False,"[(7, 8), (9, 10)]",,0.06433333333333324,,0.07699999999999996,0.07417183122630028,0.07398264843589322,0.003017351564106735,0.9609171748161316,0.9880404472351074
facebook/deit-small-patch16-224,imagenet-1k,disjoint,False,"[(8, 9), (10, 11)]",,0.03736666666666655,,0.05776666666666652,0.048969815453301785,0.04831304623582458,0.009453620430841941,0.9632560014724731,0.9727737307548523
facebook/deit-small-patch16-224,imagenet-1k,disjoint,False,"[(0, 1), (3, 4)]",,0.12263333333333326,,0.1448666666666667,0.15671179890165446,0.16326899429224298,-0.01840232762557628,0.8894514441490173,0.8039373755455017
facebook/deit-small-patch16-224,imagenet-1k,disjoint,False,"[(1, 2), (4, 5)]",,0.05049999999999999,,0.08209999999999995,0.0640189078070284,0.06339666157835057,0.018703338421649382,0.9143833518028259,0.9432975053787231
facebook/deit-small-patch16-224,imagenet-1k,disjoint,False,"[(2, 3), (5, 6)]",,0.03720000000000001,,0.049799999999999955,0.04220245848645102,0.0417403948382738,0.008059605161726158,0.8360613584518433,0.9702770709991455
facebook/deit-small-patch16-224,imagenet-1k,disjoint,False,"[(3, 4), (6, 7)]",,0.04456666666666653,,0.04976666666666674,0.049383048687054384,0.04934636684453346,0.0004202998221332771,0.8039373755455017,0.9606139659881592
facebook/deit-small-patch16-224,imagenet-1k,disjoint,False,"[(4, 5), (7, 8)]",,0.0630666666666666,,0.07119999999999993,0.07587200578542032,0.0760573502295968,-0.004857350229596866,0.9432975053787231,0.9609171748161316
facebook/deit-small-patch16-224,imagenet-1k,disjoint,False,"[(5, 6), (8, 9)]",,0.06653333333333333,,0.08349999999999991,0.0805499701397397,0.08035663252713976,0.003143367472860148,0.9702770709991455,0.9632560014724731
facebook/deit-small-patch16-224,imagenet-1k,disjoint,False,"[(6, 7), (9, 10)]",,0.05343333333333322,,0.059733333333333194,0.06301606241997515,0.06323903788773282,-0.003505704554399622,0.9606139659881592,0.9880404472351074
facebook/deit-small-patch16-224,imagenet-1k,disjoint,False,"[(7, 8), (10, 11)]",,0.04703333333333315,,0.053133333333333255,0.05872058799150899,0.059076163662080655,-0.0059428303287474005,0.9609171748161316,0.9727737307548523
facebook/deit-small-patch16-224,imagenet-1k,disjoint,False,"[(0, 1), (4, 5)]",,0.1302333333333333,,0.1546333333333333,0.14413725451182305,0.14311618274586838,0.011517150587464914,0.8894514441490173,0.9432975053787231
facebook/deit-small-patch16-224,imagenet-1k,disjoint,False,"[(1, 2), (5, 6)]",,0.06363333333333332,,0.09363333333333324,0.07350242405809261,0.07295979199938346,0.020673541333949774,0.9143833518028259,0.9702770709991455
facebook/deit-small-patch16-224,imagenet-1k,disjoint,False,"[(2, 3), (6, 7)]",,0.04056666666666653,,0.04616666666666669,0.04705344630205491,0.04710444987567197,-0.0009377832090052829,0.8360613584518433,0.9606139659881592
facebook/deit-small-patch16-224,imagenet-1k,disjoint,False,"[(3, 4), (7, 8)]",,0.05546666666666655,,0.05620000000000003,0.06047796564324025,0.060876998433987736,-0.0046769984339877085,0.8039373755455017,0.9609171748161316
facebook/deit-small-patch16-224,imagenet-1k,disjoint,False,"[(4, 5), (8, 9)]",,0.0534,,0.056366666666666565,0.06565184741123627,0.06604743465616285,-0.009680767989496283,0.9432975053787231,0.9632560014724731
facebook/deit-small-patch16-224,imagenet-1k,disjoint,False,"[(5, 6), (9, 10)]",,0.050066666666666704,,0.05136666666666656,0.06010439088991802,0.060807311975959524,-0.009440645309292964,0.9702770709991455,0.9880404472351074
facebook/deit-small-patch16-224,imagenet-1k,disjoint,False,"[(6, 7), (10, 11)]",,0.03613333333333313,,0.04036666666666655,0.04756481918518385,0.04808954034951972,-0.007722873682853168,0.9606139659881592,0.9727737307548523
facebook/deit-small-patch16-224,imagenet-1k,disjoint,False,"[(0, 1), (5, 6)]",,0.14336666666666664,,0.16476666666666662,0.15362077076288722,0.15191270668442042,0.0128539599822462,0.8894514441490173,0.9702770709991455
facebook/deit-small-patch16-224,imagenet-1k,disjoint,False,"[(1, 2), (6, 7)]",,0.06699999999999984,,0.08169999999999988,0.07835341187369652,0.07826920537978539,0.0034307946202144918,0.9143833518028259,0.9606139659881592
facebook/deit-small-patch16-224,imagenet-1k,disjoint,False,"[(2, 3), (7, 8)]",,0.05146666666666655,,0.05246666666666666,0.058148363258240784,0.05844805978366567,-0.005981393116999009,0.8360613584518433,0.9609171748161316
facebook/deit-small-patch16-224,imagenet-1k,disjoint,False,"[(3, 4), (8, 9)]",,0.04579999999999995,,0.04489999999999994,0.05025780726905618,0.050769092576922456,-0.005869092576922516,0.8039373755455017,0.9632560014724731
facebook/deit-small-patch16-224,imagenet-1k,disjoint,False,"[(4, 5), (9, 10)]",,0.036933333333333374,,0.0354000000000001,0.04520626816141457,0.04580945981002807,-0.010409459810027971,0.9432975053787231,0.9880404472351074
facebook/deit-small-patch16-224,imagenet-1k,disjoint,False,"[(5, 6), (10, 11)]",,0.03276666666666661,,0.03479999999999994,0.04465314765512672,0.045529496691407156,-0.010729496691407214,0.9702770709991455,0.9727737307548523
facebook/deit-small-patch16-224,imagenet-1k,disjoint,False,"[(0, 1), (6, 7)]",,0.14673333333333316,,0.15803333333333325,0.15847175857849113,0.15853942483858052,-0.0005060915052472748,0.8894514441490173,0.9606139659881592
facebook/deit-small-patch16-224,imagenet-1k,disjoint,False,"[(1, 2), (7, 8)]",,0.07789999999999986,,0.0884666666666667,0.08944832882988238,0.08947572302249501,-0.0010090563558283194,0.9143833518028259,0.9609171748161316
facebook/deit-small-patch16-224,imagenet-1k,disjoint,False,"[(2, 3), (8, 9)]",,0.04179999999999995,,0.04179999999999995,0.04792820488405672,0.048276424183524624,-0.006476424183524676,0.8360613584518433,0.9632560014724731
facebook/deit-small-patch16-224,imagenet-1k,disjoint,False,"[(3, 4), (9, 10)]",,0.029333333333333322,,0.029999999999999916,0.0298122280192345,0.029790079103085787,0.00020992089691412863,0.8039373755455017,0.9880404472351074
facebook/deit-small-patch16-224,imagenet-1k,disjoint,False,"[(4, 5), (10, 11)]",,0.01963333333333328,,0.02093333333333325,0.029755024926623283,0.03044012778511379,-0.009506794451780542,0.9432975053787231,0.9727737307548523
facebook/deit-small-patch16-224,imagenet-1k,disjoint,False,"[(0, 1), (7, 8)]",,0.15763333333333318,,0.16226666666666656,0.16956667553467697,0.17100606714630084,-0.008739400479634285,0.8894514441490173,0.9609171748161316
facebook/deit-small-patch16-224,imagenet-1k,disjoint,False,"[(1, 2), (8, 9)]",,0.06823333333333326,,0.0728333333333333,0.07922817045569833,0.079391739930531,-0.006558406597197697,0.9143833518028259,0.9632560014724731
facebook/deit-small-patch16-224,imagenet-1k,disjoint,False,"[(2, 3), (9, 10)]",,0.02533333333333332,,0.0252,0.027482625634235036,0.02766443600106569,-0.0024644360010656896,0.8360613584518433,0.9880404472351074
facebook/deit-small-patch16-224,imagenet-1k,disjoint,False,"[(3, 4), (10, 11)]",,0.01203333333333323,,0.011866666666666692,0.014360984784443198,0.01468614570732639,-0.0028194790406596976,0.8039373755455017,0.9727737307548523
facebook/deit-small-patch16-224,imagenet-1k,disjoint,False,"[(0, 1), (8, 9)]",,0.14796666666666658,,0.14769999999999994,0.15934651716049295,0.16122644538207326,-0.013526445382073315,0.8894514441490173,0.9632560014724731
facebook/deit-small-patch16-224,imagenet-1k,disjoint,False,"[(1, 2), (9, 10)]",,0.05176666666666663,,0.05266666666666664,0.058782591205876644,0.05901650661757053,-0.006349839950903893,0.9143833518028259,0.9880404472351074
facebook/deit-small-patch16-224,imagenet-1k,disjoint,False,"[(2, 3), (10, 11)]",,0.008033333333333226,,0.011599999999999833,0.012031382399443735,0.012073211616058802,-0.0004732116160589689,0.8360613584518433,0.9727737307548523
facebook/deit-small-patch16-224,imagenet-1k,disjoint,False,"[(0, 1), (9, 10)]",,0.13149999999999995,,0.1305666666666666,0.13890093791067126,0.1400822221743231,-0.009515555507656481,0.8894514441490173,0.9880404472351074
facebook/deit-small-patch16-224,imagenet-1k,disjoint,False,"[(1, 2), (10, 11)]",,0.034466666666666534,,0.038799999999999946,0.04333134797108534,0.04351614769263652,-0.004716147692636577,0.9143833518028259,0.9727737307548523
facebook/deit-small-patch16-224,imagenet-1k,disjoint,False,"[(0, 1), (10, 11)]",,0.11419999999999986,,0.11976666666666658,0.12344969467587993,0.12373527287356262,-0.0039686062068960415,0.8894514441490173,0.9727737307548523
facebook/deit-small-patch16-224,pneumoniamnist,contiguous,False,"[(0, 2)]",0.7000513076782227,-0.04487179487179471,False,-0.03311965811965811,-0.029263903804401907,-0.02774803850962082,-0.005371619610037293,,
facebook/deit-small-patch16-224,pneumoniamnist,contiguous,False,"[(1, 3)]",0.6057195067405701,-0.040598290598290454,False,-0.014957264957265015,-0.020707075098818285,-0.022822582671562945,0.00786531771429793,,
facebook/deit-small-patch16-224,pneumoniamnist,contiguous,False,"[(2, 4)]",0.4651486873626709,-0.035790598290598274,False,-0.01602564102564108,-0.00969482573739417,-0.0013246587177542374,-0.014700982307886842,,
facebook/deit-small-patch16-224,pneumoniamnist,contiguous,False,"[(3, 5)]",0.7353687286376953,-0.023504273504273643,False,0.0016025641025640969,-0.006875310024880538,-0.008576511280965461,0.010179075383529558,,
facebook/deit-small-patch16-224,pneumoniamnist,contiguous,False,"[(4, 6)]",0.9549362659454346,-0.02564102564102566,True,-0.024038461538461675,-0.018089404190319423,-0.016782005427453797,-0.007256456111007878,,
facebook/deit-small-patch16-224,pneumoniamnist,contiguous,False,"[(5, 7)]",0.9563642144203186,-0.03525641025641024,True,-0.027243589743589647,-0.02886108286706201,-0.029717262238501428,0.0024736724949117814,,
facebook/deit-small-patch16-224,pneumoniamnist,contiguous,False,"[(6, 8)]",0.9395723938941956,-0.02777777777777779,True,-0.020299145299145338,-0.019852259590721115,-0.019752678457063785,-0.0005464668420815527,,
facebook/deit-small-patch16-224,pneumoniamnist,contiguous,False,"[(7, 9)]",0.9441101551055908,-0.023504273504273532,True,-0.00694444444444442,-0.015272931556567552,-0.01677965551949405,0.00983521107504963,,
facebook/deit-small-patch16-224,pneumoniamnist,contiguous,False,"[(8, 10)]",0.9725370407104492,-0.010149572649572614,True,-0.012286324786324743,-0.001535660247212911,0.0018748647036496355,-0.014161189489974378,,
facebook/deit-small-patch16-224,pneumoniamnist,contiguous,False,"[(9, 11)]",0.972684919834137,0.003739316239316337,True,0.017094017094017033,0.013934504399428796,0.008996879176307038,0.008097137917709996,,
facebook/deit-small-patch16-224,pneumoniamnist,contiguous,True,"[(4, 6)]",0.9549362659454346,-0.02564102564102566,True,-0.024038461538461675,-0.019500869707129664,-0.01825022507468632,-0.005788236463775354,,
facebook/deit-small-patch16-224,pneumoniamnist,contiguous,True,"[(5, 7)]",0.9563642144203186,-0.03525641025641024,True,-0.027243589743589647,-0.033213694577613695,-0.04629802015256346,0.01905443040897381,,
facebook/deit-small-patch16-224,pneumoniamnist,contiguous,True,"[(6, 8)]",0.9395723938941956,-0.02777777777777779,True,-0.020299145299145338,-0.015617837921629796,-0.010406109999124835,-0.009893035300020503,,
facebook/deit-small-patch16-224,pneumoniamnist,contiguous,True,"[(7, 9)]",0.9441101551055908,-0.023504273504273532,True,-0.00694444444444442,-0.011809200905691819,-0.01514403101504358,0.00819958657059916,,
facebook/deit-small-patch16-224,pneumoniamnist,contiguous,True,"[(8, 10)]",0.9725370407104492,-0.010149572649572614,True,-0.012286324786324743,-0.006203419155143108,-0.0014212794614942015,-0.010865045324830541,,
facebook/deit-small-patch16-224,pneumoniamnist,contiguous,True,"[(9, 11)]",0.972684919834137,0.003739316239316337,True,0.017094017094017033,0.012627073549259904,0.0009330307537527838,0.01616098634026425,,
facebook/dinov2-base,cifar100,contiguous,False,"[(0, 2)]",0.7276439070701599,0.027666666666666617,True,0.04599999999999993,0.051349264934611116,0.05277560941522921,-0.006775609415229283,,
facebook/dinov2-base,cifar100,contiguous,False,"[(1, 3)]",0.72046959400177,0.033299999999999885,True,0.036733333333333396,0.057832383959074696,0.06226280009067631,-0.02552946675734291,,
facebook/dinov2-base,cifar100,contiguous,False,"[(2, 4)]",0.7104843854904175,0.03736666666666655,True,0.06299999999999994,0.06318415871007742,0.06321742588918913,-0.00021742588918918782,,
facebook/dinov2-base,cifar100,contiguous,False,"[(3, 5)]",0.7591922879219055,0.04476666666666662,True,0.08906666666666663,0.06357649872137994,0.05949354780587057,0.029573118860796055,,
facebook/dinov2-base,cifar100,contiguous,False,"[(4, 6)]",0.6652179956436157,0.04339999999999988,True,0.050866666666666616,0.07537978033287332,0.07937293717869809,-0.028506270512031473,,
facebook/dinov2-base,cifar100,contiguous,False,"[(5, 7)]",0.6731458306312561,0.044166666666666465,True,0.06610000000000005,0.07501773669315465,0.07637962195053635,-0.010279621950536305,,
facebook/dinov2-base,cifar100,contiguous,False,"[(6, 8)]",0.34018024802207947,0.11993333333333323,True,0.25993333333333335,0.19526081231240994,0.1343849244304442,0.12554840890288915,,
facebook/dinov2-base,cifar100,contiguous,False,"[(7, 9)]",0.5222572088241577,0.12219999999999998,True,0.09430000000000005,0.17202079951101207,0.2527990472959839,-0.15849904729598385,,
facebook/dinov2-base,cifar100,contiguous,False,"[(8, 10)]",0.9880592226982117,0.057633333333333314,True,0.08093333333333341,0.0441100456341981,-0.04895420949299095,0.12988754282632436,,
facebook/dinov2-base,cifar100,contiguous,False,"[(9, 11)]",0.40639689564704895,0.07343333333333335,True,0.15156666666666663,0.14076851919120945,0.13517374469238658,0.01639292197428005,,
facebook/dinov2-base,dermamnist,contiguous,False,"[(0, 2)]",0.7556836009025574,-0.00482128013300076,True,0.009476309226932766,-0.0034235911350948174,-0.0057628621968157205,0.015239171423748487,,
facebook/dinov2-base,dermamnist,contiguous,False,"[(1, 3)]",0.7445269227027893,-0.007481296758104494,True,0.0029925187032419087,-0.0042897310557825415,-0.00525241878839449,0.008244937491636399,,
facebook/dinov2-base,dermamnist,contiguous,False,"[(2, 4)]",0.7260283827781677,-0.0018287614297587407,True,-0.0008312551953448821,-0.0018291731406913734,-0.002116028960946554,0.0012847737656016718,,
facebook/dinov2-base,dermamnist,contiguous,False,"[(3, 5)]",0.7721343040466309,-0.0024937655860347574,True,-0.011138819617622642,-0.002763973965479529,-0.00036105525431113714,-0.010777764363311505,,
facebook/dinov2-base,dermamnist,contiguous,False,"[(4, 6)]",0.7281994819641113,-0.0033250207813797505,True,-0.007813798836242669,-0.00244045879458811,-0.0012882688900370115,-0.006525529946205658,,
facebook/dinov2-base,dermamnist,contiguous,False,"[(5, 7)]",0.7305865287780762,-0.008478802992518575,True,-0.007980049875311757,-0.004471209096829545,-0.004038873861706935,-0.0039411760136048215,,
facebook/dinov2-base,dermamnist,contiguous,False,"[(6, 8)]",0.3388075530529022,-0.01064006650041549,False,0.002327514546966003,0.00044709965279690796,-0.0013208117089096357,0.0036483262558756387,,
facebook/dinov2-base,dermamnist,contiguous,False,"[(7, 9)]",0.5017287731170654,-0.005320033250207801,False,-0.0028262676641728213,0.00011385871766260089,0.0009447799067372441,-0.0037710475709100653,,
facebook/dinov2-base,dermamnist,contiguous,False,"[(8, 10)]",0.988438606262207,-0.020282626766417233,True,-0.014297589359933416,-0.012829801893681969,-0.00653468271754999,-0.007762906642383426,,
facebook/dinov2-base,dermamnist,contiguous,False,"[(9, 11)]",0.4749729633331299,-0.017622610141313277,False,-0.0056525353283457536,-0.004256992688144921,-0.0029615546060116696,-0.002690980722334084,,
facebook/dinov2-base,dermamnist,contiguous,True,"[(0, 2)]",0.7556836009025574,-0.00482128013300076,True,0.009476309226932766,-0.0033615192770388713,-0.005899989138716956,0.015376298365649722,,
facebook/dinov2-base,dermamnist,contiguous,True,"[(1, 3)]",0.7445269227027893,-0.007481296758104494,True,0.0029925187032419087,-0.002196970682310187,-0.004413263085459581,0.00740578178870149,,
facebook/dinov2-base,dermamnist,contiguous,True,"[(2, 4)]",0.7260283827781677,-0.0018287614297587407,True,-0.0008312551953448821,-0.0022360891683659984,-0.002769828340529197,0.001938573145184315,,
facebook/dinov2-base,dermamnist,contiguous,True,"[(3, 5)]",0.7721343040466309,-0.0024937655860347574,True,-0.011138819617622642,-0.0047664690530052,0.0015129952018956272,-0.012651814819518268,,
facebook/dinov2-base,dermamnist,contiguous,True,"[(4, 6)]",0.7281994819641113,-0.0033250207813797505,True,-0.007813798836242669,-0.0020684536373876197,-0.0006573280650758184,-0.007156470771166851,,
facebook/dinov2-base,dermamnist,contiguous,True,"[(5, 7)]",0.7305865287780762,-0.008478802992518575,True,-0.007980049875311757,-0.00119725291946772,0.008447936046025839,-0.016427985921337596,,
facebook/dinov2-base,dermamnist,contiguous,True,"[(8, 10)]",0.988438606262207,-0.020282626766417233,True,-0.014297589359933416,-0.013765930216705191,0.011878320443258327,-0.026175909803191743,,
facebook/dinov2-base,imagenet-1k,contiguous,False,"[(0, 2)]",0.6342390179634094,0.02410000000000001,True,0.05166000000000004,0.08003098917159637,0.08741004552874515,-0.03575004552874511,,
facebook/dinov2-base,imagenet-1k,contiguous,False,"[(1, 3)]",0.7411138415336609,0.02876000000000012,True,0.04302000000000006,0.06366675745764169,0.0675003575977663,-0.024480357597766247,,
facebook/dinov2-base,imagenet-1k,contiguous,False,"[(2, 4)]",0.700231671333313,0.02338000000000018,True,0.056480000000000086,0.06671448780187855,0.06887562048590065,-0.012395620485900566,,
facebook/dinov2-base,imagenet-1k,contiguous,False,"[(3, 5)]",0.7869567275047302,0.02636000000000016,True,0.059779999999999944,0.05271995480898298,0.05130632410785596,0.008473675892143984,,
facebook/dinov2-base,imagenet-1k,contiguous,False,"[(4, 6)]",0.7498486638069153,0.02442000000000011,True,0.042360000000000064,0.05811429105225259,0.06121800282998793,-0.01885800282998787,,
facebook/dinov2-base,imagenet-1k,contiguous,False,"[(5, 7)]",0.7066029906272888,0.028060000000000085,True,0.10336000000000001,0.06966944436535785,0.06318302351555848,0.04017697648444153,,
facebook/dinov2-base,imagenet-1k,contiguous,False,"[(6, 8)]",0.16525252163410187,0.20278000000000007,True,0.43124000000000007,0.32963284669063153,0.25404875694193313,0.17719124305806694,,
facebook/dinov2-base,imagenet-1k,contiguous,False,"[(7, 9)]",0.36591172218322754,0.23776000000000008,True,0.22532000000000008,0.32232892615207687,0.3878912836197749,-0.1625712836197748,,
facebook/dinov2-base,imagenet-1k,contiguous,False,"[(8, 10)]",0.9902958273887634,0.13826000000000016,True,0.16010000000000002,0.11357950946067755,-0.12400253282834273,0.28410253282834275,,
facebook/dinov2-base,imagenet-1k,contiguous,False,"[(9, 11)]",0.2638677656650543,0.1898200000000001,True,0.28226000000000007,0.29912279303890416,0.3064772174408915,-0.024217217440891448,,
facebook/dinov2-base,imagenet-1k,disjoint,False,"[(0, 1), (2, 3)]",,0.014820000000000055,,0.03186,0.031247722436414396,0.03119602190850987,0.0006639780914901305,0.8199676275253296,0.8298546671867371
facebook/dinov2-base,imagenet-1k,disjoint,False,"[(1, 2), (3, 4)]",,0.03266000000000013,,0.0632600000000001,0.05003081479827105,0.04948673202433764,0.013773267975662452,0.8846837878227234,0.8982165455818176
facebook/dinov2-base,imagenet-1k,disjoint,False,"[(2, 3), (4, 5)]",,0.022460000000000147,,0.047740000000000116,0.03859402442706759,0.03802687549569131,0.009713124504308807,0.8298546671867371,0.8727449774742126
facebook/dinov2-base,imagenet-1k,disjoint,False,"[(3, 4), (5, 6)]",,0.02534000000000014,,0.040000000000000036,0.043866276650284676,0.04404576435929762,-0.004045764359297585,0.8982165455818176,0.8468124270439148
facebook/dinov2-base,imagenet-1k,disjoint,False,"[(4, 5), (6, 7)]",,0.029080000000000106,,0.062020000000000075,0.04640278146982497,0.04570769148026547,0.016312308519734607,0.8727449774742126,0.855850875377655
facebook/dinov2-base,imagenet-1k,disjoint,False,"[(5, 6), (7, 8)]",,0.19812000000000007,,0.2225800000000001,0.20527230583236453,0.20354830507345395,0.01903169492654616,0.8468124270439148,0.351610004901886
facebook/dinov2-base,imagenet-1k,disjoint,False,"[(6, 7), (8, 9)]",,0.0677000000000001,,0.10836000000000001,0.08137943009710223,0.08011894744007655,0.028241052559923457,0.855850875377655,0.9964779615402222
facebook/dinov2-base,imagenet-1k,disjoint,False,"[(7, 8), (9, 10)]",,0.27334000000000014,,0.24690000000000006,0.2552430539076125,0.2643093864872984,-0.01740938648729834,0.351610004901886,0.9963108897209167
facebook/dinov2-base,imagenet-1k,disjoint,False,"[(8, 9), (10, 11)]",,0.15424000000000004,,0.18580000000000008,0.16997690263733065,0.16732032687293064,0.01847967312706944,0.9964779615402222,0.2756294906139374
facebook/dinov2-base,imagenet-1k,disjoint,False,"[(0, 1), (3, 4)]",,0.01872000000000007,,0.027900000000000036,0.03464695819119803,0.035114715393465945,-0.007214715393465909,0.8199676275253296,0.8982165455818176
facebook/dinov2-base,imagenet-1k,disjoint,False,"[(1, 2), (4, 5)]",,0.0317400000000001,,0.05418000000000012,0.049262574690653864,0.049058852275746925,0.005121147724253192,0.8846837878227234,0.8727449774742126
facebook/dinov2-base,imagenet-1k,disjoint,False,"[(2, 3), (5, 6)]",,0.021440000000000126,,0.03373999999999999,0.03773397526088309,0.037998072451006545,-0.004258072451006553,0.8298546671867371,0.8468124270439148
facebook/dinov2-base,imagenet-1k,disjoint,False,"[(3, 4), (6, 7)]",,0.030000000000000138,,0.05492000000000008,0.0481893591230023,0.04790034096283056,0.007019659037169522,0.8982165455818176,0.855850875377655
facebook/dinov2-base,imagenet-1k,disjoint,False,"[(4, 5), (7, 8)]",,0.1991400000000001,,0.20050000000000012,0.20716912233237558,0.20794866291316502,-0.0074486629131649,0.8727449774742126,0.351610004901886
facebook/dinov2-base,imagenet-1k,disjoint,False,"[(5, 6), (8, 9)]",,0.0630400000000001,,0.09004000000000012,0.07669499604787507,0.07610854349033289,0.013931456509667234,0.8468124270439148,0.9964779615402222
facebook/dinov2-base,imagenet-1k,disjoint,False,"[(6, 7), (9, 10)]",,0.10328000000000015,,0.12070000000000003,0.11463595130798161,0.11417236230179346,0.006527637698206565,0.855850875377655,0.9963108897209167
facebook/dinov2-base,imagenet-1k,disjoint,False,"[(7, 8), (10, 11)]",,0.28932,,0.28800000000000003,0.2727727901945254,0.25745443171233356,0.03054556828766647,0.351610004901886,0.2756294906139374
facebook/dinov2-base,imagenet-1k,disjoint,False,"[(0, 1), (4, 5)]",,0.017800000000000038,,0.027060000000000084,0.03387871808358083,0.034378435775596995,-0.007318435775596911,0.8199676275253296,0.8727449774742126
facebook/dinov2-base,imagenet-1k,disjoint,False,"[(1, 2), (5, 6)]",,0.03072000000000008,,0.0484,0.04840252552446936,0.048402633152612666,-2.6331526126674443e-06,0.8846837878227234,0.8468124270439148
facebook/dinov2-base,imagenet-1k,disjoint,False,"[(2, 3), (6, 7)]",,0.026100000000000123,,0.03982000000000008,0.042057057733600696,0.04218897068027187,-0.0023689706802717952,0.8298546671867371,0.855850875377655
facebook/dinov2-base,imagenet-1k,disjoint,False,"[(3, 4), (7, 8)]",,0.20006000000000013,,0.20046000000000008,0.20895569998555294,0.21014093703175218,-0.009680937031752102,0.8982165455818176,0.351610004901886
facebook/dinov2-base,imagenet-1k,disjoint,False,"[(4, 5), (8, 9)]",,0.06406000000000012,,0.08206000000000002,0.07859181254788615,0.0784213641767489,0.0036386358232511212,0.8727449774742126,0.9964779615402222
facebook/dinov2-base,imagenet-1k,disjoint,False,"[(5, 6), (9, 10)]",,0.09862000000000015,,0.1101200000000001,0.10995151725875446,0.10994022610681027,0.00017977389318983572,0.8468124270439148,0.9963108897209167
facebook/dinov2-base,imagenet-1k,disjoint,False,"[(6, 7), (10, 11)]",,0.11926000000000003,,0.1404200000000001,0.13216568759489453,0.13143246927246882,0.008987530727531279,0.855850875377655,0.2756294906139374
facebook/dinov2-base,imagenet-1k,disjoint,False,"[(0, 1), (5, 6)]",,0.016780000000000017,,0.02298,0.03301866891739632,0.03380527749408101,-0.010825277494081006,0.8199676275253296,0.8468124270439148
facebook/dinov2-base,imagenet-1k,disjoint,False,"[(1, 2), (6, 7)]",,0.03538000000000008,,0.05242000000000013,0.05272560799718697,0.05273762571692609,-0.00031762571692595803,0.8846837878227234,0.855850875377655
facebook/dinov2-base,imagenet-1k,disjoint,False,"[(2, 3), (7, 8)]",,0.1961600000000001,,0.1966000000000001,0.20282339859615134,0.20338127977398715,-0.006781279773987042,0.8298546671867371,0.351610004901886
facebook/dinov2-base,imagenet-1k,disjoint,False,"[(3, 4), (8, 9)]",,0.06498000000000015,,0.07656000000000007,0.08037839020106348,0.08060296274749089,-0.004042962747490816,0.8982165455818176,0.9964779615402222
facebook/dinov2-base,imagenet-1k,disjoint,False,"[(4, 5), (9, 10)]",,0.09964000000000017,,0.11070000000000002,0.11184833375876556,0.11194067514904782,-0.0012406751490477985,0.8727449774742126,0.9963108897209167
facebook/dinov2-base,imagenet-1k,disjoint,False,"[(5, 6), (10, 11)]",,0.11460000000000004,,0.12758000000000003,0.1274812535456674,0.12747191311664519,0.00010808688335484096,0.8468124270439148,0.2756294906139374
facebook/dinov2-base,imagenet-1k,disjoint,False,"[(0, 1), (6, 7)]",,0.021440000000000015,,0.027340000000000142,0.03734175139011394,0.03804109777011412,-0.01070109777011398,0.8199676275253296,0.855850875377655
facebook/dinov2-base,imagenet-1k,disjoint,False,"[(1, 2), (7, 8)]",,0.20544000000000007,,0.21496000000000004,0.21349194885973763,0.21328866815284744,0.0016713318471525962,0.8846837878227234,0.351610004901886
facebook/dinov2-base,imagenet-1k,disjoint,False,"[(2, 3), (8, 9)]",,0.061080000000000134,,0.07344000000000006,0.07424608881166188,0.07428070937846307,-0.000840709378463006,0.8298546671867371,0.9964779615402222
facebook/dinov2-base,imagenet-1k,disjoint,False,"[(3, 4), (9, 10)]",,0.1005600000000002,,0.09998000000000007,0.11363491141194286,0.11498240755624412,-0.015002407556244046,0.8982165455818176,0.9963108897209167
facebook/dinov2-base,imagenet-1k,disjoint,False,"[(4, 5), (10, 11)]",,0.11562000000000006,,0.1252000000000001,0.12937807004567844,0.1297530854916759,-0.0045530854916758234,0.8727449774742126,0.2756294906139374
facebook/dinov2-base,imagenet-1k,disjoint,False,"[(0, 1), (7, 8)]",,0.1915,,0.18996000000000013,0.1981080922526646,0.1987700475303662,-0.008810047530366072,0.8199676275253296,0.351610004901886
facebook/dinov2-base,imagenet-1k,disjoint,False,"[(1, 2), (8, 9)]",,0.07036000000000009,,0.08498000000000006,0.08491463907524817,0.08491093511873102,6.906488126903754e-05,0.8846837878227234,0.9964779615402222
facebook/dinov2-base,imagenet-1k,disjoint,False,"[(2, 3), (9, 10)]",,0.09666000000000019,,0.10014000000000012,0.10750261002254129,0.10794279002606892,-0.007802790026068804,0.8298546671867371,0.9963108897209167
facebook/dinov2-base,imagenet-1k,disjoint,False,"[(3, 4), (10, 11)]",,0.11654000000000009,,0.1198800000000001,0.1311646476988558,0.13217943248358038,-0.012299432483580286,0.8982165455818176,0.2756294906139374
facebook/dinov2-base,imagenet-1k,disjoint,False,"[(0, 1), (8, 9)]",,0.056420000000000026,,0.062020000000000075,0.06953078246817514,0.06985942157095298,-0.00783942157095291,0.8199676275253296,0.9964779615402222
facebook/dinov2-base,imagenet-1k,disjoint,False,"[(1, 2), (9, 10)]",,0.10594000000000015,,0.11208000000000007,0.11817116028612755,0.11876491410441724,-0.0066849141044171695,0.8846837878227234,0.9963108897209167
facebook/dinov2-base,imagenet-1k,disjoint,False,"[(2, 3), (10, 11)]",,0.11264000000000007,,0.11804000000000014,0.1250323463094542,0.12574546929922154,-0.00770546929922139,0.8298546671867371,0.2756294906139374
facebook/dinov2-base,imagenet-1k,disjoint,False,"[(0, 1), (9, 10)]",,0.09200000000000008,,0.09678000000000009,0.10278730367905452,0.10311201169487572,-0.006332011694875628,0.8199676275253296,0.9963108897209167
facebook/dinov2-base,imagenet-1k,disjoint,False,"[(1, 2), (10, 11)]",,0.12192000000000003,,0.13198,0.13570089657304046,0.13602124359884926,-0.004041243598849276,0.8846837878227234,0.2756294906139374
facebook/dinov2-base,imagenet-1k,disjoint,False,"[(0, 1), (10, 11)]",,0.10797999999999996,,0.11626000000000003,0.12031703996596742,0.12077240973731684,-0.004512409737316814,0.8199676275253296,0.2756294906139374
facebook/dinov2-base,pneumoniamnist,contiguous,False,"[(0, 2)]",0.8204721212387085,0.008012820512820595,True,-0.0005341880341879213,0.007435594099267831,0.008944433812073807,-0.009478621846261729,,
facebook/dinov2-base,pneumoniamnist,contiguous,False,"[(1, 3)]",0.770948052406311,0.0005341880341881433,True,0.003739316239316337,0.009191512019808779,0.010058480851879555,-0.0063191646125632175,,
facebook/dinov2-base,pneumoniamnist,contiguous,False,"[(2, 4)]",0.724567174911499,0.0032051282051281937,True,0.01869658119658124,0.007940897065293108,0.006624791585848765,0.012071789610732476,,
facebook/dinov2-base,pneumoniamnist,contiguous,False,"[(3, 5)]",0.8013553619384766,-0.014957264957265015,True,0.010683760683760646,0.014123039013404826,0.01662912629093739,-0.005945365607176744,,
facebook/dinov2-base,pneumoniamnist,contiguous,False,"[(4, 6)]",0.738864541053772,-0.00213675213675224,True,0.0005341880341879213,0.009678522321712471,0.011306372550546282,-0.010772184516358361,,
facebook/dinov2-base,pneumoniamnist,contiguous,False,"[(5, 7)]",0.706504225730896,0.005341880341880323,True,0.005876068376068466,0.007125716824070929,0.007266808104095081,-0.001390739728026615,,
facebook/dinov2-base,pneumoniamnist,contiguous,False,"[(6, 8)]",0.3140929043292999,0.0064102564102564985,False,0.01602564102564097,0.002987126704054414,-0.010792973574294536,0.026818614599935505,,
facebook/dinov2-base,pneumoniamnist,contiguous,False,"[(7, 9)]",0.5246625542640686,0.03311965811965811,False,-0.015491452991453047,-0.0029560646580776007,0.01835140996453074,-0.033842862955983787,,
facebook/dinov2-base,pneumoniamnist,contiguous,False,"[(8, 10)]",0.9882763028144836,0.01869658119658124,True,0.021901709401709435,0.005871670834302889,-0.012549466201490129,0.03445117560319956,,
facebook/dinov2-base,pneumoniamnist,contiguous,False,"[(9, 11)]",0.47738340497016907,0.003739316239316337,False,0.005341880341880323,0.005375490049666751,0.00538624265965811,-4.436231777778677e-05,,
facebook/dinov2-base,pneumoniamnist,contiguous,True,"[(0, 2)]",0.8204721212387085,0.008012820512820595,True,-0.0005341880341879213,0.010206792828210378,0.012694863773418517,-0.013229051807606439,,
facebook/dinov2-base,pneumoniamnist,contiguous,True,"[(1, 3)]",0.770948052406311,0.0005341880341881433,True,0.003739316239316337,0.007646015106292089,0.008353942904769256,-0.004614626665452919,,
facebook/dinov2-base,pneumoniamnist,contiguous,True,"[(2, 4)]",0.724567174911499,0.0032051282051281937,True,0.01869658119658124,0.005949613172881986,0.0011336470366046097,0.01756293415997663,,
facebook/dinov2-base,pneumoniamnist,contiguous,True,"[(3, 5)]",0.8013553619384766,-0.014957264957265015,True,0.010683760683760646,0.0077614066032377395,-0.013266293996094834,0.02395005467985548,,
facebook/dinov2-base,pneumoniamnist,contiguous,True,"[(4, 6)]",0.738864541053772,-0.00213675213675224,True,0.0005341880341879213,0.006144757347510937,0.0075717735293526316,-0.00703758549516471,,
facebook/dinov2-base,pneumoniamnist,contiguous,True,"[(5, 7)]",0.706504225730896,0.005341880341880323,True,0.005876068376068466,0.005368500288687936,0.005012112669877972,0.0008639557061904946,,
facebook/dinov2-base,pneumoniamnist,contiguous,True,"[(8, 10)]",0.9882763028144836,0.01869658119658124,True,0.021901709401709435,0.017820350550615153,-0.015556859938191177,0.03745856933990061,,
google/vit-base-patch16-224,cifar100,contiguous,False,"[(0, 2)]",0.6631717085838318,0.10003333333333342,True,0.24106666666666665,0.2234722285469999,0.1593921905340288,0.08167447613263784,,
google/vit-base-patch16-224,cifar100,contiguous,False,"[(1, 3)]",0.5036087036132812,0.0416333333333333,True,0.09486666666666665,0.08915621172554744,0.08771037026476014,0.0071562964019065145,,
google/vit-base-patch16-224,cifar100,contiguous,False,"[(2, 4)]",0.15954606235027313,0.028799999999999826,False,0.0739333333333334,0.07393543113570074,0.07394087604414655,-7.542710813143727e-06,,
google/vit-base-patch16-224,cifar100,contiguous,False,"[(3, 5)]",0.5494288206100464,0.05596666666666661,True,0.11226666666666674,0.12181388777687517,0.12387695873651061,-0.011610292069843875,,
google/vit-base-patch16-224,cifar100,contiguous,False,"[(4, 6)]",0.8129786849021912,0.05620000000000003,True,0.08620000000000005,0.11018759776390423,0.11397061159428903,-0.02777061159428898,,
google/vit-base-patch16-224,cifar100,contiguous,False,"[(5, 7)]",0.9917216897010803,0.03160000000000007,True,0.04413333333333325,0.042230766177921014,0.0417873782757557,0.0023459550575775437,,
google/vit-base-patch16-224,cifar100,contiguous,False,"[(6, 8)]",0.9997568130493164,0.039133333333333464,True,0.0504,0.0601374085297523,0.06215479512194219,-0.011754795121942191,,
google/vit-base-patch16-224,cifar100,contiguous,False,"[(7, 9)]",0.9997758865356445,0.04163333333333341,True,0.050933333333333386,0.0662023555638451,0.06933555909997839,-0.018402225766645006,,
google/vit-base-patch16-224,cifar100,contiguous,False,"[(8, 10)]",0.9992690682411194,0.027699999999999947,True,0.03293333333333326,0.03241891287433056,0.032278396029566225,0.0006549373037670336,,
google/vit-base-patch16-224,cifar100,contiguous,False,"[(9, 11)]",0.9994394779205322,0.0252,True,0.05916666666666659,0.026345199905123177,0.016421793943508206,0.042744872723158384,,
google/vit-base-patch16-224,cifar100,contiguous,True,"[(0, 2)]",0.6631717085838318,0.10003333333333342,True,0.24106666666666665,0.22347131299400483,0.13275158241101565,0.108315084255651,,
google/vit-base-patch16-224,cifar100,contiguous,True,"[(1, 3)]",0.5036087036132812,0.0416333333333333,True,0.09486666666666665,0.08915884178959263,0.07904684608299942,0.015819820583667238,,
google/vit-base-patch16-224,cifar100,contiguous,True,"[(3, 5)]",0.5494288206100464,0.05596666666666661,True,0.11226666666666674,0.12181560376371008,0.12727573428613087,-0.015009067619464134,,
google/vit-base-patch16-224,cifar100,contiguous,True,"[(4, 6)]",0.8129786849021912,0.05620000000000003,True,0.08620000000000005,0.11018756750548626,0.11397243699284745,-0.0277724369928474,,
google/vit-base-patch16-224,cifar100,contiguous,True,"[(5, 7)]",0.9917216897010803,0.03160000000000007,True,0.04413333333333325,0.04223060907893082,0.04178266365324626,0.0023506696800869864,,
google/vit-base-patch16-224,cifar100,contiguous,True,"[(6, 8)]",0.9997568130493164,0.039133333333333464,True,0.0504,0.06013687672769551,0.06241335858079203,-0.012013358580792027,,
google/vit-base-patch16-224,cifar100,contiguous,True,"[(7, 9)]",0.9997758865356445,0.04163333333333341,True,0.050933333333333386,0.06620171685495006,0.06992490049273303,-0.018991567159399647,,
google/vit-base-patch16-224,cifar100,contiguous,True,"[(8, 10)]",0.9992690682411194,0.027699999999999947,True,0.03293333333333326,0.03241887263149522,0.03227825943368176,0.0006550738996514982,,
google/vit-base-patch16-224,cifar100,contiguous,True,"[(9, 11)]",0.9994394779205322,0.0252,True,0.05916666666666659,0.026345265320802003,0.016406818828764564,0.04275984783790203,,
google/vit-base-patch16-224,dermamnist,contiguous,False,"[(0, 2)]",0.5998559594154358,-0.007315045719035962,True,-0.01030756442227776,-0.011285732161043545,-0.012175445325238638,0.0018678809029608785,,
google/vit-base-patch16-224,dermamnist,contiguous,False,"[(1, 3)]",0.4099898040294647,-0.01579384871155487,True,-0.017456359102244412,-0.013342719265654602,-0.01167667005408889,-0.005779689048155522,,
google/vit-base-patch16-224,dermamnist,contiguous,False,"[(2, 4)]",0.1622008979320526,-0.017955112219451563,True,-0.011970074812967635,-0.013172971831457513,-0.015202580720341953,0.003232505907374318,,
google/vit-base-patch16-224,dermamnist,contiguous,False,"[(3, 5)]",0.7522976994514465,-0.01313383208645058,True,-0.010141313383208672,-0.01368160814286656,-0.014082610978336848,0.003941297595128176,,
google/vit-base-patch16-224,dermamnist,contiguous,False,"[(4, 6)]",0.8951032757759094,-0.007980049875311868,True,-0.011138819617622753,-0.012526650021405865,-0.013041142915040802,0.0019023232974180494,,
google/vit-base-patch16-224,dermamnist,contiguous,False,"[(5, 7)]",0.994934618473053,-0.01130507065669184,True,-0.012302576891105588,-0.013940006206799232,-0.014248416731923367,0.0019458398408177795,,
google/vit-base-patch16-224,dermamnist,contiguous,False,"[(6, 8)]",0.9999115467071533,-0.009642560266001854,True,-0.012468827930174675,-0.013424407916398103,-0.013658988940353839,0.0011901610101791634,,
google/vit-base-patch16-224,dermamnist,contiguous,False,"[(7, 9)]",0.9998050928115845,-0.017290108063175547,True,-0.01413133832086455,-0.015875482492310466,-0.017175974981864243,0.0030446366609996924,,
google/vit-base-patch16-224,dermamnist,contiguous,False,"[(8, 10)]",0.9990372061729431,-0.01562759767248567,True,-0.014796342477140456,-0.015339886641246303,-0.01556226952247488,0.0007659270453344233,,
google/vit-base-patch16-224,dermamnist,contiguous,False,"[(9, 11)]",0.999509334564209,-0.011138819617622864,True,-0.021778886118038243,-0.013902638396462521,-0.01237710136179806,-0.009401784756240183,,
google/vit-base-patch16-224,imagenet-1k,contiguous,False,"[(0, 2)]",0.6788446307182312,0.09376666666666689,True,0.3226666666666667,0.17229394020669994,0.15243989942191977,0.17022676724474695,,
google/vit-base-patch16-224,imagenet-1k,contiguous,False,"[(1, 3)]",0.5944804549217224,0.0428333333333335,True,0.08863333333333334,0.09945024412819348,0.10337775299936411,-0.014744419666030767,,
google/vit-base-patch16-224,imagenet-1k,contiguous,False,"[(2, 4)]",0.14979064464569092,0.046800000000000064,True,0.08396666666666663,0.13153750436639056,0.2043929355453645,-0.12042626887869787,,
google/vit-base-patch16-224,imagenet-1k,contiguous,False,"[(3, 5)]",0.4872250556945801,0.09276666666666666,True,0.17723333333333335,0.18198314000167223,0.18356986620801308,-0.006336532874679723,,
google/vit-base-patch16-224,imagenet-1k,contiguous,False,"[(4, 6)]",0.807510256767273,0.09216666666666662,True,0.1576333333333333,0.16231916821288883,0.16285934775100247,-0.005226014417669178,,
google/vit-base-patch16-224,imagenet-1k,contiguous,False,"[(5, 7)]",0.9898114204406738,0.06166666666666665,True,0.09563333333333335,0.1050707720760101,0.11110221167114777,-0.01546887833781442,,
google/vit-base-patch16-224,imagenet-1k,contiguous,False,"[(6, 8)]",0.9996444582939148,0.07516666666666671,True,0.12006666666666677,0.1251114772555867,0.12720437942425564,-0.007137712757588871,,
google/vit-base-patch16-224,imagenet-1k,contiguous,False,"[(7, 9)]",0.9997544884681702,0.10783333333333345,True,0.15610000000000002,0.1749913338697864,0.1788604659663015,-0.02276046596630149,,
google/vit-base-patch16-224,imagenet-1k,contiguous,False,"[(8, 10)]",0.9996436238288879,0.14950000000000008,True,0.1982666666666667,0.23862830433478352,0.25632268745740006,-0.058056020790733354,,
google/vit-base-patch16-224,imagenet-1k,contiguous,False,"[(9, 11)]",0.9992237687110901,0.17080000000000006,True,0.26236666666666664,0.2711807822146547,0.2800069626903253,-0.017640296023658686,,
google/vit-base-patch16-224,pneumoniamnist,contiguous,False,"[(0, 2)]",0.6542305946350098,-0.00213675213675224,True,0.012820512820512775,0.00736751552318831,-0.0015129168182884609,0.014333429638801236,,
google/vit-base-patch16-224,pneumoniamnist,contiguous,False,"[(1, 3)]",0.6256328821182251,-0.016559829059829223,True,-0.020299145299145338,-0.008752663774354325,-0.006883712755049634,-0.013415432544095704,,
google/vit-base-patch16-224,pneumoniamnist,contiguous,False,"[(2, 4)]",0.13607434928417206,-0.03685897435897445,False,-0.011217948717948789,-0.010386614839869003,-0.008906394041079353,-0.002311554676869436,,
google/vit-base-patch16-224,pneumoniamnist,contiguous,False,"[(3, 5)]",0.5080789923667908,-0.029380341880341998,True,-0.015491452991453047,-0.018764522286011838,-0.021905804834562656,0.006414351843109609,,
google/vit-base-patch16-224,pneumoniamnist,contiguous,False,"[(4, 6)]",0.8444774150848389,-0.0064102564102566095,True,0.0032051282051281937,-0.006720441654688089,-0.008080692373250216,0.01128582057837841,,
google/vit-base-patch16-224,pneumoniamnist,contiguous,False,"[(5, 7)]",0.9927545189857483,-0.002136752136752351,True,-0.007478632478632452,-0.008494997366748316,-0.008830090294974807,0.0013514578163423552,,
google/vit-base-patch16-224,pneumoniamnist,contiguous,False,"[(6, 8)]",0.9999186992645264,0.00747863247863223,True,0.0,0.0028094426339482365,0.0037093706140094787,-0.0037093706140094787,,
google/vit-base-patch16-224,pneumoniamnist,contiguous,False,"[(7, 9)]",0.999852180480957,0.002136752136751907,True,0.005876068376068244,-0.0036541839309718674,-0.005574517192026125,0.01145058556809437,,
google/vit-base-patch16-224,pneumoniamnist,contiguous,False,"[(8, 10)]",0.9993608593940735,0.0026709401709400504,True,-0.007478632478632452,-0.0029844873178173775,-0.0020961232372422936,-0.0053825092413901585,,
google/vit-base-patch16-224,pneumoniamnist,contiguous,False,"[(9, 11)]",0.9995734095573425,0.003739316239316115,True,-0.011217948717948789,-0.0017010982687276008,0.00020962100841593473,-0.011427569726364724,,
google/vit-base-patch16-224,pneumoniamnist,contiguous,True,"[(0, 2)]",0.6542305946350098,-0.00213675213675224,True,0.012820512820512775,0.00798667780345863,-0.013893824226696862,0.026714337047209637,,
google/vit-base-patch16-224,pneumoniamnist,contiguous,True,"[(1, 3)]",0.6256328821182251,-0.016559829059829223,True,-0.020299145299145338,-0.008254624422756048,-0.0038361069910490264,-0.01646303830809631,,
google/vit-base-patch16-224,pneumoniamnist,contiguous,True,"[(3, 5)]",0.5080789923667908,-0.029380341880341998,True,-0.015491452991453047,-0.018137789781419854,-0.024143260654651458,0.00865180766319841,,
google/vit-base-patch16-224,pneumoniamnist,contiguous,True,"[(4, 6)]",0.8444774150848389,-0.0064102564102566095,True,0.0032051282051281937,-0.0066469605731493756,-0.008033045236217819,0.011238173441346012,,
google/vit-base-patch16-224,pneumoniamnist,contiguous,True,"[(5, 7)]",0.9927545189857483,-0.002136752136752351,True,-0.007478632478632452,-0.008744277683383699,-0.009237171520776646,0.0017585390421441943,,
google/vit-base-patch16-224,pneumoniamnist,contiguous,True,"[(6, 8)]",0.9999186992645264,0.00747863247863223,True,0.0,0.0026714414280107138,0.0035739285439238683,-0.0035739285439238683,,
google/vit-base-patch16-224,pneumoniamnist,contiguous,True,"[(7, 9)]",0.999852180480957,0.002136752136751907,True,0.005876068376068244,-0.0038640466895150938,-0.006158048809036011,0.012034117185104255,,
google/vit-base-patch16-224,pneumoniamnist,contiguous,True,"[(8, 10)]",0.9993608593940735,0.0026709401709400504,True,-0.007478632478632452,-0.0031858864310793447,-0.0022039914803505395,-0.005274640998281913,,
google/vit-base-patch16-224,pneumoniamnist,contiguous,True,"[(9, 11)]",0.9995734095573425,0.003739316239316115,True,-0.011217948717948789,-0.001888636214268942,0.0002361521432336644,-0.011454100861182454,,
google/vit-large-patch16-224,cifar100,contiguous,False,"[(0, 2)]",0.7581431865692139,0.03403333333333336,True,0.07933333333333326,0.0556077598682853,0.05248287876662834,0.026850454566704915,,
google/vit-large-patch16-224,cifar100,contiguous,False,"[(1, 3)]",0.8067368268966675,0.015800000000000036,True,0.04293333333333327,0.041461019837085035,0.04129738402955102,0.001635949303782247,,
google/vit-large-patch16-224,cifar100,contiguous,False,"[(2, 4)]",0.8229079246520996,0.00883333333333347,True,0.018366666666666642,0.03625810109697147,0.038167038680805676,-0.019800372014139034,,
google/vit-large-patch16-224,cifar100,contiguous,False,"[(3, 5)]",0.0647130012512207,0.3420333333333334,False,0.3868,0.28381561113149834,0.03551788787801491,0.35128211212198507,,
google/vit-large-patch16-224,cifar100,contiguous,False,"[(4, 6)]",0.2167939692735672,0.6776333333333333,False,0.2919333333333334,0.45582081992211154,0.8155358703178873,-0.523602536984554,,
google/vit-large-patch16-224,cifar100,contiguous,False,"[(5, 7)]",0.8670735955238342,0.3459,True,0.43776666666666675,0.2181847664051509,0.0616241225717607,0.37614254409490605,,
google/vit-large-patch16-224,cifar100,contiguous,False,"[(6, 8)]",0.9999768137931824,0.009399999999999964,True,0.010999999999999899,0.021616476817721345,0.02223090813053194,-0.011230908130532041,,
google/vit-large-patch16-224,cifar100,contiguous,False,"[(7, 9)]",0.999987781047821,0.0022333333333334204,True,0.006033333333333335,0.017668146251096,0.018343436694447268,-0.012310103361113933,,
google/vit-large-patch16-224,cifar100,contiguous,False,"[(8, 10)]",0.9999831914901733,0.0044000000000001815,True,0.006299999999999972,0.01886193516601374,0.019589607904696674,-0.013289607904696701,,
google/vit-large-patch16-224,cifar100,contiguous,False,"[(9, 11)]",0.9999786019325256,0.005499999999999949,True,0.01206666666666667,0.019468203431283915,0.01989667659314169,-0.00783000992647502,,
google/vit-large-patch16-224,cifar100,contiguous,False,"[(10, 12)]",0.9999665021896362,0.00436666666666663,True,0.01319999999999999,0.01884498458324463,0.019171972594275916,-0.005971972594275926,,
google/vit-large-patch16-224,cifar100,contiguous,False,"[(11, 13)]",0.9999583959579468,0.01113333333333344,True,0.018166666666666775,0.022572753288389646,0.022827964839571377,-0.004661298172904602,,
google/vit-large-patch16-224,cifar100,contiguous,False,"[(12, 14)]",0.9999487400054932,0.010933333333333461,True,0.011966666666666681,0.022463408626867423,0.023071304908171567,-0.011104638241504886,,
google/vit-large-patch16-224,cifar100,contiguous,False,"[(13, 15)]",0.99996417760849,0.010533333333333506,True,0.014433333333333409,0.022241784653532132,0.022693910206708814,-0.008260576873375405,,
google/vit-large-patch16-224,cifar100,contiguous,False,"[(14, 16)]",0.9999797940254211,0.0121,True,0.011366666666666636,0.023103386776867657,0.023783773036643946,-0.01241710636997731,,
google/vit-large-patch16-224,cifar100,contiguous,False,"[(15, 17)]",0.9999910593032837,0.006166666666666543,True,0.009500000000000064,0.01983435179286959,0.020432471534259852,-0.010932471534259788,,
google/vit-large-patch16-224,cifar100,contiguous,False,"[(16, 18)]",0.9999897480010986,0.0043999999999998485,True,0.004566666666666608,0.0188613814584115,0.01968944387955074,-0.015122777212884131,,
google/vit-large-patch16-224,cifar100,contiguous,False,"[(17, 19)]",0.9999862909317017,0.006099999999999883,True,0.010433333333333406,0.019798034448704482,0.02034003795833257,-0.009906704624999166,,
google/vit-large-patch16-224,cifar100,contiguous,False,"[(18, 20)]",0.9999815821647644,0.005866666666666687,True,0.014900000000000024,0.019669911969326576,0.01994600082328575,-0.005046000823285726,,
google/vit-large-patch16-224,cifar100,contiguous,False,"[(19, 21)]",0.9999581575393677,0.002166666666666761,True,0.002266666666666639,0.017633927962113216,0.018525850678819247,-0.016259184012152608,,
google/vit-large-patch16-224,cifar100,contiguous,False,"[(20, 22)]",0.9999513030052185,-0.0023999999999999577,True,0.002466666666666617,0.015119184056939725,0.015858888126043566,-0.013392221459376949,,
google/vit-large-patch16-224,cifar100,contiguous,False,"[(21, 23)]",0.9999449849128723,-0.0032333333333333103,True,-0.0022333333333333094,0.01466071712218285,0.015650135222161382,-0.01788346855549469,,
google/vit-large-patch16-224,cifar100,contiguous,True,"[(0, 2)]",0.7581431865692139,0.03403333333333336,True,0.07933333333333326,0.06968758079648985,0.06190133522338817,0.017431998109945085,,
google/vit-large-patch16-224,cifar100,contiguous,True,"[(1, 3)]",0.8067368268966675,0.015800000000000036,True,0.04293333333333327,0.042207713504766084,0.04189834464967253,0.0010349886836607397,,
google/vit-large-patch16-224,cifar100,contiguous,True,"[(2, 4)]",0.8229079246520996,0.00883333333333347,True,0.018366666666666642,0.0319666452032894,0.036742308675286425,-0.018375642008619783,,
google/vit-large-patch16-224,cifar100,contiguous,True,"[(5, 7)]",0.8670735955238342,0.3459,True,0.43776666666666675,0.4382541591834966,0.5379019345459066,-0.10013526787923988,,
google/vit-large-patch16-224,cifar100,contiguous,True,"[(6, 8)]",0.9999768137931824,0.009399999999999964,True,0.010999999999999899,0.013548305931194882,0.013716507253194524,-0.002716507253194625,,
google/vit-large-patch16-224,cifar100,contiguous,True,"[(7, 9)]",0.999987781047821,0.0022333333333334204,True,0.006033333333333335,0.004807348901617034,0.004725159094165099,0.001308174239168236,,
google/vit-large-patch16-224,cifar100,contiguous,True,"[(8, 10)]",0.9999831914901733,0.0044000000000001815,True,0.006299999999999972,0.007450101295074285,0.007526695088298202,-0.0012266950882982297,,
google/vit-large-patch16-224,cifar100,contiguous,True,"[(9, 11)]",0.9999786019325256,0.005499999999999949,True,0.01206666666666667,0.008792050200347346,0.008574569681610217,0.003492096985056453,,
google/vit-large-patch16-224,cifar100,contiguous,True,"[(10, 12)]",0.9999665021896362,0.00436666666666663,True,0.01319999999999999,0.007411252306373017,0.007025766354681315,0.006174233645318675,,
google/vit-large-patch16-224,cifar100,contiguous,True,"[(11, 13)]",0.9999583959579468,0.01113333333333344,True,0.018166666666666775,0.01566409926440146,0.015499113343116433,0.0026675533235503424,,
google/vit-large-patch16-224,cifar100,contiguous,True,"[(12, 14)]",0.9999487400054932,0.010933333333333461,True,0.011966666666666681,0.015421240687114757,0.015648978935013616,-0.003682312268346935,,
google/vit-large-patch16-224,cifar100,contiguous,True,"[(13, 15)]",0.99996417760849,0.010533333333333506,True,0.014433333333333409,0.014931773342763993,0.014964643169247088,-0.0005313098359136792,,
google/vit-large-patch16-224,cifar100,contiguous,True,"[(14, 16)]",0.9999797940254211,0.0121,True,0.011366666666666636,0.016840643132034316,0.0172015784491618,-0.005834911782495164,,
google/vit-large-patch16-224,cifar100,contiguous,True,"[(15, 17)]",0.9999910593032837,0.006166666666666543,True,0.009500000000000064,0.009603707972806103,0.009610586631071824,-0.00011058663107176014,,
google/vit-large-patch16-224,cifar100,contiguous,True,"[(16, 18)]",0.9999897480010986,0.0043999999999998485,True,0.004566666666666608,0.007449393712097033,0.007641388465016483,-0.003074721798349875,,
google/vit-large-patch16-224,cifar100,contiguous,True,"[(17, 19)]",0.9999862909317017,0.006099999999999883,True,0.010433333333333406,0.009522922360595973,0.009462532062010254,0.0009708012713231517,,
google/vit-large-patch16-224,cifar100,contiguous,True,"[(18, 20)]",0.9999815821647644,0.005866666666666687,True,0.014900000000000024,0.009238879770784775,0.008863194608753247,0.006036805391246777,,
google/vit-large-patch16-224,cifar100,contiguous,True,"[(19, 21)]",0.9999581575393677,0.002166666666666761,True,0.002266666666666639,0.00472924567214647,0.004894327196703574,-0.002627660530036935,,
google/vit-large-patch16-224,cifar100,contiguous,True,"[(20, 22)]",0.9999513030052185,-0.0023999999999999577,True,0.002466666666666617,-0.0008390795158010333,-0.0010649734411259104,0.0035316401077925275,,
google/vit-large-patch16-224,cifar100,contiguous,True,"[(21, 23)]",0.9999449849128723,-0.0032333333333333103,True,-0.0022333333333333094,-0.001854650388257842,-0.0018286645917988953,-0.0004046687415344141,,
google/vit-large-patch16-224,dermamnist,contiguous,False,"[(0, 2)]",0.7002314329147339,-0.012967581047381604,True,-0.003491271820448838,-0.0029791363302846055,-0.0029200216205258443,-0.0005712501999229937,,
google/vit-large-patch16-224,dermamnist,contiguous,False,"[(1, 3)]",0.756356418132782,-0.014796342477140456,True,-0.00831255195344971,-0.005352132653143729,-0.005059015912567008,-0.0032535360408827013,,
google/vit-large-patch16-224,dermamnist,contiguous,False,"[(2, 4)]",0.8152210116386414,-0.01945137157107224,True,-0.01413133832086455,-0.009480941949997958,-0.00898314459723375,-0.0051481937236308,,
google/vit-large-patch16-224,dermamnist,contiguous,False,"[(3, 5)]",0.06571080535650253,-0.002327514546965892,False,0.03557772236076484,0.01783590596861937,-0.016062656856532215,0.051640379217297055,,
google/vit-large-patch16-224,dermamnist,contiguous,False,"[(4, 6)]",0.24739842116832733,0.049542809642560304,False,0.021778886118038243,0.04478141041561723,0.07877965899797715,-0.057000772879938905,,
google/vit-large-patch16-224,dermamnist,contiguous,False,"[(5, 7)]",0.8874606490135193,0.03990024937655856,True,0.04638403990024942,0.02443795398353184,0.0030598683741913137,0.04332417152605811,,
google/vit-large-patch16-224,dermamnist,contiguous,False,"[(6, 8)]",0.9999807476997375,-0.010806317539484689,True,-0.005486284289276666,-0.00850545352569268,-0.008682159493189418,0.003195875203912752,,
google/vit-large-patch16-224,dermamnist,contiguous,False,"[(7, 9)]",0.9999894499778748,-0.0174563591022443,True,-0.01612635078969238,-0.01249028302711468,-0.0122361542883163,-0.003890196501376078,,
google/vit-large-patch16-224,dermamnist,contiguous,False,"[(8, 10)]",0.9999873042106628,-0.01596009975062329,True,-0.0174563591022443,-0.01159369211660809,-0.011209666510930461,-0.00624669259131384,,
google/vit-large-patch16-224,dermamnist,contiguous,False,"[(9, 11)]",0.9999860525131226,-0.014796342477140345,True,-0.01313383208645047,-0.010896353125517625,-0.010755756703194237,-0.0023780753832562326,,
google/vit-large-patch16-224,dermamnist,contiguous,False,"[(10, 12)]",0.9999849796295166,-0.015295095594347385,True,-0.012468827930174453,-0.011195176070100035,-0.011113789072733152,-0.0013550388574413014,,
google/vit-large-patch16-224,dermamnist,contiguous,False,"[(11, 13)]",0.9999645352363586,-0.00980881130507072,True,-0.006982543640897676,-0.007907389862729028,-0.007961588090999568,0.0009790444501018916,,
google/vit-large-patch16-224,dermamnist,contiguous,False,"[(12, 14)]",0.9999479651451111,-0.003990024937655878,True,-0.005153782211138713,-0.004420460248616868,-0.004370367062428774,-0.0007834151487099393,,
google/vit-large-patch16-224,dermamnist,contiguous,False,"[(13, 15)]",0.9999635219573975,-0.00831255195344971,True,-0.006483790523690747,-0.0070108247239827615,-0.007042226564435736,0.0005584360407449897,,
google/vit-large-patch16-224,dermamnist,contiguous,False,"[(14, 16)]",0.9999821186065674,-0.01463009143807148,True,-0.012468827930174453,-0.010796647815916046,-0.010692122919861078,-0.001776705010313375,,
google/vit-large-patch16-224,dermamnist,contiguous,False,"[(15, 17)]",0.9999918341636658,-0.009975062344139474,True,-0.00831255195344971,-0.008007626884438224,-0.007989769558652157,-0.0003227823947975529,,
google/vit-large-patch16-224,dermamnist,contiguous,False,"[(16, 18)]",0.9999915957450867,-0.004156275976724633,True,-0.004156275976724855,-0.0045210689262380685,-0.004545809810957365,0.0003895338342325104,,
google/vit-large-patch16-224,dermamnist,contiguous,False,"[(17, 19)]",0.9999893307685852,-0.00482128013300076,True,-0.006483790523690747,-0.004919480529296531,-0.004816313515099788,-0.0016674770085909583,,
google/vit-large-patch16-224,dermamnist,contiguous,False,"[(18, 20)]",0.9999875426292419,-0.015627597672485338,True,-0.012967581047381493,-0.011394465968952352,-0.011292723595878618,-0.001674857451502875,,
google/vit-large-patch16-224,dermamnist,contiguous,False,"[(19, 21)]",0.9999736547470093,-0.020116375727348035,True,-0.013300083125519446,-0.014083776165194569,-0.014146813841854823,0.0008467307163353768,,
google/vit-large-patch16-224,dermamnist,contiguous,False,"[(20, 22)]",0.999965488910675,-0.011471321695760373,True,-0.006982543640897676,-0.0089035694317114,-0.009016389778270375,0.002033846137372699,,
google/vit-large-patch16-224,dermamnist,contiguous,False,"[(21, 23)]",0.9999545812606812,-0.008146300914380511,True,-0.004156275976724855,-0.00691100547607219,-0.007075609320520513,0.0029193333437956583,,
google/vit-large-patch16-224,dermamnist,contiguous,True,"[(0, 2)]",0.7002314329147339,-0.012967581047381604,True,-0.003491271820448838,-0.004241302302539825,-0.004918283457412794,0.0014270116369639561,,
google/vit-large-patch16-224,dermamnist,contiguous,True,"[(1, 3)]",0.756356418132782,-0.014796342477140456,True,-0.00831255195344971,-0.007327420166306397,-0.006864863004546525,-0.0014476889489031843,,
google/vit-large-patch16-224,dermamnist,contiguous,True,"[(2, 4)]",0.8152210116386414,-0.01945137157107224,True,-0.01413133832086455,-0.013324032739533264,-0.013098614843068679,-0.0010327234777958716,,
google/vit-large-patch16-224,dermamnist,contiguous,True,"[(5, 7)]",0.8874606490135193,0.03990024937655856,True,0.04638403990024942,0.0449244187536038,0.03445539963313847,0.011928640267110949,,
google/vit-large-patch16-224,dermamnist,contiguous,True,"[(6, 8)]",0.9999807476997375,-0.010806317539484689,True,-0.005486284289276666,-0.008695667901541079,-0.008904887779675425,0.003418603490398759,,
google/vit-large-patch16-224,dermamnist,contiguous,True,"[(7, 9)]",0.9999894499778748,-0.0174563591022443,True,-0.01612635078969238,-0.015401425547979134,-0.015338894823426649,-0.00078745596626573,,
google/vit-large-patch16-224,dermamnist,contiguous,True,"[(8, 10)]",0.9999873042106628,-0.01596009975062329,True,-0.0174563591022443,-0.013892625922381493,-0.013613065825560464,-0.0038432932766838367,,
google/vit-large-patch16-224,dermamnist,contiguous,True,"[(9, 11)]",0.9999860525131226,-0.014796342477140345,True,-0.01313383208645047,-0.012719124336136683,-0.012688586968815193,-0.0004452451176352769,,
google/vit-large-patch16-224,dermamnist,contiguous,True,"[(10, 12)]",0.9999849796295166,-0.015295095594347385,True,-0.012468827930174453,-0.01322201797182183,-0.01327893137132052,0.0008101034411460671,,
google/vit-large-patch16-224,dermamnist,contiguous,True,"[(11, 13)]",0.9999645352363586,-0.00980881130507072,True,-0.006982543640897676,-0.007689474348937183,-0.007735402972527835,0.0007528593316301589,,
google/vit-large-patch16-224,dermamnist,contiguous,True,"[(12, 14)]",0.9999479651451111,-0.003990024937655878,True,-0.005153782211138713,-0.0018217382142927743,-0.0015588113415502362,-0.003594970869588477,,
google/vit-large-patch16-224,dermamnist,contiguous,True,"[(13, 15)]",0.9999635219573975,-0.00831255195344971,True,-0.006483790523690747,-0.006180699786142923,-0.006160676429301737,-0.00032311409438900984,,
google/vit-large-patch16-224,dermamnist,contiguous,True,"[(14, 16)]",0.9999821186065674,-0.01463009143807148,True,-0.012468827930174453,-0.012551398149407925,-0.012557428665373897,8.860073519944417e-05,,
google/vit-large-patch16-224,dermamnist,contiguous,True,"[(15, 17)]",0.9999918341636658,-0.009975062344139474,True,-0.00831255195344971,-0.007857717620872385,-0.007828167839226484,-0.0004843841142232255,,
google/vit-large-patch16-224,dermamnist,contiguous,True,"[(16, 18)]",0.9999915957450867,-0.004156275976724633,True,-0.004156275976724855,-0.001990342918234595,-0.0018210343041850686,-0.002335241672539786,,
google/vit-large-patch16-224,dermamnist,contiguous,True,"[(17, 19)]",0.9999893307685852,-0.00482128013300076,True,-0.006483790523690747,-0.0026608492984860586,-0.002372909769551429,-0.004110880754139318,,
google/vit-large-patch16-224,dermamnist,contiguous,True,"[(18, 20)]",0.9999875426292419,-0.015627597672485338,True,-0.012967581047381493,-0.013557352945832154,-0.013602742140256505,0.0006351610928750119,,
google/vit-large-patch16-224,dermamnist,contiguous,True,"[(19, 21)]",0.9999736547470093,-0.020116375727348035,True,-0.013300083125519446,-0.018083302011258833,-0.018585071800033826,0.005284988674514379,,
google/vit-large-patch16-224,dermamnist,contiguous,True,"[(20, 22)]",0.999965488910675,-0.011471321695760373,True,-0.006982543640897676,-0.009365886719100696,-0.009522569453269094,0.002540025812371418,,
google/vit-large-patch16-224,dermamnist,contiguous,True,"[(21, 23)]",0.9999545812606812,-0.008146300914380511,True,-0.004156275976724855,-0.0060128627954409986,-0.0061359268807053904,0.0019796509039805357,,
google/vit-large-patch16-224,imagenet-1k,contiguous,False,"[(0, 2)]",0.7757908701896667,0.029066666666666574,True,0.06803333333333328,0.04577123365070071,0.0427401159814987,0.025293217351834582,,
google/vit-large-patch16-224,imagenet-1k,contiguous,False,"[(1, 3)]",0.8387489318847656,0.014433333333333298,True,0.03066666666666651,0.037682444438089824,0.03835150131089999,-0.0076848346442334806,,
google/vit-large-patch16-224,imagenet-1k,contiguous,False,"[(2, 4)]",0.8497215509414673,0.006733333333333369,True,0.020099999999999896,0.03326048302011958,0.03448473981432049,-0.014384739814320598,,
google/vit-large-patch16-224,imagenet-1k,contiguous,False,"[(3, 5)]",0.061534639447927475,0.5680666666666667,False,0.5306333333333333,0.35571103671253257,-0.05496164653968916,0.5855949798730224,,
google/vit-large-patch16-224,imagenet-1k,contiguous,False,"[(4, 6)]",0.17419135570526123,1.1898666666666666,False,0.4756,0.7202670077196798,1.2367230525871153,-0.7611230525871153,,
google/vit-large-patch16-224,imagenet-1k,contiguous,False,"[(5, 7)]",0.8827399611473083,0.6334333333333334,True,0.7072333333333334,0.4000871305408209,0.13589275957978836,0.5713405737535451,,
google/vit-large-patch16-224,imagenet-1k,contiguous,False,"[(6, 8)]",0.999980092048645,0.01213333333333333,True,0.013499999999999956,0.0375427312034555,0.038919128136099906,-0.02541912813609995,,
google/vit-large-patch16-224,imagenet-1k,contiguous,False,"[(7, 9)]",0.9999842047691345,0.013466666666666627,True,0.01866666666666672,0.03832267737706976,0.0394471722224874,-0.02078050555582068,,
google/vit-large-patch16-224,imagenet-1k,contiguous,False,"[(8, 10)]",0.999976396560669,0.017999999999999905,True,0.021633333333333282,0.04097433141701792,0.042079103984949344,-0.02044577065161606,,
google/vit-large-patch16-224,imagenet-1k,contiguous,False,"[(9, 11)]",0.9999748468399048,0.01626666666666665,True,0.02743333333333331,0.03996042978283112,0.040676288139966946,-0.013242954806633636,,
google/vit-large-patch16-224,imagenet-1k,contiguous,False,"[(10, 12)]",0.9999623894691467,0.018266666666666764,True,0.026033333333333353,0.04113020975993379,0.04199247833088954,-0.015959144997556185,,
google/vit-large-patch16-224,imagenet-1k,contiguous,False,"[(11, 13)]",0.9999487400054932,0.016800000000000037,True,0.022299999999999986,0.04027220073127451,0.04129898795162108,-0.018998987951621096,,
google/vit-large-patch16-224,imagenet-1k,contiguous,False,"[(12, 14)]",0.9999397397041321,0.011800000000000033,True,0.018933333333333358,0.0373474506051093,0.03840171684456957,-0.019468383511236212,,
google/vit-large-patch16-224,imagenet-1k,contiguous,False,"[(13, 15)]",0.9999555349349976,0.0086666666666666,True,0.015833333333333255,0.035514767480698504,0.036644065592424724,-0.02081073225909147,,
google/vit-large-patch16-224,imagenet-1k,contiguous,False,"[(14, 16)]",0.999972939491272,0.0074666666666665105,True,0.012333333333333307,0.03481297374915981,0.03610415738693981,-0.023770824053606504,,
google/vit-large-patch16-224,imagenet-1k,contiguous,False,"[(15, 17)]",0.9999856948852539,0.009533333333333283,True,0.01753333333333329,0.03602193803115568,0.03708217058549249,-0.019548837252159203,,
google/vit-large-patch16-224,imagenet-1k,contiguous,False,"[(16, 18)]",0.9999860525131226,0.012633333333333163,True,0.020033333333333236,0.03783524405656398,0.038854102674276005,-0.018820769340942768,,
google/vit-large-patch16-224,imagenet-1k,contiguous,False,"[(17, 19)]",0.9999803304672241,0.020099999999999785,True,0.03846666666666654,0.04220272761993031,0.04241608205468226,-0.0039494153880157215,,
google/vit-large-patch16-224,imagenet-1k,contiguous,False,"[(18, 20)]",0.999972939491272,0.02526666666666655,True,0.05120000000000002,0.045224844604257214,0.044883434627700634,0.006316565372299389,,
google/vit-large-patch16-224,imagenet-1k,contiguous,False,"[(19, 21)]",0.9999389052391052,0.023366666666666647,True,0.03926666666666667,0.04411321063248025,0.04438999013405591,-0.0051233234673892375,,
google/vit-large-patch16-224,imagenet-1k,contiguous,False,"[(20, 22)]",0.9999276995658875,0.025833333333333375,True,0.03593333333333337,0.04555597036637203,0.04610579997441257,-0.010172466641079195,,
google/vit-large-patch16-224,imagenet-1k,contiguous,False,"[(21, 23)]",0.9999250769615173,0.015233333333333321,True,0.01759999999999995,0.03935562316741373,0.040599105324852114,-0.022999105324852165,,
google/vit-large-patch16-224,imagenet-1k,contiguous,True,"[(0, 2)]",0.7757908701896667,0.029066666666666574,True,0.06803333333333328,0.05822547303612151,0.04829573496424803,0.01973759836908525,,
google/vit-large-patch16-224,imagenet-1k,contiguous,True,"[(1, 3)]",0.8387489318847656,0.014433333333333298,True,0.03066666666666651,0.03682222662829948,0.03905579424373781,-0.008389127577071304,,
google/vit-large-patch16-224,imagenet-1k,contiguous,True,"[(2, 4)]",0.8497215509414673,0.006733333333333369,True,0.020099999999999896,0.027476031689489186,0.02977315156325354,-0.009673151563253643,,
google/vit-large-patch16-224,imagenet-1k,contiguous,True,"[(5, 7)]",0.8827399611473083,0.6334333333333334,True,0.7072333333333334,0.7080686452404638,1.146635864400428,-0.4394025310670946,,
google/vit-large-patch16-224,imagenet-1k,contiguous,True,"[(6, 8)]",0.999980092048645,0.01213333333333333,True,0.013499999999999956,0.020370073968895813,0.020827521638895757,-0.007327521638895801,,
google/vit-large-patch16-224,imagenet-1k,contiguous,True,"[(7, 9)]",0.9999842047691345,0.013466666666666627,True,0.01866666666666672,0.021823785987152816,0.022033581449516337,-0.003366914782849617,,
google/vit-large-patch16-224,imagenet-1k,contiguous,True,"[(8, 10)]",0.999976396560669,0.017999999999999905,True,0.021633333333333282,0.026768291457666307,0.027107562302245133,-0.005474228968911851,,
google/vit-large-patch16-224,imagenet-1k,contiguous,True,"[(9, 11)]",0.9999748468399048,0.01626666666666665,True,0.02743333333333331,0.024878137470809705,0.02470899305124051,0.002724340282092799,,
google/vit-large-patch16-224,imagenet-1k,contiguous,True,"[(10, 12)]",0.9999623894691467,0.018266666666666764,True,0.026033333333333353,0.027060316384785607,0.027128140710158705,-0.001094807376825352,,
google/vit-large-patch16-224,imagenet-1k,contiguous,True,"[(11, 13)]",0.9999487400054932,0.016800000000000037,True,0.022299999999999986,0.025462022370261087,0.025671142779382275,-0.0033711427793822885,,
google/vit-large-patch16-224,imagenet-1k,contiguous,True,"[(12, 14)]",0.9999397397041321,0.011800000000000033,True,0.018933333333333358,0.020010046868100886,0.02008174683545348,-0.0011484135021201242,,
google/vit-large-patch16-224,imagenet-1k,contiguous,True,"[(13, 15)]",0.9999555349349976,0.0086666666666666,True,0.015833333333333255,0.016591621736534293,0.016642412842691676,-0.0008090795093584208,,
google/vit-large-patch16-224,imagenet-1k,contiguous,True,"[(14, 16)]",0.999972939491272,0.0074666666666665105,True,0.012333333333333307,0.015281455592289758,0.015479441688468432,-0.0031461083551351243,,
google/vit-large-patch16-224,imagenet-1k,contiguous,True,"[(15, 17)]",0.9999856948852539,0.009533333333333283,True,0.01753333333333329,0.017534157395277916,0.017534212518676956,-8.791853436662667e-07,,
google/vit-large-patch16-224,imagenet-1k,contiguous,True,"[(16, 18)]",0.9999860525131226,0.012633333333333163,True,0.020033333333333236,0.020914833873442826,0.02097348644258966,-0.0009401531092564225,,
google/vit-large-patch16-224,imagenet-1k,contiguous,True,"[(17, 19)]",0.9999803304672241,0.020099999999999785,True,0.03846666666666654,0.029058107869093783,0.028437631411178485,0.010029035255488053,,
google/vit-large-patch16-224,imagenet-1k,contiguous,True,"[(18, 20)]",0.999972939491272,0.02526666666666655,True,0.05120000000000002,0.03469325941420549,0.033607751793506516,0.017592248206493508,,
google/vit-large-patch16-224,imagenet-1k,contiguous,True,"[(19, 21)]",0.9999389052391052,0.023366666666666647,True,0.03926666666666667,0.03262415635081024,0.03218721434707464,0.007079452319592033,,
google/vit-large-patch16-224,imagenet-1k,contiguous,True,"[(20, 22)]",0.9999276995658875,0.025833333333333375,True,0.03593333333333337,0.03531515070891289,0.03527452598036898,0.0006588073529643912,,
google/vit-large-patch16-224,imagenet-1k,contiguous,True,"[(21, 23)]",0.9999250769615173,0.015233333333333321,True,0.01759999999999995,0.023755539290716277,0.02416330458419448,-0.006563304584194532,,
google/vit-large-patch16-224,imagenet-1k,disjoint,False,"[(0, 1), (2, 3)]",,0.022633333333333283,,0.02956666666666663,0.02840019345488256,0.028386930172283435,0.0011797364943831948,0.8957095742225647,0.9364557266235352
google/vit-large-patch16-224,imagenet-1k,disjoint,False,"[(1, 2), (3, 4)]",,0.01316666666666666,,0.016133333333333333,0.01848430023181085,0.01850825609420239,-0.002374922760869057,0.9330219626426697,0.9364521503448486
google/vit-large-patch16-224,imagenet-1k,disjoint,False,"[(2, 3), (4, 5)]",,0.5693333333333334,,0.6113333333333333,0.5716047042517495,0.5525797147780055,0.05875361855532779,0.9364557266235352,0.19521138072013855
google/vit-large-patch16-224,imagenet-1k,disjoint,False,"[(3, 4), (5, 6)]",,0.6272666666666668,,0.6204666666666666,0.6089375328009049,0.6082191797749715,0.01224748689169508,0.9364521503448486,0.8828893899917603
google/vit-large-patch16-224,imagenet-1k,disjoint,False,"[(4, 5), (6, 7)]",,0.5742333333333334,,0.5724,0.5715353097202038,0.5714592774239968,0.0009407225760031945,0.19521138072013855,0.9999907612800598
google/vit-large-patch16-224,imagenet-1k,disjoint,False,"[(5, 6), (7, 8)]",,0.6277666666666667,,0.6373666666666666,0.6075086662101719,0.6054991306855984,0.031867535981068285,0.8828893899917603,0.999992847442627
google/vit-large-patch16-224,imagenet-1k,disjoint,False,"[(6, 7), (8, 9)]",,0.019133333333333336,,0.020133333333333336,0.021024619677505522,0.021030495253210883,-0.0008971619198775461,0.9999907612800598,0.9999929666519165
google/vit-large-patch16-224,imagenet-1k,disjoint,False,"[(7, 8), (9, 10)]",,0.010999999999999899,,0.02073333333333327,0.013222346616008303,0.013171972129026967,0.007561361204306304,0.999992847442627,0.9999884963035583
google/vit-large-patch16-224,imagenet-1k,disjoint,False,"[(8, 9), (10, 11)]",,0.01873333333333338,,0.023399999999999976,0.020640973380784307,0.020622771699368513,0.002777228300631464,0.9999929666519165,0.9999882578849792
google/vit-large-patch16-224,imagenet-1k,disjoint,False,"[(9, 10), (11, 12)]",,0.01753333333333329,,0.022699999999999942,0.019490056349193922,0.019468831541639843,0.0032311684583600994,0.9999884963035583,0.9999826550483704
google/vit-large-patch16-224,imagenet-1k,disjoint,False,"[(10, 11), (12, 13)]",,0.015533333333333399,,0.020566666666666733,0.017571759013323446,0.017551876089610285,0.0030147905770564476,0.9999882578849792,0.9999710917472839
google/vit-large-patch16-224,imagenet-1k,disjoint,False,"[(11, 12), (13, 14)]",,0.014533333333333398,,0.01616666666666655,0.01661212897467279,0.016615092667146926,-0.00044842600048037445,0.9999826550483704,0.9999880790710449
google/vit-large-patch16-224,imagenet-1k,disjoint,False,"[(12, 13), (14, 15)]",,0.01093333333333324,,0.01759999999999995,0.013159032958207029,0.013129244873958362,0.004470755126041587,0.9999710917472839,0.9999827146530151
google/vit-large-patch16-224,imagenet-1k,disjoint,False,"[(13, 14), (15, 16)]",,0.008333333333333304,,0.015866666666666696,0.010664195105797303,0.010629072886865466,0.005237593779801229,0.9999880790710449,0.9999927282333374
google/vit-large-patch16-224,imagenet-1k,disjoint,False,"[(14, 15), (16, 17)]",,0.00986666666666658,,0.013899999999999912,0.012135173085817082,0.012123304389322027,0.001776695610677885,0.9999827146530151,0.9999955892562866
google/vit-large-patch16-224,imagenet-1k,disjoint,False,"[(15, 16), (17, 18)]",,0.010233333333333094,,0.01849999999999996,0.012486763745473979,0.012446359623768423,0.006053640376231538,0.9999927282333374,0.9999929666519165
google/vit-large-patch16-224,imagenet-1k,disjoint,False,"[(16, 17), (18, 19)]",,0.019399999999999973,,0.02526666666666666,0.021280296236462222,0.02125402968369869,0.004012636982967971,0.9999955892562866,0.9999940991401672
google/vit-large-patch16-224,imagenet-1k,disjoint,False,"[(17, 18), (19, 20)]",,0.01849999999999974,,0.031233333333333224,0.020417127708578064,0.02034574033514225,0.010887592998190976,0.9999929666519165,0.9999885559082031
google/vit-large-patch16-224,imagenet-1k,disjoint,False,"[(18, 19), (20, 21)]",,0.024966666666666693,,0.03183333333333327,0.02662097302404175,0.026586941137166167,0.005246392196167102,0.9999940991401672,0.9999747276306152
google/vit-large-patch16-224,imagenet-1k,disjoint,False,"[(19, 20), (21, 22)]",,0.02613333333333323,,0.03376666666666672,0.027740104001227398,0.0277008206662952,0.006065846000371522,0.9999885559082031,0.9999815821647644
google/vit-large-patch16-224,imagenet-1k,disjoint,False,"[(20, 21), (22, 23)]",,0.012466666666666737,,0.01973333333333327,0.014630499036654206,0.014596394627769835,0.005136938705563435,0.9999747276306152,0.9999595880508423
google/vit-large-patch16-224,imagenet-1k,disjoint,False,"[(0, 1), (3, 4)]",,0.021366666666666645,,0.024533333333333296,0.027185169025805735,0.027215548756085638,-0.0026822154227523418,0.8957095742225647,0.9364521503448486
google/vit-large-patch16-224,imagenet-1k,disjoint,False,"[(1, 2), (4, 5)]",,0.5757666666666666,,0.5832333333333333,0.5778530345961352,0.5752782419370477,0.007955091396285585,0.9330219626426697,0.19521138072013855
google/vit-large-patch16-224,imagenet-1k,disjoint,False,"[(2, 3), (5, 6)]",,0.6285333333333334,,0.6044666666666666,0.6101525721117916,0.6105085686856228,-0.006041902018956158,0.9364557266235352,0.8828893899917603
google/vit-large-patch16-224,imagenet-1k,disjoint,False,"[(3, 4), (6, 7)]",,0.011633333333333384,,0.013700000000000045,0.0152510677026554,0.015262022681753556,-0.001562022681753511,0.9364521503448486,0.9999907612800598
google/vit-large-patch16-224,imagenet-1k,disjoint,False,"[(4, 5), (7, 8)]",,0.5685666666666667,,0.5685333333333333,0.5660991943429481,0.5658847250101956,0.0026486083231377355,0.19521138072013855,0.999992847442627
google/vit-large-patch16-224,imagenet-1k,disjoint,False,"[(5, 6), (8, 9)]",,0.6347666666666667,,0.5678333333333333,0.6142237960318849,0.6174319919448751,-0.04959865861154178,0.8828893899917603,0.9999929666519165
google/vit-large-patch16-224,imagenet-1k,disjoint,False,"[(6, 7), (9, 10)]",,0.016666666666666607,,0.01856666666666662,0.018658453312208355,0.018659061275942544,-9.239460927592397e-05,0.9999907612800598,0.9999884963035583
google/vit-large-patch16-224,imagenet-1k,disjoint,False,"[(7, 8), (10, 11)]",,0.011733333333333373,,0.01663333333333339,0.013925843063010819,0.01390771595383395,0.0027256173794994384,0.999992847442627,0.9999882578849792
google/vit-large-patch16-224,imagenet-1k,disjoint,False,"[(8, 9), (11, 12)]",,0.020000000000000018,,0.020566666666666733,0.021856241316753486,0.021864729047422593,-0.00129806238075586,0.9999929666519165,0.9999826550483704
google/vit-large-patch16-224,imagenet-1k,disjoint,False,"[(9, 10), (12, 13)]",,0.014799999999999924,,0.020633333333333392,0.016868263558441593,0.016843228812713176,0.003790104520620216,0.9999884963035583,0.9999710917472839
google/vit-large-patch16-224,imagenet-1k,disjoint,False,"[(10, 11), (13, 14)]",,0.01326666666666676,,0.016099999999999892,0.015396884353539149,0.015392193395341265,0.000707806604658627,0.9999882578849792,0.9999880790710449
google/vit-large-patch16-224,imagenet-1k,disjoint,False,"[(11, 12), (14, 15)]",,0.013666666666666605,,0.017000000000000015,0.015780873866811436,0.01577274761657333,0.0012272523834266844,0.9999826550483704,0.9999827146530151
google/vit-large-patch16-224,imagenet-1k,disjoint,False,"[(12, 13), (15, 16)]",,0.010599999999999943,,0.01526666666666665,0.012838999076984478,0.012822702150299195,0.0024439645163674556,0.9999710917472839,0.9999927282333374
google/vit-large-patch16-224,imagenet-1k,disjoint,False,"[(13, 14), (16, 17)]",,0.010733333333333372,,0.01200000000000001,0.012966450516393314,0.01297293641016152,-0.0009729364101615096,0.9999880790710449,0.9999955892562866
google/vit-large-patch16-224,imagenet-1k,disjoint,False,"[(14, 15), (17, 18)]",,0.010566666666666391,,0.015100000000000002,0.01280675595762875,0.012791359886056293,0.0023086401139437093,0.9999827146530151,0.9999929666519165
google/vit-large-patch16-224,imagenet-1k,disjoint,False,"[(15, 16), (18, 19)]",,0.016999999999999904,,0.025799999999999934,0.01897802892041827,0.01893287214520517,0.006867127854794763,0.9999927282333374,0.9999940991401672
google/vit-large-patch16-224,imagenet-1k,disjoint,False,"[(16, 17), (19, 20)]",,0.017799999999999927,,0.02623333333333333,0.019745555750093673,0.01970267855877468,0.00653065477455865,0.9999955892562866,0.9999885559082031
google/vit-large-patch16-224,imagenet-1k,disjoint,False,"[(17, 18), (20, 21)]",,0.018199999999999883,,0.024599999999999955,0.02012970313652431,0.020100182707823454,0.0044998172921765014,0.9999929666519165,0.9999747276306152
google/vit-large-patch16-224,imagenet-1k,disjoint,False,"[(18, 19), (21, 22)]",,0.027733333333333277,,0.03086666666666671,0.029274867554401326,0.029264513174031608,0.0016021534926351014,0.9999940991401672,0.9999815821647644
google/vit-large-patch16-224,imagenet-1k,disjoint,False,"[(19, 20), (22, 23)]",,0.012766666666666593,,0.021066666666666567,0.014917981151706318,0.014876914018675441,0.006189752647991126,0.9999885559082031,0.9999595880508423
google/vit-large-patch16-224,imagenet-1k,disjoint,False,"[(0, 1), (4, 5)]",,0.5839666666666666,,0.5496666666666666,0.5865539033901301,0.6042685436280627,-0.05460187696139607,0.8957095742225647,0.19521138072013855
google/vit-large-patch16-224,imagenet-1k,disjoint,False,"[(1, 2), (5, 6)]",,0.6349666666666667,,0.5797333333333333,0.6164009024561774,0.6187308402199212,-0.038997506886587874,0.9330219626426697,0.8828893899917603
google/vit-large-patch16-224,imagenet-1k,disjoint,False,"[(2, 3), (6, 7)]",,0.012900000000000023,,0.014466666666666739,0.016466107013542147,0.01648013479615905,-0.00201346812949231,0.9364557266235352,0.9999907612800598
google/vit-large-patch16-224,imagenet-1k,disjoint,False,"[(3, 4), (7, 8)]",,0.005966666666666676,,0.008266666666666644,0.009814952325399563,0.009826227045132481,-0.0015595603784658366,0.9364521503448486,0.999992847442627
google/vit-large-patch16-224,imagenet-1k,disjoint,False,"[(4, 5), (8, 9)]",,0.5755666666666667,,0.5681666666666666,0.5728143241646612,0.5732228094829279,-0.005056142816261322,0.19521138072013855,0.9999929666519165
google/vit-large-patch16-224,imagenet-1k,disjoint,False,"[(5, 6), (9, 10)]",,0.6323,,0.6201333333333333,0.6118576296665877,0.6112907545074486,0.008842578825884684,0.8828893899917603,0.9999884963035583
google/vit-large-patch16-224,imagenet-1k,disjoint,False,"[(6, 7), (10, 11)]",,0.017400000000000082,,0.016699999999999826,0.01936194975921087,0.01937955591968886,-0.0026795559196890334,0.9999907612800598,0.9999882578849792
google/vit-large-patch16-224,imagenet-1k,disjoint,False,"[(7, 8), (11, 12)]",,0.013000000000000012,,0.015533333333333288,0.015141110998980002,0.01513849264487576,0.00039484068845752757,0.999992847442627,0.9999826550483704
google/vit-large-patch16-224,imagenet-1k,disjoint,False,"[(8, 9), (12, 13)]",,0.017266666666666652,,0.019333333333333313,0.01923444852600116,0.01923379434026857,9.953899306474473e-05,0.9999929666519165,0.9999710917472839
google/vit-large-patch16-224,imagenet-1k,disjoint,False,"[(9, 10), (13, 14)]",,0.012533333333333285,,0.018233333333333324,0.014693388898657296,0.014669732330884963,0.0035636010024483605,0.9999884963035583,0.9999880790710449
google/vit-large-patch16-224,imagenet-1k,disjoint,False,"[(10, 11), (14, 15)]",,0.012399999999999967,,0.018199999999999883,0.014565629245677794,0.014541334371972782,0.003658665628027101,0.9999882578849792,0.9999827146530151
google/vit-large-patch16-224,imagenet-1k,disjoint,False,"[(11, 12), (15, 16)]",,0.013333333333333308,,0.016066666666666563,0.015460839985588885,0.015456798730539165,0.0006098679361273979,0.9999826550483704,0.9999927282333374
google/vit-large-patch16-224,imagenet-1k,disjoint,False,"[(12, 13), (16, 17)]",,0.013000000000000012,,0.014833333333333254,0.01514125448758049,0.015143310022173985,-0.000309976688840731,0.9999710917472839,0.9999955892562866
google/vit-large-patch16-224,imagenet-1k,disjoint,False,"[(13, 14), (17, 18)]",,0.011433333333333184,,0.020066666666666677,0.013638033388204983,0.013594962428432118,0.006471704238234559,0.9999880790710449,0.9999929666519165
google/vit-large-patch16-224,imagenet-1k,disjoint,False,"[(14, 15), (18, 19)]",,0.0173333333333332,,0.022533333333333183,0.01929802113257305,0.01927662013018628,0.0032567132031469034,0.9999827146530151,0.9999940991401672
google/vit-large-patch16-224,imagenet-1k,disjoint,False,"[(15, 16), (19, 20)]",,0.015399999999999858,,0.02283333333333326,0.01744328843404972,0.017407493406833077,0.005425839926500184,0.9999927282333374,0.9999885559082031
google/vit-large-patch16-224,imagenet-1k,disjoint,False,"[(16, 17), (20, 21)]",,0.01750000000000007,,0.019299999999999984,0.019458131178039913,0.019459176846592097,-0.00015917684659211284,0.9999955892562866,0.9999747276306152
google/vit-large-patch16-224,imagenet-1k,disjoint,False,"[(17, 18), (21, 22)]",,0.020966666666666467,,0.026633333333333287,0.022783597666883884,0.022758302444359887,0.0038750308889734,0.9999929666519165,0.9999815821647644
google/vit-large-patch16-224,imagenet-1k,disjoint,False,"[(18, 19), (22, 23)]",,0.014366666666666639,,0.019266666666666654,0.016452744704880243,0.016434016926465685,0.0028326497402009695,0.9999940991401672,0.9999595880508423
google/vit-large-patch16-224,imagenet-1k,disjoint,False,"[(0, 1), (5, 6)]",,0.6431666666666667,,0.6015,0.6251017712501723,0.6264985491347248,-0.024998549134724768,0.8957095742225647,0.8828893899917603
google/vit-large-patch16-224,imagenet-1k,disjoint,False,"[(1, 2), (6, 7)]",,0.019333333333333313,,0.021166666666666667,0.022714437357927924,0.02272505719417765,-0.0015583905275109826,0.9330219626426697,0.9999907612800598
google/vit-large-patch16-224,imagenet-1k,disjoint,False,"[(2, 3), (7, 8)]",,0.007233333333333314,,0.012499999999999845,0.011029991636286311,0.011019361034379505,0.00148063896562034,0.9364557266235352,0.999992847442627
google/vit-large-patch16-224,imagenet-1k,disjoint,False,"[(3, 4), (8, 9)]",,0.012966666666666682,,0.0131,0.01653008214711272,0.016554138916930153,-0.0034541389169301523,0.9364521503448486,0.9999929666519165
google/vit-large-patch16-224,imagenet-1k,disjoint,False,"[(4, 5), (9, 10)]",,0.5730999999999999,,0.5698666666666666,0.5704481577993641,0.5704993083454684,-0.0006326416788017264,0.19521138072013855,0.9999884963035583
google/vit-large-patch16-224,imagenet-1k,disjoint,False,"[(5, 6), (10, 11)]",,0.6330333333333334,,0.5979333333333333,0.6125611261135904,0.6135659604549549,-0.01563262712162161,0.8828893899917603,0.9999882578849792
google/vit-large-patch16-224,imagenet-1k,disjoint,False,"[(6, 7), (11, 12)]",,0.01866666666666672,,0.015766666666666596,0.020577217695180054,0.020608957161285052,-0.004842290494618456,0.9999907612800598,0.9999826550483704
google/vit-large-patch16-224,imagenet-1k,disjoint,False,"[(7, 8), (12, 13)]",,0.010266666666666646,,0.012966666666666682,0.012519318208227673,0.012516312686433516,0.00045035398023316603,0.999992847442627,0.9999710917472839
google/vit-large-patch16-224,imagenet-1k,disjoint,False,"[(8, 9), (13, 14)]",,0.015000000000000013,,0.013333333333333308,0.017059573866216864,0.017084340544154003,-0.003751007210820695,0.9999929666519165,0.9999880790710449
google/vit-large-patch16-224,imagenet-1k,disjoint,False,"[(9, 10), (14, 15)]",,0.011666666666666492,,0.015699999999999936,0.013862133790795934,0.013849827198184027,0.0018501728018159094,0.9999884963035583,0.9999827146530151
google/vit-large-patch16-224,imagenet-1k,disjoint,False,"[(10, 11), (15, 16)]",,0.01206666666666667,,0.018066666666666564,0.014245595364455244,0.014220032559619553,0.0038466341070470117,0.9999882578849792,0.9999927282333374
google/vit-large-patch16-224,imagenet-1k,disjoint,False,"[(11, 12), (16, 17)]",,0.015733333333333377,,0.017166666666666663,0.017763095396184897,0.01776705345385511,-0.0006003867871884477,0.9999826550483704,0.9999955892562866
google/vit-large-patch16-224,imagenet-1k,disjoint,False,"[(12, 13), (17, 18)]",,0.013699999999999823,,0.015533333333333288,0.015812837359392158,0.015814700275624635,-0.0002813669422913473,0.9999710917472839,0.9999929666519165
google/vit-large-patch16-224,imagenet-1k,disjoint,False,"[(13, 14), (18, 19)]",,0.018199999999999994,,0.023666666666666614,0.020129298563149288,0.02010593855462702,0.003560728112039592,0.9999880790710449,0.9999940991401672
google/vit-large-patch16-224,imagenet-1k,disjoint,False,"[(14, 15), (19, 20)]",,0.015733333333333155,,0.020066666666666677,0.0177632806462045,0.017747994894129475,0.002318671772537202,0.9999827146530151,0.9999885559082031
google/vit-large-patch16-224,imagenet-1k,disjoint,False,"[(15, 16), (20, 21)]",,0.015100000000000002,,0.02283333333333326,0.017155863861995968,0.01711813680698373,0.005715196526349532,0.9999927282333374,0.9999747276306152
google/vit-large-patch16-224,imagenet-1k,disjoint,False,"[(16, 17), (21, 22)]",,0.020266666666666655,,0.020133333333333336,0.02211202570839949,0.02212504295553486,-0.001991709622201524,0.9999955892562866,0.9999815821647644
google/vit-large-patch16-224,imagenet-1k,disjoint,False,"[(17, 18), (22, 23)]",,0.007599999999999829,,0.013766666666666705,0.009961474817362807,0.00993573757223861,0.003830929094428094,0.9999929666519165,0.9999595880508423
google/vit-large-patch16-224,imagenet-1k,disjoint,False,"[(0, 1), (6, 7)]",,0.0275333333333333,,0.022533333333333405,0.03141530615192281,0.0314835003871875,-0.008950167053854097,0.8957095742225647,0.9999907612800598
google/vit-large-patch16-224,imagenet-1k,disjoint,False,"[(1, 2), (7, 8)]",,0.013666666666666605,,0.01536666666666664,0.01727832198067209,0.01729183094435987,-0.0019251642776932296,0.9330219626426697,0.999992847442627
google/vit-large-patch16-224,imagenet-1k,disjoint,False,"[(2, 3), (8, 9)]",,0.01423333333333332,,0.016933333333333245,0.01774512145799946,0.017750777395840377,-0.0008174440625071319,0.9364557266235352,0.9999929666519165
google/vit-large-patch16-224,imagenet-1k,disjoint,False,"[(3, 4), (9, 10)]",,0.010499999999999954,,0.013333333333333308,0.014163915781815549,0.014169817497564866,-0.0008364841642315574,0.9364521503448486,0.9999884963035583
google/vit-large-patch16-224,imagenet-1k,disjoint,False,"[(4, 5), (10, 11)]",,0.5738333333333334,,0.5702999999999999,0.5711516542463666,0.5712265505418406,-0.0009265505418406539,0.19521138072013855,0.9999882578849792
google/vit-large-patch16-224,imagenet-1k,disjoint,False,"[(5, 6), (11, 12)]",,0.6343000000000001,,0.6261333333333333,0.6137763940495595,0.612923397916555,0.013209935416778285,0.8828893899917603,0.9999826550483704
google/vit-large-patch16-224,imagenet-1k,disjoint,False,"[(6, 7), (12, 13)]",,0.015933333333333355,,0.01516666666666655,0.017955424904427725,0.017973923940640082,-0.002807257273973532,0.9999907612800598,0.9999710917472839
google/vit-large-patch16-224,imagenet-1k,disjoint,False,"[(7, 8), (13, 14)]",,0.008000000000000007,,0.007299999999999973,0.010344443548443376,0.010365014433387797,-0.0030650144333878235,0.999992847442627,0.9999880790710449
google/vit-large-patch16-224,imagenet-1k,disjoint,False,"[(8, 9), (14, 15)]",,0.01413333333333322,,0.012900000000000023,0.016228318758355502,0.01625048179817077,-0.003350481798170747,0.9999929666519165,0.9999827146530151
google/vit-large-patch16-224,imagenet-1k,disjoint,False,"[(9, 10), (15, 16)]",,0.011333333333333195,,0.01753333333333329,0.013542099909573384,0.013515352870292555,0.004017980463040735,0.9999884963035583,0.9999927282333374
google/vit-large-patch16-224,imagenet-1k,disjoint,False,"[(10, 11), (16, 17)]",,0.014466666666666739,,0.016933333333333245,0.016547850775051255,0.01654528571601102,0.0003880476173222236,0.9999882578849792,0.9999955892562866
google/vit-large-patch16-224,imagenet-1k,disjoint,False,"[(11, 12), (17, 18)]",,0.01643333333333319,,0.01856666666666662,0.018434678267996565,0.018433803618210683,0.0001328630484559376,0.9999826550483704,0.9999929666519165
google/vit-large-patch16-224,imagenet-1k,disjoint,False,"[(12, 13), (18, 19)]",,0.020466666666666633,,0.022733333333333383,0.02230410253433646,0.02230127984404727,0.0004320534892861133,0.9999710917472839,0.9999940991401672
google/vit-large-patch16-224,imagenet-1k,disjoint,False,"[(13, 14), (19, 20)]",,0.016599999999999948,,0.022633333333333283,0.01859455807678073,0.018567803137465783,0.0040655301958675005,0.9999880790710449,0.9999885559082031
google/vit-large-patch16-224,imagenet-1k,disjoint,False,"[(14, 15), (20, 21)]",,0.015433333333333299,,0.02079999999999993,0.017475856074150746,0.017453782900473808,0.003346217099526122,0.9999827146530151,0.9999747276306152
google/vit-large-patch16-224,imagenet-1k,disjoint,False,"[(15, 16), (21, 22)]",,0.017866666666666586,,0.018933333333333358,0.01980975839235554,0.019815549782584645,-0.0008822164492512871,0.9999927282333374,0.9999815821647644
google/vit-large-patch16-224,imagenet-1k,disjoint,False,"[(16, 17), (22, 23)]",,0.006900000000000017,,0.008933333333333238,0.009289902858878409,0.00929231903724502,-0.0003589857039117822,0.9999955892562866,0.9999595880508423
google/vit-large-patch16-224,imagenet-1k,disjoint,False,"[(0, 1), (7, 8)]",,0.02186666666666659,,0.019466666666666632,0.025979190774666972,0.026030859116833435,-0.006564192450166803,0.8957095742225647,0.999992847442627
google/vit-large-patch16-224,imagenet-1k,disjoint,False,"[(1, 2), (8, 9)]",,0.02066666666666661,,0.017066666666666563,0.02399345180238524,0.02404065967044785,-0.0069739930037812856,0.9330219626426697,0.9999929666519165
google/vit-large-patch16-224,imagenet-1k,disjoint,False,"[(2, 3), (9, 10)]",,0.011766666666666592,,0.01416666666666666,0.015378955092702297,0.015387511213104492,-0.0012208445464378312,0.9364557266235352,0.9999884963035583
google/vit-large-patch16-224,imagenet-1k,disjoint,False,"[(3, 4), (10, 11)]",,0.011233333333333428,,0.012099999999999889,0.014867412228818065,0.014886999590480753,-0.002786999590480864,0.9364521503448486,0.9999882578849792
google/vit-large-patch16-224,imagenet-1k,disjoint,False,"[(4, 5), (11, 12)]",,0.5751000000000001,,0.5739000000000001,0.5723669221823359,0.57223215804679,0.0016678419532101252,0.19521138072013855,0.9999826550483704
google/vit-large-patch16-224,imagenet-1k,disjoint,False,"[(5, 6), (12, 13)]",,0.6315666666666667,,0.6147333333333334,0.6111546012588072,0.610910171142369,0.0038231621909643465,0.8828893899917603,0.9999710917472839
google/vit-large-patch16-224,imagenet-1k,disjoint,False,"[(6, 7), (13, 14)]",,0.013666666666666716,,0.0129999999999999,0.015780550244643428,0.01579908475084303,-0.002799084750843131,0.9999907612800598,0.9999880790710449
google/vit-large-patch16-224,imagenet-1k,disjoint,False,"[(7, 8), (14, 15)]",,0.007133333333333214,,0.012166666666666548,0.009513188440582021,0.009495218837729115,0.002671447828937433,0.999992847442627,0.9999827146530151
google/vit-large-patch16-224,imagenet-1k,disjoint,False,"[(8, 9), (15, 16)]",,0.013799999999999923,,0.01429999999999998,0.01590828487713295,0.015919002273617415,-0.0016190022736174356,0.9999929666519165,0.9999927282333374
google/vit-large-patch16-224,imagenet-1k,disjoint,False,"[(9, 10), (16, 17)]",,0.013733333333333264,,0.01663333333333339,0.015844355320169402,0.015839096929036817,0.0007942364042965722,0.9999884963035583,0.9999955892562866
google/vit-large-patch16-224,imagenet-1k,disjoint,False,"[(10, 11), (17, 18)]",,0.01516666666666655,,0.018866666666666698,0.017219433646862924,0.017208489115362144,0.0016581775513045544,0.9999882578849792,0.9999929666519165
google/vit-large-patch16-224,imagenet-1k,disjoint,False,"[(11, 12), (18, 19)]",,0.0232,,0.024933333333333252,0.024925943442940867,0.024925895064972753,7.43826836049899e-06,0.9999826550483704,0.9999940991401672
google/vit-large-patch16-224,imagenet-1k,disjoint,False,"[(12, 13), (19, 20)]",,0.018866666666666587,,0.020433333333333414,0.020769362047967907,0.020771578224075746,-0.000338244890742332,0.9999710917472839,0.9999885559082031
google/vit-large-patch16-224,imagenet-1k,disjoint,False,"[(13, 14), (20, 21)]",,0.016300000000000092,,0.02063333333333317,0.01830713350472698,0.018291714428315613,0.0023416189050175576,0.9999880790710449,0.9999747276306152
google/vit-large-patch16-224,imagenet-1k,disjoint,False,"[(14, 15), (21, 22)]",,0.018199999999999883,,0.021133333333333226,0.02012975060451032,0.020123123341206764,0.0010102099921264623,0.9999827146530151,0.9999815821647644
google/vit-large-patch16-224,imagenet-1k,disjoint,False,"[(15, 16), (22, 23)]",,0.0044999999999999485,,0.009299999999999975,0.006987635542834464,0.006971863993025677,0.0023281360069742976,0.9999927282333374,0.9999595880508423
google/vit-large-patch16-224,imagenet-1k,disjoint,False,"[(0, 1), (8, 9)]",,0.028866666666666596,,0.02519999999999989,0.032694320596380125,0.032751425815445906,-0.007551425815446017,0.8957095742225647,0.9999929666519165
google/vit-large-patch16-224,imagenet-1k,disjoint,False,"[(1, 2), (9, 10)]",,0.018199999999999883,,0.018033333333333346,0.021627285437088074,0.021652088143185467,-0.003618754809852121,0.9330219626426697,0.9999884963035583
google/vit-large-patch16-224,imagenet-1k,disjoint,False,"[(2, 3), (10, 11)]",,0.012500000000000067,,0.015833333333333255,0.016082451539704813,0.0160842029932664,-0.00025086965993314364,0.9364557266235352,0.9999882578849792
google/vit-large-patch16-224,imagenet-1k,disjoint,False,"[(3, 4), (11, 12)]",,0.012500000000000067,,0.010199999999999876,0.01608268016478725,0.016124039752204694,-0.005924039752204818,0.9364521503448486,0.9999826550483704
google/vit-large-patch16-224,imagenet-1k,disjoint,False,"[(4, 5), (12, 13)]",,0.5723666666666667,,0.5612,0.5697451293915834,0.570496990343718,-0.009296990343718003,0.19521138072013855,0.9999710917472839
google/vit-large-patch16-224,imagenet-1k,disjoint,False,"[(5, 6), (13, 14)]",,0.6293000000000001,,0.6127666666666667,0.6089797265990229,0.6087233306021902,0.004043336064476488,0.8828893899917603,0.9999880790710449
google/vit-large-patch16-224,imagenet-1k,disjoint,False,"[(6, 7), (14, 15)]",,0.012799999999999923,,0.009499999999999953,0.014949295136782073,0.014985689262771787,-0.005485689262771834,0.9999907612800598,0.9999827146530151
google/vit-large-patch16-224,imagenet-1k,disjoint,False,"[(7, 8), (15, 16)]",,0.006799999999999917,,0.012399999999999967,0.00919315455935947,0.009171418225987535,0.0032285817740124317,0.999992847442627,0.9999927282333374
google/vit-large-patch16-224,imagenet-1k,disjoint,False,"[(8, 9), (16, 17)]",,0.016199999999999992,,0.013766666666666594,0.01821054028772897,0.018240003252922278,-0.004473336586255684,0.9999929666519165,0.9999955892562866
google/vit-large-patch16-224,imagenet-1k,disjoint,False,"[(9, 10), (17, 18)]",,0.014433333333333076,,0.018199999999999883,0.01651593819198107,0.01650473141128319,0.0016952685887166932,0.9999884963035583,0.9999929666519165
google/vit-large-patch16-224,imagenet-1k,disjoint,False,"[(10, 11), (18, 19)]",,0.02193333333333336,,0.02513333333333323,0.023710698821807222,0.023701366380699928,0.001431966952633302,0.9999882578849792,0.9999940991401672
google/vit-large-patch16-224,imagenet-1k,disjoint,False,"[(11, 12), (19, 20)]",,0.021599999999999953,,0.022499999999999964,0.023391202956572314,0.02339705235144214,-0.0008970523514421763,0.9999826550483704,0.9999885559082031
google/vit-large-patch16-224,imagenet-1k,disjoint,False,"[(12, 13), (20, 21)]",,0.01856666666666673,,0.02063333333333317,0.020481937475914154,0.020480938445938318,0.00015239488739485219,0.9999710917472839,0.9999747276306152
google/vit-large-patch16-224,imagenet-1k,disjoint,False,"[(13, 14), (21, 22)]",,0.019066666666666676,,0.022199999999999886,0.02096102803508655,0.02095285959342691,0.0012471404065729774,0.9999880790710449,0.9999815821647644
google/vit-large-patch16-224,imagenet-1k,disjoint,False,"[(14, 15), (22, 23)]",,0.004833333333333245,,0.012300000000000089,0.007307627754989242,0.007273609157117784,0.005026390842882304,0.9999827146530151,0.9999595880508423
google/vit-large-patch16-224,imagenet-1k,disjoint,False,"[(0, 1), (9, 10)]",,0.026399999999999868,,0.02749999999999997,0.030328154231082958,0.03035000968744468,-0.0028500096874447094,0.8957095742225647,0.9999884963035583
google/vit-large-patch16-224,imagenet-1k,disjoint,False,"[(1, 2), (10, 11)]",,0.018933333333333358,,0.01863333333333328,0.02233078188409059,0.022356203269980217,-0.0037228699366469373,0.9330219626426697,0.9999882578849792
google/vit-large-patch16-224,imagenet-1k,disjoint,False,"[(2, 3), (11, 12)]",,0.013766666666666705,,0.01516666666666655,0.017297719475673996,0.01731260327282512,-0.002145936606158569,0.9364557266235352,0.9999826550483704
google/vit-large-patch16-224,imagenet-1k,disjoint,False,"[(3, 4), (12, 13)]",,0.009766666666666701,,0.00873333333333326,0.013460887374034919,0.013494611768357298,-0.004761278435024038,0.9364521503448486,0.9999710917472839
google/vit-large-patch16-224,imagenet-1k,disjoint,False,"[(4, 5), (13, 14)]",,0.5701,,0.5689333333333333,0.5675702547317991,0.5674502236770608,0.0014831096562725188,0.19521138072013855,0.9999880790710449
google/vit-large-patch16-224,imagenet-1k,disjoint,False,"[(5, 6), (14, 15)]",,0.6284333333333333,,0.6145333333333334,0.6081484714911616,0.607717645444117,0.006815687889216382,0.8828893899917603,0.9999827146530151
google/vit-large-patch16-224,imagenet-1k,disjoint,False,"[(6, 7), (15, 16)]",,0.012466666666666626,,0.012199999999999989,0.014629261255559516,0.014645498018048944,-0.0024454980180489555,0.9999907612800598,0.9999927282333374
google/vit-large-patch16-224,imagenet-1k,disjoint,False,"[(7, 8), (16, 17)]",,0.009199999999999986,,0.010299999999999976,0.011495409969955482,0.011503462681990172,-0.0012034626819901958,0.999992847442627,0.9999955892562866
google/vit-large-patch16-224,imagenet-1k,disjoint,False,"[(8, 9), (17, 18)]",,0.016899999999999804,,0.01869999999999994,0.01888212315954064,0.018883328929348332,-0.00018332892934839334,0.9999929666519165,0.9999929666519165
google/vit-large-patch16-224,imagenet-1k,disjoint,False,"[(9, 10), (18, 19)]",,0.021199999999999886,,0.02513333333333323,0.02300720336692537,0.022993238808227925,0.002140094525105305,0.9999884963035583,0.9999940991401672
google/vit-large-patch16-224,imagenet-1k,disjoint,False,"[(10, 11), (19, 20)]",,0.020333333333333314,,0.022266666666666546,0.022175958335438672,0.022175361665409066,9.130500125748009e-05,0.9999882578849792,0.9999885559082031
google/vit-large-patch16-224,imagenet-1k,disjoint,False,"[(11, 12), (20, 21)]",,0.021300000000000097,,0.02296666666666669,0.02310377838451856,0.02310467875314428,-0.00013801208647758884,0.9999826550483704,0.9999747276306152
google/vit-large-patch16-224,imagenet-1k,disjoint,False,"[(12, 13), (21, 22)]",,0.021333333333333315,,0.01969999999999994,0.023135832006273727,0.023158392380894875,-0.0034583923808949348,0.9999710917472839,0.9999815821647644
google/vit-large-patch16-224,imagenet-1k,disjoint,False,"[(13, 14), (22, 23)]",,0.005700000000000038,,0.009033333333333338,0.008138905185565475,0.008132824899925437,0.0009005084334079011,0.9999880790710449,0.9999595880508423
google/vit-large-patch16-224,imagenet-1k,disjoint,False,"[(0, 1), (10, 11)]",,0.027133333333333343,,0.026100000000000012,0.031031650678085474,0.031069601809644326,-0.004969601809644314,0.8957095742225647,0.9999882578849792
google/vit-large-patch16-224,imagenet-1k,disjoint,False,"[(1, 2), (11, 12)]",,0.020199999999999996,,0.0174333333333333,0.023546049820059773,0.02358780804670552,-0.006154474713372219,0.9330219626426697,0.9999826550483704
google/vit-large-patch16-224,imagenet-1k,disjoint,False,"[(2, 3), (12, 13)]",,0.01103333333333334,,0.013499999999999956,0.014675926684921667,0.014684258650273042,-0.001184258650273086,0.9364557266235352,0.9999710917472839
google/vit-large-patch16-224,imagenet-1k,disjoint,False,"[(3, 4), (13, 14)]",,0.007500000000000062,,0.011266666666666647,0.011286012714250622,0.011286152417815165,-1.9485751148518027e-05,0.9364521503448486,0.9999880790710449
google/vit-large-patch16-224,imagenet-1k,disjoint,False,"[(4, 5), (14, 15)]",,0.5692333333333333,,0.5662999999999999,0.5667389996239378,0.5667776697757978,-0.0004776697757978843,0.19521138072013855,0.9999827146530151
google/vit-large-patch16-224,imagenet-1k,disjoint,False,"[(5, 6), (15, 16)]",,0.6281,,0.6201666666666666,0.607828437609939,0.6069969572050218,0.013169709461644863,0.8828893899917603,0.9999927282333374
google/vit-large-patch16-224,imagenet-1k,disjoint,False,"[(6, 7), (16, 17)]",,0.014866666666666695,,0.011166666666666658,0.016931516666155534,0.01696984411877122,-0.005803177452104562,0.9999907612800598,0.9999955892562866
google/vit-large-patch16-224,imagenet-1k,disjoint,False,"[(7, 8), (17, 18)]",,0.009899999999999798,,0.01416666666666666,0.01216699284176715,0.012153545684890063,0.0020131209817765977,0.999992847442627,0.9999929666519165
google/vit-large-patch16-224,imagenet-1k,disjoint,False,"[(8, 9), (18, 19)]",,0.023666666666666614,,0.021700000000000053,0.025373388334484936,0.025397419362221844,-0.003697419362221791,0.9999929666519165,0.9999940991401672
google/vit-large-patch16-224,imagenet-1k,disjoint,False,"[(9, 10), (19, 20)]",,0.01959999999999984,,0.021333333333333315,0.021472462880556816,0.021473379263153614,-0.00014004592982029898,0.9999884963035583,0.9999885559082031
google/vit-large-patch16-224,imagenet-1k,disjoint,False,"[(10, 11), (20, 21)]",,0.02003333333333346,,0.01846666666666652,0.021888533763384916,0.021911054017194037,-0.003444387350527517,0.9999882578849792,0.9999747276306152
google/vit-large-patch16-224,imagenet-1k,disjoint,False,"[(11, 12), (21, 22)]",,0.02406666666666668,,0.023566666666666625,0.025757672914878134,0.025771996958333484,-0.002205330291666859,0.9999826550483704,0.9999815821647644
google/vit-large-patch16-224,imagenet-1k,disjoint,False,"[(12, 13), (22, 23)]",,0.007966666666666677,,0.010033333333333339,0.01031370915675265,0.010315603678463188,-0.00028227034512984944,0.9999710917472839,0.9999595880508423
google/vit-large-patch16-224,imagenet-1k,disjoint,False,"[(0, 1), (11, 12)]",,0.02839999999999998,,0.028133333333333344,0.032246918614054654,0.032278346952349504,-0.004145013619016161,0.8957095742225647,0.9999826550483704
google/vit-large-patch16-224,imagenet-1k,disjoint,False,"[(1, 2), (12, 13)]",,0.01746666666666663,,0.015199999999999991,0.020924257029307444,0.020963911634591145,-0.005763911634591154,0.9330219626426697,0.9999710917472839
google/vit-large-patch16-224,imagenet-1k,disjoint,False,"[(2, 3), (13, 14)]",,0.0087666666666667,,0.010966666666666569,0.01250105202513737,0.012512056344504113,-0.0015453896778375442,0.9364557266235352,0.9999880790710449
google/vit-large-patch16-224,imagenet-1k,disjoint,False,"[(3, 4), (14, 15)]",,0.006633333333333269,,0.00656666666666661,0.010454757606389267,0.01048296800368164,-0.003916301337015031,0.9364521503448486,0.9999827146530151
google/vit-large-patch16-224,imagenet-1k,disjoint,False,"[(4, 5), (15, 16)]",,0.5689,,0.5726333333333333,0.5664189657427153,0.5658714929920766,0.0067618403412567085,0.19521138072013855,0.9999927282333374
google/vit-large-patch16-224,imagenet-1k,disjoint,False,"[(5, 6), (16, 17)]",,0.6305000000000001,,0.6128333333333333,0.610130693020535,0.6099468501195013,0.002886483213832003,0.8828893899917603,0.9999955892562866
google/vit-large-patch16-224,imagenet-1k,disjoint,False,"[(6, 7), (17, 18)]",,0.015566666666666507,,0.014633333333333276,0.017603099537967203,0.01762281476433996,-0.002989481431006684,0.9999907612800598,0.9999929666519165
google/vit-large-patch16-224,imagenet-1k,disjoint,False,"[(7, 8), (18, 19)]",,0.016666666666666607,,0.019433333333333302,0.018658258016711456,0.018653124124171784,0.0007802092091615184,0.999992847442627,0.9999940991401672
google/vit-large-patch16-224,imagenet-1k,disjoint,False,"[(8, 9), (19, 20)]",,0.022066666666666568,,0.022233333333333327,0.023838647848116384,0.02384917637213336,-0.0016158430388000314,0.9999929666519165,0.9999885559082031
google/vit-large-patch16-224,imagenet-1k,disjoint,False,"[(9, 10), (20, 21)]",,0.019299999999999984,,0.023633333333333284,0.021185038308503063,0.02116890397491491,0.0024644293584183755,0.9999884963035583,0.9999747276306152
google/vit-large-patch16-224,imagenet-1k,disjoint,False,"[(10, 11), (21, 22)]",,0.022800000000000042,,0.02279999999999982,0.024542428293744492,0.024553842263758133,-0.0017538422637583123,0.9999882578849792,0.9999815821647644
google/vit-large-patch16-224,imagenet-1k,disjoint,False,"[(11, 12), (22, 23)]",,0.010700000000000043,,0.010333333333333194,0.01293555006535705,0.012953014341712796,-0.0026196810083796013,0.9999826550483704,0.9999595880508423
google/vit-large-patch16-224,imagenet-1k,disjoint,False,"[(0, 1), (12, 13)]",,0.025666666666666615,,0.023733333333333273,0.029625125823302328,0.029670850283018347,-0.005937516949685074,0.8957095742225647,0.9999710917472839
google/vit-large-patch16-224,imagenet-1k,disjoint,False,"[(1, 2), (13, 14)]",,0.015199999999999991,,0.016833333333333367,0.01874938236952315,0.018762813166148765,-0.0019294798328153978,0.9330219626426697,0.9999880790710449
google/vit-large-patch16-224,imagenet-1k,disjoint,False,"[(2, 3), (14, 15)]",,0.007899999999999907,,0.011566666666666614,0.011669796917276008,0.011670540030621172,-0.00010387336395455832,0.9364557266235352,0.9999827146530151
google/vit-large-patch16-224,imagenet-1k,disjoint,False,"[(3, 4), (15, 16)]",,0.006299999999999972,,0.008933333333333238,0.010134723725166717,0.010143456334732355,-0.0012101230013991174,0.9364521503448486,0.9999927282333374
google/vit-large-patch16-224,imagenet-1k,disjoint,False,"[(4, 5), (16, 17)]",,0.5713,,0.5761333333333334,0.5687212211533113,0.5680688037254016,0.008064529607931803,0.19521138072013855,0.9999955892562866
google/vit-large-patch16-224,imagenet-1k,disjoint,False,"[(5, 6), (17, 18)]",,0.6311999999999999,,0.6233666666666666,0.6108022758923466,0.6099452832922598,0.013421383374406792,0.8828893899917603,0.9999929666519165
google/vit-large-patch16-224,imagenet-1k,disjoint,False,"[(6, 7), (18, 19)]",,0.022333333333333316,,0.020533333333333292,0.0240943647129115,0.024117709772465967,-0.003584376439132675,0.9999907612800598,0.9999940991401672
google/vit-large-patch16-224,imagenet-1k,disjoint,False,"[(7, 8), (19, 20)]",,0.015066666666666562,,0.017166666666666663,0.0171235175303429,0.017123230777524368,4.34358891422959e-05,0.999992847442627,0.9999885559082031
google/vit-large-patch16-224,imagenet-1k,disjoint,False,"[(8, 9), (20, 21)]",,0.021766666666666712,,0.019299999999999984,0.02355122327606263,0.02357911840265449,-0.004279118402654505,0.9999929666519165,0.9999747276306152
google/vit-large-patch16-224,imagenet-1k,disjoint,False,"[(9, 10), (21, 22)]",,0.022066666666666568,,0.021700000000000053,0.023838932838862636,0.023852960835962684,-0.0021529608359626314,0.9999884963035583,0.9999815821647644
google/vit-large-patch16-224,imagenet-1k,disjoint,False,"[(10, 11), (22, 23)]",,0.009433333333333405,,0.013333333333333308,0.011720305444223415,0.01170944622711962,0.001623887106213688,0.9999882578849792,0.9999595880508423
google/vit-large-patch16-224,imagenet-1k,disjoint,False,"[(0, 1), (13, 14)]",,0.023399999999999976,,0.02536666666666665,0.02745025116351803,0.027466634415976847,-0.0020999677493101984,0.8957095742225647,0.9999880790710449
google/vit-large-patch16-224,imagenet-1k,disjoint,False,"[(1, 2), (14, 15)]",,0.014333333333333198,,0.015833333333333255,0.01791812726166179,0.017932807923470184,-0.0020994745901369294,0.9330219626426697,0.9999827146530151
google/vit-large-patch16-224,imagenet-1k,disjoint,False,"[(2, 3), (15, 16)]",,0.0075666666666666105,,0.014533333333333398,0.011349763036053458,0.011326782285717318,0.0032065510476160797,0.9364557266235352,0.9999927282333374
google/vit-large-patch16-224,imagenet-1k,disjoint,False,"[(3, 4), (16, 17)]",,0.008700000000000041,,0.010699999999999932,0.012436979135762728,0.012449440926898918,-0.001749440926898986,0.9364521503448486,0.9999955892562866
google/vit-large-patch16-224,imagenet-1k,disjoint,False,"[(4, 5), (17, 18)]",,0.5719999999999998,,0.5770333333333333,0.5693928040251229,0.5687204492225442,0.00831288411078912,0.19521138072013855,0.9999929666519165
google/vit-large-patch16-224,imagenet-1k,disjoint,False,"[(5, 6), (18, 19)]",,0.6379666666666667,,0.6256333333333334,0.617293541067291,0.6167096338639635,0.008923699469369883,0.8828893899917603,0.9999940991401672
google/vit-large-patch16-224,imagenet-1k,disjoint,False,"[(6, 7), (19, 20)]",,0.02073333333333327,,0.020633333333333392,0.02255962422654295,0.02257228636266352,-0.0019389530293301288,0.9999907612800598,0.9999885559082031
google/vit-large-patch16-224,imagenet-1k,disjoint,False,"[(7, 8), (20, 21)]",,0.014766666666666706,,0.015833333333333255,0.016836092958289146,0.01684276107487459,-0.0010094277415413355,0.999992847442627,0.9999747276306152
google/vit-large-patch16-224,imagenet-1k,disjoint,False,"[(8, 9), (21, 22)]",,0.024533333333333296,,0.020300000000000096,0.026205117806422203,0.02624369749646011,-0.005943697496460013,0.9999929666519165,0.9999815821647644
google/vit-large-patch16-224,imagenet-1k,disjoint,False,"[(9, 10), (22, 23)]",,0.00869999999999993,,0.011733333333333262,0.011016809989341556,0.01101197732722662,0.0007213560061066424,0.9999884963035583,0.9999595880508423
google/vit-large-patch16-224,pneumoniamnist,contiguous,False,"[(0, 2)]",0.737701952457428,0.01655982905982889,True,0.012286324786324632,0.011114795191048266,0.010857115574405368,0.0014292092119192641,,
google/vit-large-patch16-224,pneumoniamnist,contiguous,False,"[(1, 3)]",0.7858374118804932,0.010149572649572502,True,0.006944444444444309,0.006968709984341623,0.006970523257148477,-2.607881270416841e-05,,
google/vit-large-patch16-224,pneumoniamnist,contiguous,False,"[(2, 4)]",0.836315929889679,0.00747863247863223,True,-1.1102230246251565e-16,0.00518162778117379,0.0054544869901566,-0.005454486990156711,,
google/vit-large-patch16-224,pneumoniamnist,contiguous,False,"[(3, 5)]",0.05454685166478157,0.0064102564102561654,False,0.029914529914529808,0.00603651354179232,-0.031923430285555776,0.061837960200085584,,
google/vit-large-patch16-224,pneumoniamnist,contiguous,False,"[(4, 6)]",0.17405496537685394,0.017628205128204955,False,-0.02083333333333348,0.012893361722875038,0.037480864048871895,-0.05831419738220538,,
google/vit-large-patch16-224,pneumoniamnist,contiguous,False,"[(5, 7)]",0.8852301836013794,0.011217948717948567,True,0.05822649572649563,0.007449474581269064,0.002449364704266721,0.05577713102222891,,
google/vit-large-patch16-224,pneumoniamnist,contiguous,False,"[(6, 8)]",0.9999793171882629,-0.005876068376068577,True,-0.0064102564102564985,-0.0035801089874136476,-0.002916044783321565,-0.0034942116269349333,,
google/vit-large-patch16-224,pneumoniamnist,contiguous,False,"[(7, 9)]",0.9999864101409912,0.005876068376068133,True,0.005341880341880323,0.003848300307243357,0.003755738657126092,0.0015861416847542309,,
google/vit-large-patch16-224,pneumoniamnist,contiguous,False,"[(8, 10)]",0.9999856352806091,0.0010683760683758425,True,-0.001602564102564208,0.0008094014328932683,0.000984526985285132,-0.00258709108784934,,
google/vit-large-patch16-224,pneumoniamnist,contiguous,False,"[(9, 11)]",0.9999836087226868,-0.002136752136752351,True,-0.001602564102564208,-0.001216528194436533,-0.0011697032839235772,-0.00043286081864063073,,
google/vit-large-patch16-224,pneumoniamnist,contiguous,False,"[(10, 12)]",0.9999756217002869,-0.008012820512820706,True,-0.010683760683760757,-0.004930724150055132,-0.0029762507379282833,-0.0077075099458324735,,
google/vit-large-patch16-224,pneumoniamnist,contiguous,False,"[(11, 13)]",0.9999607801437378,-0.002136752136752351,True,-0.0010683760683760646,-0.0012164835108809278,-0.0012344485788524807,0.0001660725104764161,,
google/vit-large-patch16-224,pneumoniamnist,contiguous,False,"[(12, 14)]",0.9999523758888245,0.0016025641025638748,True,-0.004273504273504369,0.0011471221322198004,0.0015153308983938954,-0.005788835171898265,,
google/vit-large-patch16-224,pneumoniamnist,contiguous,False,"[(13, 15)]",0.9999647736549377,0.0032051282051279717,True,0.0010683760683760646,0.0021600646624405223,0.0022247363218435797,-0.0011563602534675151,,
google/vit-large-patch16-224,pneumoniamnist,contiguous,False,"[(14, 16)]",0.9999821782112122,0.006944444444444309,True,0.0010683760683760646,0.004523619788623364,0.004762462504142593,-0.003694086435766529,,
google/vit-large-patch16-224,pneumoniamnist,contiguous,False,"[(15, 17)]",0.9999938607215881,0.003739316239316115,True,0.0026709401709400504,0.0024976633278267508,0.002487599089687988,0.00018334108125206243,,
google/vit-large-patch16-224,pneumoniamnist,contiguous,False,"[(16, 18)]",0.9999933242797852,0.008012820512820373,True,0.0016025641025639858,0.005198909169853574,0.005486320985559166,-0.00388375688299518,,
google/vit-large-patch16-224,pneumoniamnist,contiguous,False,"[(17, 19)]",0.9999909996986389,0.013354700854700696,True,0.0064102564102562765,0.008575469709903206,0.009007709754025007,-0.00259745334376873,,
google/vit-large-patch16-224,pneumoniamnist,contiguous,False,"[(18, 20)]",0.9999899864196777,0.011217948717948567,True,0.005341880341880323,0.007224849297235606,0.0074823728892032,-0.002140492547322877,,
google/vit-large-patch16-224,pneumoniamnist,contiguous,False,"[(19, 21)]",0.999981164932251,0.008012820512820373,True,-0.0005341880341881433,0.005198932969971964,0.005657089057131588,-0.0061912770913197315,,
google/vit-large-patch16-224,pneumoniamnist,contiguous,False,"[(20, 22)]",0.9999717473983765,0.003739316239316115,True,-0.0032051282051281937,0.0024977066113753923,0.0028289171591701647,-0.006034045364298359,,
google/vit-large-patch16-224,pneumoniamnist,contiguous,False,"[(21, 23)]",0.999918520450592,0.002136752136752129,True,0.0032051282051281937,0.0014848439982189433,0.001374490262229874,0.0018306379428983197,,
google/vit-large-patch16-224,pneumoniamnist,contiguous,True,"[(0, 2)]",0.737701952457428,0.01655982905982889,True,0.012286324786324632,0.021083139413650247,0.028526765659183686,-0.016240440872859054,,
google/vit-large-patch16-224,pneumoniamnist,contiguous,True,"[(1, 3)]",0.7858374118804932,0.010149572649572502,True,0.006944444444444309,0.013568483502372396,0.016487264493978346,-0.009542820049534037,,
google/vit-large-patch16-224,pneumoniamnist,contiguous,True,"[(2, 4)]",0.836315929889679,0.00747863247863223,True,-1.1102230246251565e-16,0.00964114434200478,0.011895954661195095,-0.011895954661195206,,
google/vit-large-patch16-224,pneumoniamnist,contiguous,True,"[(5, 7)]",0.8852301836013794,0.011217948717948567,True,0.05822649572649563,0.012009560060632465,0.005996159016046563,0.05223033671044907,,
google/vit-large-patch16-224,pneumoniamnist,contiguous,True,"[(6, 8)]",0.9999793171882629,-0.005876068376068577,True,-0.0064102564102564985,-0.007673255101950355,-0.008018940480802927,0.001608684070546429,,
google/vit-large-patch16-224,pneumoniamnist,contiguous,True,"[(7, 9)]",0.9999864101409912,0.005876068376068133,True,0.005341880341880323,0.0037937175583544064,0.003668622285753466,0.001673258056126857,,
google/vit-large-patch16-224,pneumoniamnist,contiguous,True,"[(8, 10)]",0.9999856352806091,0.0010683760683758425,True,-0.001602564102564208,-0.000897372376248394,-0.0008445201399530297,-0.0007580439626111782,,
google/vit-large-patch16-224,pneumoniamnist,contiguous,True,"[(9, 11)]",0.9999836087226868,-0.002136752136752351,True,-0.001602564102564208,-0.004024726145385963,-0.004337409782195035,0.002734845679630827,,
google/vit-large-patch16-224,pneumoniamnist,contiguous,True,"[(10, 12)]",0.9999756217002869,-0.008012820512820706,True,-0.010683760683760757,-0.00975809625378083,-0.009369265746522488,-0.001314494937238269,,
google/vit-large-patch16-224,pneumoniamnist,contiguous,True,"[(11, 13)]",0.9999607801437378,-0.002136752136752351,True,-0.0010683760683760646,-0.004024128656350701,-0.004405716803936002,0.003337340735559937,,
google/vit-large-patch16-224,pneumoniamnist,contiguous,True,"[(12, 14)]",0.9999523758888245,0.0016025641025638748,True,-0.004273504273504369,-0.0003752674147614772,-9.977507539895777e-05,-0.004173729198105412,,
google/vit-large-patch16-224,pneumoniamnist,contiguous,True,"[(13, 15)]",0.9999647736549377,0.0032051282051279717,True,0.0010683760683760646,0.001188111505301473,0.0011959290767711364,-0.00012755300839507183,,
google/vit-large-patch16-224,pneumoniamnist,contiguous,True,"[(14, 16)]",0.9999821782112122,0.006944444444444309,True,0.0010683760683760646,0.004836297256676007,0.005198067767464232,-0.004129691699088167,,
google/vit-large-patch16-224,pneumoniamnist,contiguous,True,"[(15, 17)]",0.9999938607215881,0.003739316239316115,True,0.0026709401709400504,0.001708584682112567,0.0016451204452312199,0.0010258197257088306,,
google/vit-large-patch16-224,pneumoniamnist,contiguous,True,"[(16, 18)]",0.9999933242797852,0.008012820512820373,True,0.0016025641025639858,0.005878474468911085,0.00637865933539314,-0.0047760952328291546,,
google/vit-large-patch16-224,pneumoniamnist,contiguous,True,"[(17, 19)]",0.9999909996986389,0.013354700854700696,True,0.0064102564102562765,0.011090879993063883,0.012686544400658856,-0.00627628799040258,,
google/vit-large-patch16-224,pneumoniamnist,contiguous,True,"[(18, 20)]",0.9999899864196777,0.011217948717948567,True,0.005341880341880323,0.009005968640171823,0.009819222729864956,-0.004477342387984633,,
google/vit-large-patch16-224,pneumoniamnist,contiguous,True,"[(19, 21)]",0.999981164932251,0.008012820512820373,True,-0.0005341880341881433,0.005878792713723602,0.006628833255804772,-0.007163021289992915,,
google/vit-large-patch16-224,pneumoniamnist,contiguous,True,"[(20, 22)]",0.9999717473983765,0.003739316239316115,True,-0.0032051282051281937,0.0017091634508647376,0.0020331603843915767,-0.0052382885895197705,,
google/vit-large-patch16-224,pneumoniamnist,contiguous,True,"[(21, 23)]",0.999918520450592,0.002136752136752129,True,0.0032051282051281937,0.00014685314696156332,-5.99949768860554e-05,0.003265123182014249,,
microsoft/rad-dino,cifar100,contiguous,False,"[(0, 2)]",0.9301762580871582,-0.017066666666666563,True,-0.01529999999999998,-0.015315273850982122,-0.015326264615990667,2.626461599068708e-05,,
microsoft/rad-dino,cifar100,contiguous,False,"[(1, 3)]",0.9302855134010315,-0.01319999999999999,True,-0.010566666666666613,-0.010493540937378469,-0.010461002016219249,-0.00010566465044736448,,
microsoft/rad-dino,cifar100,contiguous,False,"[(2, 4)]",0.8996931314468384,-0.0121,True,-0.010066666666666613,-0.010671720051643241,-0.01080816667910547,0.0007415000124388581,,
microsoft/rad-dino,cifar100,contiguous,False,"[(3, 5)]",0.8659752011299133,-0.0091666666666666,True,-0.006933333333333291,-0.008724541052626107,-0.009193647682924293,0.0022603143495910014,,
microsoft/rad-dino,cifar100,contiguous,False,"[(4, 6)]",0.8513473272323608,-0.0081666666666666,True,-0.00986666666666669,-0.008219300093913931,-0.007538582069050864,-0.002328084597615826,,
microsoft/rad-dino,cifar100,contiguous,False,"[(5, 7)]",0.8640311360359192,-0.00546666666666662,True,-0.00653333333333328,-0.004214323370741839,-0.0038739132469784304,-0.0026594200863548495,,
microsoft/rad-dino,cifar100,contiguous,False,"[(6, 8)]",0.8848286271095276,-0.0011999999999999234,True,-0.0014333333333332865,0.0021526863355512474,0.0034561374479253337,-0.00488947078125862,,
microsoft/rad-dino,cifar100,contiguous,False,"[(7, 9)]",0.8991031646728516,-0.0002666666666665818,True,0.0031666666666667065,0.004037664436046327,0.004804114988021434,-0.0016374483213547272,,
microsoft/rad-dino,cifar100,contiguous,False,"[(8, 10)]",0.8761671781539917,-0.0013333333333332975,True,0.007466666666666677,0.0015482472056689844,-3.168080419925501e-05,0.007498347470865932,,
microsoft/rad-dino,cifar100,contiguous,False,"[(9, 11)]",0.8110895752906799,0.0015666666666666607,True,0.002033333333333387,0.0018667680466862013,0.0016889919506921439,0.0003443413826412431,,
microsoft/rad-dino,dermamnist,contiguous,False,"[(0, 2)]",0.9371907114982605,-0.007315045719035629,True,-0.008811305070656639,-0.006886650966800639,-0.005568906053770875,-0.0032423990168857636,,
microsoft/rad-dino,dermamnist,contiguous,False,"[(1, 3)]",0.9125419855117798,-0.006483790523690636,True,-0.009310058187863568,-0.005914716934010696,-0.004852847211439766,-0.004457210976423802,,
microsoft/rad-dino,dermamnist,contiguous,False,"[(2, 4)]",0.8805908560752869,-0.004322527015793609,True,-0.008977556109725615,-0.003686473851563059,-0.0030935989090809628,-0.005883957200644652,,
microsoft/rad-dino,dermamnist,contiguous,False,"[(3, 5)]",0.8573976755142212,-0.002327514546965781,True,-0.0024937655860348684,-0.001688210901092932,-0.0015006958000735923,-0.0009930697859612762,,
microsoft/rad-dino,dermamnist,contiguous,False,"[(4, 6)]",0.8350614905357361,-0.0009975062344139696,True,-0.0033250207813797505,-0.00029212290464557776,0.0013721977878476538,-0.004697218569227404,,
microsoft/rad-dino,dermamnist,contiguous,False,"[(5, 7)]",0.8589680790901184,-0.001163757273482835,True,0.001163757273483057,-0.0006629498951203055,-0.001903937848882327,0.003067695122365384,,
microsoft/rad-dino,dermamnist,contiguous,False,"[(6, 8)]",0.9006204009056091,-0.004655029093931673,True,-0.00033250207813795285,-0.004169805144337374,-0.004868373898374259,0.004535871820236306,,
microsoft/rad-dino,dermamnist,contiguous,False,"[(7, 9)]",0.9064898490905762,-0.005153782211138713,True,0.0,-0.00467003243857201,-0.005616224258605168,0.005616224258605168,,
microsoft/rad-dino,dermamnist,contiguous,False,"[(8, 10)]",0.8718136548995972,-0.004987531172069737,True,-0.001163757273482835,-0.004199073346910626,-0.004791992613718574,0.0036282353402357394,,
microsoft/rad-dino,dermamnist,contiguous,False,"[(9, 11)]",0.8148441910743713,-0.004322527015793831,True,-0.001995012468827828,-0.003075183899572906,-0.008029854347441759,0.006034841878613931,,
microsoft/rad-dino,imagenet-1k,contiguous,False,"[(0, 2)]",0.7797587513923645,-0.004333333333333411,True,-0.002600000000000005,-0.0029206138313163615,-0.00345198449847214,0.0008519844984721347,,
microsoft/rad-dino,imagenet-1k,contiguous,False,"[(1, 3)]",0.8620608448982239,-0.006566666666666707,True,-0.005600000000000008,-0.004281642123420817,-0.0034517344464860063,-0.0021482655535140015,,
microsoft/rad-dino,imagenet-1k,contiguous,False,"[(2, 4)]",0.8281614184379578,-0.006033333333333307,True,-0.0048666666666667,-0.003861469180036252,-0.003631539811736438,-0.0012351268549302616,,
microsoft/rad-dino,imagenet-1k,contiguous,False,"[(3, 5)]",0.8121993541717529,-0.007100000000000009,True,-0.0038000000000000117,-0.004142331195058486,-0.004353436156819886,0.000553436156819874,,
microsoft/rad-dino,imagenet-1k,contiguous,False,"[(4, 6)]",0.831951379776001,-0.00573333333333341,True,-0.0020333333333333037,-0.0037778052779029914,-0.004091414600410907,0.002058081267077603,,
microsoft/rad-dino,imagenet-1k,contiguous,False,"[(5, 7)]",0.8482245802879333,-0.0023666666666667113,True,-0.0032000000000000084,-0.0026635152529793757,-0.0023793932453337677,-0.0008206067546662407,,
microsoft/rad-dino,imagenet-1k,contiguous,False,"[(6, 8)]",0.8811903595924377,-0.0030666666666667175,True,-0.0032333333333333103,-0.0031379958002116094,-0.0030993906862685034,-0.00013394264706480686,,
microsoft/rad-dino,imagenet-1k,contiguous,False,"[(7, 9)]",0.888582706451416,-0.004000000000000017,True,-0.0021666666666667056,-0.0035264192469139605,-0.004134342748841785,0.001967676082175079,,
microsoft/rad-dino,imagenet-1k,contiguous,False,"[(8, 10)]",0.8652093410491943,-0.00366666666666661,True,-0.0032000000000000084,-0.003249208201250253,-0.003259034517808467,5.903451780845878e-05,,
microsoft/rad-dino,imagenet-1k,contiguous,False,"[(9, 11)]",0.838729202747345,-0.00366666666666661,True,-0.003933333333333303,-0.0030723332242429944,-0.002908142626507945,-0.0010251907068253574,,
microsoft/rad-dino,pneumoniamnist,contiguous,False,"[(0, 2)]",0.9436571002006531,0.0010683760683758425,True,0.0032051282051281937,0.006021527727601197,0.00814467637836399,-0.004939548173235796,,
microsoft/rad-dino,pneumoniamnist,contiguous,False,"[(1, 3)]",0.9344609975814819,0.0064102564102561654,True,0.009081196581196438,0.008632865115559435,0.0084584116983452,0.0006227848828512378,,
microsoft/rad-dino,pneumoniamnist,contiguous,False,"[(2, 4)]",0.8959069848060608,0.003739316239316115,True,0.014957264957264904,0.006832707316271218,0.004807276840111959,0.010149988117152946,,
microsoft/rad-dino,pneumoniamnist,contiguous,False,"[(3, 5)]",0.8462256193161011,0.005876068376068244,True,0.0064102564102563875,0.0073500845228874605,0.007603399150228493,-0.0011931427399721056,,
microsoft/rad-dino,pneumoniamnist,contiguous,False,"[(4, 6)]",0.7990869879722595,0.010149572649572502,True,0.010683760683760646,0.008983286515678325,0.0077516170394150465,0.0029321436443455993,,
microsoft/rad-dino,pneumoniamnist,contiguous,False,"[(5, 7)]",0.8248966932296753,0.019764957264957084,True,0.01175213675213671,0.014169137305685033,0.01516106786975869,-0.0034089311176219803,,
microsoft/rad-dino,pneumoniamnist,contiguous,False,"[(6, 8)]",0.8991888761520386,0.029914529914529808,True,0.021901709401709213,0.020182231353866265,0.018168190759319254,0.003733518642389959,,
microsoft/rad-dino,pneumoniamnist,contiguous,False,"[(7, 9)]",0.9090726971626282,0.024038461538461564,True,0.019230769230769162,0.01730710292656354,0.016304180972978425,0.0029265882577907375,,
microsoft/rad-dino,pneumoniamnist,contiguous,False,"[(8, 10)]",0.8891506791114807,0.01175213675213671,True,0.0026709401709400504,0.010830361667310292,0.011795122286012764,-0.009124182115072713,,
microsoft/rad-dino,pneumoniamnist,contiguous,False,"[(9, 11)]",0.841640293598175,0.009615384615384581,True,0.009615384615384581,0.009199242557123469,0.009108339149246424,0.000507045466138157,,
